#1
double Data(8760,10)#Day-Ahead Market 2025 - (SimulationTime / Price / Mean / 25P / 30P / 40P / 50P / 60P / 70P / 85P)
0.00	88.29	-9.30	-49.95	-33.72	-20.99	-10.40	22.90	40.09	72.32
3600.00	84.37	-9.30	-49.95	-33.72	-20.99	-10.40	22.90	40.09	72.32
7200.00	75.15	-9.30	-49.95	-33.72	-20.99	-10.40	22.90	40.09	72.32
10800.00	72.14	-9.30	-49.95	-33.72	-20.99	-10.40	22.90	40.09	72.32
14400.00	72.46	-9.30	-49.95	-33.72	-20.99	-10.40	22.90	40.09	72.32
18000.00	64.12	-9.30	-49.95	-33.72	-20.99	-10.40	22.90	40.09	72.32
21600.00	-2.00	-9.30	-49.95	-33.72	-20.99	-10.40	22.90	40.09	72.32
25200.00	-18.80	-9.30	-49.95	-33.72	-20.99	-10.40	22.90	40.09	72.32
28800.00	-21.44	-9.30	-49.95	-33.72	-20.99	-10.40	22.90	40.09	72.32
32400.00	-50.72	-9.30	-49.95	-33.72	-20.99	-10.40	22.90	40.09	72.32
36000.00	-64.27	-9.30	-49.95	-33.72	-20.99	-10.40	22.90	40.09	72.32
39600.00	-101.06	-9.30	-49.95	-33.72	-20.99	-10.40	22.90	40.09	72.32
43200.00	-169.47	-9.30	-49.95	-33.72	-20.99	-10.40	22.90	40.09	72.32
46800.00	-119.91	-9.30	-49.95	-33.72	-20.99	-10.40	22.90	40.09	72.32
50400.00	-167.40	-9.30	-49.95	-33.72	-20.99	-10.40	22.90	40.09	72.32
54000.00	-49.69	-9.30	-49.95	-33.72	-20.99	-10.40	22.90	40.09	72.32
57600.00	-31.94	-9.30	-49.95	-33.72	-20.99	-10.40	22.90	40.09	72.32
61200.00	-25.29	-9.30	-49.95	-33.72	-20.99	-10.40	22.90	40.09	72.32
64800.00	-19.18	-9.30	-49.95	-33.72	-20.99	-10.40	22.90	40.09	72.32
68400.00	7.33	-9.30	-49.95	-33.72	-20.99	-10.40	22.90	40.09	72.32
72000.00	26.79	-9.30	-49.95	-33.72	-20.99	-10.40	22.90	40.09	72.32
75600.00	38.12	-9.30	-49.95	-33.72	-20.99	-10.40	22.90	40.09	72.32
79200.00	38.97	-9.30	-49.95	-33.72	-20.99	-10.40	22.90	40.09	72.32
82800.00	50.17	-9.30	-49.95	-33.72	-20.99	-10.40	22.90	40.09	72.32
86400.00	45.64	-1.86	-39.48	-37.74	-29.41	1.74	33.02	39.90	43.28
90000.00	43.53	-1.86	-39.48	-37.74	-29.41	1.74	33.02	39.90	43.28
93600.00	34.33	-1.86	-39.48	-37.74	-29.41	1.74	33.02	39.90	43.28
97200.00	27.80	-1.86	-39.48	-37.74	-29.41	1.74	33.02	39.90	43.28
100800.00	39.70	-1.86	-39.48	-37.74	-29.41	1.74	33.02	39.90	43.28
104400.00	36.40	-1.86	-39.48	-37.74	-29.41	1.74	33.02	39.90	43.28
108000.00	-13.15	-1.86	-39.48	-37.74	-29.41	1.74	33.02	39.90	43.28
111600.00	-34.43	-1.86	-39.48	-37.74	-29.41	1.74	33.02	39.90	43.28
115200.00	-30.14	-1.86	-39.48	-37.74	-29.41	1.74	33.02	39.90	43.28
118800.00	-37.69	-1.86	-39.48	-37.74	-29.41	1.74	33.02	39.90	43.28
122400.00	-68.85	-1.86	-39.48	-37.74	-29.41	1.74	33.02	39.90	43.28
126000.00	-43.28	-1.86	-39.48	-37.74	-29.41	1.74	33.02	39.90	43.28
129600.00	-55.09	-1.86	-39.48	-37.74	-29.41	1.74	33.02	39.90	43.28
133200.00	-67.39	-1.86	-39.48	-37.74	-29.41	1.74	33.02	39.90	43.28
136800.00	-47.42	-1.86	-39.48	-37.74	-29.41	1.74	33.02	39.90	43.28
140400.00	-49.78	-1.86	-39.48	-37.74	-29.41	1.74	33.02	39.90	43.28
144000.00	-38.22	-1.86	-39.48	-37.74	-29.41	1.74	33.02	39.90	43.28
147600.00	-26.49	-1.86	-39.48	-37.74	-29.41	1.74	33.02	39.90	43.28
151200.00	16.62	-1.86	-39.48	-37.74	-29.41	1.74	33.02	39.90	43.28
154800.00	46.71	-1.86	-39.48	-37.74	-29.41	1.74	33.02	39.90	43.28
158400.00	41.70	-1.86	-39.48	-37.74	-29.41	1.74	33.02	39.90	43.28
162000.00	42.98	-1.86	-39.48	-37.74	-29.41	1.74	33.02	39.90	43.28
165600.00	42.21	-1.86	-39.48	-37.74	-29.41	1.74	33.02	39.90	43.28
169200.00	49.73	-1.86	-39.48	-37.74	-29.41	1.74	33.02	39.90	43.28
172800.00	48.85	40.83	-18.20	-10.18	4.41	40.61	43.69	53.05	115.13
176400.00	40.40	40.83	-18.20	-10.18	4.41	40.61	43.69	53.05	115.13
180000.00	40.82	40.83	-18.20	-10.18	4.41	40.61	43.69	53.05	115.13
183600.00	43.28	40.83	-18.20	-10.18	4.41	40.61	43.69	53.05	115.13
187200.00	44.74	40.83	-18.20	-10.18	4.41	40.61	43.69	53.05	115.13
190800.00	43.80	40.83	-18.20	-10.18	4.41	40.61	43.69	53.05	115.13
194400.00	-3.01	40.83	-18.20	-10.18	4.41	40.61	43.69	53.05	115.13
198000.00	-20.66	40.83	-18.20	-10.18	4.41	40.61	43.69	53.05	115.13
201600.00	-32.63	40.83	-18.20	-10.18	4.41	40.61	43.69	53.05	115.13
205200.00	-29.43	40.83	-18.20	-10.18	4.41	40.61	43.69	53.05	115.13
208800.00	-26.72	40.83	-18.20	-10.18	4.41	40.61	43.69	53.05	115.13
212400.00	-22.65	40.83	-18.20	-10.18	4.41	40.61	43.69	53.05	115.13
216000.00	-19.72	40.83	-18.20	-10.18	4.41	40.61	43.69	53.05	115.13
219600.00	-17.69	40.83	-18.20	-10.18	4.41	40.61	43.69	53.05	115.13
223200.00	-9.35	40.83	-18.20	-10.18	4.41	40.61	43.69	53.05	115.13
226800.00	-4.12	40.83	-18.20	-10.18	4.41	40.61	43.69	53.05	115.13
230400.00	34.10	40.83	-18.20	-10.18	4.41	40.61	43.69	53.05	115.13
234000.00	90.85	40.83	-18.20	-10.18	4.41	40.61	43.69	53.05	115.13
237600.00	138.73	40.83	-18.20	-10.18	4.41	40.61	43.69	53.05	115.13
241200.00	168.73	40.83	-18.20	-10.18	4.41	40.61	43.69	53.05	115.13
244800.00	146.75	40.83	-18.20	-10.18	4.41	40.61	43.69	53.05	115.13
248400.00	122.38	40.83	-18.20	-10.18	4.41	40.61	43.69	53.05	115.13
252000.00	106.27	40.83	-18.20	-10.18	4.41	40.61	43.69	53.05	115.13
255600.00	96.25	40.83	-18.20	-10.18	4.41	40.61	43.69	53.05	115.13
259200.00	107.77	56.43	20.44	42.86	58.83	72.69	87.13	92.83	102.59
262800.00	101.72	56.43	20.44	42.86	58.83	72.69	87.13	92.83	102.59
266400.00	86.30	56.43	20.44	42.86	58.83	72.69	87.13	92.83	102.59
270000.00	74.99	56.43	20.44	42.86	58.83	72.69	87.13	92.83	102.59
273600.00	70.39	56.43	20.44	42.86	58.83	72.69	87.13	92.83	102.59
277200.00	52.10	56.43	20.44	42.86	58.83	72.69	87.13	92.83	102.59
280800.00	-12.65	56.43	20.44	42.86	58.83	72.69	87.13	92.83	102.59
284400.00	-17.36	56.43	20.44	42.86	58.83	72.69	87.13	92.83	102.59
288000.00	-21.24	56.43	20.44	42.86	58.83	72.69	87.13	92.83	102.59
291600.00	-23.99	56.43	20.44	42.86	58.83	72.69	87.13	92.83	102.59
295200.00	-26.00	56.43	20.44	42.86	58.83	72.69	87.13	92.83	102.59
298800.00	-19.00	56.43	20.44	42.86	58.83	72.69	87.13	92.83	102.59
302400.00	44.13	56.43	20.44	42.86	58.83	72.69	87.13	92.83	102.59
306000.00	31.47	56.43	20.44	42.86	58.83	72.69	87.13	92.83	102.59
309600.00	55.94	56.43	20.44	42.86	58.83	72.69	87.13	92.83	102.59
313200.00	70.39	56.43	20.44	42.86	58.83	72.69	87.13	92.83	102.59
316800.00	92.81	56.43	20.44	42.86	58.83	72.69	87.13	92.83	102.59
320400.00	95.63	56.43	20.44	42.86	58.83	72.69	87.13	92.83	102.59
324000.00	107.07	56.43	20.44	42.86	58.83	72.69	87.13	92.83	102.59
327600.00	109.92	56.43	20.44	42.86	58.83	72.69	87.13	92.83	102.59
331200.00	103.29	56.43	20.44	42.86	58.83	72.69	87.13	92.83	102.59
334800.00	93.01	56.43	20.44	42.86	58.83	72.69	87.13	92.83	102.59
338400.00	87.34	56.43	20.44	42.86	58.83	72.69	87.13	92.83	102.59
342000.00	90.35	56.43	20.44	42.86	58.83	72.69	87.13	92.83	102.59
345600.00	78.98	63.52	47.22	55.89	59.93	62.96	67.37	72.50	81.23
349200.00	67.41	63.52	47.22	55.89	59.93	62.96	67.37	72.50	81.23
352800.00	60.91	63.52	47.22	55.89	59.93	62.96	67.37	72.50	81.23
356400.00	59.68	63.52	47.22	55.89	59.93	62.96	67.37	72.50	81.23
360000.00	56.61	63.52	47.22	55.89	59.93	62.96	67.37	72.50	81.23
363600.00	49.39	63.52	47.22	55.89	59.93	62.96	67.37	72.50	81.23
367200.00	21.70	63.52	47.22	55.89	59.93	62.96	67.37	72.50	81.23
370800.00	20.32	63.52	47.22	55.89	59.93	62.96	67.37	72.50	81.23
374400.00	23.91	63.52	47.22	55.89	59.93	62.96	67.37	72.50	81.23
378000.00	113.64	63.52	47.22	55.89	59.93	62.96	67.37	72.50	81.23
381600.00	11.58	63.52	47.22	55.89	59.93	62.96	67.37	72.50	81.23
385200.00	162.37	63.52	47.22	55.89	59.93	62.96	67.37	72.50	81.23
388800.00	39.95	63.52	47.22	55.89	59.93	62.96	67.37	72.50	81.23
392400.00	40.71	63.52	47.22	55.89	59.93	62.96	67.37	72.50	81.23
396000.00	63.43	63.52	47.22	55.89	59.93	62.96	67.37	72.50	81.23
399600.00	76.87	63.52	47.22	55.89	59.93	62.96	67.37	72.50	81.23
403200.00	67.24	63.52	47.22	55.89	59.93	62.96	67.37	72.50	81.23
406800.00	62.48	63.52	47.22	55.89	59.93	62.96	67.37	72.50	81.23
410400.00	71.62	63.52	47.22	55.89	59.93	62.96	67.37	72.50	81.23
414000.00	86.06	63.52	47.22	55.89	59.93	62.96	67.37	72.50	81.23
417600.00	77.37	63.52	47.22	55.89	59.93	62.96	67.37	72.50	81.23
421200.00	72.02	63.52	47.22	55.89	59.93	62.96	67.37	72.50	81.23
424800.00	83.08	63.52	47.22	55.89	59.93	62.96	67.37	72.50	81.23
428400.00	57.20	63.52	47.22	55.89	59.93	62.96	67.37	72.50	81.23
432000.00	46.54	28.84	-0.63	3.64	15.36	18.32	43.15	55.75	62.86
435600.00	49.69	28.84	-0.63	3.64	15.36	18.32	43.15	55.75	62.86
439200.00	57.95	28.84	-0.63	3.64	15.36	18.32	43.15	55.75	62.86
442800.00	93.99	28.84	-0.63	3.64	15.36	18.32	43.15	55.75	62.86
446400.00	67.02	28.84	-0.63	3.64	15.36	18.32	43.15	55.75	62.86
450000.00	64.10	28.84	-0.63	3.64	15.36	18.32	43.15	55.75	62.86
453600.00	55.72	28.84	-0.63	3.64	15.36	18.32	43.15	55.75	62.86
457200.00	61.35	28.84	-0.63	3.64	15.36	18.32	43.15	55.75	62.86
460800.00	105.93	28.84	-0.63	3.64	15.36	18.32	43.15	55.75	62.86
464400.00	56.07	28.84	-0.63	3.64	15.36	18.32	43.15	55.75	62.86
468000.00	15.95	28.84	-0.63	3.64	15.36	18.32	43.15	55.75	62.86
471600.00	-9.26	28.84	-0.63	3.64	15.36	18.32	43.15	55.75	62.86
475200.00	-17.28	28.84	-0.63	3.64	15.36	18.32	43.15	55.75	62.86
478800.00	-17.79	28.84	-0.63	3.64	15.36	18.32	43.15	55.75	62.86
482400.00	-18.39	28.84	-0.63	3.64	15.36	18.32	43.15	55.75	62.86
486000.00	-7.84	28.84	-0.63	3.64	15.36	18.32	43.15	55.75	62.86
489600.00	1.78	28.84	-0.63	3.64	15.36	18.32	43.15	55.75	62.86
493200.00	-13.52	28.84	-0.63	3.64	15.36	18.32	43.15	55.75	62.86
496800.00	3.84	28.84	-0.63	3.64	15.36	18.32	43.15	55.75	62.86
500400.00	17.04	28.84	-0.63	3.64	15.36	18.32	43.15	55.75	62.86
504000.00	29.59	28.84	-0.63	3.64	15.36	18.32	43.15	55.75	62.86
507600.00	15.21	28.84	-0.63	3.64	15.36	18.32	43.15	55.75	62.86
511200.00	14.92	28.84	-0.63	3.64	15.36	18.32	43.15	55.75	62.86
514800.00	19.59	28.84	-0.63	3.64	15.36	18.32	43.15	55.75	62.86
518400.00	19.74	-8.29	-32.56	-32.40	-26.72	-9.13	1.36	14.49	25.11
522000.00	13.91	-8.29	-32.56	-32.40	-26.72	-9.13	1.36	14.49	25.11
525600.00	3.14	-8.29	-32.56	-32.40	-26.72	-9.13	1.36	14.49	25.11
529200.00	-5.76	-8.29	-32.56	-32.40	-26.72	-9.13	1.36	14.49	25.11
532800.00	11.01	-8.29	-32.56	-32.40	-26.72	-9.13	1.36	14.49	25.11
536400.00	27.17	-8.29	-32.56	-32.40	-26.72	-9.13	1.36	14.49	25.11
540000.00	-11.42	-8.29	-32.56	-32.40	-26.72	-9.13	1.36	14.49	25.11
543600.00	-32.88	-8.29	-32.56	-32.40	-26.72	-9.13	1.36	14.49	25.11
547200.00	-32.39	-8.29	-32.56	-32.40	-26.72	-9.13	1.36	14.49	25.11
550800.00	-31.67	-8.29	-32.56	-32.40	-26.72	-9.13	1.36	14.49	25.11
554400.00	-48.42	-8.29	-32.56	-32.40	-26.72	-9.13	1.36	14.49	25.11
558000.00	-37.64	-8.29	-32.56	-32.40	-26.72	-9.13	1.36	14.49	25.11
561600.00	-45.80	-8.29	-32.56	-32.40	-26.72	-9.13	1.36	14.49	25.11
565200.00	-37.93	-8.29	-32.56	-32.40	-26.72	-9.13	1.36	14.49	25.11
568800.00	-27.98	-8.29	-32.56	-32.40	-26.72	-9.13	1.36	14.49	25.11
572400.00	-35.72	-8.29	-32.56	-32.40	-26.72	-9.13	1.36	14.49	25.11
576000.00	-32.45	-8.29	-32.56	-32.40	-26.72	-9.13	1.36	14.49	25.11
579600.00	-21.67	-8.29	-32.56	-32.40	-26.72	-9.13	1.36	14.49	25.11
583200.00	-6.84	-8.29	-32.56	-32.40	-26.72	-9.13	1.36	14.49	25.11
586800.00	28.85	-8.29	-32.56	-32.40	-26.72	-9.13	1.36	14.49	25.11
590400.00	26.13	-8.29	-32.56	-32.40	-26.72	-9.13	1.36	14.49	25.11
594000.00	23.85	-8.29	-32.56	-32.40	-26.72	-9.13	1.36	14.49	25.11
597600.00	20.95	-8.29	-32.56	-32.40	-26.72	-9.13	1.36	14.49	25.11
601200.00	34.80	-8.29	-32.56	-32.40	-26.72	-9.13	1.36	14.49	25.11
604800.00	46.91	29.20	-7.30	-2.97	9.46	37.28	46.44	50.81	79.73
608400.00	44.57	29.20	-7.30	-2.97	9.46	37.28	46.44	50.81	79.73
612000.00	34.58	29.20	-7.30	-2.97	9.46	37.28	46.44	50.81	79.73
615600.00	39.98	29.20	-7.30	-2.97	9.46	37.28	46.44	50.81	79.73
619200.00	49.80	29.20	-7.30	-2.97	9.46	37.28	46.44	50.81	79.73
622800.00	47.78	29.20	-7.30	-2.97	9.46	37.28	46.44	50.81	79.73
626400.00	-5.05	29.20	-7.30	-2.97	9.46	37.28	46.44	50.81	79.73
630000.00	-20.33	29.20	-7.30	-2.97	9.46	37.28	46.44	50.81	79.73
633600.00	-23.20	29.20	-7.30	-2.97	9.46	37.28	46.44	50.81	79.73
637200.00	-28.54	29.20	-7.30	-2.97	9.46	37.28	46.44	50.81	79.73
640800.00	-23.64	29.20	-7.30	-2.97	9.46	37.28	46.44	50.81	79.73
644400.00	-27.11	29.20	-7.30	-2.97	9.46	37.28	46.44	50.81	79.73
648000.00	-2.74	29.20	-7.30	-2.97	9.46	37.28	46.44	50.81	79.73
651600.00	8.29	29.20	-7.30	-2.97	9.46	37.28	46.44	50.81	79.73
655200.00	-14.03	29.20	-7.30	-2.97	9.46	37.28	46.44	50.81	79.73
658800.00	2.17	29.20	-7.30	-2.97	9.46	37.28	46.44	50.81	79.73
662400.00	14.13	29.20	-7.30	-2.97	9.46	37.28	46.44	50.81	79.73
666000.00	59.95	29.20	-7.30	-2.97	9.46	37.28	46.44	50.81	79.73
669600.00	91.20	29.20	-7.30	-2.97	9.46	37.28	46.44	50.81	79.73
673200.00	92.51	29.20	-7.30	-2.97	9.46	37.28	46.44	50.81	79.73
676800.00	81.51	29.20	-7.30	-2.97	9.46	37.28	46.44	50.81	79.73
680400.00	72.90	29.20	-7.30	-2.97	9.46	37.28	46.44	50.81	79.73
684000.00	77.61	29.20	-7.30	-2.97	9.46	37.28	46.44	50.81	79.73
687600.00	81.46	29.20	-7.30	-2.97	9.46	37.28	46.44	50.81	79.73
691200.00	87.21	77.62	59.76	68.88	79.47	84.38	87.04	91.80	104.15
694800.00	97.77	77.62	59.76	68.88	79.47	84.38	87.04	91.80	104.15
698400.00	83.26	77.62	59.76	68.88	79.47	84.38	87.04	91.80	104.15
702000.00	112.95	77.62	59.76	68.88	79.47	84.38	87.04	91.80	104.15
705600.00	119.82	77.62	59.76	68.88	79.47	84.38	87.04	91.80	104.15
709200.00	104.31	77.62	59.76	68.88	79.47	84.38	87.04	91.80	104.15
712800.00	78.91	77.62	59.76	68.88	79.47	84.38	87.04	91.80	104.15
716400.00	86.35	77.62	59.76	68.88	79.47	84.38	87.04	91.80	104.15
720000.00	71.25	77.62	59.76	68.88	79.47	84.38	87.04	91.80	104.15
723600.00	42.40	77.62	59.76	68.88	79.47	84.38	87.04	91.80	104.15
727200.00	8.47	77.62	59.76	68.88	79.47	84.38	87.04	91.80	104.15
730800.00	9.59	77.62	59.76	68.88	79.47	84.38	87.04	91.80	104.15
734400.00	52.53	77.62	59.76	68.88	79.47	84.38	87.04	91.80	104.15
738000.00	51.38	77.62	59.76	68.88	79.47	84.38	87.04	91.80	104.15
741600.00	43.30	77.62	59.76	68.88	79.47	84.38	87.04	91.80	104.15
745200.00	69.63	77.62	59.76	68.88	79.47	84.38	87.04	91.80	104.15
748800.00	62.17	77.62	59.76	68.88	79.47	84.38	87.04	91.80	104.15
752400.00	81.70	77.62	59.76	68.88	79.47	84.38	87.04	91.80	104.15
756000.00	103.95	77.62	59.76	68.88	79.47	84.38	87.04	91.80	104.15
759600.00	134.10	77.62	59.76	68.88	79.47	84.38	87.04	91.80	104.15
763200.00	91.28	77.62	59.76	68.88	79.47	84.38	87.04	91.80	104.15
766800.00	96.51	77.62	59.76	68.88	79.47	84.38	87.04	91.80	104.15
770400.00	85.49	77.62	59.76	68.88	79.47	84.38	87.04	91.80	104.15
774000.00	88.53	77.62	59.76	68.88	79.47	84.38	87.04	91.80	104.15
777600.00	87.49	64.05	36.77	39.28	62.45	73.81	86.35	89.11	96.00
781200.00	79.75	64.05	36.77	39.28	62.45	73.81	86.35	89.11	96.00
784800.00	104.37	64.05	36.77	39.28	62.45	73.81	86.35	89.11	96.00
788400.00	106.79	64.05	36.77	39.28	62.45	73.81	86.35	89.11	96.00
792000.00	89.43	64.05	36.77	39.28	62.45	73.81	86.35	89.11	96.00
795600.00	100.98	64.05	36.77	39.28	62.45	73.81	86.35	89.11	96.00
799200.00	64.90	64.05	36.77	39.28	62.45	73.81	86.35	89.11	96.00
802800.00	67.88	64.05	36.77	39.28	62.45	73.81	86.35	89.11	96.00
806400.00	57.90	64.05	36.77	39.28	62.45	73.81	86.35	89.11	96.00
810000.00	19.43	64.05	36.77	39.28	62.45	73.81	86.35	89.11	96.00
813600.00	5.26	64.05	36.77	39.28	62.45	73.81	86.35	89.11	96.00
817200.00	19.02	64.05	36.77	39.28	62.45	73.81	86.35	89.11	96.00
820800.00	17.99	64.05	36.77	39.28	62.45	73.81	86.35	89.11	96.00
824400.00	1.20	64.05	36.77	39.28	62.45	73.81	86.35	89.11	96.00
828000.00	39.40	64.05	36.77	39.28	62.45	73.81	86.35	89.11	96.00
831600.00	38.22	64.05	36.77	39.28	62.45	73.81	86.35	89.11	96.00
835200.00	61.84	64.05	36.77	39.28	62.45	73.81	86.35	89.11	96.00
838800.00	32.41	64.05	36.77	39.28	62.45	73.81	86.35	89.11	96.00
842400.00	81.78	64.05	36.77	39.28	62.45	73.81	86.35	89.11	96.00
846000.00	99.07	64.05	36.77	39.28	62.45	73.81	86.35	89.11	96.00
849600.00	89.07	64.05	36.77	39.28	62.45	73.81	86.35	89.11	96.00
853200.00	91.99	64.05	36.77	39.28	62.45	73.81	86.35	89.11	96.00
856800.00	88.75	64.05	36.77	39.28	62.45	73.81	86.35	89.11	96.00
860400.00	92.25	64.05	36.77	39.28	62.45	73.81	86.35	89.11	96.00
864000.00	90.85	55.16	34.83	38.99	56.59	67.76	81.44	83.87	88.32
867600.00	89.29	55.16	34.83	38.99	56.59	67.76	81.44	83.87	88.32
871200.00	87.65	55.16	34.83	38.99	56.59	67.76	81.44	83.87	88.32
874800.00	91.31	55.16	34.83	38.99	56.59	67.76	81.44	83.87	88.32
878400.00	83.68	55.16	34.83	38.99	56.59	67.76	81.44	83.87	88.32
882000.00	70.49	55.16	34.83	38.99	56.59	67.76	81.44	83.87	88.32
885600.00	44.83	55.16	34.83	38.99	56.59	67.76	81.44	83.87	88.32
889200.00	-5.46	55.16	34.83	38.99	56.59	67.76	81.44	83.87	88.32
892800.00	-18.78	55.16	34.83	38.99	56.59	67.76	81.44	83.87	88.32
896400.00	-7.45	55.16	34.83	38.99	56.59	67.76	81.44	83.87	88.32
900000.00	1.36	55.16	34.83	38.99	56.59	67.76	81.44	83.87	88.32
903600.00	6.30	55.16	34.83	38.99	56.59	67.76	81.44	83.87	88.32
907200.00	39.33	55.16	34.83	38.99	56.59	67.76	81.44	83.87	88.32
910800.00	56.35	55.16	34.83	38.99	56.59	67.76	81.44	83.87	88.32
914400.00	57.55	55.16	34.83	38.99	56.59	67.76	81.44	83.87	88.32
918000.00	35.96	55.16	34.83	38.99	56.59	67.76	81.44	83.87	88.32
921600.00	31.42	55.16	34.83	38.99	56.59	67.76	81.44	83.87	88.32
925200.00	65.02	55.16	34.83	38.99	56.59	67.76	81.44	83.87	88.32
928800.00	77.42	55.16	34.83	38.99	56.59	67.76	81.44	83.87	88.32
932400.00	82.45	55.16	34.83	38.99	56.59	67.76	81.44	83.87	88.32
936000.00	84.40	55.16	34.83	38.99	56.59	67.76	81.44	83.87	88.32
939600.00	83.81	55.16	34.83	38.99	56.59	67.76	81.44	83.87	88.32
943200.00	87.28	55.16	34.83	38.99	56.59	67.76	81.44	83.87	88.32
946800.00	88.87	55.16	34.83	38.99	56.59	67.76	81.44	83.87	88.32
950400.00	84.21	55.32	15.03	24.08	60.36	76.63	84.64	89.69	92.45
954000.00	91.44	55.32	15.03	24.08	60.36	76.63	84.64	89.69	92.45
957600.00	82.21	55.32	15.03	24.08	60.36	76.63	84.64	89.69	92.45
961200.00	71.05	55.32	15.03	24.08	60.36	76.63	84.64	89.69	92.45
964800.00	84.74	55.32	15.03	24.08	60.36	76.63	84.64	89.69	92.45
968400.00	85.25	55.32	15.03	24.08	60.36	76.63	84.64	89.69	92.45
972000.00	89.68	55.32	15.03	24.08	60.36	76.63	84.64	89.69	92.45
975600.00	24.79	55.32	15.03	24.08	60.36	76.63	84.64	89.69	92.45
979200.00	7.05	55.32	15.03	24.08	60.36	76.63	84.64	89.69	92.45
982800.00	3.01	55.32	15.03	24.08	60.36	76.63	84.64	89.69	92.45
986400.00	17.69	55.32	15.03	24.08	60.36	76.63	84.64	89.69	92.45
990000.00	-8.40	55.32	15.03	24.08	60.36	76.63	84.64	89.69	92.45
993600.00	-19.71	55.32	15.03	24.08	60.36	76.63	84.64	89.69	92.45
997200.00	-18.06	55.32	15.03	24.08	60.36	76.63	84.64	89.69	92.45
1000800.00	-8.48	55.32	15.03	24.08	60.36	76.63	84.64	89.69	92.45
1004400.00	43.27	55.32	15.03	24.08	60.36	76.63	84.64	89.69	92.45
1008000.00	60.27	55.32	15.03	24.08	60.36	76.63	84.64	89.69	92.45
1011600.00	60.69	55.32	15.03	24.08	60.36	76.63	84.64	89.69	92.45
1015200.00	89.77	55.32	15.03	24.08	60.36	76.63	84.64	89.69	92.45
1018800.00	106.60	55.32	15.03	24.08	60.36	76.63	84.64	89.69	92.45
1022400.00	99.84	55.32	15.03	24.08	60.36	76.63	84.64	89.69	92.45
1026000.00	91.10	55.32	15.03	24.08	60.36	76.63	84.64	89.69	92.45
1029600.00	96.35	55.32	15.03	24.08	60.36	76.63	84.64	89.69	92.45
1033200.00	93.28	55.32	15.03	24.08	60.36	76.63	84.64	89.69	92.45
1036800.00	110.58	56.83	13.50	16.26	47.26	78.14	87.39	96.18	100.87
1040400.00	97.01	56.83	13.50	16.26	47.26	78.14	87.39	96.18	100.87
1044000.00	101.81	56.83	13.50	16.26	47.26	78.14	87.39	96.18	100.87
1047600.00	99.73	56.83	13.50	16.26	47.26	78.14	87.39	96.18	100.87
1051200.00	109.98	56.83	13.50	16.26	47.26	78.14	87.39	96.18	100.87
1054800.00	128.23	56.83	13.50	16.26	47.26	78.14	87.39	96.18	100.87
1058400.00	96.49	56.83	13.50	16.26	47.26	78.14	87.39	96.18	100.87
1062000.00	71.84	56.83	13.50	16.26	47.26	78.14	87.39	96.18	100.87
1065600.00	42.84	56.83	13.50	16.26	47.26	78.14	87.39	96.18	100.87
1069200.00	7.24	56.83	13.50	16.26	47.26	78.14	87.39	96.18	100.87
1072800.00	-18.47	56.83	13.50	16.26	47.26	78.14	87.39	96.18	100.87
1076400.00	-15.34	56.83	13.50	16.26	47.26	78.14	87.39	96.18	100.87
1080000.00	-8.14	56.83	13.50	16.26	47.26	78.14	87.39	96.18	100.87
1083600.00	-6.18	56.83	13.50	16.26	47.26	78.14	87.39	96.18	100.87
1087200.00	23.86	56.83	13.50	16.26	47.26	78.14	87.39	96.18	100.87
1090800.00	-19.91	56.83	13.50	16.26	47.26	78.14	87.39	96.18	100.87
1094400.00	15.59	56.83	13.50	16.26	47.26	78.14	87.39	96.18	100.87
1098000.00	16.34	56.83	13.50	16.26	47.26	78.14	87.39	96.18	100.87
1101600.00	64.96	56.83	13.50	16.26	47.26	78.14	87.39	96.18	100.87
1105200.00	87.70	56.83	13.50	16.26	47.26	78.14	87.39	96.18	100.87
1108800.00	91.00	56.83	13.50	16.26	47.26	78.14	87.39	96.18	100.87
1112400.00	86.16	56.83	13.50	16.26	47.26	78.14	87.39	96.18	100.87
1116000.00	84.44	56.83	13.50	16.26	47.26	78.14	87.39	96.18	100.87
1119600.00	96.15	56.83	13.50	16.26	47.26	78.14	87.39	96.18	100.87
1123200.00	94.07	68.76	35.01	57.05	68.69	79.90	93.12	96.48	104.64
1126800.00	99.69	68.76	35.01	57.05	68.69	79.90	93.12	96.48	104.64
1130400.00	92.23	68.76	35.01	57.05	68.69	79.90	93.12	96.48	104.64
1134000.00	96.21	68.76	35.01	57.05	68.69	79.90	93.12	96.48	104.64
1137600.00	116.80	68.76	35.01	57.05	68.69	79.90	93.12	96.48	104.64
1141200.00	149.34	68.76	35.01	57.05	68.69	79.90	93.12	96.48	104.64
1144800.00	106.40	68.76	35.01	57.05	68.69	79.90	93.12	96.48	104.64
1148400.00	86.80	68.76	35.01	57.05	68.69	79.90	93.12	96.48	104.64
1152000.00	69.83	68.76	35.01	57.05	68.69	79.90	93.12	96.48	104.64
1155600.00	18.02	68.76	35.01	57.05	68.69	79.90	93.12	96.48	104.64
1159200.00	1.70	68.76	35.01	57.05	68.69	79.90	93.12	96.48	104.64
1162800.00	-0.69	68.76	35.01	57.05	68.69	79.90	93.12	96.48	104.64
1166400.00	6.59	68.76	35.01	57.05	68.69	79.90	93.12	96.48	104.64
1170000.00	-5.85	68.76	35.01	57.05	68.69	79.90	93.12	96.48	104.64
1173600.00	5.79	68.76	35.01	57.05	68.69	79.90	93.12	96.48	104.64
1177200.00	40.68	68.76	35.01	57.05	68.69	79.90	93.12	96.48	104.64
1180800.00	73.00	68.76	35.01	57.05	68.69	79.90	93.12	96.48	104.64
1184400.00	102.49	68.76	35.01	57.05	68.69	79.90	93.12	96.48	104.64
1188000.00	93.35	68.76	35.01	57.05	68.69	79.90	93.12	96.48	104.64
1191600.00	110.27	68.76	35.01	57.05	68.69	79.90	93.12	96.48	104.64
1195200.00	98.94	68.76	35.01	57.05	68.69	79.90	93.12	96.48	104.64
1198800.00	67.25	68.76	35.01	57.05	68.69	79.90	93.12	96.48	104.64
1202400.00	58.87	68.76	35.01	57.05	68.69	79.90	93.12	96.48	104.64
1206000.00	68.40	68.76	35.01	57.05	68.69	79.90	93.12	96.48	104.64
1209600.00	84.84	12.70	-28.59	-24.27	-13.93	16.22	40.51	62.46	70.84
1213200.00	94.32	12.70	-28.59	-24.27	-13.93	16.22	40.51	62.46	70.84
1216800.00	77.49	12.70	-28.59	-24.27	-13.93	16.22	40.51	62.46	70.84
1220400.00	62.65	12.70	-28.59	-24.27	-13.93	16.22	40.51	62.46	70.84
1224000.00	68.83	12.70	-28.59	-24.27	-13.93	16.22	40.51	62.46	70.84
1227600.00	72.48	12.70	-28.59	-24.27	-13.93	16.22	40.51	62.46	70.84
1231200.00	62.43	12.70	-28.59	-24.27	-13.93	16.22	40.51	62.46	70.84
1234800.00	44.07	12.70	-28.59	-24.27	-13.93	16.22	40.51	62.46	70.84
1238400.00	26.23	12.70	-28.59	-24.27	-13.93	16.22	40.51	62.46	70.84
1242000.00	-11.85	12.70	-28.59	-24.27	-13.93	16.22	40.51	62.46	70.84
1245600.00	-22.81	12.70	-28.59	-24.27	-13.93	16.22	40.51	62.46	70.84
1249200.00	-31.37	12.70	-28.59	-24.27	-13.93	16.22	40.51	62.46	70.84
1252800.00	-49.19	12.70	-28.59	-24.27	-13.93	16.22	40.51	62.46	70.84
1256400.00	-54.00	12.70	-28.59	-24.27	-13.93	16.22	40.51	62.46	70.84
1260000.00	-63.25	12.70	-28.59	-24.27	-13.93	16.22	40.51	62.46	70.84
1263600.00	-84.99	12.70	-28.59	-24.27	-13.93	16.22	40.51	62.46	70.84
1267200.00	-60.59	12.70	-28.59	-24.27	-13.93	16.22	40.51	62.46	70.84
1270800.00	-27.67	12.70	-28.59	-24.27	-13.93	16.22	40.51	62.46	70.84
1274400.00	-23.89	12.70	-28.59	-24.27	-13.93	16.22	40.51	62.46	70.84
1278000.00	-14.46	12.70	-28.59	-24.27	-13.93	16.22	40.51	62.46	70.84
1281600.00	7.47	12.70	-28.59	-24.27	-13.93	16.22	40.51	62.46	70.84
1285200.00	24.97	12.70	-28.59	-24.27	-13.93	16.22	40.51	62.46	70.84
1288800.00	55.70	12.70	-28.59	-24.27	-13.93	16.22	40.51	62.46	70.84
1292400.00	67.32	12.70	-28.59	-24.27	-13.93	16.22	40.51	62.46	70.84
1296000.00	66.69	36.80	-19.50	-14.43	-1.63	56.10	65.47	75.50	91.25
1299600.00	65.16	36.80	-19.50	-14.43	-1.63	56.10	65.47	75.50	91.25
1303200.00	65.55	36.80	-19.50	-14.43	-1.63	56.10	65.47	75.50	91.25
1306800.00	74.73	36.80	-19.50	-14.43	-1.63	56.10	65.47	75.50	91.25
1310400.00	98.97	36.80	-19.50	-14.43	-1.63	56.10	65.47	75.50	91.25
1314000.00	94.85	36.80	-19.50	-14.43	-1.63	56.10	65.47	75.50	91.25
1317600.00	86.85	36.80	-19.50	-14.43	-1.63	56.10	65.47	75.50	91.25
1321200.00	33.28	36.80	-19.50	-14.43	-1.63	56.10	65.47	75.50	91.25
1324800.00	-12.41	36.80	-19.50	-14.43	-1.63	56.10	65.47	75.50	91.25
1328400.00	-10.35	36.80	-19.50	-14.43	-1.63	56.10	65.47	75.50	91.25
1332000.00	-21.32	36.80	-19.50	-14.43	-1.63	56.10	65.47	75.50	91.25
1335600.00	-21.41	36.80	-19.50	-14.43	-1.63	56.10	65.47	75.50	91.25
1339200.00	-21.41	36.80	-19.50	-14.43	-1.63	56.10	65.47	75.50	91.25
1342800.00	-22.76	36.80	-19.50	-14.43	-1.63	56.10	65.47	75.50	91.25
1346400.00	-27.95	36.80	-19.50	-14.43	-1.63	56.10	65.47	75.50	91.25
1350000.00	-27.31	36.80	-19.50	-14.43	-1.63	56.10	65.47	75.50	91.25
1353600.00	-18.89	36.80	-19.50	-14.43	-1.63	56.10	65.47	75.50	91.25
1357200.00	-13.94	36.80	-19.50	-14.43	-1.63	56.10	65.47	75.50	91.25
1360800.00	47.08	36.80	-19.50	-14.43	-1.63	56.10	65.47	75.50	91.25
1364400.00	95.58	36.80	-19.50	-14.43	-1.63	56.10	65.47	75.50	91.25
1368000.00	82.42	36.80	-19.50	-14.43	-1.63	56.10	65.47	75.50	91.25
1371600.00	120.20	36.80	-19.50	-14.43	-1.63	56.10	65.47	75.50	91.25
1375200.00	84.36	36.80	-19.50	-14.43	-1.63	56.10	65.47	75.50	91.25
1378800.00	65.11	36.80	-19.50	-14.43	-1.63	56.10	65.47	75.50	91.25
1382400.00	65.20	4.49	-26.39	-24.67	-20.88	1.02	10.70	21.22	49.31
1386000.00	69.78	4.49	-26.39	-24.67	-20.88	1.02	10.70	21.22	49.31
1389600.00	51.59	4.49	-26.39	-24.67	-20.88	1.02	10.70	21.22	49.31
1393200.00	47.83	4.49	-26.39	-24.67	-20.88	1.02	10.70	21.22	49.31
1396800.00	44.56	4.49	-26.39	-24.67	-20.88	1.02	10.70	21.22	49.31
1400400.00	50.53	4.49	-26.39	-24.67	-20.88	1.02	10.70	21.22	49.31
1404000.00	19.60	4.49	-26.39	-24.67	-20.88	1.02	10.70	21.22	49.31
1407600.00	-13.88	4.49	-26.39	-24.67	-20.88	1.02	10.70	21.22	49.31
1411200.00	-24.58	4.49	-26.39	-24.67	-20.88	1.02	10.70	21.22	49.31
1414800.00	-31.55	4.49	-26.39	-24.67	-20.88	1.02	10.70	21.22	49.31
1418400.00	-33.65	4.49	-26.39	-24.67	-20.88	1.02	10.70	21.22	49.31
1422000.00	-35.46	4.49	-26.39	-24.67	-20.88	1.02	10.70	21.22	49.31
1425600.00	-25.44	4.49	-26.39	-24.67	-20.88	1.02	10.70	21.22	49.31
1429200.00	-23.65	4.49	-26.39	-24.67	-20.88	1.02	10.70	21.22	49.31
1432800.00	-29.52	4.49	-26.39	-24.67	-20.88	1.02	10.70	21.22	49.31
1436400.00	-36.26	4.49	-26.39	-24.67	-20.88	1.02	10.70	21.22	49.31
1440000.00	-29.25	4.49	-26.39	-24.67	-20.88	1.02	10.70	21.22	49.31
1443600.00	-22.63	4.49	-26.39	-24.67	-20.88	1.02	10.70	21.22	49.31
1447200.00	-3.20	4.49	-26.39	-24.67	-20.88	1.02	10.70	21.22	49.31
1450800.00	21.00	4.49	-26.39	-24.67	-20.88	1.02	10.70	21.22	49.31
1454400.00	23.13	4.49	-26.39	-24.67	-20.88	1.02	10.70	21.22	49.31
1458000.00	11.74	4.49	-26.39	-24.67	-20.88	1.02	10.70	21.22	49.31
1461600.00	6.51	4.49	-26.39	-24.67	-20.88	1.02	10.70	21.22	49.31
1465200.00	5.24	4.49	-26.39	-24.67	-20.88	1.02	10.70	21.22	49.31
1468800.00	2.07	12.65	-19.96	-17.44	-13.65	-3.52	2.05	21.47	73.58
1472400.00	-2.37	12.65	-19.96	-17.44	-13.65	-3.52	2.05	21.47	73.58
1476000.00	-17.18	12.65	-19.96	-17.44	-13.65	-3.52	2.05	21.47	73.58
1479600.00	-20.40	12.65	-19.96	-17.44	-13.65	-3.52	2.05	21.47	73.58
1483200.00	-16.82	12.65	-19.96	-17.44	-13.65	-3.52	2.05	21.47	73.58
1486800.00	-4.66	12.65	-19.96	-17.44	-13.65	-3.52	2.05	21.47	73.58
1490400.00	-15.06	12.65	-19.96	-17.44	-13.65	-3.52	2.05	21.47	73.58
1494000.00	-27.55	12.65	-19.96	-17.44	-13.65	-3.52	2.05	21.47	73.58
1497600.00	-24.81	12.65	-19.96	-17.44	-13.65	-3.52	2.05	21.47	73.58
1501200.00	-23.16	12.65	-19.96	-17.44	-13.65	-3.52	2.05	21.47	73.58
1504800.00	-22.37	12.65	-19.96	-17.44	-13.65	-3.52	2.05	21.47	73.58
1508400.00	-21.57	12.65	-19.96	-17.44	-13.65	-3.52	2.05	21.47	73.58
1512000.00	-19.81	12.65	-19.96	-17.44	-13.65	-3.52	2.05	21.47	73.58
1515600.00	1.94	12.65	-19.96	-17.44	-13.65	-3.52	2.05	21.47	73.58
1519200.00	11.73	12.65	-19.96	-17.44	-13.65	-3.52	2.05	21.47	73.58
1522800.00	-8.02	12.65	-19.96	-17.44	-13.65	-3.52	2.05	21.47	73.58
1526400.00	20.26	12.65	-19.96	-17.44	-13.65	-3.52	2.05	21.47	73.58
1530000.00	32.33	12.65	-19.96	-17.44	-13.65	-3.52	2.05	21.47	73.58
1533600.00	79.68	12.65	-19.96	-17.44	-13.65	-3.52	2.05	21.47	73.58
1537200.00	93.42	12.65	-19.96	-17.44	-13.65	-3.52	2.05	21.47	73.58
1540800.00	84.50	12.65	-19.96	-17.44	-13.65	-3.52	2.05	21.47	73.58
1544400.00	66.12	12.65	-19.96	-17.44	-13.65	-3.52	2.05	21.47	73.58
1548000.00	54.47	12.65	-19.96	-17.44	-13.65	-3.52	2.05	21.47	73.58
1551600.00	80.90	12.65	-19.96	-17.44	-13.65	-3.52	2.05	21.47	73.58
1555200.00	86.92	84.06	40.87	42.28	61.99	87.19	106.29	117.09	146.75
1558800.00	55.90	84.06	40.87	42.28	61.99	87.19	106.29	117.09	146.75
1562400.00	42.29	84.06	40.87	42.28	61.99	87.19	106.29	117.09	146.75
1566000.00	36.98	84.06	40.87	42.28	61.99	87.19	106.29	117.09	146.75
1569600.00	53.88	84.06	40.87	42.28	61.99	87.19	106.29	117.09	146.75
1573200.00	42.17	84.06	40.87	42.28	61.99	87.19	106.29	117.09	146.75
1576800.00	-7.64	84.06	40.87	42.28	61.99	87.19	106.29	117.09	146.75
1580400.00	-23.79	84.06	40.87	42.28	61.99	87.19	106.29	117.09	146.75
1584000.00	-22.59	84.06	40.87	42.28	61.99	87.19	106.29	117.09	146.75
1587600.00	-25.69	84.06	40.87	42.28	61.99	87.19	106.29	117.09	146.75
1591200.00	29.72	84.06	40.87	42.28	61.99	87.19	106.29	117.09	146.75
1594800.00	115.97	84.06	40.87	42.28	61.99	87.19	106.29	117.09	146.75
1598400.00	102.91	84.06	40.87	42.28	61.99	87.19	106.29	117.09	146.75
1602000.00	143.92	84.06	40.87	42.28	61.99	87.19	106.29	117.09	146.75
1605600.00	206.90	84.06	40.87	42.28	61.99	87.19	106.29	117.09	146.75
1609200.00	107.17	84.06	40.87	42.28	61.99	87.19	106.29	117.09	146.75
1612800.00	127.19	84.06	40.87	42.28	61.99	87.19	106.29	117.09	146.75
1616400.00	107.14	84.06	40.87	42.28	61.99	87.19	106.29	117.09	146.75
1620000.00	165.82	84.06	40.87	42.28	61.99	87.19	106.29	117.09	146.75
1623600.00	211.18	84.06	40.87	42.28	61.99	87.19	106.29	117.09	146.75
1627200.00	149.07	84.06	40.87	42.28	61.99	87.19	106.29	117.09	146.75
1630800.00	138.26	84.06	40.87	42.28	61.99	87.19	106.29	117.09	146.75
1634400.00	87.46	84.06	40.87	42.28	61.99	87.19	106.29	117.09	146.75
1638000.00	86.32	84.06	40.87	42.28	61.99	87.19	106.29	117.09	146.75
1641600.00	88.41	91.62	81.77	84.05	88.31	88.76	97.37	101.39	110.37
1645200.00	88.69	91.62	81.77	84.05	88.31	88.76	97.37	101.39	110.37
1648800.00	89.19	91.62	81.77	84.05	88.31	88.76	97.37	101.39	110.37
1652400.00	88.28	91.62	81.77	84.05	88.31	88.76	97.37	101.39	110.37
1656000.00	87.71	91.62	81.77	84.05	88.31	88.76	97.37	101.39	110.37
1659600.00	99.41	91.62	81.77	84.05	88.31	88.76	97.37	101.39	110.37
1663200.00	101.99	91.62	81.77	84.05	88.31	88.76	97.37	101.39	110.37
1666800.00	60.75	91.62	81.77	84.05	88.31	88.76	97.37	101.39	110.37
1670400.00	32.97	91.62	81.77	84.05	88.31	88.76	97.37	101.39	110.37
1674000.00	25.41	91.62	81.77	84.05	88.31	88.76	97.37	101.39	110.37
1677600.00	104.23	91.62	81.77	84.05	88.31	88.76	97.37	101.39	110.37
1681200.00	70.34	91.62	81.77	84.05	88.31	88.76	97.37	101.39	110.37
1684800.00	82.76	91.62	81.77	84.05	88.31	88.76	97.37	101.39	110.37
1688400.00	84.20	91.62	81.77	84.05	88.31	88.76	97.37	101.39	110.37
1692000.00	76.19	91.62	81.77	84.05	88.31	88.76	97.37	101.39	110.37
1695600.00	78.80	91.62	81.77	84.05	88.31	88.76	97.37	101.39	110.37
1699200.00	88.83	91.62	81.77	84.05	88.31	88.76	97.37	101.39	110.37
1702800.00	101.33	91.62	81.77	84.05	88.31	88.76	97.37	101.39	110.37
1706400.00	148.92	91.62	81.77	84.05	88.31	88.76	97.37	101.39	110.37
1710000.00	159.96	91.62	81.77	84.05	88.31	88.76	97.37	101.39	110.37
1713600.00	118.71	91.62	81.77	84.05	88.31	88.76	97.37	101.39	110.37
1717200.00	110.48	91.62	81.77	84.05	88.31	88.76	97.37	101.39	110.37
1720800.00	101.10	91.62	81.77	84.05	88.31	88.76	97.37	101.39	110.37
1724400.00	110.23	91.62	81.77	84.05	88.31	88.76	97.37	101.39	110.37
1728000.00	103.32	43.80	-20.36	-19.02	26.93	83.32	87.71	90.50	95.20
1731600.00	94.84	43.80	-20.36	-19.02	26.93	83.32	87.71	90.50	95.20
1735200.00	90.02	43.80	-20.36	-19.02	26.93	83.32	87.71	90.50	95.20
1738800.00	95.16	43.80	-20.36	-19.02	26.93	83.32	87.71	90.50	95.20
1742400.00	95.19	43.80	-20.36	-19.02	26.93	83.32	87.71	90.50	95.20
1746000.00	120.34	43.80	-20.36	-19.02	26.93	83.32	87.71	90.50	95.20
1749600.00	123.48	43.80	-20.36	-19.02	26.93	83.32	87.71	90.50	95.20
1753200.00	83.28	43.80	-20.36	-19.02	26.93	83.32	87.71	90.50	95.20
1756800.00	41.86	43.80	-20.36	-19.02	26.93	83.32	87.71	90.50	95.20
1760400.00	-8.16	43.80	-20.36	-19.02	26.93	83.32	87.71	90.50	95.20
1764000.00	-25.64	43.80	-20.36	-19.02	26.93	83.32	87.71	90.50	95.20
1767600.00	-28.44	43.80	-20.36	-19.02	26.93	83.32	87.71	90.50	95.20
1771200.00	-19.01	43.80	-20.36	-19.02	26.93	83.32	87.71	90.50	95.20
1774800.00	-37.62	43.80	-20.36	-19.02	26.93	83.32	87.71	90.50	95.20
1778400.00	-56.60	43.80	-20.36	-19.02	26.93	83.32	87.71	90.50	95.20
1782000.00	-24.09	43.80	-20.36	-19.02	26.93	83.32	87.71	90.50	95.20
1785600.00	-42.84	43.80	-20.36	-19.02	26.93	83.32	87.71	90.50	95.20
1789200.00	-19.12	43.80	-20.36	-19.02	26.93	83.32	87.71	90.50	95.20
1792800.00	23.19	43.80	-20.36	-19.02	26.93	83.32	87.71	90.50	95.20
1796400.00	83.37	43.80	-20.36	-19.02	26.93	83.32	87.71	90.50	95.20
1800000.00	88.21	43.80	-20.36	-19.02	26.93	83.32	87.71	90.50	95.20
1803600.00	95.20	43.80	-20.36	-19.02	26.93	83.32	87.71	90.50	95.20
1807200.00	89.62	43.80	-20.36	-19.02	26.93	83.32	87.71	90.50	95.20
1810800.00	85.71	43.80	-20.36	-19.02	26.93	83.32	87.71	90.50	95.20
1814400.00	59.44	-4.46	-22.15	-20.86	-14.68	-2.82	4.55	6.65	17.02
1818000.00	17.79	-4.46	-22.15	-20.86	-14.68	-2.82	4.55	6.65	17.02
1821600.00	3.32	-4.46	-22.15	-20.86	-14.68	-2.82	4.55	6.65	17.02
1825200.00	4.64	-4.46	-22.15	-20.86	-14.68	-2.82	4.55	6.65	17.02
1828800.00	4.78	-4.46	-22.15	-20.86	-14.68	-2.82	4.55	6.65	17.02
1832400.00	16.08	-4.46	-22.15	-20.86	-14.68	-2.82	4.55	6.65	17.02
1836000.00	19.46	-4.46	-22.15	-20.86	-14.68	-2.82	4.55	6.65	17.02
1839600.00	-8.97	-4.46	-22.15	-20.86	-14.68	-2.82	4.55	6.65	17.02
1843200.00	-15.57	-4.46	-22.15	-20.86	-14.68	-2.82	4.55	6.65	17.02
1846800.00	-20.52	-4.46	-22.15	-20.86	-14.68	-2.82	4.55	6.65	17.02
1850400.00	-20.72	-4.46	-22.15	-20.86	-14.68	-2.82	4.55	6.65	17.02
1854000.00	-22.33	-4.46	-22.15	-20.86	-14.68	-2.82	4.55	6.65	17.02
1857600.00	-22.14	-4.46	-22.15	-20.86	-14.68	-2.82	4.55	6.65	17.02
1861200.00	-40.79	-4.46	-22.15	-20.86	-14.68	-2.82	4.55	6.65	17.02
1864800.00	-34.49	-4.46	-22.15	-20.86	-14.68	-2.82	4.55	6.65	17.02
1868400.00	-30.77	-4.46	-22.15	-20.86	-14.68	-2.82	4.55	6.65	17.02
1872000.00	-30.59	-4.46	-22.15	-20.86	-14.68	-2.82	4.55	6.65	17.02
1875600.00	-22.17	-4.46	-22.15	-20.86	-14.68	-2.82	4.55	6.65	17.02
1879200.00	-11.11	-4.46	-22.15	-20.86	-14.68	-2.82	4.55	6.65	17.02
1882800.00	6.60	-4.46	-22.15	-20.86	-14.68	-2.82	4.55	6.65	17.02
1886400.00	7.19	-4.46	-22.15	-20.86	-14.68	-2.82	4.55	6.65	17.02
1890000.00	4.20	-4.46	-22.15	-20.86	-14.68	-2.82	4.55	6.65	17.02
1893600.00	8.08	-4.46	-22.15	-20.86	-14.68	-2.82	4.55	6.65	17.02
1897200.00	21.43	-4.46	-22.15	-20.86	-14.68	-2.82	4.55	6.65	17.02
1900800.00	27.31	38.18	-2.13	2.08	29.60	34.84	66.45	69.55	78.77
1904400.00	35.31	38.18	-2.13	2.08	29.60	34.84	66.45	69.55	78.77
1908000.00	34.19	38.18	-2.13	2.08	29.60	34.84	66.45	69.55	78.77
1911600.00	55.47	38.18	-2.13	2.08	29.60	34.84	66.45	69.55	78.77
1915200.00	69.19	38.18	-2.13	2.08	29.60	34.84	66.45	69.55	78.77
1918800.00	85.76	38.18	-2.13	2.08	29.60	34.84	66.45	69.55	78.77
1922400.00	103.56	38.18	-2.13	2.08	29.60	34.84	66.45	69.55	78.77
1926000.00	104.82	38.18	-2.13	2.08	29.60	34.84	66.45	69.55	78.77
1929600.00	88.89	38.18	-2.13	2.08	29.60	34.84	66.45	69.55	78.77
1933200.00	28.45	38.18	-2.13	2.08	29.60	34.84	66.45	69.55	78.77
1936800.00	2.34	38.18	-2.13	2.08	29.60	34.84	66.45	69.55	78.77
1940400.00	-7.74	38.18	-2.13	2.08	29.60	34.84	66.45	69.55	78.77
1944000.00	-14.90	38.18	-2.13	2.08	29.60	34.84	66.45	69.55	78.77
1947600.00	-14.42	38.18	-2.13	2.08	29.60	34.84	66.45	69.55	78.77
1951200.00	-0.26	38.18	-2.13	2.08	29.60	34.84	66.45	69.55	78.77
1954800.00	-19.19	38.18	-2.13	2.08	29.60	34.84	66.45	69.55	78.77
1958400.00	-23.83	38.18	-2.13	2.08	29.60	34.84	66.45	69.55	78.77
1962000.00	-21.66	38.18	-2.13	2.08	29.60	34.84	66.45	69.55	78.77
1965600.00	34.37	38.18	-2.13	2.08	29.60	34.84	66.45	69.55	78.77
1969200.00	69.87	38.18	-2.13	2.08	29.60	34.84	66.45	69.55	78.77
1972800.00	70.22	38.18	-2.13	2.08	29.60	34.84	66.45	69.55	78.77
1976400.00	69.71	38.18	-2.13	2.08	29.60	34.84	66.45	69.55	78.77
1980000.00	69.43	38.18	-2.13	2.08	29.60	34.84	66.45	69.55	78.77
1983600.00	69.54	38.18	-2.13	2.08	29.60	34.84	66.45	69.55	78.77
1987200.00	77.51	6.00	-59.45	-47.25	-22.05	53.47	58.70	66.09	75.67
1990800.00	73.05	6.00	-59.45	-47.25	-22.05	53.47	58.70	66.09	75.67
1994400.00	58.69	6.00	-59.45	-47.25	-22.05	53.47	58.70	66.09	75.67
1998000.00	60.80	6.00	-59.45	-47.25	-22.05	53.47	58.70	66.09	75.67
2001600.00	70.11	6.00	-59.45	-47.25	-22.05	53.47	58.70	66.09	75.67
2005200.00	86.36	6.00	-59.45	-47.25	-22.05	53.47	58.70	66.09	75.67
2008800.00	53.39	6.00	-59.45	-47.25	-22.05	53.47	58.70	66.09	75.67
2012400.00	-8.38	6.00	-59.45	-47.25	-22.05	53.47	58.70	66.09	75.67
2016000.00	-30.76	6.00	-59.45	-47.25	-22.05	53.47	58.70	66.09	75.67
2019600.00	-74.96	6.00	-59.45	-47.25	-22.05	53.47	58.70	66.09	75.67
2023200.00	-109.44	6.00	-59.45	-47.25	-22.05	53.47	58.70	66.09	75.67
2026800.00	-67.35	6.00	-59.45	-47.25	-22.05	53.47	58.70	66.09	75.67
2030400.00	-108.06	6.00	-59.45	-47.25	-22.05	53.47	58.70	66.09	75.67
2034000.00	-122.86	6.00	-59.45	-47.25	-22.05	53.47	58.70	66.09	75.67
2037600.00	-56.82	6.00	-59.45	-47.25	-22.05	53.47	58.70	66.09	75.67
2041200.00	-121.01	6.00	-59.45	-47.25	-22.05	53.47	58.70	66.09	75.67
2044800.00	-46.19	6.00	-59.45	-47.25	-22.05	53.47	58.70	66.09	75.67
2048400.00	-25.46	6.00	-59.45	-47.25	-22.05	53.47	58.70	66.09	75.67
2052000.00	53.55	6.00	-59.45	-47.25	-22.05	53.47	58.70	66.09	75.67
2055600.00	97.88	6.00	-59.45	-47.25	-22.05	53.47	58.70	66.09	75.67
2059200.00	86.06	6.00	-59.45	-47.25	-22.05	53.47	58.70	66.09	75.67
2062800.00	65.65	6.00	-59.45	-47.25	-22.05	53.47	58.70	66.09	75.67
2066400.00	58.71	6.00	-59.45	-47.25	-22.05	53.47	58.70	66.09	75.67
2070000.00	73.42	6.00	-59.45	-47.25	-22.05	53.47	58.70	66.09	75.67
2073600.00	83.54	19.75	-21.67	-19.44	-15.40	24.83	56.00	58.73	66.21
2077200.00	69.14	19.75	-21.67	-19.44	-15.40	24.83	56.00	58.73	66.21
2080800.00	58.55	19.75	-21.67	-19.44	-15.40	24.83	56.00	58.73	66.21
2084400.00	62.62	19.75	-21.67	-19.44	-15.40	24.83	56.00	58.73	66.21
2088000.00	76.28	19.75	-21.67	-19.44	-15.40	24.83	56.00	58.73	66.21
2091600.00	83.69	19.75	-21.67	-19.44	-15.40	24.83	56.00	58.73	66.21
2095200.00	25.49	19.75	-21.67	-19.44	-15.40	24.83	56.00	58.73	66.21
2098800.00	-18.27	19.75	-21.67	-19.44	-15.40	24.83	56.00	58.73	66.21
2102400.00	-18.02	19.75	-21.67	-19.44	-15.40	24.83	56.00	58.73	66.21
2106000.00	-21.52	19.75	-21.67	-19.44	-15.40	24.83	56.00	58.73	66.21
2109600.00	-31.68	19.75	-21.67	-19.44	-15.40	24.83	56.00	58.73	66.21
2113200.00	-35.87	19.75	-21.67	-19.44	-15.40	24.83	56.00	58.73	66.21
2116800.00	-42.78	19.75	-21.67	-19.44	-15.40	24.83	56.00	58.73	66.21
2120400.00	-46.70	19.75	-21.67	-19.44	-15.40	24.83	56.00	58.73	66.21
2124000.00	-40.25	19.75	-21.67	-19.44	-15.40	24.83	56.00	58.73	66.21
2127600.00	-22.10	19.75	-21.67	-19.44	-15.40	24.83	56.00	58.73	66.21
2131200.00	-19.21	19.75	-21.67	-19.44	-15.40	24.83	56.00	58.73	66.21
2134800.00	-4.95	19.75	-21.67	-19.44	-15.40	24.83	56.00	58.73	66.21
2138400.00	24.18	19.75	-21.67	-19.44	-15.40	24.83	56.00	58.73	66.21
2142000.00	61.99	19.75	-21.67	-19.44	-15.40	24.83	56.00	58.73	66.21
2145600.00	54.82	19.75	-21.67	-19.44	-15.40	24.83	56.00	58.73	66.21
2149200.00	58.53	19.75	-21.67	-19.44	-15.40	24.83	56.00	58.73	66.21
2152800.00	56.30	19.75	-21.67	-19.44	-15.40	24.83	56.00	58.73	66.21
2156400.00	60.32	19.75	-21.67	-19.44	-15.40	24.83	56.00	58.73	66.21
2160000.00	57.92	36.33	-18.26	-16.80	11.56	37.43	46.54	53.04	90.73
2163600.00	52.50	36.33	-18.26	-16.80	11.56	37.43	46.54	53.04	90.73
2167200.00	46.82	36.33	-18.26	-16.80	11.56	37.43	46.54	53.04	90.73
2170800.00	45.84	36.33	-18.26	-16.80	11.56	37.43	46.54	53.04	90.73
2174400.00	38.14	36.33	-18.26	-16.80	11.56	37.43	46.54	53.04	90.73
2178000.00	36.73	36.33	-18.26	-16.80	11.56	37.43	46.54	53.04	90.73
2181600.00	10.91	36.33	-18.26	-16.80	11.56	37.43	46.54	53.04	90.73
2185200.00	-24.34	36.33	-18.26	-16.80	11.56	37.43	46.54	53.04	90.73
2188800.00	-45.59	36.33	-18.26	-16.80	11.56	37.43	46.54	53.04	90.73
2192400.00	-47.33	36.33	-18.26	-16.80	11.56	37.43	46.54	53.04	90.73
2196000.00	-46.62	36.33	-18.26	-16.80	11.56	37.43	46.54	53.04	90.73
2199600.00	-32.27	36.33	-18.26	-16.80	11.56	37.43	46.54	53.04	90.73
2203200.00	-22.53	36.33	-18.26	-16.80	11.56	37.43	46.54	53.04	90.73
2206800.00	-16.80	36.33	-18.26	-16.80	11.56	37.43	46.54	53.04	90.73
2210400.00	14.18	36.33	-18.26	-16.80	11.56	37.43	46.54	53.04	90.73
2214000.00	-16.83	36.33	-18.26	-16.80	11.56	37.43	46.54	53.04	90.73
2217600.00	-1.27	36.33	-18.26	-16.80	11.56	37.43	46.54	53.04	90.73
2221200.00	79.02	36.33	-18.26	-16.80	11.56	37.43	46.54	53.04	90.73
2224800.00	224.04	36.33	-18.26	-16.80	11.56	37.43	46.54	53.04	90.73
2228400.00	165.09	36.33	-18.26	-16.80	11.56	37.43	46.54	53.04	90.73
2232000.00	138.06	36.33	-18.26	-16.80	11.56	37.43	46.54	53.04	90.73
2235600.00	100.30	36.33	-18.26	-16.80	11.56	37.43	46.54	53.04	90.73
2239200.00	69.31	36.33	-18.26	-16.80	11.56	37.43	46.54	53.04	90.73
2242800.00	46.71	36.33	-18.26	-16.80	11.56	37.43	46.54	53.04	90.73
2246400.00	40.25	1.42	-22.40	-21.31	-21.05	-7.66	10.23	20.89	41.22
2250000.00	33.55	1.42	-22.40	-21.31	-21.05	-7.66	10.23	20.89	41.22
2253600.00	22.12	1.42	-22.40	-21.31	-21.05	-7.66	10.23	20.89	41.22
2257200.00	12.98	1.42	-22.40	-21.31	-21.05	-7.66	10.23	20.89	41.22
2260800.00	-0.75	1.42	-22.40	-21.31	-21.05	-7.66	10.23	20.89	41.22
2264400.00	-7.17	1.42	-22.40	-21.31	-21.05	-7.66	10.23	20.89	41.22
2268000.00	-8.15	1.42	-22.40	-21.31	-21.05	-7.66	10.23	20.89	41.22
2271600.00	-21.20	1.42	-22.40	-21.31	-21.05	-7.66	10.23	20.89	41.22
2275200.00	-39.02	1.42	-22.40	-21.31	-21.05	-7.66	10.23	20.89	41.22
2278800.00	-55.60	1.42	-22.40	-21.31	-21.05	-7.66	10.23	20.89	41.22
2282400.00	-51.29	1.42	-22.40	-21.31	-21.05	-7.66	10.23	20.89	41.22
2286000.00	-25.49	1.42	-22.40	-21.31	-21.05	-7.66	10.23	20.89	41.22
2289600.00	-22.80	1.42	-22.40	-21.31	-21.05	-7.66	10.23	20.89	41.22
2293200.00	-22.80	1.42	-22.40	-21.31	-21.05	-7.66	10.23	20.89	41.22
2296800.00	-22.26	1.42	-22.40	-21.31	-21.05	-7.66	10.23	20.89	41.22
2300400.00	-21.16	1.42	-22.40	-21.31	-21.05	-7.66	10.23	20.89	41.22
2304000.00	-21.11	1.42	-22.40	-21.31	-21.05	-7.66	10.23	20.89	41.22
2307600.00	-20.79	1.42	-22.40	-21.31	-21.05	-7.66	10.23	20.89	41.22
2311200.00	70.13	1.42	-22.40	-21.31	-21.05	-7.66	10.23	20.89	41.22
2314800.00	61.95	1.42	-22.40	-21.31	-21.05	-7.66	10.23	20.89	41.22
2318400.00	49.71	1.42	-22.40	-21.31	-21.05	-7.66	10.23	20.89	41.22
2322000.00	42.01	1.42	-22.40	-21.31	-21.05	-7.66	10.23	20.89	41.22
2325600.00	20.75	1.42	-22.40	-21.31	-21.05	-7.66	10.23	20.89	41.22
2329200.00	20.20	1.42	-22.40	-21.31	-21.05	-7.66	10.23	20.89	41.22
2332800.00	19.38	-12.20	-54.57	-38.32	-18.95	5.86	17.45	24.66	43.66
2336400.00	9.73	-12.20	-54.57	-38.32	-18.95	5.86	17.45	24.66	43.66
2340000.00	5.62	-12.20	-54.57	-38.32	-18.95	5.86	17.45	24.66	43.66
2343600.00	6.10	-12.20	-54.57	-38.32	-18.95	5.86	17.45	24.66	43.66
2347200.00	23.67	-12.20	-54.57	-38.32	-18.95	5.86	17.45	24.66	43.66
2350800.00	53.42	-12.20	-54.57	-38.32	-18.95	5.86	17.45	24.66	43.66
2354400.00	59.80	-12.20	-54.57	-38.32	-18.95	5.86	17.45	24.66	43.66
2358000.00	22.39	-12.20	-54.57	-38.32	-18.95	5.86	17.45	24.66	43.66
2361600.00	-77.93	-12.20	-54.57	-38.32	-18.95	5.86	17.45	24.66	43.66
2365200.00	-47.86	-12.20	-54.57	-38.32	-18.95	5.86	17.45	24.66	43.66
2368800.00	-37.26	-12.20	-54.57	-38.32	-18.95	5.86	17.45	24.66	43.66
2372400.00	-74.72	-12.20	-54.57	-38.32	-18.95	5.86	17.45	24.66	43.66
2376000.00	-99.17	-12.20	-54.57	-38.32	-18.95	5.86	17.45	24.66	43.66
2379600.00	-77.29	-12.20	-54.57	-38.32	-18.95	5.86	17.45	24.66	43.66
2383200.00	-120.64	-12.20	-54.57	-38.32	-18.95	5.86	17.45	24.66	43.66
2386800.00	-93.36	-12.20	-54.57	-38.32	-18.95	5.86	17.45	24.66	43.66
2390400.00	-18.30	-12.20	-54.57	-38.32	-18.95	5.86	17.45	24.66	43.66
2394000.00	-19.11	-12.20	-54.57	-38.32	-18.95	5.86	17.45	24.66	43.66
2397600.00	-36.83	-12.20	-54.57	-38.32	-18.95	5.86	17.45	24.66	43.66
2401200.00	42.83	-12.20	-54.57	-38.32	-18.95	5.86	17.45	24.66	43.66
2404800.00	47.83	-12.20	-54.57	-38.32	-18.95	5.86	17.45	24.66	43.66
2408400.00	44.33	-12.20	-54.57	-38.32	-18.95	5.86	17.45	24.66	43.66
2412000.00	33.56	-12.20	-54.57	-38.32	-18.95	5.86	17.45	24.66	43.66
2415600.00	41.08	-12.20	-54.57	-38.32	-18.95	5.86	17.45	24.66	43.66
2419200.00	56.27	-8.61	-53.35	-46.75	-35.77	-4.29	19.16	32.51	52.05
2422800.00	32.50	-8.61	-53.35	-46.75	-35.77	-4.29	19.16	32.51	52.05
2426400.00	20.45	-8.61	-53.35	-46.75	-35.77	-4.29	19.16	32.51	52.05
2430000.00	19.26	-8.61	-53.35	-46.75	-35.77	-4.29	19.16	32.51	52.05
2433600.00	18.77	-8.61	-53.35	-46.75	-35.77	-4.29	19.16	32.51	52.05
2437200.00	59.97	-8.61	-53.35	-46.75	-35.77	-4.29	19.16	32.51	52.05
2440800.00	32.60	-8.61	-53.35	-46.75	-35.77	-4.29	19.16	32.51	52.05
2444400.00	-18.13	-8.61	-53.35	-46.75	-35.77	-4.29	19.16	32.51	52.05
2448000.00	-59.31	-8.61	-53.35	-46.75	-35.77	-4.29	19.16	32.51	52.05
2451600.00	-59.27	-8.61	-53.35	-46.75	-35.77	-4.29	19.16	32.51	52.05
2455200.00	-53.09	-8.61	-53.35	-46.75	-35.77	-4.29	19.16	32.51	52.05
2458800.00	-54.11	-8.61	-53.35	-46.75	-35.77	-4.29	19.16	32.51	52.05
2462400.00	-46.05	-8.61	-53.35	-46.75	-35.77	-4.29	19.16	32.51	52.05
2466000.00	-45.21	-8.61	-53.35	-46.75	-35.77	-4.29	19.16	32.51	52.05
2469600.00	-106.36	-8.61	-53.35	-46.75	-35.77	-4.29	19.16	32.51	52.05
2473200.00	-88.03	-8.61	-53.35	-46.75	-35.77	-4.29	19.16	32.51	52.05
2476800.00	-39.47	-8.61	-53.35	-46.75	-35.77	-4.29	19.16	32.51	52.05
2480400.00	-73.86	-8.61	-53.35	-46.75	-35.77	-4.29	19.16	32.51	52.05
2484000.00	-20.97	-8.61	-53.35	-46.75	-35.77	-4.29	19.16	32.51	52.05
2487600.00	9.56	-8.61	-53.35	-46.75	-35.77	-4.29	19.16	32.51	52.05
2491200.00	52.41	-8.61	-53.35	-46.75	-35.77	-4.29	19.16	32.51	52.05
2494800.00	50.19	-8.61	-53.35	-46.75	-35.77	-4.29	19.16	32.51	52.05
2498400.00	51.61	-8.61	-53.35	-46.75	-35.77	-4.29	19.16	32.51	52.05
2502000.00	53.61	-8.61	-53.35	-46.75	-35.77	-4.29	19.16	32.51	52.05
2505600.00	49.69	13.41	-30.23	-29.11	-17.81	30.03	44.72	48.88	59.10
2509200.00	45.06	13.41	-30.23	-29.11	-17.81	30.03	44.72	48.88	59.10
2512800.00	42.93	13.41	-30.23	-29.11	-17.81	30.03	44.72	48.88	59.10
2516400.00	45.39	13.41	-30.23	-29.11	-17.81	30.03	44.72	48.88	59.10
2520000.00	53.69	13.41	-30.23	-29.11	-17.81	30.03	44.72	48.88	59.10
2523600.00	78.94	13.41	-30.23	-29.11	-17.81	30.03	44.72	48.88	59.10
2527200.00	61.12	13.41	-30.23	-29.11	-17.81	30.03	44.72	48.88	59.10
2530800.00	17.13	13.41	-30.23	-29.11	-17.81	30.03	44.72	48.88	59.10
2534400.00	-25.03	13.41	-30.23	-29.11	-17.81	30.03	44.72	48.88	59.10
2538000.00	-38.69	13.41	-30.23	-29.11	-17.81	30.03	44.72	48.88	59.10
2541600.00	-29.03	13.41	-30.23	-29.11	-17.81	30.03	44.72	48.88	59.10
2545200.00	-24.54	13.41	-30.23	-29.11	-17.81	30.03	44.72	48.88	59.10
2548800.00	-35.10	13.41	-30.23	-29.11	-17.81	30.03	44.72	48.88	59.10
2552400.00	-36.85	13.41	-30.23	-29.11	-17.81	30.03	44.72	48.88	59.10
2556000.00	-55.05	13.41	-30.23	-29.11	-17.81	30.03	44.72	48.88	59.10
2559600.00	-59.08	13.41	-30.23	-29.11	-17.81	30.03	44.72	48.88	59.10
2563200.00	-29.79	13.41	-30.23	-29.11	-17.81	30.03	44.72	48.88	59.10
2566800.00	-31.55	13.41	-30.23	-29.11	-17.81	30.03	44.72	48.88	59.10
2570400.00	9.14	13.41	-30.23	-29.11	-17.81	30.03	44.72	48.88	59.10
2574000.00	71.37	13.41	-30.23	-29.11	-17.81	30.03	44.72	48.88	59.10
2577600.00	63.22	13.41	-30.23	-29.11	-17.81	30.03	44.72	48.88	59.10
2581200.00	56.64	13.41	-30.23	-29.11	-17.81	30.03	44.72	48.88	59.10
2584800.00	48.79	13.41	-30.23	-29.11	-17.81	30.03	44.72	48.88	59.10
2588400.00	43.36	13.41	-30.23	-29.11	-17.81	30.03	44.72	48.88	59.10
2592000.00	42.55	20.92	-13.68	-10.21	-2.13	35.65	42.87	43.43	51.99
2595600.00	45.40	20.92	-13.68	-10.21	-2.13	35.65	42.87	43.43	51.99
2599200.00	43.06	20.92	-13.68	-10.21	-2.13	35.65	42.87	43.43	51.99
2602800.00	42.89	20.92	-13.68	-10.21	-2.13	35.65	42.87	43.43	51.99
2606400.00	47.27	20.92	-13.68	-10.21	-2.13	35.65	42.87	43.43	51.99
2610000.00	75.20	20.92	-13.68	-10.21	-2.13	35.65	42.87	43.43	51.99
2613600.00	55.86	20.92	-13.68	-10.21	-2.13	35.65	42.87	43.43	51.99
2617200.00	28.75	20.92	-13.68	-10.21	-2.13	35.65	42.87	43.43	51.99
2620800.00	-7.00	20.92	-13.68	-10.21	-2.13	35.65	42.87	43.43	51.99
2624400.00	-14.07	20.92	-13.68	-10.21	-2.13	35.65	42.87	43.43	51.99
2628000.00	-21.21	20.92	-13.68	-10.21	-2.13	35.65	42.87	43.43	51.99
2631600.00	-22.06	20.92	-13.68	-10.21	-2.13	35.65	42.87	43.43	51.99
2635200.00	-19.80	20.92	-13.68	-10.21	-2.13	35.65	42.87	43.43	51.99
2638800.00	-18.22	20.92	-13.68	-10.21	-2.13	35.65	42.87	43.43	51.99
2642400.00	-15.06	20.92	-13.68	-10.21	-2.13	35.65	42.87	43.43	51.99
2646000.00	-6.11	20.92	-13.68	-10.21	-2.13	35.65	42.87	43.43	51.99
2649600.00	-9.84	20.92	-13.68	-10.21	-2.13	35.65	42.87	43.43	51.99
2653200.00	-13.55	20.92	-13.68	-10.21	-2.13	35.65	42.87	43.43	51.99
2656800.00	13.81	20.92	-13.68	-10.21	-2.13	35.65	42.87	43.43	51.99
2660400.00	61.83	20.92	-13.68	-10.21	-2.13	35.65	42.87	43.43	51.99
2664000.00	59.08	20.92	-13.68	-10.21	-2.13	35.65	42.87	43.43	51.99
2667600.00	47.24	20.92	-13.68	-10.21	-2.13	35.65	42.87	43.43	51.99
2671200.00	43.21	20.92	-13.68	-10.21	-2.13	35.65	42.87	43.43	51.99
2674800.00	42.81	20.92	-13.68	-10.21	-2.13	35.65	42.87	43.43	51.99
2678400.00	41.90	313.05	-6.23	-2.46	17.24	31.02	39.63	48.12	108.92
2682000.00	31.95	313.05	-6.23	-2.46	17.24	31.02	39.63	48.12	108.92
2685600.00	30.08	313.05	-6.23	-2.46	17.24	31.02	39.63	48.12	108.92
2689200.00	28.32	313.05	-6.23	-2.46	17.24	31.02	39.63	48.12	108.92
2692800.00	32.65	313.05	-6.23	-2.46	17.24	31.02	39.63	48.12	108.92
2696400.00	44.42	313.05	-6.23	-2.46	17.24	31.02	39.63	48.12	108.92
2700000.00	14.47	313.05	-6.23	-2.46	17.24	31.02	39.63	48.12	108.92
2703600.00	-17.42	313.05	-6.23	-2.46	17.24	31.02	39.63	48.12	108.92
2707200.00	-22.77	313.05	-6.23	-2.46	17.24	31.02	39.63	48.12	108.92
2710800.00	-32.43	313.05	-6.23	-2.46	17.24	31.02	39.63	48.12	108.92
2714400.00	-32.77	313.05	-6.23	-2.46	17.24	31.02	39.63	48.12	108.92
2718000.00	-27.74	313.05	-6.23	-2.46	17.24	31.02	39.63	48.12	108.92
2721600.00	-25.48	313.05	-6.23	-2.46	17.24	31.02	39.63	48.12	108.92
2725200.00	-2.46	313.05	-6.23	-2.46	17.24	31.02	39.63	48.12	108.92
2728800.00	4.00	313.05	-6.23	-2.46	17.24	31.02	39.63	48.12	108.92
2732400.00	-2.51	313.05	-6.23	-2.46	17.24	31.02	39.63	48.12	108.92
2736000.00	41.37	313.05	-6.23	-2.46	17.24	31.02	39.63	48.12	108.92
2739600.00	618.76	313.05	-6.23	-2.46	17.24	31.02	39.63	48.12	108.92
2743200.00	6196.86	313.05	-6.23	-2.46	17.24	31.02	39.63	48.12	108.92
2746800.00	204.88	313.05	-6.23	-2.46	17.24	31.02	39.63	48.12	108.92
2750400.00	116.44	313.05	-6.23	-2.46	17.24	31.02	39.63	48.12	108.92
2754000.00	99.72	313.05	-6.23	-2.46	17.24	31.02	39.63	48.12	108.92
2757600.00	81.47	313.05	-6.23	-2.46	17.24	31.02	39.63	48.12	108.92
2761200.00	89.55	313.05	-6.23	-2.46	17.24	31.02	39.63	48.12	108.92
2764800.00	81.23	72.12	36.70	42.62	57.62	67.24	82.09	89.97	113.98
2768400.00	64.51	72.12	36.70	42.62	57.62	67.24	82.09	89.97	113.98
2772000.00	45.25	72.12	36.70	42.62	57.62	67.24	82.09	89.97	113.98
2775600.00	37.93	72.12	36.70	42.62	57.62	67.24	82.09	89.97	113.98
2779200.00	27.50	72.12	36.70	42.62	57.62	67.24	82.09	89.97	113.98
2782800.00	16.63	72.12	36.70	42.62	57.62	67.24	82.09	89.97	113.98
2786400.00	-0.40	72.12	36.70	42.62	57.62	67.24	82.09	89.97	113.98
2790000.00	-13.14	72.12	36.70	42.62	57.62	67.24	82.09	89.97	113.98
2793600.00	20.61	72.12	36.70	42.62	57.62	67.24	82.09	89.97	113.98
2797200.00	95.04	72.12	36.70	42.62	57.62	67.24	82.09	89.97	113.98
2800800.00	88.04	72.12	36.70	42.62	57.62	67.24	82.09	89.97	113.98
2804400.00	92.18	72.12	36.70	42.62	57.62	67.24	82.09	89.97	113.98
2808000.00	56.21	72.12	36.70	42.62	57.62	67.24	82.09	89.97	113.98
2811600.00	33.00	72.12	36.70	42.62	57.62	67.24	82.09	89.97	113.98
2815200.00	43.14	72.12	36.70	42.62	57.62	67.24	82.09	89.97	113.98
2818800.00	89.73	72.12	36.70	42.62	57.62	67.24	82.09	89.97	113.98
2822400.00	134.21	72.12	36.70	42.62	57.62	67.24	82.09	89.97	113.98
2826000.00	192.43	72.12	36.70	42.62	57.62	67.24	82.09	89.97	113.98
2829600.00	186.09	72.12	36.70	42.62	57.62	67.24	82.09	89.97	113.98
2833200.00	126.25	72.12	36.70	42.62	57.62	67.24	82.09	89.97	113.98
2836800.00	98.97	72.12	36.70	42.62	57.62	67.24	82.09	89.97	113.98
2840400.00	69.96	72.12	36.70	42.62	57.62	67.24	82.09	89.97	113.98
2844000.00	82.30	72.12	36.70	42.62	57.62	67.24	82.09	89.97	113.98
2847600.00	63.27	72.12	36.70	42.62	57.62	67.24	82.09	89.97	113.98
2851200.00	76.74	223.88	88.93	92.45	95.99	103.34	110.90	143.53	236.68
2854800.00	73.77	223.88	88.93	92.45	95.99	103.34	110.90	143.53	236.68
2858400.00	85.83	223.88	88.93	92.45	95.99	103.34	110.90	143.53	236.68
2862000.00	92.73	223.88	88.93	92.45	95.99	103.34	110.90	143.53	236.68
2865600.00	98.15	223.88	88.93	92.45	95.99	103.34	110.90	143.53	236.68
2869200.00	93.47	223.88	88.93	92.45	95.99	103.34	110.90	143.53	236.68
2872800.00	105.51	223.88	88.93	92.45	95.99	103.34	110.90	143.53	236.68
2876400.00	89.91	223.88	88.93	92.45	95.99	103.34	110.90	143.53	236.68
2880000.00	121.31	223.88	88.93	92.45	95.99	103.34	110.90	143.53	236.68
2883600.00	44.32	223.88	88.93	92.45	95.99	103.34	110.90	143.53	236.68
2887200.00	81.03	223.88	88.93	92.45	95.99	103.34	110.90	143.53	236.68
2890800.00	111.03	223.88	88.93	92.45	95.99	103.34	110.90	143.53	236.68
2894400.00	86.00	223.88	88.93	92.45	95.99	103.34	110.90	143.53	236.68
2898000.00	101.18	223.88	88.93	92.45	95.99	103.34	110.90	143.53	236.68
2901600.00	155.26	223.88	88.93	92.45	95.99	103.34	110.90	143.53	236.68
2905200.00	249.02	223.88	88.93	92.45	95.99	103.34	110.90	143.53	236.68
2908800.00	270.46	223.88	88.93	92.45	95.99	103.34	110.90	143.53	236.68
2912400.00	221.60	223.88	88.93	92.45	95.99	103.34	110.90	143.53	236.68
2916000.00	282.39	223.88	88.93	92.45	95.99	103.34	110.90	143.53	236.68
2919600.00	2416.61	223.88	88.93	92.45	95.99	103.34	110.90	143.53	236.68
2923200.00	168.70	223.88	88.93	92.45	95.99	103.34	110.90	143.53	236.68
2926800.00	142.23	223.88	88.93	92.45	95.99	103.34	110.90	143.53	236.68
2930400.00	110.39	223.88	88.93	92.45	95.99	103.34	110.90	143.53	236.68
2934000.00	95.44	223.88	88.93	92.45	95.99	103.34	110.90	143.53	236.68
2937600.00	79.67	50.03	0.47	30.41	52.06	54.58	60.25	80.28	94.26
2941200.00	55.45	50.03	0.47	30.41	52.06	54.58	60.25	80.28	94.26
2944800.00	51.68	50.03	0.47	30.41	52.06	54.58	60.25	80.28	94.26
2948400.00	50.91	50.03	0.47	30.41	52.06	54.58	60.25	80.28	94.26
2952000.00	53.57	50.03	0.47	30.41	52.06	54.58	60.25	80.28	94.26
2955600.00	90.28	50.03	0.47	30.41	52.06	54.58	60.25	80.28	94.26
2959200.00	124.83	50.03	0.47	30.41	52.06	54.58	60.25	80.28	94.26
2962800.00	123.66	50.03	0.47	30.41	52.06	54.58	60.25	80.28	94.26
2966400.00	145.24	50.03	0.47	30.41	52.06	54.58	60.25	80.28	94.26
2970000.00	59.22	50.03	0.47	30.41	52.06	54.58	60.25	80.28	94.26
2973600.00	33.72	50.03	0.47	30.41	52.06	54.58	60.25	80.28	94.26
2977200.00	-32.76	50.03	0.47	30.41	52.06	54.58	60.25	80.28	94.26
2980800.00	-12.53	50.03	0.47	30.41	52.06	54.58	60.25	80.28	94.26
2984400.00	-43.36	50.03	0.47	30.41	52.06	54.58	60.25	80.28	94.26
2988000.00	-20.06	50.03	0.47	30.41	52.06	54.58	60.25	80.28	94.26
2991600.00	-19.84	50.03	0.47	30.41	52.06	54.58	60.25	80.28	94.26
2995200.00	0.10	50.03	0.47	30.41	52.06	54.58	60.25	80.28	94.26
2998800.00	0.60	50.03	0.47	30.41	52.06	54.58	60.25	80.28	94.26
3002400.00	53.71	50.03	0.47	30.41	52.06	54.58	60.25	80.28	94.26
3006000.00	93.70	50.03	0.47	30.41	52.06	54.58	60.25	80.28	94.26
3009600.00	85.78	50.03	0.47	30.41	52.06	54.58	60.25	80.28	94.26
3013200.00	94.73	50.03	0.47	30.41	52.06	54.58	60.25	80.28	94.26
3016800.00	71.87	50.03	0.47	30.41	52.06	54.58	60.25	80.28	94.26
3020400.00	60.51	50.03	0.47	30.41	52.06	54.58	60.25	80.28	94.26
3024000.00	43.96	25.18	-20.94	-18.90	-5.54	25.66	31.13	57.01	88.72
3027600.00	27.18	25.18	-20.94	-18.90	-5.54	25.66	31.13	57.01	88.72
3031200.00	24.47	25.18	-20.94	-18.90	-5.54	25.66	31.13	57.01	88.72
3034800.00	26.86	25.18	-20.94	-18.90	-5.54	25.66	31.13	57.01	88.72
3038400.00	32.11	25.18	-20.94	-18.90	-5.54	25.66	31.13	57.01	88.72
3042000.00	89.87	25.18	-20.94	-18.90	-5.54	25.66	31.13	57.01	88.72
3045600.00	54.07	25.18	-20.94	-18.90	-5.54	25.66	31.13	57.01	88.72
3049200.00	-6.97	25.18	-20.94	-18.90	-5.54	25.66	31.13	57.01	88.72
3052800.00	-20.97	25.18	-20.94	-18.90	-5.54	25.66	31.13	57.01	88.72
3056400.00	-31.11	25.18	-20.94	-18.90	-5.54	25.66	31.13	57.01	88.72
3060000.00	-38.80	25.18	-20.94	-18.90	-5.54	25.66	31.13	57.01	88.72
3063600.00	-29.12	25.18	-20.94	-18.90	-5.54	25.66	31.13	57.01	88.72
3067200.00	-30.17	25.18	-20.94	-18.90	-5.54	25.66	31.13	57.01	88.72
3070800.00	-36.32	25.18	-20.94	-18.90	-5.54	25.66	31.13	57.01	88.72
3074400.00	-20.93	25.18	-20.94	-18.90	-5.54	25.66	31.13	57.01	88.72
3078000.00	-18.68	25.18	-20.94	-18.90	-5.54	25.66	31.13	57.01	88.72
3081600.00	-12.38	25.18	-20.94	-18.90	-5.54	25.66	31.13	57.01	88.72
3085200.00	0.17	25.18	-20.94	-18.90	-5.54	25.66	31.13	57.01	88.72
3088800.00	103.60	25.18	-20.94	-18.90	-5.54	25.66	31.13	57.01	88.72
3092400.00	90.98	25.18	-20.94	-18.90	-5.54	25.66	31.13	57.01	88.72
3096000.00	101.47	25.18	-20.94	-18.90	-5.54	25.66	31.13	57.01	88.72
3099600.00	84.23	25.18	-20.94	-18.90	-5.54	25.66	31.13	57.01	88.72
3103200.00	87.31	25.18	-20.94	-18.90	-5.54	25.66	31.13	57.01	88.72
3106800.00	83.48	25.18	-20.94	-18.90	-5.54	25.66	31.13	57.01	88.72
3110400.00	76.37	73.35	5.73	52.78	76.84	89.43	93.34	106.21	124.28
3114000.00	73.07	73.35	5.73	52.78	76.84	89.43	93.34	106.21	124.28
3117600.00	78.71	73.35	5.73	52.78	76.84	89.43	93.34	106.21	124.28
3121200.00	92.80	73.35	5.73	52.78	76.84	89.43	93.34	106.21	124.28
3124800.00	97.65	73.35	5.73	52.78	76.84	89.43	93.34	106.21	124.28
3128400.00	123.15	73.35	5.73	52.78	76.84	89.43	93.34	106.21	124.28
3132000.00	125.20	73.35	5.73	52.78	76.84	89.43	93.34	106.21	124.28
3135600.00	57.67	73.35	5.73	52.78	76.84	89.43	93.34	106.21	124.28
3139200.00	8.72	73.35	5.73	52.78	76.84	89.43	93.34	106.21	124.28
3142800.00	-13.73	73.35	5.73	52.78	76.84	89.43	93.34	106.21	124.28
3146400.00	-3.26	73.35	5.73	52.78	76.84	89.43	93.34	106.21	124.28
3150000.00	-22.49	73.35	5.73	52.78	76.84	89.43	93.34	106.21	124.28
3153600.00	-25.07	73.35	5.73	52.78	76.84	89.43	93.34	106.21	124.28
3157200.00	-20.27	73.35	5.73	52.78	76.84	89.43	93.34	106.21	124.28
3160800.00	-25.03	73.35	5.73	52.78	76.84	89.43	93.34	106.21	124.28
3164400.00	88.08	73.35	5.73	52.78	76.84	89.43	93.34	106.21	124.28
3168000.00	104.87	73.35	5.73	52.78	76.84	89.43	93.34	106.21	124.28
3171600.00	119.84	73.35	5.73	52.78	76.84	89.43	93.34	106.21	124.28
3175200.00	173.79	73.35	5.73	52.78	76.84	89.43	93.34	106.21	124.28
3178800.00	183.38	73.35	5.73	52.78	76.84	89.43	93.34	106.21	124.28
3182400.00	164.42	73.35	5.73	52.78	76.84	89.43	93.34	106.21	124.28
3186000.00	118.21	73.35	5.73	52.78	76.84	89.43	93.34	106.21	124.28
3189600.00	93.48	73.35	5.73	52.78	76.84	89.43	93.34	106.21	124.28
3193200.00	90.78	73.35	5.73	52.78	76.84	89.43	93.34	106.21	124.28
3196800.00	93.81	51.71	-12.89	6.59	39.16	51.47	61.58	93.81	120.53
3200400.00	108.67	51.71	-12.89	6.59	39.16	51.47	61.58	93.81	120.53
3204000.00	118.70	51.71	-12.89	6.59	39.16	51.47	61.58	93.81	120.53
3207600.00	122.04	51.71	-12.89	6.59	39.16	51.47	61.58	93.81	120.53
3211200.00	122.03	51.71	-12.89	6.59	39.16	51.47	61.58	93.81	120.53
3214800.00	161.75	51.71	-12.89	6.59	39.16	51.47	61.58	93.81	120.53
3218400.00	135.68	51.71	-12.89	6.59	39.16	51.47	61.58	93.81	120.53
3222000.00	72.59	51.71	-12.89	6.59	39.16	51.47	61.58	93.81	120.53
3225600.00	93.83	51.71	-12.89	6.59	39.16	51.47	61.58	93.81	120.53
3229200.00	30.68	51.71	-12.89	6.59	39.16	51.47	61.58	93.81	120.53
3232800.00	8.74	51.71	-12.89	6.59	39.16	51.47	61.58	93.81	120.53
3236400.00	-12.69	51.71	-12.89	6.59	39.16	51.47	61.58	93.81	120.53
3240000.00	-18.85	51.71	-12.89	6.59	39.16	51.47	61.58	93.81	120.53
3243600.00	-30.29	51.71	-12.89	6.59	39.16	51.47	61.58	93.81	120.53
3247200.00	-20.58	51.71	-12.89	6.59	39.16	51.47	61.58	93.81	120.53
3250800.00	-15.16	51.71	-12.89	6.59	39.16	51.47	61.58	93.81	120.53
3254400.00	-13.49	51.71	-12.89	6.59	39.16	51.47	61.58	93.81	120.53
3258000.00	-23.79	51.71	-12.89	6.59	39.16	51.47	61.58	93.81	120.53
3261600.00	36.61	51.71	-12.89	6.59	39.16	51.47	61.58	93.81	120.53
3265200.00	63.14	51.71	-12.89	6.59	39.16	51.47	61.58	93.81	120.53
3268800.00	49.35	51.71	-12.89	6.59	39.16	51.47	61.58	93.81	120.53
3272400.00	50.82	51.71	-12.89	6.59	39.16	51.47	61.58	93.81	120.53
3276000.00	52.11	51.71	-12.89	6.59	39.16	51.47	61.58	93.81	120.53
3279600.00	55.30	51.71	-12.89	6.59	39.16	51.47	61.58	93.81	120.53
3283200.00	22.08	-16.17	-36.13	-31.76	-18.59	2.75	6.92	13.62	27.45
3286800.00	24.27	-16.17	-36.13	-31.76	-18.59	2.75	6.92	13.62	27.45
3290400.00	30.81	-16.17	-36.13	-31.76	-18.59	2.75	6.92	13.62	27.45
3294000.00	30.65	-16.17	-36.13	-31.76	-18.59	2.75	6.92	13.62	27.45
3297600.00	30.06	-16.17	-36.13	-31.76	-18.59	2.75	6.92	13.62	27.45
3301200.00	21.20	-16.17	-36.13	-31.76	-18.59	2.75	6.92	13.62	27.45
3304800.00	7.07	-16.17	-36.13	-31.76	-18.59	2.75	6.92	13.62	27.45
3308400.00	-17.04	-16.17	-36.13	-31.76	-18.59	2.75	6.92	13.62	27.45
3312000.00	-37.92	-16.17	-36.13	-31.76	-18.59	2.75	6.92	13.62	27.45
3315600.00	-31.34	-16.17	-36.13	-31.76	-18.59	2.75	6.92	13.62	27.45
3319200.00	-55.86	-16.17	-36.13	-31.76	-18.59	2.75	6.92	13.62	27.45
3322800.00	-76.19	-16.17	-36.13	-31.76	-18.59	2.75	6.92	13.62	27.45
3326400.00	-101.05	-16.17	-36.13	-31.76	-18.59	2.75	6.92	13.62	27.45
3330000.00	-124.13	-16.17	-36.13	-31.76	-18.59	2.75	6.92	13.62	27.45
3333600.00	-107.42	-16.17	-36.13	-31.76	-18.59	2.75	6.92	13.62	27.45
3337200.00	-18.98	-16.17	-36.13	-31.76	-18.59	2.75	6.92	13.62	27.45
3340800.00	-25.31	-16.17	-36.13	-31.76	-18.59	2.75	6.92	13.62	27.45
3344400.00	-35.53	-16.17	-36.13	-31.76	-18.59	2.75	6.92	13.62	27.45
3348000.00	1.20	-16.17	-36.13	-31.76	-18.59	2.75	6.92	13.62	27.45
3351600.00	39.84	-16.17	-36.13	-31.76	-18.59	2.75	6.92	13.62	27.45
3355200.00	12.78	-16.17	-36.13	-31.76	-18.59	2.75	6.92	13.62	27.45
3358800.00	4.30	-16.17	-36.13	-31.76	-18.59	2.75	6.92	13.62	27.45
3362400.00	6.33	-16.17	-36.13	-31.76	-18.59	2.75	6.92	13.62	27.45
3366000.00	12.19	-16.17	-36.13	-31.76	-18.59	2.75	6.92	13.62	27.45
3369600.00	-3.36	-14.16	-22.59	-20.85	-20.02	-13.50	-12.68	-9.10	-4.18
3373200.00	-8.55	-14.16	-22.59	-20.85	-20.02	-13.50	-12.68	-9.10	-4.18
3376800.00	-11.08	-14.16	-22.59	-20.85	-20.02	-13.50	-12.68	-9.10	-4.18
3380400.00	-12.96	-14.16	-22.59	-20.85	-20.02	-13.50	-12.68	-9.10	-4.18
3384000.00	-13.89	-14.16	-22.59	-20.85	-20.02	-13.50	-12.68	-9.10	-4.18
3387600.00	-7.12	-14.16	-22.59	-20.85	-20.02	-13.50	-12.68	-9.10	-4.18
3391200.00	-5.18	-14.16	-22.59	-20.85	-20.02	-13.50	-12.68	-9.10	-4.18
3394800.00	-18.59	-14.16	-22.59	-20.85	-20.02	-13.50	-12.68	-9.10	-4.18
3398400.00	-20.59	-14.16	-22.59	-20.85	-20.02	-13.50	-12.68	-9.10	-4.18
3402000.00	-20.67	-14.16	-22.59	-20.85	-20.02	-13.50	-12.68	-9.10	-4.18
3405600.00	-23.39	-14.16	-22.59	-20.85	-20.02	-13.50	-12.68	-9.10	-4.18
3409200.00	-27.27	-14.16	-22.59	-20.85	-20.02	-13.50	-12.68	-9.10	-4.18
3412800.00	-25.54	-14.16	-22.59	-20.85	-20.02	-13.50	-12.68	-9.10	-4.18
3416400.00	-22.95	-14.16	-22.59	-20.85	-20.02	-13.50	-12.68	-9.10	-4.18
3420000.00	-23.30	-14.16	-22.59	-20.85	-20.02	-13.50	-12.68	-9.10	-4.18
3423600.00	-22.46	-14.16	-22.59	-20.85	-20.02	-13.50	-12.68	-9.10	-4.18
3427200.00	-24.65	-14.16	-22.59	-20.85	-20.02	-13.50	-12.68	-9.10	-4.18
3430800.00	-20.37	-14.16	-22.59	-20.85	-20.02	-13.50	-12.68	-9.10	-4.18
3434400.00	-12.61	-14.16	-22.59	-20.85	-20.02	-13.50	-12.68	-9.10	-4.18
3438000.00	3.11	-14.16	-22.59	-20.85	-20.02	-13.50	-12.68	-9.10	-4.18
3441600.00	5.42	-14.16	-22.59	-20.85	-20.02	-13.50	-12.68	-9.10	-4.18
3445200.00	-1.55	-14.16	-22.59	-20.85	-20.02	-13.50	-12.68	-9.10	-4.18
3448800.00	-13.11	-14.16	-22.59	-20.85	-20.02	-13.50	-12.68	-9.10	-4.18
3452400.00	-9.17	-14.16	-22.59	-20.85	-20.02	-13.50	-12.68	-9.10	-4.18
3456000.00	-10.54	17.28	-17.53	-17.15	-10.24	-3.52	15.83	51.77	67.58
3459600.00	-9.02	17.28	-17.53	-17.15	-10.24	-3.52	15.83	51.77	67.58
3463200.00	-12.94	17.28	-17.53	-17.15	-10.24	-3.52	15.83	51.77	67.58
3466800.00	1.30	17.28	-17.53	-17.15	-10.24	-3.52	15.83	51.77	67.58
3470400.00	7.26	17.28	-17.53	-17.15	-10.24	-3.52	15.83	51.77	67.58
3474000.00	17.97	17.28	-17.53	-17.15	-10.24	-3.52	15.83	51.77	67.58
3477600.00	25.21	17.28	-17.53	-17.15	-10.24	-3.52	15.83	51.77	67.58
3481200.00	-8.34	17.28	-17.53	-17.15	-10.24	-3.52	15.83	51.77	67.58
3484800.00	-17.14	17.28	-17.53	-17.15	-10.24	-3.52	15.83	51.77	67.58
3488400.00	-23.12	17.28	-17.53	-17.15	-10.24	-3.52	15.83	51.77	67.58
3492000.00	-22.18	17.28	-17.53	-17.15	-10.24	-3.52	15.83	51.77	67.58
3495600.00	-18.35	17.28	-17.53	-17.15	-10.24	-3.52	15.83	51.77	67.58
3499200.00	-48.35	17.28	-17.53	-17.15	-10.24	-3.52	15.83	51.77	67.58
3502800.00	-28.39	17.28	-17.53	-17.15	-10.24	-3.52	15.83	51.77	67.58
3506400.00	-22.47	17.28	-17.53	-17.15	-10.24	-3.52	15.83	51.77	67.58
3510000.00	-17.25	17.28	-17.53	-17.15	-10.24	-3.52	15.83	51.77	67.58
3513600.00	53.53	17.28	-17.53	-17.15	-10.24	-3.52	15.83	51.77	67.58
3517200.00	51.80	17.28	-17.53	-17.15	-10.24	-3.52	15.83	51.77	67.58
3520800.00	93.44	17.28	-17.53	-17.15	-10.24	-3.52	15.83	51.77	67.58
3524400.00	128.45	17.28	-17.53	-17.15	-10.24	-3.52	15.83	51.77	67.58
3528000.00	88.68	17.28	-17.53	-17.15	-10.24	-3.52	15.83	51.77	67.58
3531600.00	75.89	17.28	-17.53	-17.15	-10.24	-3.52	15.83	51.77	67.58
3535200.00	57.43	17.28	-17.53	-17.15	-10.24	-3.52	15.83	51.77	67.58
3538800.00	51.77	17.28	-17.53	-17.15	-10.24	-3.52	15.83	51.77	67.58
3542400.00	57.45	92.06	42.38	44.15	51.74	67.33	75.68	85.85	99.54
3546000.00	45.64	92.06	42.38	44.15	51.74	67.33	75.68	85.85	99.54
3549600.00	42.94	92.06	42.38	44.15	51.74	67.33	75.68	85.85	99.54
3553200.00	50.31	92.06	42.38	44.15	51.74	67.33	75.68	85.85	99.54
3556800.00	69.87	92.06	42.38	44.15	51.74	67.33	75.68	85.85	99.54
3560400.00	98.51	92.06	42.38	44.15	51.74	67.33	75.68	85.85	99.54
3564000.00	87.90	92.06	42.38	44.15	51.74	67.33	75.68	85.85	99.54
3567600.00	33.32	92.06	42.38	44.15	51.74	67.33	75.68	85.85	99.54
3571200.00	20.88	92.06	42.38	44.15	51.74	67.33	75.68	85.85	99.54
3574800.00	23.21	92.06	42.38	44.15	51.74	67.33	75.68	85.85	99.54
3578400.00	38.60	92.06	42.38	44.15	51.74	67.33	75.68	85.85	99.54
3582000.00	26.93	92.06	42.38	44.15	51.74	67.33	75.68	85.85	99.54
3585600.00	44.28	92.06	42.38	44.15	51.74	67.33	75.68	85.85	99.54
3589200.00	77.09	92.06	42.38	44.15	51.74	67.33	75.68	85.85	99.54
3592800.00	85.62	92.06	42.38	44.15	51.74	67.33	75.68	85.85	99.54
3596400.00	40.72	92.06	42.38	44.15	51.74	67.33	75.68	85.85	99.54
3600000.00	82.23	92.06	42.38	44.15	51.74	67.33	75.68	85.85	99.54
3603600.00	113.99	92.06	42.38	44.15	51.74	67.33	75.68	85.85	99.54
3607200.00	165.75	92.06	42.38	44.15	51.74	67.33	75.68	85.85	99.54
3610800.00	679.04	92.06	42.38	44.15	51.74	67.33	75.68	85.85	99.54
3614400.00	100.39	92.06	42.38	44.15	51.74	67.33	75.68	85.85	99.54
3618000.00	89.91	92.06	42.38	44.15	51.74	67.33	75.68	85.85	99.54
3621600.00	70.04	92.06	42.38	44.15	51.74	67.33	75.68	85.85	99.54
3625200.00	64.78	92.06	42.38	44.15	51.74	67.33	75.68	85.85	99.54
3628800.00	65.03	304.71	70.27	73.81	82.24	90.27	94.90	97.95	146.31
3632400.00	70.40	304.71	70.27	73.81	82.24	90.27	94.90	97.95	146.31
3636000.00	69.88	304.71	70.27	73.81	82.24	90.27	94.90	97.95	146.31
3639600.00	69.00	304.71	70.27	73.81	82.24	90.27	94.90	97.95	146.31
3643200.00	74.19	304.71	70.27	73.81	82.24	90.27	94.90	97.95	146.31
3646800.00	89.07	304.71	70.27	73.81	82.24	90.27	94.90	97.95	146.31
3650400.00	88.18	304.71	70.27	73.81	82.24	90.27	94.90	97.95	146.31
3654000.00	59.43	304.71	70.27	73.81	82.24	90.27	94.90	97.95	146.31
3657600.00	54.81	304.71	70.27	73.81	82.24	90.27	94.90	97.95	146.31
3661200.00	55.98	304.71	70.27	73.81	82.24	90.27	94.90	97.95	146.31
3664800.00	80.76	304.71	70.27	73.81	82.24	90.27	94.90	97.95	146.31
3668400.00	91.46	304.71	70.27	73.81	82.24	90.27	94.90	97.95	146.31
3672000.00	100.84	304.71	70.27	73.81	82.24	90.27	94.90	97.95	146.31
3675600.00	97.63	304.71	70.27	73.81	82.24	90.27	94.90	97.95	146.31
3679200.00	92.18	304.71	70.27	73.81	82.24	90.27	94.90	97.95	146.31
3682800.00	108.28	304.71	70.27	73.81	82.24	90.27	94.90	97.95	146.31
3686400.00	129.80	304.71	70.27	73.81	82.24	90.27	94.90	97.95	146.31
3690000.00	182.85	304.71	70.27	73.81	82.24	90.27	94.90	97.95	146.31
3693600.00	3333.72	304.71	70.27	73.81	82.24	90.27	94.90	97.95	146.31
3697200.00	1966.77	304.71	70.27	73.81	82.24	90.27	94.90	97.95	146.31
3700800.00	159.82	304.71	70.27	73.81	82.24	90.27	94.90	97.95	146.31
3704400.00	96.69	304.71	70.27	73.81	82.24	90.27	94.90	97.95	146.31
3708000.00	80.72	304.71	70.27	73.81	82.24	90.27	94.90	97.95	146.31
3711600.00	95.58	304.71	70.27	73.81	82.24	90.27	94.90	97.95	146.31
3715200.00	51.47	8.42	-20.28	-19.63	-15.89	1.96	5.08	23.15	62.98
3718800.00	17.92	8.42	-20.28	-19.63	-15.89	1.96	5.08	23.15	62.98
3722400.00	1.17	8.42	-20.28	-19.63	-15.89	1.96	5.08	23.15	62.98
3726000.00	3.38	8.42	-20.28	-19.63	-15.89	1.96	5.08	23.15	62.98
3729600.00	5.50	8.42	-20.28	-19.63	-15.89	1.96	5.08	23.15	62.98
3733200.00	29.18	8.42	-20.28	-19.63	-15.89	1.96	5.08	23.15	62.98
3736800.00	92.28	8.42	-20.28	-19.63	-15.89	1.96	5.08	23.15	62.98
3740400.00	2.74	8.42	-20.28	-19.63	-15.89	1.96	5.08	23.15	62.98
3744000.00	-8.58	8.42	-20.28	-19.63	-15.89	1.96	5.08	23.15	62.98
3747600.00	-17.71	8.42	-20.28	-19.63	-15.89	1.96	5.08	23.15	62.98
3751200.00	-23.63	8.42	-20.28	-19.63	-15.89	1.96	5.08	23.15	62.98
3754800.00	-19.62	8.42	-20.28	-19.63	-15.89	1.96	5.08	23.15	62.98
3758400.00	-19.77	8.42	-20.28	-19.63	-15.89	1.96	5.08	23.15	62.98
3762000.00	-18.27	8.42	-20.28	-19.63	-15.89	1.96	5.08	23.15	62.98
3765600.00	-75.29	8.42	-20.28	-19.63	-15.89	1.96	5.08	23.15	62.98
3769200.00	-26.47	8.42	-20.28	-19.63	-15.89	1.96	5.08	23.15	62.98
3772800.00	-22.20	8.42	-20.28	-19.63	-15.89	1.96	5.08	23.15	62.98
3776400.00	-49.84	8.42	-20.28	-19.63	-15.89	1.96	5.08	23.15	62.98
3780000.00	-21.80	8.42	-20.28	-19.63	-15.89	1.96	5.08	23.15	62.98
3783600.00	22.48	8.42	-20.28	-19.63	-15.89	1.96	5.08	23.15	62.98
3787200.00	51.39	8.42	-20.28	-19.63	-15.89	1.96	5.08	23.15	62.98
3790800.00	72.39	8.42	-20.28	-19.63	-15.89	1.96	5.08	23.15	62.98
3794400.00	76.18	8.42	-20.28	-19.63	-15.89	1.96	5.08	23.15	62.98
3798000.00	79.10	8.42	-20.28	-19.63	-15.89	1.96	5.08	23.15	62.98
3801600.00	63.68	13.33	-34.37	-29.12	-17.60	29.41	61.50	63.77	72.01
3805200.00	64.45	13.33	-34.37	-29.12	-17.60	29.41	61.50	63.77	72.01
3808800.00	62.25	13.33	-34.37	-29.12	-17.60	29.41	61.50	63.77	72.01
3812400.00	65.30	13.33	-34.37	-29.12	-17.60	29.41	61.50	63.77	72.01
3816000.00	76.29	13.33	-34.37	-29.12	-17.60	29.41	61.50	63.77	72.01
3819600.00	102.64	13.33	-34.37	-29.12	-17.60	29.41	61.50	63.77	72.01
3823200.00	115.49	13.33	-34.37	-29.12	-17.60	29.41	61.50	63.77	72.01
3826800.00	149.81	13.33	-34.37	-29.12	-17.60	29.41	61.50	63.77	72.01
3830400.00	0.21	13.33	-34.37	-29.12	-17.60	29.41	61.50	63.77	72.01
3834000.00	-34.30	13.33	-34.37	-29.12	-17.60	29.41	61.50	63.77	72.01
3837600.00	-28.55	13.33	-34.37	-29.12	-17.60	29.41	61.50	63.77	72.01
3841200.00	-22.05	13.33	-34.37	-29.12	-17.60	29.41	61.50	63.77	72.01
3844800.00	-72.10	13.33	-34.37	-29.12	-17.60	29.41	61.50	63.77	72.01
3848400.00	-109.00	13.33	-34.37	-29.12	-17.60	29.41	61.50	63.77	72.01
3852000.00	-93.27	13.33	-34.37	-29.12	-17.60	29.41	61.50	63.77	72.01
3855600.00	-91.81	13.33	-34.37	-29.12	-17.60	29.41	61.50	63.77	72.01
3859200.00	-119.31	13.33	-34.37	-29.12	-17.60	29.41	61.50	63.77	72.01
3862800.00	-34.57	13.33	-34.37	-29.12	-17.60	29.41	61.50	63.77	72.01
3866400.00	-23.08	13.33	-34.37	-29.12	-17.60	29.41	61.50	63.77	72.01
3870000.00	13.59	13.33	-34.37	-29.12	-17.60	29.41	61.50	63.77	72.01
3873600.00	45.24	13.33	-34.37	-29.12	-17.60	29.41	61.50	63.77	72.01
3877200.00	58.51	13.33	-34.37	-29.12	-17.60	29.41	61.50	63.77	72.01
3880800.00	63.70	13.33	-34.37	-29.12	-17.60	29.41	61.50	63.77	72.01
3884400.00	66.77	13.33	-34.37	-29.12	-17.60	29.41	61.50	63.77	72.01
3888000.00	64.69	-5.27	-35.85	-32.34	-24.13	-0.98	4.62	12.38	28.01
3891600.00	28.64	-5.27	-35.85	-32.34	-24.13	-0.98	4.62	12.38	28.01
3895200.00	4.91	-5.27	-35.85	-32.34	-24.13	-0.98	4.62	12.38	28.01
3898800.00	3.89	-5.27	-35.85	-32.34	-24.13	-0.98	4.62	12.38	28.01
3902400.00	4.81	-5.27	-35.85	-32.34	-24.13	-0.98	4.62	12.38	28.01
3906000.00	27.24	-5.27	-35.85	-32.34	-24.13	-0.98	4.62	12.38	28.01
3909600.00	39.63	-5.27	-35.85	-32.34	-24.13	-0.98	4.62	12.38	28.01
3913200.00	-2.75	-5.27	-35.85	-32.34	-24.13	-0.98	4.62	12.38	28.01
3916800.00	-32.00	-5.27	-35.85	-32.34	-24.13	-0.98	4.62	12.38	28.01
3920400.00	-37.34	-5.27	-35.85	-32.34	-24.13	-0.98	4.62	12.38	28.01
3924000.00	-35.35	-5.27	-35.85	-32.34	-24.13	-0.98	4.62	12.38	28.01
3927600.00	-39.69	-5.27	-35.85	-32.34	-24.13	-0.98	4.62	12.38	28.01
3931200.00	-41.77	-5.27	-35.85	-32.34	-24.13	-0.98	4.62	12.38	28.01
3934800.00	-39.37	-5.27	-35.85	-32.34	-24.13	-0.98	4.62	12.38	28.01
3938400.00	-48.81	-5.27	-35.85	-32.34	-24.13	-0.98	4.62	12.38	28.01
3942000.00	-40.72	-5.27	-35.85	-32.34	-24.13	-0.98	4.62	12.38	28.01
3945600.00	-28.58	-5.27	-35.85	-32.34	-24.13	-0.98	4.62	12.38	28.01
3949200.00	-26.40	-5.27	-35.85	-32.34	-24.13	-0.98	4.62	12.38	28.01
3952800.00	-15.03	-5.27	-35.85	-32.34	-24.13	-0.98	4.62	12.38	28.01
3956400.00	0.79	-5.27	-35.85	-32.34	-24.13	-0.98	4.62	12.38	28.01
3960000.00	20.06	-5.27	-35.85	-32.34	-24.13	-0.98	4.62	12.38	28.01
3963600.00	20.62	-5.27	-35.85	-32.34	-24.13	-0.98	4.62	12.38	28.01
3967200.00	11.53	-5.27	-35.85	-32.34	-24.13	-0.98	4.62	12.38	28.01
3970800.00	34.41	-5.27	-35.85	-32.34	-24.13	-0.98	4.62	12.38	28.01
3974400.00	18.59	11.41	-24.56	-23.55	-15.88	17.30	22.65	46.27	76.47
3978000.00	24.27	11.41	-24.56	-23.55	-15.88	17.30	22.65	46.27	76.47
3981600.00	20.23	11.41	-24.56	-23.55	-15.88	17.30	22.65	46.27	76.47
3985200.00	23.25	11.41	-24.56	-23.55	-15.88	17.30	22.65	46.27	76.47
3988800.00	45.65	11.41	-24.56	-23.55	-15.88	17.30	22.65	46.27	76.47
3992400.00	51.84	11.41	-24.56	-23.55	-15.88	17.30	22.65	46.27	76.47
3996000.00	16.02	11.41	-24.56	-23.55	-15.88	17.30	22.65	46.27	76.47
3999600.00	-19.21	11.41	-24.56	-23.55	-15.88	17.30	22.65	46.27	76.47
4003200.00	-65.99	11.41	-24.56	-23.55	-15.88	17.30	22.65	46.27	76.47
4006800.00	-86.29	11.41	-24.56	-23.55	-15.88	17.30	22.65	46.27	76.47
4010400.00	-66.21	11.41	-24.56	-23.55	-15.88	17.30	22.65	46.27	76.47
4014000.00	-61.22	11.41	-24.56	-23.55	-15.88	17.30	22.65	46.27	76.47
4017600.00	-26.77	11.41	-24.56	-23.55	-15.88	17.30	22.65	46.27	76.47
4021200.00	-23.00	11.41	-24.56	-23.55	-15.88	17.30	22.65	46.27	76.47
4024800.00	-24.26	11.41	-24.56	-23.55	-15.88	17.30	22.65	46.27	76.47
4028400.00	-25.45	11.41	-24.56	-23.55	-15.88	17.30	22.65	46.27	76.47
4032000.00	-23.47	11.41	-24.56	-23.55	-15.88	17.30	22.65	46.27	76.47
4035600.00	-2.58	11.41	-24.56	-23.55	-15.88	17.30	22.65	46.27	76.47
4039200.00	77.11	11.41	-24.56	-23.55	-15.88	17.30	22.65	46.27	76.47
4042800.00	98.76	11.41	-24.56	-23.55	-15.88	17.30	22.65	46.27	76.47
4046400.00	87.93	11.41	-24.56	-23.55	-15.88	17.30	22.65	46.27	76.47
4050000.00	86.22	11.41	-24.56	-23.55	-15.88	17.30	22.65	46.27	76.47
4053600.00	75.69	11.41	-24.56	-23.55	-15.88	17.30	22.65	46.27	76.47
4057200.00	72.69	11.41	-24.56	-23.55	-15.88	17.30	22.65	46.27	76.47
4060800.00	67.18	43.18	-16.65	-14.44	33.18	61.31	66.25	85.55	95.19
4064400.00	62.42	43.18	-16.65	-14.44	33.18	61.31	66.25	85.55	95.19
4068000.00	54.07	43.18	-16.65	-14.44	33.18	61.31	66.25	85.55	95.19
4071600.00	60.21	43.18	-16.65	-14.44	33.18	61.31	66.25	85.55	95.19
4075200.00	68.36	43.18	-16.65	-14.44	33.18	61.31	66.25	85.55	95.19
4078800.00	90.91	43.18	-16.65	-14.44	33.18	61.31	66.25	85.55	95.19
4082400.00	119.54	43.18	-16.65	-14.44	33.18	61.31	66.25	85.55	95.19
4086000.00	27.96	43.18	-16.65	-14.44	33.18	61.31	66.25	85.55	95.19
4089600.00	-14.22	43.18	-16.65	-14.44	33.18	61.31	66.25	85.55	95.19
4093200.00	-28.54	43.18	-16.65	-14.44	33.18	61.31	66.25	85.55	95.19
4096800.00	-21.15	43.18	-16.65	-14.44	33.18	61.31	66.25	85.55	95.19
4100400.00	-17.96	43.18	-16.65	-14.44	33.18	61.31	66.25	85.55	95.19
4104000.00	-16.47	43.18	-16.65	-14.44	33.18	61.31	66.25	85.55	95.19
4107600.00	-17.19	43.18	-16.65	-14.44	33.18	61.31	66.25	85.55	95.19
4111200.00	-21.67	43.18	-16.65	-14.44	33.18	61.31	66.25	85.55	95.19
4114800.00	-18.18	43.18	-16.65	-14.44	33.18	61.31	66.25	85.55	95.19
4118400.00	-1.38	43.18	-16.65	-14.44	33.18	61.31	66.25	85.55	95.19
4122000.00	62.55	43.18	-16.65	-14.44	33.18	61.31	66.25	85.55	95.19
4125600.00	111.81	43.18	-16.65	-14.44	33.18	61.31	66.25	85.55	95.19
4129200.00	103.63	43.18	-16.65	-14.44	33.18	61.31	66.25	85.55	95.19
4132800.00	98.62	43.18	-16.65	-14.44	33.18	61.31	66.25	85.55	95.19
4136400.00	90.99	43.18	-16.65	-14.44	33.18	61.31	66.25	85.55	95.19
4140000.00	89.84	43.18	-16.65	-14.44	33.18	61.31	66.25	85.55	95.19
4143600.00	85.07	43.18	-16.65	-14.44	33.18	61.31	66.25	85.55	95.19
4147200.00	88.87	24.43	-19.90	-18.04	1.00	59.13	60.78	69.29	91.24
4150800.00	102.32	24.43	-19.90	-18.04	1.00	59.13	60.78	69.29	91.24
4154400.00	84.77	24.43	-19.90	-18.04	1.00	59.13	60.78	69.29	91.24
4158000.00	88.35	24.43	-19.90	-18.04	1.00	59.13	60.78	69.29	91.24
4161600.00	93.19	24.43	-19.90	-18.04	1.00	59.13	60.78	69.29	91.24
4165200.00	104.91	24.43	-19.90	-18.04	1.00	59.13	60.78	69.29	91.24
4168800.00	102.73	24.43	-19.90	-18.04	1.00	59.13	60.78	69.29	91.24
4172400.00	58.72	24.43	-19.90	-18.04	1.00	59.13	60.78	69.29	91.24
4176000.00	11.61	24.43	-19.90	-18.04	1.00	59.13	60.78	69.29	91.24
4179600.00	-21.53	24.43	-19.90	-18.04	1.00	59.13	60.78	69.29	91.24
4183200.00	-17.90	24.43	-19.90	-18.04	1.00	59.13	60.78	69.29	91.24
4186800.00	-19.35	24.43	-19.90	-18.04	1.00	59.13	60.78	69.29	91.24
4190400.00	-16.55	24.43	-19.90	-18.04	1.00	59.13	60.78	69.29	91.24
4194000.00	-43.50	24.43	-19.90	-18.04	1.00	59.13	60.78	69.29	91.24
4197600.00	-139.32	24.43	-19.90	-18.04	1.00	59.13	60.78	69.29	91.24
4201200.00	-41.73	24.43	-19.90	-18.04	1.00	59.13	60.78	69.29	91.24
4204800.00	-117.04	24.43	-19.90	-18.04	1.00	59.13	60.78	69.29	91.24
4208400.00	-41.68	24.43	-19.90	-18.04	1.00	59.13	60.78	69.29	91.24
4212000.00	-1.66	24.43	-19.90	-18.04	1.00	59.13	60.78	69.29	91.24
4215600.00	67.57	24.43	-19.90	-18.04	1.00	59.13	60.78	69.29	91.24
4219200.00	63.01	24.43	-19.90	-18.04	1.00	59.13	60.78	69.29	91.24
4222800.00	60.93	24.43	-19.90	-18.04	1.00	59.13	60.78	69.29	91.24
4226400.00	59.54	24.43	-19.90	-18.04	1.00	59.13	60.78	69.29	91.24
4230000.00	60.16	24.43	-19.90	-18.04	1.00	59.13	60.78	69.29	91.24
4233600.00	56.87	-15.82	-70.40	-63.95	-29.15	1.79	15.18	45.06	49.68
4237200.00	49.82	-15.82	-70.40	-63.95	-29.15	1.79	15.18	45.06	49.68
4240800.00	17.09	-15.82	-70.40	-63.95	-29.15	1.79	15.18	45.06	49.68
4244400.00	1.86	-15.82	-70.40	-63.95	-29.15	1.79	15.18	45.06	49.68
4248000.00	7.54	-15.82	-70.40	-63.95	-29.15	1.79	15.18	45.06	49.68
4251600.00	49.51	-15.82	-70.40	-63.95	-29.15	1.79	15.18	45.06	49.68
4255200.00	60.19	-15.82	-70.40	-63.95	-29.15	1.79	15.18	45.06	49.68
4258800.00	-4.92	-15.82	-70.40	-63.95	-29.15	1.79	15.18	45.06	49.68
4262400.00	-84.55	-15.82	-70.40	-63.95	-29.15	1.79	15.18	45.06	49.68
4266000.00	-63.75	-15.82	-70.40	-63.95	-29.15	1.79	15.18	45.06	49.68
4269600.00	-40.95	-15.82	-70.40	-63.95	-29.15	1.79	15.18	45.06	49.68
4273200.00	-109.53	-15.82	-70.40	-63.95	-29.15	1.79	15.18	45.06	49.68
4276800.00	-65.68	-15.82	-70.40	-63.95	-29.15	1.79	15.18	45.06	49.68
4280400.00	-103.30	-15.82	-70.40	-63.95	-29.15	1.79	15.18	45.06	49.68
4284000.00	-136.70	-15.82	-70.40	-63.95	-29.15	1.79	15.18	45.06	49.68
4287600.00	-122.59	-15.82	-70.40	-63.95	-29.15	1.79	15.18	45.06	49.68
4291200.00	-35.20	-15.82	-70.40	-63.95	-29.15	1.79	15.18	45.06	49.68
4294800.00	-89.70	-15.82	-70.40	-63.95	-29.15	1.79	15.18	45.06	49.68
4298400.00	1.71	-15.82	-70.40	-63.95	-29.15	1.79	15.18	45.06	49.68
4302000.00	51.99	-15.82	-70.40	-63.95	-29.15	1.79	15.18	45.06	49.68
4305600.00	46.58	-15.82	-70.40	-63.95	-29.15	1.79	15.18	45.06	49.68
4309200.00	44.89	-15.82	-70.40	-63.95	-29.15	1.79	15.18	45.06	49.68
4312800.00	41.59	-15.82	-70.40	-63.95	-29.15	1.79	15.18	45.06	49.68
4316400.00	47.64	-15.82	-70.40	-63.95	-29.15	1.79	15.18	45.06	49.68
4320000.00	45.11	-4.67	-46.51	-43.60	-30.54	22.44	31.99	42.11	46.14
4323600.00	42.50	-4.67	-46.51	-43.60	-30.54	22.44	31.99	42.11	46.14
4327200.00	42.07	-4.67	-46.51	-43.60	-30.54	22.44	31.99	42.11	46.14
4330800.00	38.08	-4.67	-46.51	-43.60	-30.54	22.44	31.99	42.11	46.14
4334400.00	31.71	-4.67	-46.51	-43.60	-30.54	22.44	31.99	42.11	46.14
4338000.00	44.92	-4.67	-46.51	-43.60	-30.54	22.44	31.99	42.11	46.14
4341600.00	47.20	-4.67	-46.51	-43.60	-30.54	22.44	31.99	42.11	46.14
4345200.00	-2.81	-4.67	-46.51	-43.60	-30.54	22.44	31.99	42.11	46.14
4348800.00	-43.37	-4.67	-46.51	-43.60	-30.54	22.44	31.99	42.11	46.14
4352400.00	-72.50	-4.67	-46.51	-43.60	-30.54	22.44	31.99	42.11	46.14
4356000.00	-49.00	-4.67	-46.51	-43.60	-30.54	22.44	31.99	42.11	46.14
4359600.00	-134.62	-4.67	-46.51	-43.60	-30.54	22.44	31.99	42.11	46.14
4363200.00	-88.84	-4.67	-46.51	-43.60	-30.54	22.44	31.99	42.11	46.14
4366800.00	-64.19	-4.67	-46.51	-43.60	-30.54	22.44	31.99	42.11	46.14
4370400.00	-45.67	-4.67	-46.51	-43.60	-30.54	22.44	31.99	42.11	46.14
4374000.00	-63.54	-4.67	-46.51	-43.60	-30.54	22.44	31.99	42.11	46.14
4377600.00	-38.64	-4.67	-46.51	-43.60	-30.54	22.44	31.99	42.11	46.14
4381200.00	-37.47	-4.67	-46.51	-43.60	-30.54	22.44	31.99	42.11	46.14
4384800.00	58.77	-4.67	-46.51	-43.60	-30.54	22.44	31.99	42.11	46.14
4388400.00	54.29	-4.67	-46.51	-43.60	-30.54	22.44	31.99	42.11	46.14
4392000.00	46.99	-4.67	-46.51	-43.60	-30.54	22.44	31.99	42.11	46.14
4395600.00	27.65	-4.67	-46.51	-43.60	-30.54	22.44	31.99	42.11	46.14
4399200.00	17.24	-4.67	-46.51	-43.60	-30.54	22.44	31.99	42.11	46.14
4402800.00	32.06	-4.67	-46.51	-43.60	-30.54	22.44	31.99	42.11	46.14
4406400.00	33.79	25.35	-21.72	-18.41	8.24	25.63	36.48	48.90	94.26
4410000.00	27.13	25.35	-21.72	-18.41	8.24	25.63	36.48	48.90	94.26
4413600.00	24.14	25.35	-21.72	-18.41	8.24	25.63	36.48	48.90	94.26
4417200.00	7.78	25.35	-21.72	-18.41	8.24	25.63	36.48	48.90	94.26
4420800.00	10.06	25.35	-21.72	-18.41	8.24	25.63	36.48	48.90	94.26
4424400.00	37.16	25.35	-21.72	-18.41	8.24	25.63	36.48	48.90	94.26
4428000.00	39.13	25.35	-21.72	-18.41	8.24	25.63	36.48	48.90	94.26
4431600.00	-14.61	25.35	-21.72	-18.41	8.24	25.63	36.48	48.90	94.26
4435200.00	-58.36	25.35	-21.72	-18.41	8.24	25.63	36.48	48.90	94.26
4438800.00	-29.00	25.35	-21.72	-18.41	8.24	25.63	36.48	48.90	94.26
4442400.00	-19.29	25.35	-21.72	-18.41	8.24	25.63	36.48	48.90	94.26
4446000.00	-67.96	25.35	-21.72	-18.41	8.24	25.63	36.48	48.90	94.26
4449600.00	-29.83	25.35	-21.72	-18.41	8.24	25.63	36.48	48.90	94.26
4453200.00	-33.77	25.35	-21.72	-18.41	8.24	25.63	36.48	48.90	94.26
4456800.00	-58.24	25.35	-21.72	-18.41	8.24	25.63	36.48	48.90	94.26
4460400.00	-18.31	25.35	-21.72	-18.41	8.24	25.63	36.48	48.90	94.26
4464000.00	44.66	25.35	-21.72	-18.41	8.24	25.63	36.48	48.90	94.26
4467600.00	95.96	25.35	-21.72	-18.41	8.24	25.63	36.48	48.90	94.26
4471200.00	122.76	25.35	-21.72	-18.41	8.24	25.63	36.48	48.90	94.26
4474800.00	123.49	25.35	-21.72	-18.41	8.24	25.63	36.48	48.90	94.26
4478400.00	101.30	25.35	-21.72	-18.41	8.24	25.63	36.48	48.90	94.26
4482000.00	92.19	25.35	-21.72	-18.41	8.24	25.63	36.48	48.90	94.26
4485600.00	87.03	25.35	-21.72	-18.41	8.24	25.63	36.48	48.90	94.26
4489200.00	91.28	25.35	-21.72	-18.41	8.24	25.63	36.48	48.90	94.26
4492800.00	87.68	33.10	-15.95	-14.87	4.50	6.18	55.96	87.93	92.60
4496400.00	60.43	33.10	-15.95	-14.87	4.50	6.18	55.96	87.93	92.60
4500000.00	38.07	33.10	-15.95	-14.87	4.50	6.18	55.96	87.93	92.60
4503600.00	6.10	33.10	-15.95	-14.87	4.50	6.18	55.96	87.93	92.60
4507200.00	5.38	33.10	-15.95	-14.87	4.50	6.18	55.96	87.93	92.60
4510800.00	6.26	33.10	-15.95	-14.87	4.50	6.18	55.96	87.93	92.60
4514400.00	4.29	33.10	-15.95	-14.87	4.50	6.18	55.96	87.93	92.60
4518000.00	-13.51	33.10	-15.95	-14.87	4.50	6.18	55.96	87.93	92.60
4521600.00	-15.31	33.10	-15.95	-14.87	4.50	6.18	55.96	87.93	92.60
4525200.00	-17.86	33.10	-15.95	-14.87	4.50	6.18	55.96	87.93	92.60
4528800.00	-18.81	33.10	-15.95	-14.87	4.50	6.18	55.96	87.93	92.60
4532400.00	-20.40	33.10	-15.95	-14.87	4.50	6.18	55.96	87.93	92.60
4536000.00	-20.66	33.10	-15.95	-14.87	4.50	6.18	55.96	87.93	92.60
4539600.00	-21.12	33.10	-15.95	-14.87	4.50	6.18	55.96	87.93	92.60
4543200.00	-14.82	33.10	-15.95	-14.87	4.50	6.18	55.96	87.93	92.60
4546800.00	-26.62	33.10	-15.95	-14.87	4.50	6.18	55.96	87.93	92.60
4550400.00	93.21	33.10	-15.95	-14.87	4.50	6.18	55.96	87.93	92.60
4554000.00	74.96	33.10	-15.95	-14.87	4.50	6.18	55.96	87.93	92.60
4557600.00	90.17	33.10	-15.95	-14.87	4.50	6.18	55.96	87.93	92.60
4561200.00	99.61	33.10	-15.95	-14.87	4.50	6.18	55.96	87.93	92.60
4564800.00	114.58	33.10	-15.95	-14.87	4.50	6.18	55.96	87.93	92.60
4568400.00	100.22	33.10	-15.95	-14.87	4.50	6.18	55.96	87.93	92.60
4572000.00	91.87	33.10	-15.95	-14.87	4.50	6.18	55.96	87.93	92.60
4575600.00	90.65	33.10	-15.95	-14.87	4.50	6.18	55.96	87.93	92.60
4579200.00	97.66	30.53	-22.13	-20.15	-4.96	35.31	50.47	56.53	93.72
4582800.00	135.24	30.53	-22.13	-20.15	-4.96	35.31	50.47	56.53	93.72
4586400.00	97.47	30.53	-22.13	-20.15	-4.96	35.31	50.47	56.53	93.72
4590000.00	89.14	30.53	-22.13	-20.15	-4.96	35.31	50.47	56.53	93.72
4593600.00	75.81	30.53	-22.13	-20.15	-4.96	35.31	50.47	56.53	93.72
4597200.00	153.69	30.53	-22.13	-20.15	-4.96	35.31	50.47	56.53	93.72
4600800.00	84.89	30.53	-22.13	-20.15	-4.96	35.31	50.47	56.53	93.72
4604400.00	12.42	30.53	-22.13	-20.15	-4.96	35.31	50.47	56.53	93.72
4608000.00	-9.30	30.53	-22.13	-20.15	-4.96	35.31	50.47	56.53	93.72
4611600.00	-18.46	30.53	-22.13	-20.15	-4.96	35.31	50.47	56.53	93.72
4615200.00	-20.08	30.53	-22.13	-20.15	-4.96	35.31	50.47	56.53	93.72
4618800.00	-26.18	30.53	-22.13	-20.15	-4.96	35.31	50.47	56.53	93.72
4622400.00	-28.49	30.53	-22.13	-20.15	-4.96	35.31	50.47	56.53	93.72
4626000.00	-26.51	30.53	-22.13	-20.15	-4.96	35.31	50.47	56.53	93.72
4629600.00	-62.82	30.53	-22.13	-20.15	-4.96	35.31	50.47	56.53	93.72
4633200.00	-40.94	30.53	-22.13	-20.15	-4.96	35.31	50.47	56.53	93.72
4636800.00	-36.18	30.53	-22.13	-20.15	-4.96	35.31	50.47	56.53	93.72
4640400.00	-20.79	30.53	-22.13	-20.15	-4.96	35.31	50.47	56.53	93.72
4644000.00	24.25	30.53	-22.13	-20.15	-4.96	35.31	50.47	56.53	93.72
4647600.00	51.17	30.53	-22.13	-20.15	-4.96	35.31	50.47	56.53	93.72
4651200.00	54.38	30.53	-22.13	-20.15	-4.96	35.31	50.47	56.53	93.72
4654800.00	52.34	30.53	-22.13	-20.15	-4.96	35.31	50.47	56.53	93.72
4658400.00	46.38	30.53	-22.13	-20.15	-4.96	35.31	50.47	56.53	93.72
4662000.00	47.68	30.53	-22.13	-20.15	-4.96	35.31	50.47	56.53	93.72
4665600.00	49.57	26.27	-18.39	-13.59	37.57	48.33	50.55	57.78	79.04
4669200.00	47.99	26.27	-18.39	-13.59	37.57	48.33	50.55	57.78	79.04
4672800.00	46.86	26.27	-18.39	-13.59	37.57	48.33	50.55	57.78	79.04
4676400.00	53.42	26.27	-18.39	-13.59	37.57	48.33	50.55	57.78	79.04
4680000.00	64.58	26.27	-18.39	-13.59	37.57	48.33	50.55	57.78	79.04
4683600.00	82.57	26.27	-18.39	-13.59	37.57	48.33	50.55	57.78	79.04
4687200.00	88.43	26.27	-18.39	-13.59	37.57	48.33	50.55	57.78	79.04
4690800.00	35.25	26.27	-18.39	-13.59	37.57	48.33	50.55	57.78	79.04
4694400.00	-37.48	26.27	-18.39	-13.59	37.57	48.33	50.55	57.78	79.04
4698000.00	-21.54	26.27	-18.39	-13.59	37.57	48.33	50.55	57.78	79.04
4701600.00	-19.37	26.27	-18.39	-13.59	37.57	48.33	50.55	57.78	79.04
4705200.00	-18.06	26.27	-18.39	-13.59	37.57	48.33	50.55	57.78	79.04
4708800.00	-13.09	26.27	-18.39	-13.59	37.57	48.33	50.55	57.78	79.04
4712400.00	-95.26	26.27	-18.39	-13.59	37.57	48.33	50.55	57.78	79.04
4716000.00	-80.85	26.27	-18.39	-13.59	37.57	48.33	50.55	57.78	79.04
4719600.00	-31.77	26.27	-18.39	-13.59	37.57	48.33	50.55	57.78	79.04
4723200.00	-12.55	26.27	-18.39	-13.59	37.57	48.33	50.55	57.78	79.04
4726800.00	75.25	26.27	-18.39	-13.59	37.57	48.33	50.55	57.78	79.04
4730400.00	118.61	26.27	-18.39	-13.59	37.57	48.33	50.55	57.78	79.04
4734000.00	82.13	26.27	-18.39	-13.59	37.57	48.33	50.55	57.78	79.04
4737600.00	58.62	26.27	-18.39	-13.59	37.57	48.33	50.55	57.78	79.04
4741200.00	57.69	26.27	-18.39	-13.59	37.57	48.33	50.55	57.78	79.04
4744800.00	48.66	26.27	-18.39	-13.59	37.57	48.33	50.55	57.78	79.04
4748400.00	50.80	26.27	-18.39	-13.59	37.57	48.33	50.55	57.78	79.04
4752000.00	54.57	63.75	26.39	36.17	45.41	53.44	55.06	97.59	111.32
4755600.00	55.18	63.75	26.39	36.17	45.41	53.44	55.06	97.59	111.32
4759200.00	52.88	63.75	26.39	36.17	45.41	53.44	55.06	97.59	111.32
4762800.00	50.95	63.75	26.39	36.17	45.41	53.44	55.06	97.59	111.32
4766400.00	54.00	63.75	26.39	36.17	45.41	53.44	55.06	97.59	111.32
4770000.00	80.98	63.75	26.39	36.17	45.41	53.44	55.06	97.59	111.32
4773600.00	97.43	63.75	26.39	36.17	45.41	53.44	55.06	97.59	111.32
4777200.00	44.02	63.75	26.39	36.17	45.41	53.44	55.06	97.59	111.32
4780800.00	19.21	63.75	26.39	36.17	45.41	53.44	55.06	97.59	111.32
4784400.00	9.99	63.75	26.39	36.17	45.41	53.44	55.06	97.59	111.32
4788000.00	5.70	63.75	26.39	36.17	45.41	53.44	55.06	97.59	111.32
4791600.00	7.58	63.75	26.39	36.17	45.41	53.44	55.06	97.59	111.32
4795200.00	10.86	63.75	26.39	36.17	45.41	53.44	55.06	97.59	111.32
4798800.00	14.76	63.75	26.39	36.17	45.41	53.44	55.06	97.59	111.32
4802400.00	28.78	63.75	26.39	36.17	45.41	53.44	55.06	97.59	111.32
4806000.00	42.59	63.75	26.39	36.17	45.41	53.44	55.06	97.59	111.32
4809600.00	37.00	63.75	26.39	36.17	45.41	53.44	55.06	97.59	111.32
4813200.00	117.44	63.75	26.39	36.17	45.41	53.44	55.06	97.59	111.32
4816800.00	180.37	63.75	26.39	36.17	45.41	53.44	55.06	97.59	111.32
4820400.00	139.23	63.75	26.39	36.17	45.41	53.44	55.06	97.59	111.32
4824000.00	107.61	63.75	26.39	36.17	45.41	53.44	55.06	97.59	111.32
4827600.00	99.04	63.75	26.39	36.17	45.41	53.44	55.06	97.59	111.32
4831200.00	105.43	63.75	26.39	36.17	45.41	53.44	55.06	97.59	111.32
4834800.00	114.36	63.75	26.39	36.17	45.41	53.44	55.06	97.59	111.32
4838400.00	122.26	49.25	-15.91	-14.53	42.31	86.24	93.34	99.55	111.71
4842000.00	100.05	49.25	-15.91	-14.53	42.31	86.24	93.34	99.55	111.71
4845600.00	108.11	49.25	-15.91	-14.53	42.31	86.24	93.34	99.55	111.71
4849200.00	99.50	49.25	-15.91	-14.53	42.31	86.24	93.34	99.55	111.71
4852800.00	97.30	49.25	-15.91	-14.53	42.31	86.24	93.34	99.55	111.71
4856400.00	116.38	49.25	-15.91	-14.53	42.31	86.24	93.34	99.55	111.71
4860000.00	112.26	49.25	-15.91	-14.53	42.31	86.24	93.34	99.55	111.71
4863600.00	76.82	49.25	-15.91	-14.53	42.31	86.24	93.34	99.55	111.71
4867200.00	9.02	49.25	-15.91	-14.53	42.31	86.24	93.34	99.55	111.71
4870800.00	-14.51	49.25	-15.91	-14.53	42.31	86.24	93.34	99.55	111.71
4874400.00	-40.92	49.25	-15.91	-14.53	42.31	86.24	93.34	99.55	111.71
4878000.00	-69.09	49.25	-15.91	-14.53	42.31	86.24	93.34	99.55	111.71
4881600.00	-38.90	49.25	-15.91	-14.53	42.31	86.24	93.34	99.55	111.71
4885200.00	-19.36	49.25	-15.91	-14.53	42.31	86.24	93.34	99.55	111.71
4888800.00	-20.41	49.25	-15.91	-14.53	42.31	86.24	93.34	99.55	111.71
4892400.00	-58.27	49.25	-15.91	-14.53	42.31	86.24	93.34	99.55	111.71
4896000.00	-14.76	49.25	-15.91	-14.53	42.31	86.24	93.34	99.55	111.71
4899600.00	33.68	49.25	-15.91	-14.53	42.31	86.24	93.34	99.55	111.71
4903200.00	111.03	49.25	-15.91	-14.53	42.31	86.24	93.34	99.55	111.71
4906800.00	93.89	49.25	-15.91	-14.53	42.31	86.24	93.34	99.55	111.71
4910400.00	83.52	49.25	-15.91	-14.53	42.31	86.24	93.34	99.55	111.71
4914000.00	88.96	49.25	-15.91	-14.53	42.31	86.24	93.34	99.55	111.71
4917600.00	91.13	49.25	-15.91	-14.53	42.31	86.24	93.34	99.55	111.71
4921200.00	114.33	49.25	-15.91	-14.53	42.31	86.24	93.34	99.55	111.71
4924800.00	96.47	83.18	56.30	84.20	88.07	90.73	92.30	96.78	124.55
4928400.00	89.90	83.18	56.30	84.20	88.07	90.73	92.30	96.78	124.55
4932000.00	87.60	83.18	56.30	84.20	88.07	90.73	92.30	96.78	124.55
4935600.00	87.61	83.18	56.30	84.20	88.07	90.73	92.30	96.78	124.55
4939200.00	92.34	83.18	56.30	84.20	88.07	90.73	92.30	96.78	124.55
4942800.00	107.26	83.18	56.30	84.20	88.07	90.73	92.30	96.78	124.55
4946400.00	151.00	83.18	56.30	84.20	88.07	90.73	92.30	96.78	124.55
4950000.00	119.63	83.18	56.30	84.20	88.07	90.73	92.30	96.78	124.55
4953600.00	90.15	83.18	56.30	84.20	88.07	90.73	92.30	96.78	124.55
4957200.00	33.65	83.18	56.30	84.20	88.07	90.73	92.30	96.78	124.55
4960800.00	39.64	83.18	56.30	84.20	88.07	90.73	92.30	96.78	124.55
4964400.00	23.00	83.18	56.30	84.20	88.07	90.73	92.30	96.78	124.55
4968000.00	7.95	83.18	56.30	84.20	88.07	90.73	92.30	96.78	124.55
4971600.00	8.83	83.18	56.30	84.20	88.07	90.73	92.30	96.78	124.55
4975200.00	16.76	83.18	56.30	84.20	88.07	90.73	92.30	96.78	124.55
4978800.00	61.85	83.18	56.30	84.20	88.07	90.73	92.30	96.78	124.55
4982400.00	99.59	83.18	56.30	84.20	88.07	90.73	92.30	96.78	124.55
4986000.00	128.57	83.18	56.30	84.20	88.07	90.73	92.30	96.78	124.55
4989600.00	155.30	83.18	56.30	84.20	88.07	90.73	92.30	96.78	124.55
4993200.00	136.13	83.18	56.30	84.20	88.07	90.73	92.30	96.78	124.55
4996800.00	91.31	83.18	56.30	84.20	88.07	90.73	92.30	96.78	124.55
5000400.00	92.16	83.18	56.30	84.20	88.07	90.73	92.30	96.78	124.55
5004000.00	92.98	83.18	56.30	84.20	88.07	90.73	92.30	96.78	124.55
5007600.00	86.68	83.18	56.30	84.20	88.07	90.73	92.30	96.78	124.55
5011200.00	104.45	86.39	2.53	57.02	80.65	86.97	93.66	95.01	104.41
5014800.00	104.36	86.39	2.53	57.02	80.65	86.97	93.66	95.01	104.41
5018400.00	86.73	86.39	2.53	57.02	80.65	86.97	93.66	95.01	104.41
5022000.00	87.21	86.39	2.53	57.02	80.65	86.97	93.66	95.01	104.41
5025600.00	80.28	86.39	2.53	57.02	80.65	86.97	93.66	95.01	104.41
5029200.00	89.46	86.39	2.53	57.02	80.65	86.97	93.66	95.01	104.41
5032800.00	119.83	86.39	2.53	57.02	80.65	86.97	93.66	95.01	104.41
5036400.00	134.11	86.39	2.53	57.02	80.65	86.97	93.66	95.01	104.41
5040000.00	607.03	86.39	2.53	57.02	80.65	86.97	93.66	95.01	104.41
5043600.00	67.30	86.39	2.53	57.02	80.65	86.97	93.66	95.01	104.41
5047200.00	0.98	86.39	2.53	57.02	80.65	86.97	93.66	95.01	104.41
5050800.00	3.04	86.39	2.53	57.02	80.65	86.97	93.66	95.01	104.41
5054400.00	-3.77	86.39	2.53	57.02	80.65	86.97	93.66	95.01	104.41
5058000.00	-2.57	86.39	2.53	57.02	80.65	86.97	93.66	95.01	104.41
5061600.00	-14.59	86.39	2.53	57.02	80.65	86.97	93.66	95.01	104.41
5065200.00	-15.69	86.39	2.53	57.02	80.65	86.97	93.66	95.01	104.41
5068800.00	0.70	86.39	2.53	57.02	80.65	86.97	93.66	95.01	104.41
5072400.00	63.02	86.39	2.53	57.02	80.65	86.97	93.66	95.01	104.41
5076000.00	82.13	86.39	2.53	57.02	80.65	86.97	93.66	95.01	104.41
5079600.00	96.98	86.39	2.53	57.02	80.65	86.97	93.66	95.01	104.41
5083200.00	98.14	86.39	2.53	57.02	80.65	86.97	93.66	95.01	104.41
5086800.00	94.79	86.39	2.53	57.02	80.65	86.97	93.66	95.01	104.41
5090400.00	94.70	86.39	2.53	57.02	80.65	86.97	93.66	95.01	104.41
5094000.00	94.70	86.39	2.53	57.02	80.65	86.97	93.66	95.01	104.41
5097600.00	91.91	53.33	17.98	19.18	26.82	73.07	78.30	90.39	95.06
5101200.00	103.61	53.33	17.98	19.18	26.82	73.07	78.30	90.39	95.06
5104800.00	90.40	53.33	17.98	19.18	26.82	73.07	78.30	90.39	95.06
5108400.00	95.35	53.33	17.98	19.18	26.82	73.07	78.30	90.39	95.06
5112000.00	94.69	53.33	17.98	19.18	26.82	73.07	78.30	90.39	95.06
5115600.00	99.02	53.33	17.98	19.18	26.82	73.07	78.30	90.39	95.06
5119200.00	108.01	53.33	17.98	19.18	26.82	73.07	78.30	90.39	95.06
5122800.00	90.39	53.33	17.98	19.18	26.82	73.07	78.30	90.39	95.06
5126400.00	19.30	53.33	17.98	19.18	26.82	73.07	78.30	90.39	95.06
5130000.00	8.23	53.33	17.98	19.18	26.82	73.07	78.30	90.39	95.06
5133600.00	26.01	53.33	17.98	19.18	26.82	73.07	78.30	90.39	95.06
5137200.00	-11.36	53.33	17.98	19.18	26.82	73.07	78.30	90.39	95.06
5140800.00	-10.42	53.33	17.98	19.18	26.82	73.07	78.30	90.39	95.06
5144400.00	2.30	53.33	17.98	19.18	26.82	73.07	78.30	90.39	95.06
5148000.00	0.16	53.33	17.98	19.18	26.82	73.07	78.30	90.39	95.06
5151600.00	20.39	53.33	17.98	19.18	26.82	73.07	78.30	90.39	95.06
5155200.00	18.09	53.33	17.98	19.18	26.82	73.07	78.30	90.39	95.06
5158800.00	30.07	53.33	17.98	19.18	26.82	73.07	78.30	90.39	95.06
5162400.00	17.64	53.33	17.98	19.18	26.82	73.07	78.30	90.39	95.06
5166000.00	75.37	53.33	17.98	19.18	26.82	73.07	78.30	90.39	95.06
5169600.00	70.77	53.33	17.98	19.18	26.82	73.07	78.30	90.39	95.06
5173200.00	75.42	53.33	17.98	19.18	26.82	73.07	78.30	90.39	95.06
5176800.00	85.46	53.33	17.98	19.18	26.82	73.07	78.30	90.39	95.06
5180400.00	79.02	53.33	17.98	19.18	26.82	73.07	78.30	90.39	95.06
5184000.00	61.75	-3.29	-38.99	-32.83	5.90	19.00	29.88	36.37	51.53
5187600.00	53.11	-3.29	-38.99	-32.83	5.90	19.00	29.88	36.37	51.53
5191200.00	53.19	-3.29	-38.99	-32.83	5.90	19.00	29.88	36.37	51.53
5194800.00	49.61	-3.29	-38.99	-32.83	5.90	19.00	29.88	36.37	51.53
5198400.00	46.70	-3.29	-38.99	-32.83	5.90	19.00	29.88	36.37	51.53
5202000.00	54.48	-3.29	-38.99	-32.83	5.90	19.00	29.88	36.37	51.53
5205600.00	39.98	-3.29	-38.99	-32.83	5.90	19.00	29.88	36.37	51.53
5209200.00	9.18	-3.29	-38.99	-32.83	5.90	19.00	29.88	36.37	51.53
5212800.00	5.08	-3.29	-38.99	-32.83	5.90	19.00	29.88	36.37	51.53
5216400.00	-97.88	-3.29	-38.99	-32.83	5.90	19.00	29.88	36.37	51.53
5220000.00	-35.72	-3.29	-38.99	-32.83	5.90	19.00	29.88	36.37	51.53
5223600.00	-48.82	-3.29	-38.99	-32.83	5.90	19.00	29.88	36.37	51.53
5227200.00	-29.94	-3.29	-38.99	-32.83	5.90	19.00	29.88	36.37	51.53
5230800.00	-58.40	-3.29	-38.99	-32.83	5.90	19.00	29.88	36.37	51.53
5234400.00	-142.04	-3.29	-38.99	-32.83	5.90	19.00	29.88	36.37	51.53
5238000.00	-106.39	-3.29	-38.99	-32.83	5.90	19.00	29.88	36.37	51.53
5241600.00	-62.55	-3.29	-38.99	-32.83	5.90	19.00	29.88	36.37	51.53
5245200.00	-32.50	-3.29	-38.99	-32.83	5.90	19.00	29.88	36.37	51.53
5248800.00	31.19	-3.29	-38.99	-32.83	5.90	19.00	29.88	36.37	51.53
5252400.00	35.97	-3.29	-38.99	-32.83	5.90	19.00	29.88	36.37	51.53
5256000.00	30.78	-3.29	-38.99	-32.83	5.90	19.00	29.88	36.37	51.53
5259600.00	26.28	-3.29	-38.99	-32.83	5.90	19.00	29.88	36.37	51.53
5263200.00	20.38	-3.29	-38.99	-32.83	5.90	19.00	29.88	36.37	51.53
5266800.00	17.62	-3.29	-38.99	-32.83	5.90	19.00	29.88	36.37	51.53
5270400.00	14.40	-5.37	-45.46	-28.50	1.76	5.99	10.00	33.28	49.39
5274000.00	6.03	-5.37	-45.46	-28.50	1.76	5.99	10.00	33.28	49.39
5277600.00	5.49	-5.37	-45.46	-28.50	1.76	5.99	10.00	33.28	49.39
5281200.00	5.96	-5.37	-45.46	-28.50	1.76	5.99	10.00	33.28	49.39
5284800.00	10.65	-5.37	-45.46	-28.50	1.76	5.99	10.00	33.28	49.39
5288400.00	43.87	-5.37	-45.46	-28.50	1.76	5.99	10.00	33.28	49.39
5292000.00	63.38	-5.37	-45.46	-28.50	1.76	5.99	10.00	33.28	49.39
5295600.00	7.39	-5.37	-45.46	-28.50	1.76	5.99	10.00	33.28	49.39
5299200.00	-69.69	-5.37	-45.46	-28.50	1.76	5.99	10.00	33.28	49.39
5302800.00	-54.07	-5.37	-45.46	-28.50	1.76	5.99	10.00	33.28	49.39
5306400.00	-26.88	-5.37	-45.46	-28.50	1.76	5.99	10.00	33.28	49.39
5310000.00	-85.24	-5.37	-45.46	-28.50	1.76	5.99	10.00	33.28	49.39
5313600.00	-132.85	-5.37	-45.46	-28.50	1.76	5.99	10.00	33.28	49.39
5317200.00	-52.83	-5.37	-45.46	-28.50	1.76	5.99	10.00	33.28	49.39
5320800.00	-120.71	-5.37	-45.46	-28.50	1.76	5.99	10.00	33.28	49.39
5324400.00	-43.00	-5.37	-45.46	-28.50	1.76	5.99	10.00	33.28	49.39
5328000.00	-17.60	-5.37	-45.46	-28.50	1.76	5.99	10.00	33.28	49.39
5331600.00	0.83	-5.37	-45.46	-28.50	1.76	5.99	10.00	33.28	49.39
5335200.00	75.00	-5.37	-45.46	-28.50	1.76	5.99	10.00	33.28	49.39
5338800.00	70.14	-5.37	-45.46	-28.50	1.76	5.99	10.00	33.28	49.39
5342400.00	53.91	-5.37	-45.46	-28.50	1.76	5.99	10.00	33.28	49.39
5346000.00	41.88	-5.37	-45.46	-28.50	1.76	5.99	10.00	33.28	49.39
5349600.00	32.33	-5.37	-45.46	-28.50	1.76	5.99	10.00	33.28	49.39
5353200.00	42.65	-5.37	-45.46	-28.50	1.76	5.99	10.00	33.28	49.39
5356800.00	24.57	37.74	-5.61	1.61	23.33	27.54	56.38	70.88	89.07
5360400.00	25.11	37.74	-5.61	1.61	23.33	27.54	56.38	70.88	89.07
5364000.00	29.97	37.74	-5.61	1.61	23.33	27.54	56.38	70.88	89.07
5367600.00	32.04	37.74	-5.61	1.61	23.33	27.54	56.38	70.88	89.07
5371200.00	23.02	37.74	-5.61	1.61	23.33	27.54	56.38	70.88	89.07
5374800.00	62.46	37.74	-5.61	1.61	23.33	27.54	56.38	70.88	89.07
5378400.00	76.50	37.74	-5.61	1.61	23.33	27.54	56.38	70.88	89.07
5382000.00	2.13	37.74	-5.61	1.61	23.33	27.54	56.38	70.88	89.07
5385600.00	-35.55	37.74	-5.61	1.61	23.33	27.54	56.38	70.88	89.07
5389200.00	-23.82	37.74	-5.61	1.61	23.33	27.54	56.38	70.88	89.07
5392800.00	-37.22	37.74	-5.61	1.61	23.33	27.54	56.38	70.88	89.07
5396400.00	-21.96	37.74	-5.61	1.61	23.33	27.54	56.38	70.88	89.07
5400000.00	-18.27	37.74	-5.61	1.61	23.33	27.54	56.38	70.88	89.07
5403600.00	-13.37	37.74	-5.61	1.61	23.33	27.54	56.38	70.88	89.07
5407200.00	-3.02	37.74	-5.61	1.61	23.33	27.54	56.38	70.88	89.07
5410800.00	7.48	37.74	-5.61	1.61	23.33	27.54	56.38	70.88	89.07
5414400.00	70.08	37.74	-5.61	1.61	23.33	27.54	56.38	70.88	89.07
5418000.00	109.96	37.74	-5.61	1.61	23.33	27.54	56.38	70.88	89.07
5421600.00	146.28	37.74	-5.61	1.61	23.33	27.54	56.38	70.88	89.07
5425200.00	128.04	37.74	-5.61	1.61	23.33	27.54	56.38	70.88	89.07
5428800.00	94.65	37.74	-5.61	1.61	23.33	27.54	56.38	70.88	89.07
5432400.00	82.25	37.74	-5.61	1.61	23.33	27.54	56.38	70.88	89.07
5436000.00	70.56	37.74	-5.61	1.61	23.33	27.54	56.38	70.88	89.07
5439600.00	73.83	37.74	-5.61	1.61	23.33	27.54	56.38	70.88	89.07
5443200.00	69.89	25.60	-15.97	-15.32	3.59	37.42	51.25	59.57	69.89
5446800.00	69.88	25.60	-15.97	-15.32	3.59	37.42	51.25	59.57	69.89
5450400.00	63.30	25.60	-15.97	-15.32	3.59	37.42	51.25	59.57	69.89
5454000.00	59.16	25.60	-15.97	-15.32	3.59	37.42	51.25	59.57	69.89
5457600.00	57.82	25.60	-15.97	-15.32	3.59	37.42	51.25	59.57	69.89
5461200.00	66.08	25.60	-15.97	-15.32	3.59	37.42	51.25	59.57	69.89
5464800.00	84.21	25.60	-15.97	-15.32	3.59	37.42	51.25	59.57	69.89
5468400.00	21.20	25.60	-15.97	-15.32	3.59	37.42	51.25	59.57	69.89
5472000.00	-0.82	25.60	-15.97	-15.32	3.59	37.42	51.25	59.57	69.89
5475600.00	-14.94	25.60	-15.97	-15.32	3.59	37.42	51.25	59.57	69.89
5479200.00	-15.27	25.60	-15.97	-15.32	3.59	37.42	51.25	59.57	69.89
5482800.00	-15.79	25.60	-15.97	-15.32	3.59	37.42	51.25	59.57	69.89
5486400.00	-18.99	25.60	-15.97	-15.32	3.59	37.42	51.25	59.57	69.89
5490000.00	-20.16	25.60	-15.97	-15.32	3.59	37.42	51.25	59.57	69.89
5493600.00	-35.80	25.60	-15.97	-15.32	3.59	37.42	51.25	59.57	69.89
5497200.00	-28.78	25.60	-15.97	-15.32	3.59	37.42	51.25	59.57	69.89
5500800.00	-58.10	25.60	-15.97	-15.32	3.59	37.42	51.25	59.57	69.89
5504400.00	-16.53	25.60	-15.97	-15.32	3.59	37.42	51.25	59.57	69.89
5508000.00	48.23	25.60	-15.97	-15.32	3.59	37.42	51.25	59.57	69.89
5511600.00	82.16	25.60	-15.97	-15.32	3.59	37.42	51.25	59.57	69.89
5515200.00	90.70	25.60	-15.97	-15.32	3.59	37.42	51.25	59.57	69.89
5518800.00	52.00	25.60	-15.97	-15.32	3.59	37.42	51.25	59.57	69.89
5522400.00	28.46	25.60	-15.97	-15.32	3.59	37.42	51.25	59.57	69.89
5526000.00	46.37	25.60	-15.97	-15.32	3.59	37.42	51.25	59.57	69.89
5529600.00	18.20	-3.28	-17.84	-16.67	-5.43	2.42	4.43	5.30	6.72
5533200.00	6.83	-3.28	-17.84	-16.67	-5.43	2.42	4.43	5.30	6.72
5536800.00	5.16	-3.28	-17.84	-16.67	-5.43	2.42	4.43	5.30	6.72
5540400.00	5.56	-3.28	-17.84	-16.67	-5.43	2.42	4.43	5.30	6.72
5544000.00	6.59	-3.28	-17.84	-16.67	-5.43	2.42	4.43	5.30	6.72
5547600.00	23.17	-3.28	-17.84	-16.67	-5.43	2.42	4.43	5.30	6.72
5551200.00	19.74	-3.28	-17.84	-16.67	-5.43	2.42	4.43	5.30	6.72
5554800.00	-5.46	-3.28	-17.84	-16.67	-5.43	2.42	4.43	5.30	6.72
5558400.00	-21.53	-3.28	-17.84	-16.67	-5.43	2.42	4.43	5.30	6.72
5562000.00	-17.93	-3.28	-17.84	-16.67	-5.43	2.42	4.43	5.30	6.72
5565600.00	-18.76	-3.28	-17.84	-16.67	-5.43	2.42	4.43	5.30	6.72
5569200.00	-16.54	-3.28	-17.84	-16.67	-5.43	2.42	4.43	5.30	6.72
5572800.00	-17.81	-3.28	-17.84	-16.67	-5.43	2.42	4.43	5.30	6.72
5576400.00	-21.74	-3.28	-17.84	-16.67	-5.43	2.42	4.43	5.30	6.72
5580000.00	-32.95	-3.28	-17.84	-16.67	-5.43	2.42	4.43	5.30	6.72
5583600.00	-20.66	-3.28	-17.84	-16.67	-5.43	2.42	4.43	5.30	6.72
5587200.00	-9.72	-3.28	-17.84	-16.67	-5.43	2.42	4.43	5.30	6.72
5590800.00	0.89	-3.28	-17.84	-16.67	-5.43	2.42	4.43	5.30	6.72
5594400.00	5.29	-3.28	-17.84	-16.67	-5.43	2.42	4.43	5.30	6.72
5598000.00	5.40	-3.28	-17.84	-16.67	-5.43	2.42	4.43	5.30	6.72
5601600.00	4.44	-3.28	-17.84	-16.67	-5.43	2.42	4.43	5.30	6.72
5605200.00	4.39	-3.28	-17.84	-16.67	-5.43	2.42	4.43	5.30	6.72
5608800.00	-5.31	-3.28	-17.84	-16.67	-5.43	2.42	4.43	5.30	6.72
5612400.00	3.94	-3.28	-17.84	-16.67	-5.43	2.42	4.43	5.30	6.72
5616000.00	0.47	28.04	-2.20	0.01	0.80	6.45	15.99	48.62	77.57
5619600.00	-8.95	28.04	-2.20	0.01	0.80	6.45	15.99	48.62	77.57
5623200.00	-8.37	28.04	-2.20	0.01	0.80	6.45	15.99	48.62	77.57
5626800.00	2.13	28.04	-2.20	0.01	0.80	6.45	15.99	48.62	77.57
5630400.00	6.45	28.04	-2.20	0.01	0.80	6.45	15.99	48.62	77.57
5634000.00	30.42	28.04	-2.20	0.01	0.80	6.45	15.99	48.62	77.57
5637600.00	48.21	28.04	-2.20	0.01	0.80	6.45	15.99	48.62	77.57
5641200.00	0.24	28.04	-2.20	0.01	0.80	6.45	15.99	48.62	77.57
5644800.00	-3.62	28.04	-2.20	0.01	0.80	6.45	15.99	48.62	77.57
5648400.00	-11.64	28.04	-2.20	0.01	0.80	6.45	15.99	48.62	77.57
5652000.00	0.20	28.04	-2.20	0.01	0.80	6.45	15.99	48.62	77.57
5655600.00	-17.31	28.04	-2.20	0.01	0.80	6.45	15.99	48.62	77.57
5659200.00	-14.69	28.04	-2.20	0.01	0.80	6.45	15.99	48.62	77.57
5662800.00	-1.72	28.04	-2.20	0.01	0.80	6.45	15.99	48.62	77.57
5666400.00	15.46	28.04	-2.20	0.01	0.80	6.45	15.99	48.62	77.57
5670000.00	6.45	28.04	-2.20	0.01	0.80	6.45	15.99	48.62	77.57
5673600.00	16.13	28.04	-2.20	0.01	0.80	6.45	15.99	48.62	77.57
5677200.00	82.73	28.04	-2.20	0.01	0.80	6.45	15.99	48.62	77.57
5680800.00	133.67	28.04	-2.20	0.01	0.80	6.45	15.99	48.62	77.57
5684400.00	120.61	28.04	-2.20	0.01	0.80	6.45	15.99	48.62	77.57
5688000.00	94.41	28.04	-2.20	0.01	0.80	6.45	15.99	48.62	77.57
5691600.00	71.25	28.04	-2.20	0.01	0.80	6.45	15.99	48.62	77.57
5695200.00	58.12	28.04	-2.20	0.01	0.80	6.45	15.99	48.62	77.57
5698800.00	52.30	28.04	-2.20	0.01	0.80	6.45	15.99	48.62	77.57
5702400.00	46.69	29.93	-16.30	-10.27	16.85	35.30	45.32	60.63	92.59
5706000.00	46.08	29.93	-16.30	-10.27	16.85	35.30	45.32	60.63	92.59
5709600.00	42.29	29.93	-16.30	-10.27	16.85	35.30	45.32	60.63	92.59
5713200.00	37.39	29.93	-16.30	-10.27	16.85	35.30	45.32	60.63	92.59
5716800.00	33.21	29.93	-16.30	-10.27	16.85	35.30	45.32	60.63	92.59
5720400.00	22.41	29.93	-16.30	-10.27	16.85	35.30	45.32	60.63	92.59
5724000.00	15.46	29.93	-16.30	-10.27	16.85	35.30	45.32	60.63	92.59
5727600.00	-18.05	29.93	-16.30	-10.27	16.85	35.30	45.32	60.63	92.59
5731200.00	-21.36	29.93	-16.30	-10.27	16.85	35.30	45.32	60.63	92.59
5734800.00	-51.97	29.93	-16.30	-10.27	16.85	35.30	45.32	60.63	92.59
5738400.00	-44.96	29.93	-16.30	-10.27	16.85	35.30	45.32	60.63	92.59
5742000.00	-44.06	29.93	-16.30	-10.27	16.85	35.30	45.32	60.63	92.59
5745600.00	-15.72	29.93	-16.30	-10.27	16.85	35.30	45.32	60.63	92.59
5749200.00	-18.71	29.93	-16.30	-10.27	16.85	35.30	45.32	60.63	92.59
5752800.00	60.07	29.93	-16.30	-10.27	16.85	35.30	45.32	60.63	92.59
5756400.00	7.48	29.93	-16.30	-10.27	16.85	35.30	45.32	60.63	92.59
5760000.00	-9.66	29.93	-16.30	-10.27	16.85	35.30	45.32	60.63	92.59
5763600.00	65.71	29.93	-16.30	-10.27	16.85	35.30	45.32	60.63	92.59
5767200.00	95.59	29.93	-16.30	-10.27	16.85	35.30	45.32	60.63	92.59
5770800.00	88.91	29.93	-16.30	-10.27	16.85	35.30	45.32	60.63	92.59
5774400.00	78.81	29.93	-16.30	-10.27	16.85	35.30	45.32	60.63	92.59
5778000.00	100.65	29.93	-16.30	-10.27	16.85	35.30	45.32	60.63	92.59
5781600.00	106.31	29.93	-16.30	-10.27	16.85	35.30	45.32	60.63	92.59
5785200.00	95.76	29.93	-16.30	-10.27	16.85	35.30	45.32	60.63	92.59
5788800.00	165.59	100.44	44.08	57.77	90.13	117.45	142.97	164.75	171.70
5792400.00	150.80	100.44	44.08	57.77	90.13	117.45	142.97	164.75	171.70
5796000.00	172.01	100.44	44.08	57.77	90.13	117.45	142.97	164.75	171.70
5799600.00	173.20	100.44	44.08	57.77	90.13	117.45	142.97	164.75	171.70
5803200.00	169.05	100.44	44.08	57.77	90.13	117.45	142.97	164.75	171.70
5806800.00	120.26	100.44	44.08	57.77	90.13	117.45	142.97	164.75	171.70
5810400.00	114.63	100.44	44.08	57.77	90.13	117.45	142.97	164.75	171.70
5814000.00	88.08	100.44	44.08	57.77	90.13	117.45	142.97	164.75	171.70
5817600.00	-8.33	100.44	44.08	57.77	90.13	117.45	142.97	164.75	171.70
5821200.00	-15.08	100.44	44.08	57.77	90.13	117.45	142.97	164.75	171.70
5824800.00	-9.80	100.44	44.08	57.77	90.13	117.45	142.97	164.75	171.70
5828400.00	1.93	100.44	44.08	57.77	90.13	117.45	142.97	164.75	171.70
5832000.00	5.25	100.44	44.08	57.77	90.13	117.45	142.97	164.75	171.70
5835600.00	15.94	100.44	44.08	57.77	90.13	117.45	142.97	164.75	171.70
5839200.00	53.46	100.44	44.08	57.77	90.13	117.45	142.97	164.75	171.70
5842800.00	134.87	100.44	44.08	57.77	90.13	117.45	142.97	164.75	171.70
5846400.00	196.59	100.44	44.08	57.77	90.13	117.45	142.97	164.75	171.70
5850000.00	172.77	100.44	44.08	57.77	90.13	117.45	142.97	164.75	171.70
5853600.00	171.31	100.44	44.08	57.77	90.13	117.45	142.97	164.75	171.70
5857200.00	164.65	100.44	44.08	57.77	90.13	117.45	142.97	164.75	171.70
5860800.00	145.00	100.44	44.08	57.77	90.13	117.45	142.97	164.75	171.70
5864400.00	98.31	100.44	44.08	57.77	90.13	117.45	142.97	164.75	171.70
5868000.00	71.80	100.44	44.08	57.77	90.13	117.45	142.97	164.75	171.70
5871600.00	58.25	100.44	44.08	57.77	90.13	117.45	142.97	164.75	171.70
5875200.00	58.48	63.85	48.04	49.21	55.59	57.99	72.65	82.01	88.48
5878800.00	47.57	63.85	48.04	49.21	55.59	57.99	72.65	82.01	88.48
5882400.00	25.39	63.85	48.04	49.21	55.59	57.99	72.65	82.01	88.48
5886000.00	23.53	63.85	48.04	49.21	55.59	57.99	72.65	82.01	88.48
5889600.00	31.76	63.85	48.04	49.21	55.59	57.99	72.65	82.01	88.48
5893200.00	48.03	63.85	48.04	49.21	55.59	57.99	72.65	82.01	88.48
5896800.00	57.51	63.85	48.04	49.21	55.59	57.99	72.65	82.01	88.48
5900400.00	56.32	63.85	48.04	49.21	55.59	57.99	72.65	82.01	88.48
5904000.00	48.05	63.85	48.04	49.21	55.59	57.99	72.65	82.01	88.48
5907600.00	44.87	63.85	48.04	49.21	55.59	57.99	72.65	82.01	88.48
5911200.00	49.34	63.85	48.04	49.21	55.59	57.99	72.65	82.01	88.48
5914800.00	55.41	63.85	48.04	49.21	55.59	57.99	72.65	82.01	88.48
5918400.00	82.90	63.85	48.04	49.21	55.59	57.99	72.65	82.01	88.48
5922000.00	85.37	63.85	48.04	49.21	55.59	57.99	72.65	82.01	88.48
5925600.00	92.57	63.85	48.04	49.21	55.59	57.99	72.65	82.01	88.48
5929200.00	74.80	63.85	48.04	49.21	55.59	57.99	72.65	82.01	88.48
5932800.00	81.91	63.85	48.04	49.21	55.59	57.99	72.65	82.01	88.48
5936400.00	102.45	63.85	48.04	49.21	55.59	57.99	72.65	82.01	88.48
5940000.00	90.88	63.85	48.04	49.21	55.59	57.99	72.65	82.01	88.48
5943600.00	80.30	63.85	48.04	49.21	55.59	57.99	72.65	82.01	88.48
5947200.00	85.55	63.85	48.04	49.21	55.59	57.99	72.65	82.01	88.48
5950800.00	93.82	63.85	48.04	49.21	55.59	57.99	72.65	82.01	88.48
5954400.00	64.07	63.85	48.04	49.21	55.59	57.99	72.65	82.01	88.48
5958000.00	51.45	63.85	48.04	49.21	55.59	57.99	72.65	82.01	88.48
5961600.00	40.73	81.04	60.41	67.38	80.05	82.93	85.25	90.07	94.07
5965200.00	49.36	81.04	60.41	67.38	80.05	82.93	85.25	90.07	94.07
5968800.00	54.65	81.04	60.41	67.38	80.05	82.93	85.25	90.07	94.07
5972400.00	50.78	81.04	60.41	67.38	80.05	82.93	85.25	90.07	94.07
5976000.00	62.32	81.04	60.41	67.38	80.05	82.93	85.25	90.07	94.07
5979600.00	85.46	81.04	60.41	67.38	80.05	82.93	85.25	90.07	94.07
5983200.00	150.43	81.04	60.41	67.38	80.05	82.93	85.25	90.07	94.07
5986800.00	167.93	81.04	60.41	67.38	80.05	82.93	85.25	90.07	94.07
5990400.00	82.91	81.04	60.41	67.38	80.05	82.93	85.25	90.07	94.07
5994000.00	36.83	81.04	60.41	67.38	80.05	82.93	85.25	90.07	94.07
5997600.00	42.36	81.04	60.41	67.38	80.05	82.93	85.25	90.07	94.07
6001200.00	89.96	81.04	60.41	67.38	80.05	82.93	85.25	90.07	94.07
6004800.00	84.42	81.04	60.41	67.38	80.05	82.93	85.25	90.07	94.07
6008400.00	92.47	81.04	60.41	67.38	80.05	82.93	85.25	90.07	94.07
6012000.00	67.94	81.04	60.41	67.38	80.05	82.93	85.25	90.07	94.07
6015600.00	91.44	81.04	60.41	67.38	80.05	82.93	85.25	90.07	94.07
6019200.00	79.61	81.04	60.41	67.38	80.05	82.93	85.25	90.07	94.07
6022800.00	104.32	81.04	60.41	67.38	80.05	82.93	85.25	90.07	94.07
6026400.00	95.38	81.04	60.41	67.38	80.05	82.93	85.25	90.07	94.07
6030000.00	91.08	81.04	60.41	67.38	80.05	82.93	85.25	90.07	94.07
6033600.00	87.87	81.04	60.41	67.38	80.05	82.93	85.25	90.07	94.07
6037200.00	81.82	81.04	60.41	67.38	80.05	82.93	85.25	90.07	94.07
6040800.00	82.94	81.04	60.41	67.38	80.05	82.93	85.25	90.07	94.07
6044400.00	71.93	81.04	60.41	67.38	80.05	82.93	85.25	90.07	94.07
6048000.00	58.12	58.57	34.48	46.76	52.27	57.52	66.27	76.71	80.20
6051600.00	52.11	58.57	34.48	46.76	52.27	57.52	66.27	76.71	80.20
6055200.00	56.91	58.57	34.48	46.76	52.27	57.52	66.27	76.71	80.20
6058800.00	50.81	58.57	34.48	46.76	52.27	57.52	66.27	76.71	80.20
6062400.00	48.08	58.57	34.48	46.76	52.27	57.52	66.27	76.71	80.20
6066000.00	52.91	58.57	34.48	46.76	52.27	57.52	66.27	76.71	80.20
6069600.00	68.01	58.57	34.48	46.76	52.27	57.52	66.27	76.71	80.20
6073200.00	63.06	58.57	34.48	46.76	52.27	57.52	66.27	76.71	80.20
6076800.00	67.07	58.57	34.48	46.76	52.27	57.52	66.27	76.71	80.20
6080400.00	17.51	58.57	34.48	46.76	52.27	57.52	66.27	76.71	80.20
6084000.00	22.39	58.57	34.48	46.76	52.27	57.52	66.27	76.71	80.20
6087600.00	34.88	58.57	34.48	46.76	52.27	57.52	66.27	76.71	80.20
6091200.00	24.99	58.57	34.48	46.76	52.27	57.52	66.27	76.71	80.20
6094800.00	29.02	58.57	34.48	46.76	52.27	57.52	66.27	76.71	80.20
6098400.00	33.27	58.57	34.48	46.76	52.27	57.52	66.27	76.71	80.20
6102000.00	27.19	58.57	34.48	46.76	52.27	57.52	66.27	76.71	80.20
6105600.00	78.11	58.57	34.48	46.76	52.27	57.52	66.27	76.71	80.20
6109200.00	95.66	58.57	34.48	46.76	52.27	57.52	66.27	76.71	80.20
6112800.00	123.18	58.57	34.48	46.76	52.27	57.52	66.27	76.71	80.20
6116400.00	89.87	58.57	34.48	46.76	52.27	57.52	66.27	76.71	80.20
6120000.00	81.91	58.57	34.48	46.76	52.27	57.52	66.27	76.71	80.20
6123600.00	76.74	58.57	34.48	46.76	52.27	57.52	66.27	76.71	80.20
6127200.00	76.71	58.57	34.48	46.76	52.27	57.52	66.27	76.71	80.20
6130800.00	77.19	58.57	34.48	46.76	52.27	57.52	66.27	76.71	80.20
6134400.00	76.99	74.14	45.68	69.25	77.03	79.67	88.45	94.27	108.60
6138000.00	71.27	74.14	45.68	69.25	77.03	79.67	88.45	94.27	108.60
6141600.00	72.48	74.14	45.68	69.25	77.03	79.67	88.45	94.27	108.60
6145200.00	77.20	74.14	45.68	69.25	77.03	79.67	88.45	94.27	108.60
6148800.00	78.47	74.14	45.68	69.25	77.03	79.67	88.45	94.27	108.60
6152400.00	88.53	74.14	45.68	69.25	77.03	79.67	88.45	94.27	108.60
6156000.00	143.83	74.14	45.68	69.25	77.03	79.67	88.45	94.27	108.60
6159600.00	108.42	74.14	45.68	69.25	77.03	79.67	88.45	94.27	108.60
6163200.00	105.61	74.14	45.68	69.25	77.03	79.67	88.45	94.27	108.60
6166800.00	29.63	74.14	45.68	69.25	77.03	79.67	88.45	94.27	108.60
6170400.00	7.02	74.14	45.68	69.25	77.03	79.67	88.45	94.27	108.60
6174000.00	6.23	74.14	45.68	69.25	77.03	79.67	88.45	94.27	108.60
6177600.00	1.76	74.14	45.68	69.25	77.03	79.67	88.45	94.27	108.60
6181200.00	6.33	74.14	45.68	69.25	77.03	79.67	88.45	94.27	108.60
6184800.00	15.96	74.14	45.68	69.25	77.03	79.67	88.45	94.27	108.60
6188400.00	51.03	74.14	45.68	69.25	77.03	79.67	88.45	94.27	108.60
6192000.00	80.87	74.14	45.68	69.25	77.03	79.67	88.45	94.27	108.60
6195600.00	108.74	74.14	45.68	69.25	77.03	79.67	88.45	94.27	108.60
6199200.00	152.66	74.14	45.68	69.25	77.03	79.67	88.45	94.27	108.60
6202800.00	120.91	74.14	45.68	69.25	77.03	79.67	88.45	94.27	108.60
6206400.00	92.53	74.14	45.68	69.25	77.03	79.67	88.45	94.27	108.60
6210000.00	93.50	74.14	45.68	69.25	77.03	79.67	88.45	94.27	108.60
6213600.00	88.13	74.14	45.68	69.25	77.03	79.67	88.45	94.27	108.60
6217200.00	101.20	74.14	45.68	69.25	77.03	79.67	88.45	94.27	108.60
6220800.00	94.92	77.06	65.31	73.82	81.57	84.77	89.62	95.11	103.95
6224400.00	84.07	77.06	65.31	73.82	81.57	84.77	89.62	95.11	103.95
6228000.00	83.47	77.06	65.31	73.82	81.57	84.77	89.62	95.11	103.95
6231600.00	89.69	77.06	65.31	73.82	81.57	84.77	89.62	95.11	103.95
6235200.00	94.42	77.06	65.31	73.82	81.57	84.77	89.62	95.11	103.95
6238800.00	102.89	77.06	65.31	73.82	81.57	84.77	89.62	95.11	103.95
6242400.00	132.55	77.06	65.31	73.82	81.57	84.77	89.62	95.11	103.95
6246000.00	85.47	77.06	65.31	73.82	81.57	84.77	89.62	95.11	103.95
6249600.00	36.43	77.06	65.31	73.82	81.57	84.77	89.62	95.11	103.95
6253200.00	19.05	77.06	65.31	73.82	81.57	84.77	89.62	95.11	103.95
6256800.00	12.62	77.06	65.31	73.82	81.57	84.77	89.62	95.11	103.95
6260400.00	8.77	77.06	65.31	73.82	81.57	84.77	89.62	95.11	103.95
6264000.00	21.99	77.06	65.31	73.82	81.57	84.77	89.62	95.11	103.95
6267600.00	45.29	77.06	65.31	73.82	81.57	84.77	89.62	95.11	103.95
6271200.00	74.02	77.06	65.31	73.82	81.57	84.77	89.62	95.11	103.95
6274800.00	96.76	77.06	65.31	73.82	81.57	84.77	89.62	95.11	103.95
6278400.00	79.12	77.06	65.31	73.82	81.57	84.77	89.62	95.11	103.95
6282000.00	105.09	77.06	65.31	73.82	81.57	84.77	89.62	95.11	103.95
6285600.00	132.52	77.06	65.31	73.82	81.57	84.77	89.62	95.11	103.95
6289200.00	103.78	77.06	65.31	73.82	81.57	84.77	89.62	95.11	103.95
6292800.00	104.09	77.06	65.31	73.82	81.57	84.77	89.62	95.11	103.95
6296400.00	89.36	77.06	65.31	73.82	81.57	84.77	89.62	95.11	103.95
6300000.00	81.10	77.06	65.31	73.82	81.57	84.77	89.62	95.11	103.95
6303600.00	71.99	77.06	65.31	73.82	81.57	84.77	89.62	95.11	103.95
6307200.00	69.20	59.08	11.09	53.04	66.65	71.38	77.75	82.20	97.05
6310800.00	67.46	59.08	11.09	53.04	66.65	71.38	77.75	82.20	97.05
6314400.00	66.45	59.08	11.09	53.04	66.65	71.38	77.75	82.20	97.05
6318000.00	73.55	59.08	11.09	53.04	66.65	71.38	77.75	82.20	97.05
6321600.00	77.91	59.08	11.09	53.04	66.65	71.38	77.75	82.20	97.05
6325200.00	81.88	59.08	11.09	53.04	66.65	71.38	77.75	82.20	97.05
6328800.00	78.79	59.08	11.09	53.04	66.65	71.38	77.75	82.20	97.05
6332400.00	14.12	59.08	11.09	53.04	66.65	71.38	77.75	82.20	97.05
6336000.00	-10.90	59.08	11.09	53.04	66.65	71.38	77.75	82.20	97.05
6339600.00	-11.62	59.08	11.09	53.04	66.65	71.38	77.75	82.20	97.05
6343200.00	-5.04	59.08	11.09	53.04	66.65	71.38	77.75	82.20	97.05
6346800.00	2.01	59.08	11.09	53.04	66.65	71.38	77.75	82.20	97.05
6350400.00	-9.99	59.08	11.09	53.04	66.65	71.38	77.75	82.20	97.05
6354000.00	-1.23	59.08	11.09	53.04	66.65	71.38	77.75	82.20	97.05
6357600.00	57.37	59.08	11.09	53.04	66.65	71.38	77.75	82.20	97.05
6361200.00	96.26	59.08	11.09	53.04	66.65	71.38	77.75	82.20	97.05
6364800.00	66.30	59.08	11.09	53.04	66.65	71.38	77.75	82.20	97.05
6368400.00	118.27	59.08	11.09	53.04	66.65	71.38	77.75	82.20	97.05
6372000.00	130.90	59.08	11.09	53.04	66.65	71.38	77.75	82.20	97.05
6375600.00	93.54	59.08	11.09	53.04	66.65	71.38	77.75	82.20	97.05
6379200.00	77.13	59.08	11.09	53.04	66.65	71.38	77.75	82.20	97.05
6382800.00	85.10	59.08	11.09	53.04	66.65	71.38	77.75	82.20	97.05
6386400.00	97.69	59.08	11.09	53.04	66.65	71.38	77.75	82.20	97.05
6390000.00	102.68	59.08	11.09	53.04	66.65	71.38	77.75	82.20	97.05
6393600.00	99.41	-0.92	-28.45	-15.14	-11.34	-9.98	-1.97	8.90	55.94
6397200.00	73.64	-0.92	-28.45	-15.14	-11.34	-9.98	-1.97	8.90	55.94
6400800.00	55.95	-0.92	-28.45	-15.14	-11.34	-9.98	-1.97	8.90	55.94
6404400.00	51.25	-0.92	-28.45	-15.14	-11.34	-9.98	-1.97	8.90	55.94
6408000.00	55.93	-0.92	-28.45	-15.14	-11.34	-9.98	-1.97	8.90	55.94
6411600.00	64.85	-0.92	-28.45	-15.14	-11.34	-9.98	-1.97	8.90	55.94
6415200.00	17.32	-0.92	-28.45	-15.14	-11.34	-9.98	-1.97	8.90	55.94
6418800.00	7.97	-0.92	-28.45	-15.14	-11.34	-9.98	-1.97	8.90	55.94
6422400.00	-0.79	-0.92	-28.45	-15.14	-11.34	-9.98	-1.97	8.90	55.94
6426000.00	1.52	-0.92	-28.45	-15.14	-11.34	-9.98	-1.97	8.90	55.94
6429600.00	-11.41	-0.92	-28.45	-15.14	-11.34	-9.98	-1.97	8.90	55.94
6433200.00	-39.12	-0.92	-28.45	-15.14	-11.34	-9.98	-1.97	8.90	55.94
6436800.00	-71.33	-0.92	-28.45	-15.14	-11.34	-9.98	-1.97	8.90	55.94
6440400.00	-27.33	-0.92	-28.45	-15.14	-11.34	-9.98	-1.97	8.90	55.94
6444000.00	-53.49	-0.92	-28.45	-15.14	-11.34	-9.98	-1.97	8.90	55.94
6447600.00	-116.37	-0.92	-28.45	-15.14	-11.34	-9.98	-1.97	8.90	55.94
6451200.00	-31.83	-0.92	-28.45	-15.14	-11.34	-9.98	-1.97	8.90	55.94
6454800.00	-33.58	-0.92	-28.45	-15.14	-11.34	-9.98	-1.97	8.90	55.94
6458400.00	-6.70	-0.92	-28.45	-15.14	-11.34	-9.98	-1.97	8.90	55.94
6462000.00	-13.12	-0.92	-28.45	-15.14	-11.34	-9.98	-1.97	8.90	55.94
6465600.00	-8.89	-0.92	-28.45	-15.14	-11.34	-9.98	-1.97	8.90	55.94
6469200.00	-11.08	-0.92	-28.45	-15.14	-11.34	-9.98	-1.97	8.90	55.94
6472800.00	-13.78	-0.92	-28.45	-15.14	-11.34	-9.98	-1.97	8.90	55.94
6476400.00	-11.08	-0.92	-28.45	-15.14	-11.34	-9.98	-1.97	8.90	55.94
6480000.00	7.13	-2.40	-42.00	-36.39	4.33	6.21	22.94	46.59	57.02
6483600.00	4.20	-2.40	-42.00	-36.39	4.33	6.21	22.94	46.59	57.02
6487200.00	4.83	-2.40	-42.00	-36.39	4.33	6.21	22.94	46.59	57.02
6490800.00	5.29	-2.40	-42.00	-36.39	4.33	6.21	22.94	46.59	57.02
6494400.00	23.61	-2.40	-42.00	-36.39	4.33	6.21	22.94	46.59	57.02
6498000.00	56.91	-2.40	-42.00	-36.39	4.33	6.21	22.94	46.59	57.02
6501600.00	85.84	-2.40	-42.00	-36.39	4.33	6.21	22.94	46.59	57.02
6505200.00	44.40	-2.40	-42.00	-36.39	4.33	6.21	22.94	46.59	57.02
6508800.00	-45.06	-2.40	-42.00	-36.39	4.33	6.21	22.94	46.59	57.02
6512400.00	-57.37	-2.40	-42.00	-36.39	4.33	6.21	22.94	46.59	57.02
6516000.00	-40.97	-2.40	-42.00	-36.39	4.33	6.21	22.94	46.59	57.02
6519600.00	-35.88	-2.40	-42.00	-36.39	4.33	6.21	22.94	46.59	57.02
6523200.00	-98.66	-2.40	-42.00	-36.39	4.33	6.21	22.94	46.59	57.02
6526800.00	-146.63	-2.40	-42.00	-36.39	4.33	6.21	22.94	46.59	57.02
6530400.00	-113.53	-2.40	-42.00	-36.39	4.33	6.21	22.94	46.59	57.02
6534000.00	-107.89	-2.40	-42.00	-36.39	4.33	6.21	22.94	46.59	57.02
6537600.00	-24.90	-2.40	-42.00	-36.39	4.33	6.21	22.94	46.59	57.02
6541200.00	20.27	-2.40	-42.00	-36.39	4.33	6.21	22.94	46.59	57.02
6544800.00	78.73	-2.40	-42.00	-36.39	4.33	6.21	22.94	46.59	57.02
6548400.00	77.43	-2.40	-42.00	-36.39	4.33	6.21	22.94	46.59	57.02
6552000.00	57.12	-2.40	-42.00	-36.39	4.33	6.21	22.94	46.59	57.02
6555600.00	46.21	-2.40	-42.00	-36.39	4.33	6.21	22.94	46.59	57.02
6559200.00	50.00	-2.40	-42.00	-36.39	4.33	6.21	22.94	46.59	57.02
6562800.00	51.21	-2.40	-42.00	-36.39	4.33	6.21	22.94	46.59	57.02
6566400.00	53.03	61.12	33.39	51.13	53.81	61.33	79.67	82.30	95.42
6570000.00	54.18	61.12	33.39	51.13	53.81	61.33	79.67	82.30	95.42
6573600.00	53.26	61.12	33.39	51.13	53.81	61.33	79.67	82.30	95.42
6577200.00	53.71	61.12	33.39	51.13	53.81	61.33	79.67	82.30	95.42
6580800.00	65.21	61.12	33.39	51.13	53.81	61.33	79.67	82.30	95.42
6584400.00	79.48	61.12	33.39	51.13	53.81	61.33	79.67	82.30	95.42
6588000.00	93.60	61.12	33.39	51.13	53.81	61.33	79.67	82.30	95.42
6591600.00	80.07	61.12	33.39	51.13	53.81	61.33	79.67	82.30	95.42
6595200.00	34.05	61.12	33.39	51.13	53.81	61.33	79.67	82.30	95.42
6598800.00	15.63	61.12	33.39	51.13	53.81	61.33	79.67	82.30	95.42
6602400.00	1.99	61.12	33.39	51.13	53.81	61.33	79.67	82.30	95.42
6606000.00	12.76	61.12	33.39	51.13	53.81	61.33	79.67	82.30	95.42
6609600.00	19.57	61.12	33.39	51.13	53.81	61.33	79.67	82.30	95.42
6613200.00	19.45	61.12	33.39	51.13	53.81	61.33	79.67	82.30	95.42
6616800.00	31.42	61.12	33.39	51.13	53.81	61.33	79.67	82.30	95.42
6620400.00	57.45	61.12	33.39	51.13	53.81	61.33	79.67	82.30	95.42
6624000.00	79.71	61.12	33.39	51.13	53.81	61.33	79.67	82.30	95.42
6627600.00	100.72	61.12	33.39	51.13	53.81	61.33	79.67	82.30	95.42
6631200.00	104.39	61.12	33.39	51.13	53.81	61.33	79.67	82.30	95.42
6634800.00	98.18	61.12	33.39	51.13	53.81	61.33	79.67	82.30	95.42
6638400.00	93.14	61.12	33.39	51.13	53.81	61.33	79.67	82.30	95.42
6642000.00	87.15	61.12	33.39	51.13	53.81	61.33	79.67	82.30	95.42
6645600.00	81.76	61.12	33.39	51.13	53.81	61.33	79.67	82.30	95.42
6649200.00	96.92	61.12	33.39	51.13	53.81	61.33	79.67	82.30	95.42
6652800.00	92.23	74.24	46.79	57.78	84.81	86.32	87.63	92.91	104.96
6656400.00	87.76	74.24	46.79	57.78	84.81	86.32	87.63	92.91	104.96
6660000.00	85.28	74.24	46.79	57.78	84.81	86.32	87.63	92.91	104.96
6663600.00	86.29	74.24	46.79	57.78	84.81	86.32	87.63	92.91	104.96
6667200.00	90.76	74.24	46.79	57.78	84.81	86.32	87.63	92.91	104.96
6670800.00	74.33	74.24	46.79	57.78	84.81	86.32	87.63	92.91	104.96
6674400.00	98.97	74.24	46.79	57.78	84.81	86.32	87.63	92.91	104.96
6678000.00	86.36	74.24	46.79	57.78	84.81	86.32	87.63	92.91	104.96
6681600.00	49.29	74.24	46.79	57.78	84.81	86.32	87.63	92.91	104.96
6685200.00	39.27	74.24	46.79	57.78	84.81	86.32	87.63	92.91	104.96
6688800.00	0.94	74.24	46.79	57.78	84.81	86.32	87.63	92.91	104.96
6692400.00	-5.54	74.24	46.79	57.78	84.81	86.32	87.63	92.91	104.96
6696000.00	-8.13	74.24	46.79	57.78	84.81	86.32	87.63	92.91	104.96
6699600.00	-4.62	74.24	46.79	57.78	84.81	86.32	87.63	92.91	104.96
6703200.00	23.72	74.24	46.79	57.78	84.81	86.32	87.63	92.91	104.96
6706800.00	58.73	74.24	46.79	57.78	84.81	86.32	87.63	92.91	104.96
6710400.00	99.77	74.24	46.79	57.78	84.81	86.32	87.63	92.91	104.96
6714000.00	113.96	74.24	46.79	57.78	84.81	86.32	87.63	92.91	104.96
6717600.00	198.87	74.24	46.79	57.78	84.81	86.32	87.63	92.91	104.96
6721200.00	133.04	74.24	46.79	57.78	84.81	86.32	87.63	92.91	104.96
6724800.00	99.46	74.24	46.79	57.78	84.81	86.32	87.63	92.91	104.96
6728400.00	109.20	74.24	46.79	57.78	84.81	86.32	87.63	92.91	104.96
6732000.00	87.13	74.24	46.79	57.78	84.81	86.32	87.63	92.91	104.96
6735600.00	84.70	74.24	46.79	57.78	84.81	86.32	87.63	92.91	104.96
6739200.00	75.40	51.43	22.79	24.69	37.69	49.68	70.74	76.61	92.48
6742800.00	40.31	51.43	22.79	24.69	37.69	49.68	70.74	76.61	92.48
6746400.00	11.63	51.43	22.79	24.69	37.69	49.68	70.74	76.61	92.48
6750000.00	2.73	51.43	22.79	24.69	37.69	49.68	70.74	76.61	92.48
6753600.00	2.04	51.43	22.79	24.69	37.69	49.68	70.74	76.61	92.48
6757200.00	6.61	51.43	22.79	24.69	37.69	49.68	70.74	76.61	92.48
6760800.00	59.05	51.43	22.79	24.69	37.69	49.68	70.74	76.61	92.48
6764400.00	38.29	51.43	22.79	24.69	37.69	49.68	70.74	76.61	92.48
6768000.00	24.88	51.43	22.79	24.69	37.69	49.68	70.74	76.61	92.48
6771600.00	22.42	51.43	22.79	24.69	37.69	49.68	70.74	76.61	92.48
6775200.00	66.80	51.43	22.79	24.69	37.69	49.68	70.74	76.61	92.48
6778800.00	22.91	51.43	22.79	24.69	37.69	49.68	70.74	76.61	92.48
6782400.00	37.54	51.43	22.79	24.69	37.69	49.68	70.74	76.61	92.48
6786000.00	30.22	51.43	22.79	24.69	37.69	49.68	70.74	76.61	92.48
6789600.00	-10.51	51.43	22.79	24.69	37.69	49.68	70.74	76.61	92.48
6793200.00	103.39	51.43	22.79	24.69	37.69	49.68	70.74	76.61	92.48
6796800.00	98.07	51.43	22.79	24.69	37.69	49.68	70.74	76.61	92.48
6800400.00	87.51	51.43	22.79	24.69	37.69	49.68	70.74	76.61	92.48
6804000.00	89.85	51.43	22.79	24.69	37.69	49.68	70.74	76.61	92.48
6807600.00	93.09	51.43	22.79	24.69	37.69	49.68	70.74	76.61	92.48
6811200.00	96.35	51.43	22.79	24.69	37.69	49.68	70.74	76.61	92.48
6814800.00	91.75	51.43	22.79	24.69	37.69	49.68	70.74	76.61	92.48
6818400.00	71.72	51.43	22.79	24.69	37.69	49.68	70.74	76.61	92.48
6822000.00	72.26	51.43	22.79	24.69	37.69	49.68	70.74	76.61	92.48
6825600.00	91.23	76.15	59.14	62.91	80.85	84.99	92.45	98.57	107.92
6829200.00	107.88	76.15	59.14	62.91	80.85	84.99	92.45	98.57	107.92
6832800.00	107.96	76.15	59.14	62.91	80.85	84.99	92.45	98.57	107.92
6836400.00	101.77	76.15	59.14	62.91	80.85	84.99	92.45	98.57	107.92
6840000.00	98.37	76.15	59.14	62.91	80.85	84.99	92.45	98.57	107.92
6843600.00	110.13	76.15	59.14	62.91	80.85	84.99	92.45	98.57	107.92
6847200.00	136.53	76.15	59.14	62.91	80.85	84.99	92.45	98.57	107.92
6850800.00	111.09	76.15	59.14	62.91	80.85	84.99	92.45	98.57	107.92
6854400.00	100.34	76.15	59.14	62.91	80.85	84.99	92.45	98.57	107.92
6858000.00	78.99	76.15	59.14	62.91	80.85	84.99	92.45	98.57	107.92
6861600.00	61.17	76.15	59.14	62.91	80.85	84.99	92.45	98.57	107.92
6865200.00	53.06	76.15	59.14	62.91	80.85	84.99	92.45	98.57	107.92
6868800.00	29.16	76.15	59.14	62.91	80.85	84.99	92.45	98.57	107.92
6872400.00	0.13	76.15	59.14	62.91	80.85	84.99	92.45	98.57	107.92
6876000.00	1.31	76.15	59.14	62.91	80.85	84.99	92.45	98.57	107.92
6879600.00	9.12	76.15	59.14	62.91	80.85	84.99	92.45	98.57	107.92
6883200.00	43.44	76.15	59.14	62.91	80.85	84.99	92.45	98.57	107.92
6886800.00	97.50	76.15	59.14	62.91	80.85	84.99	92.45	98.57	107.92
6890400.00	63.10	76.15	59.14	62.91	80.85	84.99	92.45	98.57	107.92
6894000.00	92.75	76.15	59.14	62.91	80.85	84.99	92.45	98.57	107.92
6897600.00	87.00	76.15	59.14	62.91	80.85	84.99	92.45	98.57	107.92
6901200.00	80.59	76.15	59.14	62.91	80.85	84.99	92.45	98.57	107.92
6904800.00	81.90	76.15	59.14	62.91	80.85	84.99	92.45	98.57	107.92
6908400.00	82.98	76.15	59.14	62.91	80.85	84.99	92.45	98.57	107.92
6912000.00	91.87	48.24	-15.67	25.60	66.46	70.44	73.75	92.38	101.46
6915600.00	100.92	48.24	-15.67	25.60	66.46	70.44	73.75	92.38	101.46
6919200.00	114.37	48.24	-15.67	25.60	66.46	70.44	73.75	92.38	101.46
6922800.00	107.88	48.24	-15.67	25.60	66.46	70.44	73.75	92.38	101.46
6926400.00	101.90	48.24	-15.67	25.60	66.46	70.44	73.75	92.38	101.46
6930000.00	96.30	48.24	-15.67	25.60	66.46	70.44	73.75	92.38	101.46
6933600.00	110.29	48.24	-15.67	25.60	66.46	70.44	73.75	92.38	101.46
6937200.00	67.92	48.24	-15.67	25.60	66.46	70.44	73.75	92.38	101.46
6940800.00	29.69	48.24	-15.67	25.60	66.46	70.44	73.75	92.38	101.46
6944400.00	-33.05	48.24	-15.67	25.60	66.46	70.44	73.75	92.38	101.46
6948000.00	-47.23	48.24	-15.67	25.60	66.46	70.44	73.75	92.38	101.46
6951600.00	-40.63	48.24	-15.67	25.60	66.46	70.44	73.75	92.38	101.46
6955200.00	-44.07	48.24	-15.67	25.60	66.46	70.44	73.75	92.38	101.46
6958800.00	-36.60	48.24	-15.67	25.60	66.46	70.44	73.75	92.38	101.46
6962400.00	-28.93	48.24	-15.67	25.60	66.46	70.44	73.75	92.38	101.46
6966000.00	-11.25	48.24	-15.67	25.60	66.46	70.44	73.75	92.38	101.46
6969600.00	34.97	48.24	-15.67	25.60	66.46	70.44	73.75	92.38	101.46
6973200.00	71.39	48.24	-15.67	25.60	66.46	70.44	73.75	92.38	101.46
6976800.00	98.80	48.24	-15.67	25.60	66.46	70.44	73.75	92.38	101.46
6980400.00	91.95	48.24	-15.67	25.60	66.46	70.44	73.75	92.38	101.46
6984000.00	74.33	48.24	-15.67	25.60	66.46	70.44	73.75	92.38	101.46
6987600.00	69.50	48.24	-15.67	25.60	66.46	70.44	73.75	92.38	101.46
6991200.00	66.09	48.24	-15.67	25.60	66.46	70.44	73.75	92.38	101.46
6994800.00	71.45	48.24	-15.67	25.60	66.46	70.44	73.75	92.38	101.46
6998400.00	72.62	37.77	-11.63	-0.99	52.95	58.78	61.14	64.65	75.88
7002000.00	64.47	37.77	-11.63	-0.99	52.95	58.78	61.14	64.65	75.88
7005600.00	61.39	37.77	-11.63	-0.99	52.95	58.78	61.14	64.65	75.88
7009200.00	60.14	37.77	-11.63	-0.99	52.95	58.78	61.14	64.65	75.88
7012800.00	66.32	37.77	-11.63	-0.99	52.95	58.78	61.14	64.65	75.88
7016400.00	73.90	37.77	-11.63	-0.99	52.95	58.78	61.14	64.65	75.88
7020000.00	87.95	37.77	-11.63	-0.99	52.95	58.78	61.14	64.65	75.88
7023600.00	59.05	37.77	-11.63	-0.99	52.95	58.78	61.14	64.65	75.88
7027200.00	0.17	37.77	-11.63	-0.99	52.95	58.78	61.14	64.65	75.88
7030800.00	-12.43	37.77	-11.63	-0.99	52.95	58.78	61.14	64.65	75.88
7034400.00	-25.97	37.77	-11.63	-0.99	52.95	58.78	61.14	64.65	75.88
7038000.00	-20.42	37.77	-11.63	-0.99	52.95	58.78	61.14	64.65	75.88
7041600.00	-21.61	37.77	-11.63	-0.99	52.95	58.78	61.14	64.65	75.88
7045200.00	-19.74	37.77	-11.63	-0.99	52.95	58.78	61.14	64.65	75.88
7048800.00	-16.06	37.77	-11.63	-0.99	52.95	58.78	61.14	64.65	75.88
7052400.00	-11.37	37.77	-11.63	-0.99	52.95	58.78	61.14	64.65	75.88
7056000.00	15.63	37.77	-11.63	-0.99	52.95	58.78	61.14	64.65	75.88
7059600.00	77.50	37.77	-11.63	-0.99	52.95	58.78	61.14	64.65	75.88
7063200.00	89.65	37.77	-11.63	-0.99	52.95	58.78	61.14	64.65	75.88
7066800.00	79.36	37.77	-11.63	-0.99	52.95	58.78	61.14	64.65	75.88
7070400.00	58.51	37.77	-11.63	-0.99	52.95	58.78	61.14	64.65	75.88
7074000.00	61.40	37.77	-11.63	-0.99	52.95	58.78	61.14	64.65	75.88
7077600.00	53.11	37.77	-11.63	-0.99	52.95	58.78	61.14	64.65	75.88
7081200.00	52.91	37.77	-11.63	-0.99	52.95	58.78	61.14	64.65	75.88
7084800.00	58.29	23.73	-22.57	-17.03	21.37	42.39	51.50	58.38	67.47
7088400.00	53.08	23.73	-22.57	-17.03	21.37	42.39	51.50	58.38	67.47
7092000.00	50.22	23.73	-22.57	-17.03	21.37	42.39	51.50	58.38	67.47
7095600.00	51.83	23.73	-22.57	-17.03	21.37	42.39	51.50	58.38	67.47
7099200.00	59.26	23.73	-22.57	-17.03	21.37	42.39	51.50	58.38	67.47
7102800.00	74.06	23.73	-22.57	-17.03	21.37	42.39	51.50	58.38	67.47
7106400.00	92.64	23.73	-22.57	-17.03	21.37	42.39	51.50	58.38	67.47
7110000.00	72.78	23.73	-22.57	-17.03	21.37	42.39	51.50	58.38	67.47
7113600.00	-16.71	23.73	-22.57	-17.03	21.37	42.39	51.50	58.38	67.47
7117200.00	-49.19	23.73	-22.57	-17.03	21.37	42.39	51.50	58.38	67.47
7120800.00	-44.11	23.73	-22.57	-17.03	21.37	42.39	51.50	58.38	67.47
7124400.00	-32.77	23.73	-22.57	-17.03	21.37	42.39	51.50	58.38	67.47
7128000.00	-30.62	23.73	-22.57	-17.03	21.37	42.39	51.50	58.38	67.47
7131600.00	-30.39	23.73	-22.57	-17.03	21.37	42.39	51.50	58.38	67.47
7135200.00	-39.88	23.73	-22.57	-17.03	21.37	42.39	51.50	58.38	67.47
7138800.00	-19.97	23.73	-22.57	-17.03	21.37	42.39	51.50	58.38	67.47
7142400.00	-16.20	23.73	-22.57	-17.03	21.37	42.39	51.50	58.38	67.47
7146000.00	17.04	23.73	-22.57	-17.03	21.37	42.39	51.50	58.38	67.47
7149600.00	74.72	23.73	-22.57	-17.03	21.37	42.39	51.50	58.38	67.47
7153200.00	60.98	23.73	-22.57	-17.03	21.37	42.39	51.50	58.38	67.47
7156800.00	60.93	23.73	-22.57	-17.03	21.37	42.39	51.50	58.38	67.47
7160400.00	41.70	23.73	-22.57	-17.03	21.37	42.39	51.50	58.38	67.47
7164000.00	38.73	23.73	-22.57	-17.03	21.37	42.39	51.50	58.38	67.47
7167600.00	43.08	23.73	-22.57	-17.03	21.37	42.39	51.50	58.38	67.47
7171200.00	40.79	31.91	-13.94	13.03	31.96	40.03	51.59	58.57	72.05
7174800.00	36.49	31.91	-13.94	13.03	31.96	40.03	51.59	58.57	72.05
7178400.00	30.36	31.91	-13.94	13.03	31.96	40.03	51.59	58.57	72.05
7182000.00	30.82	31.91	-13.94	13.03	31.96	40.03	51.59	58.57	72.05
7185600.00	39.27	31.91	-13.94	13.03	31.96	40.03	51.59	58.57	72.05
7189200.00	55.99	31.91	-13.94	13.03	31.96	40.03	51.59	58.57	72.05
7192800.00	75.68	31.91	-13.94	13.03	31.96	40.03	51.59	58.57	72.05
7196400.00	53.82	31.91	-13.94	13.03	31.96	40.03	51.59	58.57	72.05
7200000.00	15.90	31.91	-13.94	13.03	31.96	40.03	51.59	58.57	72.05
7203600.00	-12.78	31.91	-13.94	13.03	31.96	40.03	51.59	58.57	72.05
7207200.00	-18.87	31.91	-13.94	13.03	31.96	40.03	51.59	58.57	72.05
7210800.00	-19.32	31.91	-13.94	13.03	31.96	40.03	51.59	58.57	72.05
7214400.00	-33.61	31.91	-13.94	13.03	31.96	40.03	51.59	58.57	72.05
7218000.00	-25.14	31.91	-13.94	13.03	31.96	40.03	51.59	58.57	72.05
7221600.00	-20.22	31.91	-13.94	13.03	31.96	40.03	51.59	58.57	72.05
7225200.00	-17.44	31.91	-13.94	13.03	31.96	40.03	51.59	58.57	72.05
7228800.00	42.64	31.91	-13.94	13.03	31.96	40.03	51.59	58.57	72.05
7232400.00	72.99	31.91	-13.94	13.03	31.96	40.03	51.59	58.57	72.05
7236000.00	80.21	31.91	-13.94	13.03	31.96	40.03	51.59	58.57	72.05
7239600.00	79.04	31.91	-13.94	13.03	31.96	40.03	51.59	58.57	72.05
7243200.00	70.89	31.91	-13.94	13.03	31.96	40.03	51.59	58.57	72.05
7246800.00	68.21	31.91	-13.94	13.03	31.96	40.03	51.59	58.57	72.05
7250400.00	61.85	31.91	-13.94	13.03	31.96	40.03	51.59	58.57	72.05
7254000.00	58.21	31.91	-13.94	13.03	31.96	40.03	51.59	58.57	72.05
7257600.00	51.04	39.30	16.73	18.19	33.52	42.37	47.92	51.48	70.55
7261200.00	48.62	39.30	16.73	18.19	33.52	42.37	47.92	51.48	70.55
7264800.00	44.59	39.30	16.73	18.19	33.52	42.37	47.92	51.48	70.55
7268400.00	46.20	39.30	16.73	18.19	33.52	42.37	47.92	51.48	70.55
7272000.00	57.61	39.30	16.73	18.19	33.52	42.37	47.92	51.48	70.55
7275600.00	83.05	39.30	16.73	18.19	33.52	42.37	47.92	51.48	70.55
7279200.00	111.87	39.30	16.73	18.19	33.52	42.37	47.92	51.48	70.55
7282800.00	95.99	39.30	16.73	18.19	33.52	42.37	47.92	51.48	70.55
7286400.00	80.77	39.30	16.73	18.19	33.52	42.37	47.92	51.48	70.55
7290000.00	40.16	39.30	16.73	18.19	33.52	42.37	47.92	51.48	70.55
7293600.00	22.04	39.30	16.73	18.19	33.52	42.37	47.92	51.48	70.55
7297200.00	16.81	39.30	16.73	18.19	33.52	42.37	47.92	51.48	70.55
7300800.00	-0.21	39.30	16.73	18.19	33.52	42.37	47.92	51.48	70.55
7304400.00	-8.93	39.30	16.73	18.19	33.52	42.37	47.92	51.48	70.55
7308000.00	-16.27	39.30	16.73	18.19	33.52	42.37	47.92	51.48	70.55
7311600.00	-1.65	39.30	16.73	18.19	33.52	42.37	47.92	51.48	70.55
7315200.00	5.67	39.30	16.73	18.19	33.52	42.37	47.92	51.48	70.55
7318800.00	55.43	39.30	16.73	18.19	33.52	42.37	47.92	51.48	70.55
7322400.00	58.07	39.30	16.73	18.19	33.52	42.37	47.92	51.48	70.55
7326000.00	48.35	39.30	16.73	18.19	33.52	42.37	47.92	51.48	70.55
7329600.00	36.51	39.30	16.73	18.19	33.52	42.37	47.92	51.48	70.55
7333200.00	32.78	39.30	16.73	18.19	33.52	42.37	47.92	51.48	70.55
7336800.00	18.34	39.30	16.73	18.19	33.52	42.37	47.92	51.48	70.55
7340400.00	16.47	39.30	16.73	18.19	33.52	42.37	47.92	51.48	70.55
7344000.00	7.99	34.73	4.76	5.65	12.83	17.93	49.01	59.72	86.59
7347600.00	5.70	34.73	4.76	5.65	12.83	17.93	49.01	59.72	86.59
7351200.00	5.23	34.73	4.76	5.65	12.83	17.93	49.01	59.72	86.59
7354800.00	12.17	34.73	4.76	5.65	12.83	17.93	49.01	59.72	86.59
7358400.00	20.16	34.73	4.76	5.65	12.83	17.93	49.01	59.72	86.59
7362000.00	31.60	34.73	4.76	5.65	12.83	17.93	49.01	59.72	86.59
7365600.00	59.29	34.73	4.76	5.65	12.83	17.93	49.01	59.72	86.59
7369200.00	54.97	34.73	4.76	5.65	12.83	17.93	49.01	59.72	86.59
7372800.00	15.44	34.73	4.76	5.65	12.83	17.93	49.01	59.72	86.59
7376400.00	1.86	34.73	4.76	5.65	12.83	17.93	49.01	59.72	86.59
7380000.00	-8.94	34.73	4.76	5.65	12.83	17.93	49.01	59.72	86.59
7383600.00	-14.61	34.73	4.76	5.65	12.83	17.93	49.01	59.72	86.59
7387200.00	-13.64	34.73	4.76	5.65	12.83	17.93	49.01	59.72	86.59
7390800.00	-9.80	34.73	4.76	5.65	12.83	17.93	49.01	59.72	86.59
7394400.00	3.34	34.73	4.76	5.65	12.83	17.93	49.01	59.72	86.59
7398000.00	15.71	34.73	4.76	5.65	12.83	17.93	49.01	59.72	86.59
7401600.00	53.36	34.73	4.76	5.65	12.83	17.93	49.01	59.72	86.59
7405200.00	86.24	34.73	4.76	5.65	12.83	17.93	49.01	59.72	86.59
7408800.00	100.57	34.73	4.76	5.65	12.83	17.93	49.01	59.72	86.59
7412400.00	98.52	34.73	4.76	5.65	12.83	17.93	49.01	59.72	86.59
7416000.00	92.26	34.73	4.76	5.65	12.83	17.93	49.01	59.72	86.59
7419600.00	86.87	34.73	4.76	5.65	12.83	17.93	49.01	59.72	86.59
7423200.00	65.70	34.73	4.76	5.65	12.83	17.93	49.01	59.72	86.59
7426800.00	63.57	34.73	4.76	5.65	12.83	17.93	49.01	59.72	86.59
7430400.00	57.12	70.81	52.38	56.77	70.69	79.62	85.39	89.73	100.62
7434000.00	48.68	70.81	52.38	56.77	70.69	79.62	85.39	89.73	100.62
7437600.00	63.04	70.81	52.38	56.77	70.69	79.62	85.39	89.73	100.62
7441200.00	70.19	70.81	52.38	56.77	70.69	79.62	85.39	89.73	100.62
7444800.00	100.02	70.81	52.38	56.77	70.69	79.62	85.39	89.73	100.62
7448400.00	97.24	70.81	52.38	56.77	70.69	79.62	85.39	89.73	100.62
7452000.00	114.24	70.81	52.38	56.77	70.69	79.62	85.39	89.73	100.62
7455600.00	106.60	70.81	52.38	56.77	70.69	79.62	85.39	89.73	100.62
7459200.00	74.68	70.81	52.38	56.77	70.69	79.62	85.39	89.73	100.62
7462800.00	53.62	70.81	52.38	56.77	70.69	79.62	85.39	89.73	100.62
7466400.00	26.86	70.81	52.38	56.77	70.69	79.62	85.39	89.73	100.62
7470000.00	3.68	70.81	52.38	56.77	70.69	79.62	85.39	89.73	100.62
7473600.00	-1.91	70.81	52.38	56.77	70.69	79.62	85.39	89.73	100.62
7477200.00	15.39	70.81	52.38	56.77	70.69	79.62	85.39	89.73	100.62
7480800.00	43.39	70.81	52.38	56.77	70.69	79.62	85.39	89.73	100.62
7484400.00	72.67	70.81	52.38	56.77	70.69	79.62	85.39	89.73	100.62
7488000.00	85.35	70.81	52.38	56.77	70.69	79.62	85.39	89.73	100.62
7491600.00	85.40	70.81	52.38	56.77	70.69	79.62	85.39	89.73	100.62
7495200.00	84.56	70.81	52.38	56.77	70.69	79.62	85.39	89.73	100.62
7498800.00	94.41	70.81	52.38	56.77	70.69	79.62	85.39	89.73	100.62
7502400.00	125.00	70.81	52.38	56.77	70.69	79.62	85.39	89.73	100.62
7506000.00	88.97	70.81	52.38	56.77	70.69	79.62	85.39	89.73	100.62
7509600.00	89.21	70.81	52.38	56.77	70.69	79.62	85.39	89.73	100.62
7513200.00	101.12	70.81	52.38	56.77	70.69	79.62	85.39	89.73	100.62
7516800.00	98.31	35.30	-13.84	-7.78	17.57	24.23	30.25	81.02	93.75
7520400.00	93.21	35.30	-13.84	-7.78	17.57	24.23	30.25	81.02	93.75
7524000.00	94.20	35.30	-13.84	-7.78	17.57	24.23	30.25	81.02	93.75
7527600.00	87.06	35.30	-13.84	-7.78	17.57	24.23	30.25	81.02	93.75
7531200.00	66.07	35.30	-13.84	-7.78	17.57	24.23	30.25	81.02	93.75
7534800.00	80.78	35.30	-13.84	-7.78	17.57	24.23	30.25	81.02	93.75
7538400.00	128.23	35.30	-13.84	-7.78	17.57	24.23	30.25	81.02	93.75
7542000.00	94.28	35.30	-13.84	-7.78	17.57	24.23	30.25	81.02	93.75
7545600.00	83.15	35.30	-13.84	-7.78	17.57	24.23	30.25	81.02	93.75
7549200.00	25.39	35.30	-13.84	-7.78	17.57	24.23	30.25	81.02	93.75
7552800.00	-15.66	35.30	-13.84	-7.78	17.57	24.23	30.25	81.02	93.75
7556400.00	-15.47	35.30	-13.84	-7.78	17.57	24.23	30.25	81.02	93.75
7560000.00	-15.51	35.30	-13.84	-7.78	17.57	24.23	30.25	81.02	93.75
7563600.00	-14.37	35.30	-13.84	-7.78	17.57	24.23	30.25	81.02	93.75
7567200.00	-13.66	35.30	-13.84	-7.78	17.57	24.23	30.25	81.02	93.75
7570800.00	-24.72	35.30	-13.84	-7.78	17.57	24.23	30.25	81.02	93.75
7574400.00	-18.03	35.30	-13.84	-7.78	17.57	24.23	30.25	81.02	93.75
7578000.00	-7.13	35.30	-13.84	-7.78	17.57	24.23	30.25	81.02	93.75
7581600.00	31.40	35.30	-13.84	-7.78	17.57	24.23	30.25	81.02	93.75
7585200.00	25.65	35.30	-13.84	-7.78	17.57	24.23	30.25	81.02	93.75
7588800.00	23.08	35.30	-13.84	-7.78	17.57	24.23	30.25	81.02	93.75
7592400.00	18.84	35.30	-13.84	-7.78	17.57	24.23	30.25	81.02	93.75
7596000.00	4.89	35.30	-13.84	-7.78	17.57	24.23	30.25	81.02	93.75
7599600.00	17.26	35.30	-13.84	-7.78	17.57	24.23	30.25	81.02	93.75
7603200.00	5.04	-6.41	-16.65	-15.96	-12.38	-7.81	-1.13	3.15	5.48
7606800.00	6.06	-6.41	-16.65	-15.96	-12.38	-7.81	-1.13	3.15	5.48
7610400.00	5.76	-6.41	-16.65	-15.96	-12.38	-7.81	-1.13	3.15	5.48
7614000.00	5.89	-6.41	-16.65	-15.96	-12.38	-7.81	-1.13	3.15	5.48
7617600.00	5.56	-6.41	-16.65	-15.96	-12.38	-7.81	-1.13	3.15	5.48
7621200.00	2.72	-6.41	-16.65	-15.96	-12.38	-7.81	-1.13	3.15	5.48
7624800.00	5.38	-6.41	-16.65	-15.96	-12.38	-7.81	-1.13	3.15	5.48
7628400.00	-12.51	-6.41	-16.65	-15.96	-12.38	-7.81	-1.13	3.15	5.48
7632000.00	-16.47	-6.41	-16.65	-15.96	-12.38	-7.81	-1.13	3.15	5.48
7635600.00	-17.64	-6.41	-16.65	-15.96	-12.38	-7.81	-1.13	3.15	5.48
7639200.00	-18.38	-6.41	-16.65	-15.96	-12.38	-7.81	-1.13	3.15	5.48
7642800.00	-18.07	-6.41	-16.65	-15.96	-12.38	-7.81	-1.13	3.15	5.48
7646400.00	-18.75	-6.41	-16.65	-15.96	-12.38	-7.81	-1.13	3.15	5.48
7650000.00	-18.44	-6.41	-16.65	-15.96	-12.38	-7.81	-1.13	3.15	5.48
7653600.00	-17.17	-6.41	-16.65	-15.96	-12.38	-7.81	-1.13	3.15	5.48
7657200.00	-15.90	-6.41	-16.65	-15.96	-12.38	-7.81	-1.13	3.15	5.48
7660800.00	-13.04	-6.41	-16.65	-15.96	-12.38	-7.81	-1.13	3.15	5.48
7664400.00	-11.82	-6.41	-16.65	-15.96	-12.38	-7.81	-1.13	3.15	5.48
7668000.00	-2.70	-6.41	-16.65	-15.96	-12.38	-7.81	-1.13	3.15	5.48
7671600.00	3.89	-6.41	-16.65	-15.96	-12.38	-7.81	-1.13	3.15	5.48
7675200.00	3.07	-6.41	-16.65	-15.96	-12.38	-7.81	-1.13	3.15	5.48
7678800.00	-0.74	-6.41	-16.65	-15.96	-12.38	-7.81	-1.13	3.15	5.48
7682400.00	-11.60	-6.41	-16.65	-15.96	-12.38	-7.81	-1.13	3.15	5.48
7686000.00	-4.02	-6.41	-16.65	-15.96	-12.38	-7.81	-1.13	3.15	5.48
7689600.00	-4.35	-3.87	-19.97	-18.18	-12.82	-11.92	-5.42	7.55	17.54
7693200.00	-11.73	-3.87	-19.97	-18.18	-12.82	-11.92	-5.42	7.55	17.54
7696800.00	-12.75	-3.87	-19.97	-18.18	-12.82	-11.92	-5.42	7.55	17.54
7700400.00	-12.84	-3.87	-19.97	-18.18	-12.82	-11.92	-5.42	7.55	17.54
7704000.00	-9.70	-3.87	-19.97	-18.18	-12.82	-11.92	-5.42	7.55	17.54
7707600.00	4.61	-3.87	-19.97	-18.18	-12.82	-11.92	-5.42	7.55	17.54
7711200.00	22.87	-3.87	-19.97	-18.18	-12.82	-11.92	-5.42	7.55	17.54
7714800.00	7.52	-3.87	-19.97	-18.18	-12.82	-11.92	-5.42	7.55	17.54
7718400.00	-17.68	-3.87	-19.97	-18.18	-12.82	-11.92	-5.42	7.55	17.54
7722000.00	-20.38	-3.87	-19.97	-18.18	-12.82	-11.92	-5.42	7.55	17.54
7725600.00	-24.92	-3.87	-19.97	-18.18	-12.82	-11.92	-5.42	7.55	17.54
7729200.00	-23.82	-3.87	-19.97	-18.18	-12.82	-11.92	-5.42	7.55	17.54
7732800.00	-22.82	-3.87	-19.97	-18.18	-12.82	-11.92	-5.42	7.55	17.54
7736400.00	-20.60	-3.87	-19.97	-18.18	-12.82	-11.92	-5.42	7.55	17.54
7740000.00	-24.91	-3.87	-19.97	-18.18	-12.82	-11.92	-5.42	7.55	17.54
7743600.00	-19.83	-3.87	-19.97	-18.18	-12.82	-11.92	-5.42	7.55	17.54
7747200.00	-18.00	-3.87	-19.97	-18.18	-12.82	-11.92	-5.42	7.55	17.54
7750800.00	-12.12	-3.87	-19.97	-18.18	-12.82	-11.92	-5.42	7.55	17.54
7754400.00	17.20	-3.87	-19.97	-18.18	-12.82	-11.92	-5.42	7.55	17.54
7758000.00	34.00	-3.87	-19.97	-18.18	-12.82	-11.92	-5.42	7.55	17.54
7761600.00	36.35	-3.87	-19.97	-18.18	-12.82	-11.92	-5.42	7.55	17.54
7765200.00	17.81	-3.87	-19.97	-18.18	-12.82	-11.92	-5.42	7.55	17.54
7768800.00	7.80	-3.87	-19.97	-18.18	-12.82	-11.92	-5.42	7.55	17.54
7772400.00	15.31	-3.87	-19.97	-18.18	-12.82	-11.92	-5.42	7.55	17.54
7776000.00	10.36	34.78	0.74	4.88	6.61	15.02	41.62	71.81	89.56
7779600.00	5.33	34.78	0.74	4.88	6.61	15.02	41.62	71.81	89.56
7783200.00	5.69	34.78	0.74	4.88	6.61	15.02	41.62	71.81	89.56
7786800.00	5.70	34.78	0.74	4.88	6.61	15.02	41.62	71.81	89.56
7790400.00	10.24	34.78	0.74	4.88	6.61	15.02	41.62	71.81	89.56
7794000.00	35.59	34.78	0.74	4.88	6.61	15.02	41.62	71.81	89.56
7797600.00	70.26	34.78	0.74	4.88	6.61	15.02	41.62	71.81	89.56
7801200.00	50.80	34.78	0.74	4.88	6.61	15.02	41.62	71.81	89.56
7804800.00	0.45	34.78	0.74	4.88	6.61	15.02	41.62	71.81	89.56
7808400.00	-14.90	34.78	0.74	4.88	6.61	15.02	41.62	71.81	89.56
7812000.00	-15.94	34.78	0.74	4.88	6.61	15.02	41.62	71.81	89.56
7815600.00	-15.89	34.78	0.74	4.88	6.61	15.02	41.62	71.81	89.56
7819200.00	-16.03	34.78	0.74	4.88	6.61	15.02	41.62	71.81	89.56
7822800.00	-14.96	34.78	0.74	4.88	6.61	15.02	41.62	71.81	89.56
7826400.00	0.84	34.78	0.74	4.88	6.61	15.02	41.62	71.81	89.56
7830000.00	19.68	34.78	0.74	4.88	6.61	15.02	41.62	71.81	89.56
7833600.00	43.13	34.78	0.74	4.88	6.61	15.02	41.62	71.81	89.56
7837200.00	98.82	34.78	0.74	4.88	6.61	15.02	41.62	71.81	89.56
7840800.00	112.08	34.78	0.74	4.88	6.61	15.02	41.62	71.81	89.56
7844400.00	91.41	34.78	0.74	4.88	6.61	15.02	41.62	71.81	89.56
7848000.00	87.20	34.78	0.74	4.88	6.61	15.02	41.62	71.81	89.56
7851600.00	89.01	34.78	0.74	4.88	6.61	15.02	41.62	71.81	89.56
7855200.00	85.77	34.78	0.74	4.88	6.61	15.02	41.62	71.81	89.56
7858800.00	90.01	34.78	0.74	4.88	6.61	15.02	41.62	71.81	89.56
7862400.00	89.48	73.25	33.20	50.94	83.64	84.30	87.66	89.79	98.12
7866000.00	87.19	73.25	33.20	50.94	83.64	84.30	87.66	89.79	98.12
7869600.00	84.17	73.25	33.20	50.94	83.64	84.30	87.66	89.79	98.12
7873200.00	92.50	73.25	33.20	50.94	83.64	84.30	87.66	89.79	98.12
7876800.00	97.79	73.25	33.20	50.94	83.64	84.30	87.66	89.79	98.12
7880400.00	133.14	73.25	33.20	50.94	83.64	84.30	87.66	89.79	98.12
7884000.00	192.70	73.25	33.20	50.94	83.64	84.30	87.66	89.79	98.12
7887600.00	139.90	73.25	33.20	50.94	83.64	84.30	87.66	89.79	98.12
7891200.00	87.78	73.25	33.20	50.94	83.64	84.30	87.66	89.79	98.12
7894800.00	52.51	73.25	33.20	50.94	83.64	84.30	87.66	89.79	98.12
7898400.00	13.50	73.25	33.20	50.94	83.64	84.30	87.66	89.79	98.12
7902000.00	6.10	73.25	33.20	50.94	83.64	84.30	87.66	89.79	98.12
7905600.00	4.84	73.25	33.20	50.94	83.64	84.30	87.66	89.79	98.12
7909200.00	0.24	73.25	33.20	50.94	83.64	84.30	87.66	89.79	98.12
7912800.00	6.43	73.25	33.20	50.94	83.64	84.30	87.66	89.79	98.12
7916400.00	22.31	73.25	33.20	50.94	83.64	84.30	87.66	89.79	98.12
7920000.00	36.83	73.25	33.20	50.94	83.64	84.30	87.66	89.79	98.12
7923600.00	96.41	73.25	33.20	50.94	83.64	84.30	87.66	89.79	98.12
7927200.00	98.38	73.25	33.20	50.94	83.64	84.30	87.66	89.79	98.12
7930800.00	83.64	73.25	33.20	50.94	83.64	84.30	87.66	89.79	98.12
7934400.00	84.42	73.25	33.20	50.94	83.64	84.30	87.66	89.79	98.12
7938000.00	74.76	73.25	33.20	50.94	83.64	84.30	87.66	89.79	98.12
7941600.00	83.64	73.25	33.20	50.94	83.64	84.30	87.66	89.79	98.12
7945200.00	89.41	73.25	33.20	50.94	83.64	84.30	87.66	89.79	98.12
7948800.00	82.86	47.08	0.47	7.46	27.72	72.30	74.50	80.99	86.64
7952400.00	82.28	47.08	0.47	7.46	27.72	72.30	74.50	80.99	86.64
7956000.00	75.16	47.08	0.47	7.46	27.72	72.30	74.50	80.99	86.64
7959600.00	72.88	47.08	0.47	7.46	27.72	72.30	74.50	80.99	86.64
7963200.00	74.56	47.08	0.47	7.46	27.72	72.30	74.50	80.99	86.64
7966800.00	94.29	47.08	0.47	7.46	27.72	72.30	74.50	80.99	86.64
7970400.00	136.42	47.08	0.47	7.46	27.72	72.30	74.50	80.99	86.64
7974000.00	91.42	47.08	0.47	7.46	27.72	72.30	74.50	80.99	86.64
7977600.00	63.50	47.08	0.47	7.46	27.72	72.30	74.50	80.99	86.64
7981200.00	18.77	47.08	0.47	7.46	27.72	72.30	74.50	80.99	86.64
7984800.00	0.93	47.08	0.47	7.46	27.72	72.30	74.50	80.99	86.64
7988400.00	-12.29	47.08	0.47	7.46	27.72	72.30	74.50	80.99	86.64
7992000.00	-18.21	47.08	0.47	7.46	27.72	72.30	74.50	80.99	86.64
7995600.00	-17.52	47.08	0.47	7.46	27.72	72.30	74.50	80.99	86.64
7999200.00	-16.98	47.08	0.47	7.46	27.72	72.30	74.50	80.99	86.64
8002800.00	-15.29	47.08	0.47	7.46	27.72	72.30	74.50	80.99	86.64
8006400.00	-0.90	47.08	0.47	7.46	27.72	72.30	74.50	80.99	86.64
8010000.00	8.19	47.08	0.47	7.46	27.72	72.30	74.50	80.99	86.64
8013600.00	10.09	47.08	0.47	7.46	27.72	72.30	74.50	80.99	86.64
8017200.00	87.99	47.08	0.47	7.46	27.72	72.30	74.50	80.99	86.64
8020800.00	84.99	47.08	0.47	7.46	27.72	72.30	74.50	80.99	86.64
8024400.00	74.27	47.08	0.47	7.46	27.72	72.30	74.50	80.99	86.64
8028000.00	71.72	47.08	0.47	7.46	27.72	72.30	74.50	80.99	86.64
8031600.00	80.85	47.08	0.47	7.46	27.72	72.30	74.50	80.99	86.64
8035200.00	70.84	59.23	30.37	40.09	44.09	70.23	70.80	78.07	92.02
8038800.00	70.64	59.23	30.37	40.09	44.09	70.23	70.80	78.07	92.02
8042400.00	70.45	59.23	30.37	40.09	44.09	70.23	70.80	78.07	92.02
8046000.00	70.01	59.23	30.37	40.09	44.09	70.23	70.80	78.07	92.02
8049600.00	76.60	59.23	30.37	40.09	44.09	70.23	70.80	78.07	92.02
8053200.00	101.10	59.23	30.37	40.09	44.09	70.23	70.80	78.07	92.02
8056800.00	159.61	59.23	30.37	40.09	44.09	70.23	70.80	78.07	92.02
8060400.00	95.77	59.23	30.37	40.09	44.09	70.23	70.80	78.07	92.02
8064000.00	92.12	59.23	30.37	40.09	44.09	70.23	70.80	78.07	92.02
8067600.00	55.49	59.23	30.37	40.09	44.09	70.23	70.80	78.07	92.02
8071200.00	40.83	59.23	30.37	40.09	44.09	70.23	70.80	78.07	92.02
8074800.00	33.43	59.23	30.37	40.09	44.09	70.23	70.80	78.07	92.02
8078400.00	17.90	59.23	30.37	40.09	44.09	70.23	70.80	78.07	92.02
8082000.00	6.11	59.23	30.37	40.09	44.09	70.23	70.80	78.07	92.02
8085600.00	4.49	59.23	30.37	40.09	44.09	70.23	70.80	78.07	92.02
8089200.00	-1.73	59.23	30.37	40.09	44.09	70.23	70.80	78.07	92.02
8092800.00	15.58	59.23	30.37	40.09	44.09	70.23	70.80	78.07	92.02
8096400.00	41.23	59.23	30.37	40.09	44.09	70.23	70.80	78.07	92.02
8100000.00	87.66	59.23	30.37	40.09	44.09	70.23	70.80	78.07	92.02
8103600.00	81.49	59.23	30.37	40.09	44.09	70.23	70.80	78.07	92.02
8107200.00	91.90	59.23	30.37	40.09	44.09	70.23	70.80	78.07	92.02
8110800.00	77.69	59.23	30.37	40.09	44.09	70.23	70.80	78.07	92.02
8114400.00	41.05	59.23	30.37	40.09	44.09	70.23	70.80	78.07	92.02
8118000.00	21.19	59.23	30.37	40.09	44.09	70.23	70.80	78.07	92.02
8121600.00	4.79	39.10	-7.03	3.93	17.94	35.96	55.65	77.33	98.04
8125200.00	11.07	39.10	-7.03	3.93	17.94	35.96	55.65	77.33	98.04
8128800.00	37.33	39.10	-7.03	3.93	17.94	35.96	55.65	77.33	98.04
8132400.00	15.92	39.10	-7.03	3.93	17.94	35.96	55.65	77.33	98.04
8136000.00	53.86	39.10	-7.03	3.93	17.94	35.96	55.65	77.33	98.04
8139600.00	56.09	39.10	-7.03	3.93	17.94	35.96	55.65	77.33	98.04
8143200.00	34.59	39.10	-7.03	3.93	17.94	35.96	55.65	77.33	98.04
8146800.00	85.39	39.10	-7.03	3.93	17.94	35.96	55.65	77.33	98.04
8150400.00	58.31	39.10	-7.03	3.93	17.94	35.96	55.65	77.33	98.04
8154000.00	-3.82	39.10	-7.03	3.93	17.94	35.96	55.65	77.33	98.04
8157600.00	-16.65	39.10	-7.03	3.93	17.94	35.96	55.65	77.33	98.04
8161200.00	-17.77	39.10	-7.03	3.93	17.94	35.96	55.65	77.33	98.04
8164800.00	-17.91	39.10	-7.03	3.93	17.94	35.96	55.65	77.33	98.04
8168400.00	-26.57	39.10	-7.03	3.93	17.94	35.96	55.65	77.33	98.04
8172000.00	-28.86	39.10	-7.03	3.93	17.94	35.96	55.65	77.33	98.04
8175600.00	-18.65	39.10	-7.03	3.93	17.94	35.96	55.65	77.33	98.04
8179200.00	26.05	39.10	-7.03	3.93	17.94	35.96	55.65	77.33	98.04
8182800.00	76.43	39.10	-7.03	3.93	17.94	35.96	55.65	77.33	98.04
8186400.00	109.67	39.10	-7.03	3.93	17.94	35.96	55.65	77.33	98.04
8190000.00	108.30	39.10	-7.03	3.93	17.94	35.96	55.65	77.33	98.04
8193600.00	106.26	39.10	-7.03	3.93	17.94	35.96	55.65	77.33	98.04
8197200.00	102.40	39.10	-7.03	3.93	17.94	35.96	55.65	77.33	98.04
8200800.00	92.71	39.10	-7.03	3.93	17.94	35.96	55.65	77.33	98.04
8204400.00	89.40	39.10	-7.03	3.93	17.94	35.96	55.65	77.33	98.04
8208000.00	80.81	38.26	-17.69	-14.77	8.01	71.49	74.08	81.14	85.62
8211600.00	73.06	38.26	-17.69	-14.77	8.01	71.49	74.08	81.14	85.62
8215200.00	70.37	38.26	-17.69	-14.77	8.01	71.49	74.08	81.14	85.62
8218800.00	85.80	38.26	-17.69	-14.77	8.01	71.49	74.08	81.14	85.62
8222400.00	92.98	38.26	-17.69	-14.77	8.01	71.49	74.08	81.14	85.62
8226000.00	74.33	38.26	-17.69	-14.77	8.01	71.49	74.08	81.14	85.62
8229600.00	79.61	38.26	-17.69	-14.77	8.01	71.49	74.08	81.14	85.62
8233200.00	33.95	38.26	-17.69	-14.77	8.01	71.49	74.08	81.14	85.62
8236800.00	-5.34	38.26	-17.69	-14.77	8.01	71.49	74.08	81.14	85.62
8240400.00	-17.01	38.26	-17.69	-14.77	8.01	71.49	74.08	81.14	85.62
8244000.00	-20.75	38.26	-17.69	-14.77	8.01	71.49	74.08	81.14	85.62
8247600.00	-22.26	38.26	-17.69	-14.77	8.01	71.49	74.08	81.14	85.62
8251200.00	-23.34	38.26	-17.69	-14.77	8.01	71.49	74.08	81.14	85.62
8254800.00	-26.59	38.26	-17.69	-14.77	8.01	71.49	74.08	81.14	85.62
8258400.00	-28.08	38.26	-17.69	-14.77	8.01	71.49	74.08	81.14	85.62
8262000.00	-19.73	38.26	-17.69	-14.77	8.01	71.49	74.08	81.14	85.62
8265600.00	-14.52	38.26	-17.69	-14.77	8.01	71.49	74.08	81.14	85.62
8269200.00	1.52	38.26	-17.69	-14.77	8.01	71.49	74.08	81.14	85.62
8272800.00	72.61	38.26	-17.69	-14.77	8.01	71.49	74.08	81.14	85.62
8276400.00	87.96	38.26	-17.69	-14.77	8.01	71.49	74.08	81.14	85.62
8280000.00	85.14	38.26	-17.69	-14.77	8.01	71.49	74.08	81.14	85.62
8283600.00	84.15	38.26	-17.69	-14.77	8.01	71.49	74.08	81.14	85.62
8287200.00	85.41	38.26	-17.69	-14.77	8.01	71.49	74.08	81.14	85.62
8290800.00	88.27	38.26	-17.69	-14.77	8.01	71.49	74.08	81.14	85.62
8294400.00	86.79	71.76	13.93	31.43	75.76	85.35	91.17	101.34	129.83
8298000.00	77.38	71.76	13.93	31.43	75.76	85.35	91.17	101.34	129.83
8301600.00	83.90	71.76	13.93	31.43	75.76	85.35	91.17	101.34	129.83
8305200.00	87.68	71.76	13.93	31.43	75.76	85.35	91.17	101.34	129.83
8308800.00	75.35	71.76	13.93	31.43	75.76	85.35	91.17	101.34	129.83
8312400.00	92.04	71.76	13.93	31.43	75.76	85.35	91.17	101.34	129.83
8316000.00	106.44	71.76	13.93	31.43	75.76	85.35	91.17	101.34	129.83
8319600.00	92.09	71.76	13.93	31.43	75.76	85.35	91.17	101.34	129.83
8323200.00	74.75	71.76	13.93	31.43	75.76	85.35	91.17	101.34	129.83
8326800.00	33.11	71.76	13.93	31.43	75.76	85.35	91.17	101.34	129.83
8330400.00	6.85	71.76	13.93	31.43	75.76	85.35	91.17	101.34	129.83
8334000.00	-10.19	71.76	13.93	31.43	75.76	85.35	91.17	101.34	129.83
8337600.00	-9.35	71.76	13.93	31.43	75.76	85.35	91.17	101.34	129.83
8341200.00	-14.83	71.76	13.93	31.43	75.76	85.35	91.17	101.34	129.83
8344800.00	-11.79	71.76	13.93	31.43	75.76	85.35	91.17	101.34	129.83
8348400.00	4.06	71.76	13.93	31.43	75.76	85.35	91.17	101.34	129.83
8352000.00	16.29	71.76	13.93	31.43	75.76	85.35	91.17	101.34	129.83
8355600.00	100.78	71.76	13.93	31.43	75.76	85.35	91.17	101.34	129.83
8359200.00	143.81	71.76	13.93	31.43	75.76	85.35	91.17	101.34	129.83
8362800.00	132.37	71.76	13.93	31.43	75.76	85.35	91.17	101.34	129.83
8366400.00	117.79	71.76	13.93	31.43	75.76	85.35	91.17	101.34	129.83
8370000.00	126.73	71.76	13.93	31.43	75.76	85.35	91.17	101.34	129.83
8373600.00	150.01	71.76	13.93	31.43	75.76	85.35	91.17	101.34	129.83
8377200.00	160.16	71.76	13.93	31.43	75.76	85.35	91.17	101.34	129.83
8380800.00	114.09	88.63	64.46	85.12	94.27	95.99	100.64	107.03	128.55
8384400.00	110.04	88.63	64.46	85.12	94.27	95.99	100.64	107.03	128.55
8388000.00	101.18	88.63	64.46	85.12	94.27	95.99	100.64	107.03	128.55
8391600.00	100.69	88.63	64.46	85.12	94.27	95.99	100.64	107.03	128.55
8395200.00	106.83	88.63	64.46	85.12	94.27	95.99	100.64	107.03	128.55
8398800.00	108.81	88.63	64.46	85.12	94.27	95.99	100.64	107.03	128.55
8402400.00	176.93	88.63	64.46	85.12	94.27	95.99	100.64	107.03	128.55
8406000.00	166.64	88.63	64.46	85.12	94.27	95.99	100.64	107.03	128.55
8409600.00	90.85	88.63	64.46	85.12	94.27	95.99	100.64	107.03	128.55
8413200.00	74.94	88.63	64.46	85.12	94.27	95.99	100.64	107.03	128.55
8416800.00	33.01	88.63	64.46	85.12	94.27	95.99	100.64	107.03	128.55
8420400.00	28.60	88.63	64.46	85.12	94.27	95.99	100.64	107.03	128.55
8424000.00	16.87	88.63	64.46	85.12	94.27	95.99	100.64	107.03	128.55
8427600.00	14.18	88.63	64.46	85.12	94.27	95.99	100.64	107.03	128.55
8431200.00	5.75	88.63	64.46	85.12	94.27	95.99	100.64	107.03	128.55
8434800.00	23.24	88.63	64.46	85.12	94.27	95.99	100.64	107.03	128.55
8438400.00	86.25	88.63	64.46	85.12	94.27	95.99	100.64	107.03	128.55
8442000.00	140.39	88.63	64.46	85.12	94.27	95.99	100.64	107.03	128.55
8445600.00	146.51	88.63	64.46	85.12	94.27	95.99	100.64	107.03	128.55
8449200.00	100.47	88.63	64.46	85.12	94.27	95.99	100.64	107.03	128.55
8452800.00	94.78	88.63	64.46	85.12	94.27	95.99	100.64	107.03	128.55
8456400.00	95.28	88.63	64.46	85.12	94.27	95.99	100.64	107.03	128.55
8460000.00	96.70	88.63	64.46	85.12	94.27	95.99	100.64	107.03	128.55
8463600.00	94.15	88.63	64.46	85.12	94.27	95.99	100.64	107.03	128.55
8467200.00	89.91	115.13	90.45	93.45	95.46	107.41	113.17	125.43	137.08
8470800.00	88.21	115.13	90.45	93.45	95.46	107.41	113.17	125.43	137.08
8474400.00	84.74	115.13	90.45	93.45	95.46	107.41	113.17	125.43	137.08
8478000.00	85.10	115.13	90.45	93.45	95.46	107.41	113.17	125.43	137.08
8481600.00	90.53	115.13	90.45	93.45	95.46	107.41	113.17	125.43	137.08
8485200.00	97.49	115.13	90.45	93.45	95.46	107.41	113.17	125.43	137.08
8488800.00	125.38	115.13	90.45	93.45	95.46	107.41	113.17	125.43	137.08
8492400.00	125.80	115.13	90.45	93.45	95.46	107.41	113.17	125.43	137.08
8496000.00	94.88	115.13	90.45	93.45	95.46	107.41	113.17	125.43	137.08
8499600.00	113.39	115.13	90.45	93.45	95.46	107.41	113.17	125.43	137.08
8503200.00	102.91	115.13	90.45	93.45	95.46	107.41	113.17	125.43	137.08
8506800.00	112.30	115.13	90.45	93.45	95.46	107.41	113.17	125.43	137.08
8510400.00	94.95	115.13	90.45	93.45	95.46	107.41	113.17	125.43	137.08
8514000.00	116.37	115.13	90.45	93.45	95.46	107.41	113.17	125.43	137.08
8517600.00	126.38	115.13	90.45	93.45	95.46	107.41	113.17	125.43	137.08
8521200.00	111.92	115.13	90.45	93.45	95.46	107.41	113.17	125.43	137.08
8524800.00	132.52	115.13	90.45	93.45	95.46	107.41	113.17	125.43	137.08
8528400.00	148.42	115.13	90.45	93.45	95.46	107.41	113.17	125.43	137.08
8532000.00	250.33	115.13	90.45	93.45	95.46	107.41	113.17	125.43	137.08
8535600.00	158.65	115.13	90.45	93.45	95.46	107.41	113.17	125.43	137.08
8539200.00	140.81	115.13	90.45	93.45	95.46	107.41	113.17	125.43	137.08
8542800.00	93.78	115.13	90.45	93.45	95.46	107.41	113.17	125.43	137.08
8546400.00	90.20	115.13	90.45	93.45	95.46	107.41	113.17	125.43	137.08
8550000.00	88.18	115.13	90.45	93.45	95.46	107.41	113.17	125.43	137.08
8553600.00	79.50	59.52	19.20	48.46	56.76	65.87	74.70	79.84	101.23
8557200.00	71.17	59.52	19.20	48.46	56.76	65.87	74.70	79.84	101.23
8560800.00	55.67	59.52	19.20	48.46	56.76	65.87	74.70	79.84	101.23
8564400.00	55.10	59.52	19.20	48.46	56.76	65.87	74.70	79.84	101.23
8568000.00	51.57	59.52	19.20	48.46	56.76	65.87	74.70	79.84	101.23
8571600.00	61.10	59.52	19.20	48.46	56.76	65.87	74.70	79.84	101.23
8575200.00	82.97	59.52	19.20	48.46	56.76	65.87	74.70	79.84	101.23
8578800.00	61.78	59.52	19.20	48.46	56.76	65.87	74.70	79.84	101.23
8582400.00	164.78	59.52	19.20	48.46	56.76	65.87	74.70	79.84	101.23
8586000.00	20.45	59.52	19.20	48.46	56.76	65.87	74.70	79.84	101.23
8589600.00	-8.70	59.52	19.20	48.46	56.76	65.87	74.70	79.84	101.23
8593200.00	-15.63	59.52	19.20	48.46	56.76	65.87	74.70	79.84	101.23
8596800.00	-15.41	59.52	19.20	48.46	56.76	65.87	74.70	79.84	101.23
8600400.00	-16.23	59.52	19.20	48.46	56.76	65.87	74.70	79.84	101.23
8604000.00	-5.70	59.52	19.20	48.46	56.76	65.87	74.70	79.84	101.23
8607600.00	15.46	59.52	19.20	48.46	56.76	65.87	74.70	79.84	101.23
8611200.00	75.58	59.52	19.20	48.46	56.76	65.87	74.70	79.84	101.23
8614800.00	131.27	59.52	19.20	48.46	56.76	65.87	74.70	79.84	101.23
8618400.00	129.92	59.52	19.20	48.46	56.76	65.87	74.70	79.84	101.23
8622000.00	106.93	59.52	19.20	48.46	56.76	65.87	74.70	79.84	101.23
8625600.00	94.27	59.52	19.20	48.46	56.76	65.87	74.70	79.84	101.23
8629200.00	86.22	59.52	19.20	48.46	56.76	65.87	74.70	79.84	101.23
8632800.00	69.96	59.52	19.20	48.46	56.76	65.87	74.70	79.84	101.23
8636400.00	76.35	59.52	19.20	48.46	56.76	65.87	74.70	79.84	101.23
8640000.00	87.03	67.54	55.03	62.57	69.72	76.39	81.63	83.31	89.60
8643600.00	83.25	67.54	55.03	62.57	69.72	76.39	81.63	83.31	89.60
8647200.00	79.52	67.54	55.03	62.57	69.72	76.39	81.63	83.31	89.60
8650800.00	69.55	67.54	55.03	62.57	69.72	76.39	81.63	83.31	89.60
8654400.00	81.62	67.54	55.03	62.57	69.72	76.39	81.63	83.31	89.60
8658000.00	93.28	67.54	55.03	62.57	69.72	76.39	81.63	83.31	89.60
8661600.00	115.63	67.54	55.03	62.57	69.72	76.39	81.63	83.31	89.60
8665200.00	90.14	67.54	55.03	62.57	69.72	76.39	81.63	83.31	89.60
8668800.00	83.85	67.54	55.03	62.57	69.72	76.39	81.63	83.31	89.60
8672400.00	48.09	67.54	55.03	62.57	69.72	76.39	81.63	83.31	89.60
8676000.00	23.27	67.54	55.03	62.57	69.72	76.39	81.63	83.31	89.60
8679600.00	16.62	67.54	55.03	62.57	69.72	76.39	81.63	83.31	89.60
8683200.00	16.04	67.54	55.03	62.57	69.72	76.39	81.63	83.31	89.60
8686800.00	11.39	67.54	55.03	62.57	69.72	76.39	81.63	83.31	89.60
8690400.00	40.85	67.54	55.03	62.57	69.72	76.39	81.63	83.31	89.60
8694000.00	57.35	67.54	55.03	62.57	69.72	76.39	81.63	83.31	89.60
8697600.00	88.95	67.54	55.03	62.57	69.72	76.39	81.63	83.31	89.60
8701200.00	81.63	67.54	55.03	62.57	69.72	76.39	81.63	83.31	89.60
8704800.00	100.76	67.54	55.03	62.57	69.72	76.39	81.63	83.31	89.60
8708400.00	81.83	67.54	55.03	62.57	69.72	76.39	81.63	83.31	89.60
8712000.00	73.25	67.54	55.03	62.57	69.72	76.39	81.63	83.31	89.60
8715600.00	70.38	67.54	55.03	62.57	69.72	76.39	81.63	83.31	89.60
8719200.00	63.42	67.54	55.03	62.57	69.72	76.39	81.63	83.31	89.60
8722800.00	63.15	67.54	55.03	62.57	69.72	76.39	81.63	83.31	89.60
8726400.00	57.42	59.02	19.06	25.48	40.25	46.68	57.19	64.62	113.86
8730000.00	49.41	59.02	19.06	25.48	40.25	46.68	57.19	64.62	113.86
8733600.00	42.43	59.02	19.06	25.48	40.25	46.68	57.19	64.62	113.86
8737200.00	39.71	59.02	19.06	25.48	40.25	46.68	57.19	64.62	113.86
8740800.00	43.96	59.02	19.06	25.48	40.25	46.68	57.19	64.62	113.86
8744400.00	38.37	59.02	19.06	25.48	40.25	46.68	57.19	64.62	113.86
8748000.00	56.30	59.02	19.06	25.48	40.25	46.68	57.19	64.62	113.86
8751600.00	21.81	59.02	19.06	25.48	40.25	46.68	57.19	64.62	113.86
8755200.00	-2.94	59.02	19.06	25.48	40.25	46.68	57.19	64.62	113.86
8758800.00	-1.53	59.02	19.06	25.48	40.25	46.68	57.19	64.62	113.86
8762400.00	-6.27	59.02	19.06	25.48	40.25	46.68	57.19	64.62	113.86
8766000.00	-4.56	59.02	19.06	25.48	40.25	46.68	57.19	64.62	113.86
8769600.00	-0.72	59.02	19.06	25.48	40.25	46.68	57.19	64.62	113.86
8773200.00	10.82	59.02	19.06	25.48	40.25	46.68	57.19	64.62	113.86
8776800.00	25.88	59.02	19.06	25.48	40.25	46.68	57.19	64.62	113.86
8780400.00	61.39	59.02	19.06	25.48	40.25	46.68	57.19	64.62	113.86
8784000.00	100.49	59.02	19.06	25.48	40.25	46.68	57.19	64.62	113.86
8787600.00	177.47	59.02	19.06	25.48	40.25	46.68	57.19	64.62	113.86
8791200.00	189.28	59.02	19.06	25.48	40.25	46.68	57.19	64.62	113.86
8794800.00	144.24	59.02	19.06	25.48	40.25	46.68	57.19	64.62	113.86
8798400.00	124.80	59.02	19.06	25.48	40.25	46.68	57.19	64.62	113.86
8802000.00	100.07	59.02	19.06	25.48	40.25	46.68	57.19	64.62	113.86
8805600.00	86.53	59.02	19.06	25.48	40.25	46.68	57.19	64.62	113.86
8809200.00	62.19	59.02	19.06	25.48	40.25	46.68	57.19	64.62	113.86
8812800.00	43.22	34.16	-14.69	-14.37	-13.30	-7.54	29.83	105.89	110.46
8816400.00	1.90	34.16	-14.69	-14.37	-13.30	-7.54	29.83	105.89	110.46
8820000.00	-7.38	34.16	-14.69	-14.37	-13.30	-7.54	29.83	105.89	110.46
8823600.00	-14.08	34.16	-14.69	-14.37	-13.30	-7.54	29.83	105.89	110.46
8827200.00	-14.71	34.16	-14.69	-14.37	-13.30	-7.54	29.83	105.89	110.46
8830800.00	-14.69	34.16	-14.69	-14.37	-13.30	-7.54	29.83	105.89	110.46
8834400.00	-14.33	34.16	-14.69	-14.37	-13.30	-7.54	29.83	105.89	110.46
8838000.00	-14.12	34.16	-14.69	-14.37	-13.30	-7.54	29.83	105.89	110.46
8841600.00	-15.83	34.16	-14.69	-14.37	-13.30	-7.54	29.83	105.89	110.46
8845200.00	-15.78	34.16	-14.69	-14.37	-13.30	-7.54	29.83	105.89	110.46
8848800.00	-17.54	34.16	-14.69	-14.37	-13.30	-7.54	29.83	105.89	110.46
8852400.00	-17.46	34.16	-14.69	-14.37	-13.30	-7.54	29.83	105.89	110.46
8856000.00	-15.64	34.16	-14.69	-14.37	-13.30	-7.54	29.83	105.89	110.46
8859600.00	-10.18	34.16	-14.69	-14.37	-13.30	-7.54	29.83	105.89	110.46
8863200.00	-7.70	34.16	-14.69	-14.37	-13.30	-7.54	29.83	105.89	110.46
8866800.00	36.81	34.16	-14.69	-14.37	-13.30	-7.54	29.83	105.89	110.46
8870400.00	121.26	34.16	-14.69	-14.37	-13.30	-7.54	29.83	105.89	110.46
8874000.00	134.92	34.16	-14.69	-14.37	-13.30	-7.54	29.83	105.89	110.46
8877600.00	118.98	34.16	-14.69	-14.37	-13.30	-7.54	29.83	105.89	110.46
8881200.00	109.70	34.16	-14.69	-14.37	-13.30	-7.54	29.83	105.89	110.46
8884800.00	105.77	34.16	-14.69	-14.37	-13.30	-7.54	29.83	105.89	110.46
8888400.00	108.58	34.16	-14.69	-14.37	-13.30	-7.54	29.83	105.89	110.46
8892000.00	111.08	34.16	-14.69	-14.37	-13.30	-7.54	29.83	105.89	110.46
8895600.00	106.96	34.16	-14.69	-14.37	-13.30	-7.54	29.83	105.89	110.46
8899200.00	125.23	78.52	29.73	51.41	81.85	90.23	102.06	112.79	121.71
8902800.00	135.12	78.52	29.73	51.41	81.85	90.23	102.06	112.79	121.71
8906400.00	123.60	78.52	29.73	51.41	81.85	90.23	102.06	112.79	121.71
8910000.00	151.70	78.52	29.73	51.41	81.85	90.23	102.06	112.79	121.71
8913600.00	119.40	78.52	29.73	51.41	81.85	90.23	102.06	112.79	121.71
8917200.00	112.63	78.52	29.73	51.41	81.85	90.23	102.06	112.79	121.71
8920800.00	104.59	78.52	29.73	51.41	81.85	90.23	102.06	112.79	121.71
8924400.00	81.00	78.52	29.73	51.41	81.85	90.23	102.06	112.79	121.71
8928000.00	31.81	78.52	29.73	51.41	81.85	90.23	102.06	112.79	121.71
8931600.00	7.21	78.52	29.73	51.41	81.85	90.23	102.06	112.79	121.71
8935200.00	9.97	78.52	29.73	51.41	81.85	90.23	102.06	112.79	121.71
8938800.00	23.47	78.52	29.73	51.41	81.85	90.23	102.06	112.79	121.71
8942400.00	10.68	78.52	29.73	51.41	81.85	90.23	102.06	112.79	121.71
8946000.00	2.23	78.52	29.73	51.41	81.85	90.23	102.06	112.79	121.71
8949600.00	19.12	78.52	29.73	51.41	81.85	90.23	102.06	112.79	121.71
8953200.00	53.58	78.52	29.73	51.41	81.85	90.23	102.06	112.79	121.71
8956800.00	88.30	78.52	29.73	51.41	81.85	90.23	102.06	112.79	121.71
8960400.00	103.08	78.52	29.73	51.41	81.85	90.23	102.06	112.79	121.71
8964000.00	114.25	78.52	29.73	51.41	81.85	90.23	102.06	112.79	121.71
8967600.00	92.17	78.52	29.73	51.41	81.85	90.23	102.06	112.79	121.71
8971200.00	85.25	78.52	29.73	51.41	81.85	90.23	102.06	112.79	121.71
8974800.00	97.99	78.52	29.73	51.41	81.85	90.23	102.06	112.79	121.71
8978400.00	116.92	78.52	29.73	51.41	81.85	90.23	102.06	112.79	121.71
8982000.00	75.23	78.52	29.73	51.41	81.85	90.23	102.06	112.79	121.71
8985600.00	82.31	73.27	42.07	44.90	50.57	67.63	81.76	98.27	111.71
8989200.00	70.89	73.27	42.07	44.90	50.57	67.63	81.76	98.27	111.71
8992800.00	53.50	73.27	42.07	44.90	50.57	67.63	81.76	98.27	111.71
8996400.00	45.16	73.27	42.07	44.90	50.57	67.63	81.76	98.27	111.71
9000000.00	48.25	73.27	42.07	44.90	50.57	67.63	81.76	98.27	111.71
9003600.00	49.83	73.27	42.07	44.90	50.57	67.63	81.76	98.27	111.71
9007200.00	79.58	73.27	42.07	44.90	50.57	67.63	81.76	98.27	111.71
9010800.00	40.47	73.27	42.07	44.90	50.57	67.63	81.76	98.27	111.71
9014400.00	24.22	73.27	42.07	44.90	50.57	67.63	81.76	98.27	111.71
9018000.00	34.15	73.27	42.07	44.90	50.57	67.63	81.76	98.27	111.71
9021600.00	26.64	73.27	42.07	44.90	50.57	67.63	81.76	98.27	111.71
9025200.00	24.57	73.27	42.07	44.90	50.57	67.63	81.76	98.27	111.71
9028800.00	42.60	73.27	42.07	44.90	50.57	67.63	81.76	98.27	111.71
9032400.00	35.10	73.27	42.07	44.90	50.57	67.63	81.76	98.27	111.71
9036000.00	64.38	73.27	42.07	44.90	50.57	67.63	81.76	98.27	111.71
9039600.00	128.22	73.27	42.07	44.90	50.57	67.63	81.76	98.27	111.71
9043200.00	113.97	73.27	42.07	44.90	50.57	67.63	81.76	98.27	111.71
9046800.00	155.34	73.27	42.07	44.90	50.57	67.63	81.76	98.27	111.71
9050400.00	123.49	73.27	42.07	44.90	50.57	67.63	81.76	98.27	111.71
9054000.00	108.95	73.27	42.07	44.90	50.57	67.63	81.76	98.27	111.71
9057600.00	106.82	73.27	42.07	44.90	50.57	67.63	81.76	98.27	111.71
9061200.00	96.42	73.27	42.07	44.90	50.57	67.63	81.76	98.27	111.71
9064800.00	97.39	73.27	42.07	44.90	50.57	67.63	81.76	98.27	111.71
9068400.00	106.20	73.27	42.07	44.90	50.57	67.63	81.76	98.27	111.71
9072000.00	101.91	79.60	41.86	58.62	74.96	88.55	95.17	99.86	108.10
9075600.00	99.75	79.60	41.86	58.62	74.96	88.55	95.17	99.86	108.10
9079200.00	103.87	79.60	41.86	58.62	74.96	88.55	95.17	99.86	108.10
9082800.00	88.93	79.60	41.86	58.62	74.96	88.55	95.17	99.86	108.10
9086400.00	87.66	79.60	41.86	58.62	74.96	88.55	95.17	99.86	108.10
9090000.00	71.78	79.60	41.86	58.62	74.96	88.55	95.17	99.86	108.10
9093600.00	88.16	79.60	41.86	58.62	74.96	88.55	95.17	99.86	108.10
9097200.00	59.88	79.60	41.86	58.62	74.96	88.55	95.17	99.86	108.10
9100800.00	47.23	79.60	41.86	58.62	74.96	88.55	95.17	99.86	108.10
9104400.00	24.08	79.60	41.86	58.62	74.96	88.55	95.17	99.86	108.10
9108000.00	23.66	79.60	41.86	58.62	74.96	88.55	95.17	99.86	108.10
9111600.00	25.73	79.60	41.86	58.62	74.96	88.55	95.17	99.86	108.10
9115200.00	21.80	79.60	41.86	58.62	74.96	88.55	95.17	99.86	108.10
9118800.00	13.76	79.60	41.86	58.62	74.96	88.55	95.17	99.86	108.10
9122400.00	25.08	79.60	41.86	58.62	74.96	88.55	95.17	99.86	108.10
9126000.00	60.46	79.60	41.86	58.62	74.96	88.55	95.17	99.86	108.10
9129600.00	135.76	79.60	41.86	58.62	74.96	88.55	95.17	99.86	108.10
9133200.00	181.06	79.60	41.86	58.62	74.96	88.55	95.17	99.86	108.10
9136800.00	151.73	79.60	41.86	58.62	74.96	88.55	95.17	99.86	108.10
9140400.00	100.89	79.60	41.86	58.62	74.96	88.55	95.17	99.86	108.10
9144000.00	96.98	79.60	41.86	58.62	74.96	88.55	95.17	99.86	108.10
9147600.00	93.04	79.60	41.86	58.62	74.96	88.55	95.17	99.86	108.10
9151200.00	95.70	79.60	41.86	58.62	74.96	88.55	95.17	99.86	108.10
9154800.00	111.57	79.60	41.86	58.62	74.96	88.55	95.17	99.86	108.10
9158400.00	115.02	90.89	70.64	73.91	90.03	102.13	105.64	114.83	130.39
9162000.00	102.59	90.89	70.64	73.91	90.03	102.13	105.64	114.83	130.39
9165600.00	103.26	90.89	70.64	73.91	90.03	102.13	105.64	114.83	130.39
9169200.00	90.49	90.89	70.64	73.91	90.03	102.13	105.64	114.83	130.39
9172800.00	89.91	90.89	70.64	73.91	90.03	102.13	105.64	114.83	130.39
9176400.00	107.80	90.89	70.64	73.91	90.03	102.13	105.64	114.83	130.39
9180000.00	106.24	90.89	70.64	73.91	90.03	102.13	105.64	114.83	130.39
9183600.00	88.93	90.89	70.64	73.91	90.03	102.13	105.64	114.83	130.39
9187200.00	72.69	90.89	70.64	73.91	90.03	102.13	105.64	114.83	130.39
9190800.00	27.14	90.89	70.64	73.91	90.03	102.13	105.64	114.83	130.39
9194400.00	17.33	90.89	70.64	73.91	90.03	102.13	105.64	114.83	130.39
9198000.00	13.13	90.89	70.64	73.91	90.03	102.13	105.64	114.83	130.39
9201600.00	12.85	90.89	70.64	73.91	90.03	102.13	105.64	114.83	130.39
9205200.00	44.47	90.89	70.64	73.91	90.03	102.13	105.64	114.83	130.39
9208800.00	64.48	90.89	70.64	73.91	90.03	102.13	105.64	114.83	130.39
9212400.00	74.05	90.89	70.64	73.91	90.03	102.13	105.64	114.83	130.39
9216000.00	123.94	90.89	70.64	73.91	90.03	102.13	105.64	114.83	130.39
9219600.00	158.62	90.89	70.64	73.91	90.03	102.13	105.64	114.83	130.39
9223200.00	159.96	90.89	70.64	73.91	90.03	102.13	105.64	114.83	130.39
9226800.00	116.31	90.89	70.64	73.91	90.03	102.13	105.64	114.83	130.39
9230400.00	101.66	90.89	70.64	73.91	90.03	102.13	105.64	114.83	130.39
9234000.00	114.81	90.89	70.64	73.91	90.03	102.13	105.64	114.83	130.39
9237600.00	140.03	90.89	70.64	73.91	90.03	102.13	105.64	114.83	130.39
9241200.00	135.67	90.89	70.64	73.91	90.03	102.13	105.64	114.83	130.39
9244800.00	114.41	53.62	-8.48	-2.51	69.38	84.43	87.78	89.71	96.31
9248400.00	103.83	53.62	-8.48	-2.51	69.38	84.43	87.78	89.71	96.31
9252000.00	89.85	53.62	-8.48	-2.51	69.38	84.43	87.78	89.71	96.31
9255600.00	89.69	53.62	-8.48	-2.51	69.38	84.43	87.78	89.71	96.31
9259200.00	83.40	53.62	-8.48	-2.51	69.38	84.43	87.78	89.71	96.31
9262800.00	85.46	53.62	-8.48	-2.51	69.38	84.43	87.78	89.71	96.31
9266400.00	82.64	53.62	-8.48	-2.51	69.38	84.43	87.78	89.71	96.31
9270000.00	24.63	53.62	-8.48	-2.51	69.38	84.43	87.78	89.71	96.31
9273600.00	-12.38	53.62	-8.48	-2.51	69.38	84.43	87.78	89.71	96.31
9277200.00	-13.26	53.62	-8.48	-2.51	69.38	84.43	87.78	89.71	96.31
9280800.00	-7.19	53.62	-8.48	-2.51	69.38	84.43	87.78	89.71	96.31
9284400.00	-14.51	53.62	-8.48	-2.51	69.38	84.43	87.78	89.71	96.31
9288000.00	-17.32	53.62	-8.48	-2.51	69.38	84.43	87.78	89.71	96.31
9291600.00	-15.42	53.62	-8.48	-2.51	69.38	84.43	87.78	89.71	96.31
9295200.00	-14.79	53.62	-8.48	-2.51	69.38	84.43	87.78	89.71	96.31
9298800.00	-2.00	53.62	-8.48	-2.51	69.38	84.43	87.78	89.71	96.31
9302400.00	66.06	53.62	-8.48	-2.51	69.38	84.43	87.78	89.71	96.31
9306000.00	97.20	53.62	-8.48	-2.51	69.38	84.43	87.78	89.71	96.31
9309600.00	98.14	53.62	-8.48	-2.51	69.38	84.43	87.78	89.71	96.31
9313200.00	95.22	53.62	-8.48	-2.51	69.38	84.43	87.78	89.71	96.31
9316800.00	88.16	53.62	-8.48	-2.51	69.38	84.43	87.78	89.71	96.31
9320400.00	90.17	53.62	-8.48	-2.51	69.38	84.43	87.78	89.71	96.31
9324000.00	88.64	53.62	-8.48	-2.51	69.38	84.43	87.78	89.71	96.31
9327600.00	86.23	53.62	-8.48	-2.51	69.38	84.43	87.78	89.71	96.31
9331200.00	74.45	13.18	-11.59	-5.88	0.54	5.74	7.46	20.28	49.70
9334800.00	57.64	13.18	-11.59	-5.88	0.54	5.74	7.46	20.28	49.70
9338400.00	45.30	13.18	-11.59	-5.88	0.54	5.74	7.46	20.28	49.70
9342000.00	7.57	13.18	-11.59	-5.88	0.54	5.74	7.46	20.28	49.70
9345600.00	5.85	13.18	-11.59	-5.88	0.54	5.74	7.46	20.28	49.70
9349200.00	7.05	13.18	-11.59	-5.88	0.54	5.74	7.46	20.28	49.70
9352800.00	5.63	13.18	-11.59	-5.88	0.54	5.74	7.46	20.28	49.70
9356400.00	-0.92	13.18	-11.59	-5.88	0.54	5.74	7.46	20.28	49.70
9360000.00	-11.65	13.18	-11.59	-5.88	0.54	5.74	7.46	20.28	49.70
9363600.00	-13.15	13.18	-11.59	-5.88	0.54	5.74	7.46	20.28	49.70
9367200.00	-14.81	13.18	-11.59	-5.88	0.54	5.74	7.46	20.28	49.70
9370800.00	-15.78	13.18	-11.59	-5.88	0.54	5.74	7.46	20.28	49.70
9374400.00	-17.49	13.18	-11.59	-5.88	0.54	5.74	7.46	20.28	49.70
9378000.00	-25.78	13.18	-11.59	-5.88	0.54	5.74	7.46	20.28	49.70
9381600.00	-11.57	13.18	-11.59	-5.88	0.54	5.74	7.46	20.28	49.70
9385200.00	-5.25	13.18	-11.59	-5.88	0.54	5.74	7.46	20.28	49.70
9388800.00	18.54	13.18	-11.59	-5.88	0.54	5.74	7.46	20.28	49.70
9392400.00	18.86	13.18	-11.59	-5.88	0.54	5.74	7.46	20.28	49.70
9396000.00	49.22	13.18	-11.59	-5.88	0.54	5.74	7.46	20.28	49.70
9399600.00	33.06	13.18	-11.59	-5.88	0.54	5.74	7.46	20.28	49.70
9403200.00	50.09	13.18	-11.59	-5.88	0.54	5.74	7.46	20.28	49.70
9406800.00	54.78	13.18	-11.59	-5.88	0.54	5.74	7.46	20.28	49.70
9410400.00	5.51	13.18	-11.59	-5.88	0.54	5.74	7.46	20.28	49.70
9414000.00	-0.70	13.18	-11.59	-5.88	0.54	5.74	7.46	20.28	49.70
9417600.00	-5.43	-2.01	-15.65	-15.37	-11.55	-4.18	5.74	9.64	13.37
9421200.00	9.55	-2.01	-15.65	-15.37	-11.55	-4.18	5.74	9.64	13.37
9424800.00	11.07	-2.01	-15.65	-15.37	-11.55	-4.18	5.74	9.64	13.37
9428400.00	6.17	-2.01	-15.65	-15.37	-11.55	-4.18	5.74	9.64	13.37
9432000.00	14.20	-2.01	-15.65	-15.37	-11.55	-4.18	5.74	9.64	13.37
9435600.00	26.41	-2.01	-15.65	-15.37	-11.55	-4.18	5.74	9.64	13.37
9439200.00	12.36	-2.01	-15.65	-15.37	-11.55	-4.18	5.74	9.64	13.37
9442800.00	-3.22	-2.01	-15.65	-15.37	-11.55	-4.18	5.74	9.64	13.37
9446400.00	-13.09	-2.01	-15.65	-15.37	-11.55	-4.18	5.74	9.64	13.37
9450000.00	-14.85	-2.01	-15.65	-15.37	-11.55	-4.18	5.74	9.64	13.37
9453600.00	-15.35	-2.01	-15.65	-15.37	-11.55	-4.18	5.74	9.64	13.37
9457200.00	-15.75	-2.01	-15.65	-15.37	-11.55	-4.18	5.74	9.64	13.37
9460800.00	-17.56	-2.01	-15.65	-15.37	-11.55	-4.18	5.74	9.64	13.37
9464400.00	-18.16	-2.01	-15.65	-15.37	-11.55	-4.18	5.74	9.64	13.37
9468000.00	-25.46	-2.01	-15.65	-15.37	-11.55	-4.18	5.74	9.64	13.37
9471600.00	-22.93	-2.01	-15.65	-15.37	-11.55	-4.18	5.74	9.64	13.37
9475200.00	-26.15	-2.01	-15.65	-15.37	-11.55	-4.18	5.74	9.64	13.37
9478800.00	-15.62	-2.01	-15.65	-15.37	-11.55	-4.18	5.74	9.64	13.37
9482400.00	-5.14	-2.01	-15.65	-15.37	-11.55	-4.18	5.74	9.64	13.37
9486000.00	6.70	-2.01	-15.65	-15.37	-11.55	-4.18	5.74	9.64	13.37
9489600.00	4.01	-2.01	-15.65	-15.37	-11.55	-4.18	5.74	9.64	13.37
9493200.00	10.41	-2.01	-15.65	-15.37	-11.55	-4.18	5.74	9.64	13.37
9496800.00	17.51	-2.01	-15.65	-15.37	-11.55	-4.18	5.74	9.64	13.37
9500400.00	32.13	-2.01	-15.65	-15.37	-11.55	-4.18	5.74	9.64	13.37
9504000.00	36.35	18.34	-12.69	-5.74	15.93	31.62	34.35	35.18	41.18
9507600.00	33.25	18.34	-12.69	-5.74	15.93	31.62	34.35	35.18	41.18
9511200.00	33.81	18.34	-12.69	-5.74	15.93	31.62	34.35	35.18	41.18
9514800.00	34.49	18.34	-12.69	-5.74	15.93	31.62	34.35	35.18	41.18
9518400.00	30.00	18.34	-12.69	-5.74	15.93	31.62	34.35	35.18	41.18
9522000.00	34.51	18.34	-12.69	-5.74	15.93	31.62	34.35	35.18	41.18
9525600.00	36.91	18.34	-12.69	-5.74	15.93	31.62	34.35	35.18	41.18
9529200.00	12.54	18.34	-12.69	-5.74	15.93	31.62	34.35	35.18	41.18
9532800.00	4.44	18.34	-12.69	-5.74	15.93	31.62	34.35	35.18	41.18
9536400.00	-5.00	18.34	-12.69	-5.74	15.93	31.62	34.35	35.18	41.18
9540000.00	-12.48	18.34	-12.69	-5.74	15.93	31.62	34.35	35.18	41.18
9543600.00	-13.59	18.34	-12.69	-5.74	15.93	31.62	34.35	35.18	41.18
9547200.00	-15.56	18.34	-12.69	-5.74	15.93	31.62	34.35	35.18	41.18
9550800.00	-17.03	18.34	-12.69	-5.74	15.93	31.62	34.35	35.18	41.18
9554400.00	-17.50	18.34	-12.69	-5.74	15.93	31.62	34.35	35.18	41.18
9558000.00	-18.01	18.34	-12.69	-5.74	15.93	31.62	34.35	35.18	41.18
9561600.00	-13.34	18.34	-12.69	-5.74	15.93	31.62	34.35	35.18	41.18
9565200.00	29.50	18.34	-12.69	-5.74	15.93	31.62	34.35	35.18	41.18
9568800.00	55.22	18.34	-12.69	-5.74	15.93	31.62	34.35	35.18	41.18
9572400.00	50.03	18.34	-12.69	-5.74	15.93	31.62	34.35	35.18	41.18
9576000.00	44.31	18.34	-12.69	-5.74	15.93	31.62	34.35	35.18	41.18
9579600.00	40.80	18.34	-12.69	-5.74	15.93	31.62	34.35	35.18	41.18
9583200.00	35.04	18.34	-12.69	-5.74	15.93	31.62	34.35	35.18	41.18
9586800.00	41.48	18.34	-12.69	-5.74	15.93	31.62	34.35	35.18	41.18
9590400.00	41.98	11.01	-12.42	-10.78	13.28	29.33	40.36	48.09	54.41
9594000.00	48.99	11.01	-12.42	-10.78	13.28	29.33	40.36	48.09	54.41
9597600.00	31.96	11.01	-12.42	-10.78	13.28	29.33	40.36	48.09	54.41
9601200.00	50.01	11.01	-12.42	-10.78	13.28	29.33	40.36	48.09	54.41
9604800.00	41.15	11.01	-12.42	-10.78	13.28	29.33	40.36	48.09	54.41
9608400.00	47.99	11.01	-12.42	-10.78	13.28	29.33	40.36	48.09	54.41
9612000.00	71.77	11.01	-12.42	-10.78	13.28	29.33	40.36	48.09	54.41
9615600.00	55.53	11.01	-12.42	-10.78	13.28	29.33	40.36	48.09	54.41
9619200.00	6.84	11.01	-12.42	-10.78	13.28	29.33	40.36	48.09	54.41
9622800.00	-19.11	11.01	-12.42	-10.78	13.28	29.33	40.36	48.09	54.41
9626400.00	-14.66	11.01	-12.42	-10.78	13.28	29.33	40.36	48.09	54.41
9630000.00	-11.68	11.01	-12.42	-10.78	13.28	29.33	40.36	48.09	54.41
9633600.00	-57.46	11.01	-12.42	-10.78	13.28	29.33	40.36	48.09	54.41
9637200.00	-144.55	11.01	-12.42	-10.78	13.28	29.33	40.36	48.09	54.41
9640800.00	-41.05	11.01	-12.42	-10.78	13.28	29.33	40.36	48.09	54.41
9644400.00	-117.02	11.01	-12.42	-10.78	13.28	29.33	40.36	48.09	54.41
9648000.00	-10.69	11.01	-12.42	-10.78	13.28	29.33	40.36	48.09	54.41
9651600.00	76.32	11.01	-12.42	-10.78	13.28	29.33	40.36	48.09	54.41
9655200.00	61.14	11.01	-12.42	-10.78	13.28	29.33	40.36	48.09	54.41
9658800.00	53.04	11.01	-12.42	-10.78	13.28	29.33	40.36	48.09	54.41
9662400.00	37.17	11.01	-12.42	-10.78	13.28	29.33	40.36	48.09	54.41
9666000.00	26.69	11.01	-12.42	-10.78	13.28	29.33	40.36	48.09	54.41
9669600.00	12.16	11.01	-12.42	-10.78	13.28	29.33	40.36	48.09	54.41
9673200.00	17.72	11.01	-12.42	-10.78	13.28	29.33	40.36	48.09	54.41
9676800.00	6.57	31.21	-0.33	2.03	6.74	13.83	31.57	67.61	78.45
9680400.00	5.65	31.21	-0.33	2.03	6.74	13.83	31.57	67.61	78.45
9684000.00	2.26	31.21	-0.33	2.03	6.74	13.83	31.57	67.61	78.45
9687600.00	-1.00	31.21	-0.33	2.03	6.74	13.83	31.57	67.61	78.45
9691200.00	7.41	31.21	-0.33	2.03	6.74	13.83	31.57	67.61	78.45
9694800.00	13.80	31.21	-0.33	2.03	6.74	13.83	31.57	67.61	78.45
9698400.00	37.30	31.21	-0.33	2.03	6.74	13.83	31.57	67.61	78.45
9702000.00	27.81	31.21	-0.33	2.03	6.74	13.83	31.57	67.61	78.45
9705600.00	-0.10	31.21	-0.33	2.03	6.74	13.83	31.57	67.61	78.45
9709200.00	-2.04	31.21	-0.33	2.03	6.74	13.83	31.57	67.61	78.45
9712800.00	-7.74	31.21	-0.33	2.03	6.74	13.83	31.57	67.61	78.45
9716400.00	-10.32	31.21	-0.33	2.03	6.74	13.83	31.57	67.61	78.45
9720000.00	-5.09	31.21	-0.33	2.03	6.74	13.83	31.57	67.61	78.45
9723600.00	-5.15	31.21	-0.33	2.03	6.74	13.83	31.57	67.61	78.45
9727200.00	13.86	31.21	-0.33	2.03	6.74	13.83	31.57	67.61	78.45
9730800.00	32.52	31.21	-0.33	2.03	6.74	13.83	31.57	67.61	78.45
9734400.00	68.04	31.21	-0.33	2.03	6.74	13.83	31.57	67.61	78.45
9738000.00	97.01	31.21	-0.33	2.03	6.74	13.83	31.57	67.61	78.45
9741600.00	92.51	31.21	-0.33	2.03	6.74	13.83	31.57	67.61	78.45
9745200.00	84.56	31.21	-0.33	2.03	6.74	13.83	31.57	67.61	78.45
9748800.00	84.02	31.21	-0.33	2.03	6.74	13.83	31.57	67.61	78.45
9752400.00	71.64	31.21	-0.33	2.03	6.74	13.83	31.57	67.61	78.45
9756000.00	68.01	31.21	-0.33	2.03	6.74	13.83	31.57	67.61	78.45
9759600.00	67.56	31.21	-0.33	2.03	6.74	13.83	31.57	67.61	78.45
9763200.00	64.18	61.28	8.44	28.71	65.35	84.72	88.63	93.05	108.74
9766800.00	108.52	61.28	8.44	28.71	65.35	84.72	88.63	93.05	108.74
9770400.00	89.05	61.28	8.44	28.71	65.35	84.72	88.63	93.05	108.74
9774000.00	64.68	61.28	8.44	28.71	65.35	84.72	88.63	93.05	108.74
9777600.00	101.45	61.28	8.44	28.71	65.35	84.72	88.63	93.05	108.74
9781200.00	135.88	61.28	8.44	28.71	65.35	84.72	88.63	93.05	108.74
9784800.00	149.65	61.28	8.44	28.71	65.35	84.72	88.63	93.05	108.74
9788400.00	117.12	61.28	8.44	28.71	65.35	84.72	88.63	93.05	108.74
9792000.00	30.14	61.28	8.44	28.71	65.35	84.72	88.63	93.05	108.74
9795600.00	-13.63	61.28	8.44	28.71	65.35	84.72	88.63	93.05	108.74
9799200.00	-16.21	61.28	8.44	28.71	65.35	84.72	88.63	93.05	108.74
9802800.00	-19.48	61.28	8.44	28.71	65.35	84.72	88.63	93.05	108.74
9806400.00	-29.04	61.28	8.44	28.71	65.35	84.72	88.63	93.05	108.74
9810000.00	-29.40	61.28	8.44	28.71	65.35	84.72	88.63	93.05	108.74
9813600.00	-17.87	61.28	8.44	28.71	65.35	84.72	88.63	93.05	108.74
9817200.00	15.80	61.28	8.44	28.71	65.35	84.72	88.63	93.05	108.74
9820800.00	68.06	61.28	8.44	28.71	65.35	84.72	88.63	93.05	108.74
9824400.00	86.10	61.28	8.44	28.71	65.35	84.72	88.63	93.05	108.74
9828000.00	88.77	61.28	8.44	28.71	65.35	84.72	88.63	93.05	108.74
9831600.00	83.34	61.28	8.44	28.71	65.35	84.72	88.63	93.05	108.74
9835200.00	88.04	61.28	8.44	28.71	65.35	84.72	88.63	93.05	108.74
9838800.00	108.92	61.28	8.44	28.71	65.35	84.72	88.63	93.05	108.74
9842400.00	104.41	61.28	8.44	28.71	65.35	84.72	88.63	93.05	108.74
9846000.00	92.12	61.28	8.44	28.71	65.35	84.72	88.63	93.05	108.74
9849600.00	89.92	80.22	70.52	74.31	84.19	90.05	91.53	92.79	95.42
9853200.00	93.47	80.22	70.52	74.31	84.19	90.05	91.53	92.79	95.42
9856800.00	92.71	80.22	70.52	74.31	84.19	90.05	91.53	92.79	95.42
9860400.00	90.18	80.22	70.52	74.31	84.19	90.05	91.53	92.79	95.42
9864000.00	91.61	80.22	70.52	74.31	84.19	90.05	91.53	92.79	95.42
9867600.00	91.21	80.22	70.52	74.31	84.19	90.05	91.53	92.79	95.42
9871200.00	96.42	80.22	70.52	74.31	84.19	90.05	91.53	92.79	95.42
9874800.00	94.50	80.22	70.52	74.31	84.19	90.05	91.53	92.79	95.42
9878400.00	69.54	80.22	70.52	74.31	84.19	90.05	91.53	92.79	95.42
9882000.00	27.06	80.22	70.52	74.31	84.19	90.05	91.53	92.79	95.42
9885600.00	74.70	80.22	70.52	74.31	84.19	90.05	91.53	92.79	95.42
9889200.00	70.85	80.22	70.52	74.31	84.19	90.05	91.53	92.79	95.42
9892800.00	69.53	80.22	70.52	74.31	84.19	90.05	91.53	92.79	95.42
9896400.00	36.43	80.22	70.52	74.31	84.19	90.05	91.53	92.79	95.42
9900000.00	32.62	80.22	70.52	74.31	84.19	90.05	91.53	92.79	95.42
9903600.00	35.88	80.22	70.52	74.31	84.19	90.05	91.53	92.79	95.42
9907200.00	82.29	80.22	70.52	74.31	84.19	90.05	91.53	92.79	95.42
9910800.00	95.98	80.22	70.52	74.31	84.19	90.05	91.53	92.79	95.42
9914400.00	92.38	80.22	70.52	74.31	84.19	90.05	91.53	92.79	95.42
9918000.00	83.54	80.22	70.52	74.31	84.19	90.05	91.53	92.79	95.42
9921600.00	86.76	80.22	70.52	74.31	84.19	90.05	91.53	92.79	95.42
9925200.00	94.73	80.22	70.52	74.31	84.19	90.05	91.53	92.79	95.42
9928800.00	102.71	80.22	70.52	74.31	84.19	90.05	91.53	92.79	95.42
9932400.00	130.21	80.22	70.52	74.31	84.19	90.05	91.53	92.79	95.42
9936000.00	125.32	69.73	34.66	48.59	71.38	81.31	86.81	88.47	93.56
9939600.00	92.06	69.73	34.66	48.59	71.38	81.31	86.81	88.47	93.56
9943200.00	95.15	69.73	34.66	48.59	71.38	81.31	86.81	88.47	93.56
9946800.00	94.78	69.73	34.66	48.59	71.38	81.31	86.81	88.47	93.56
9950400.00	100.64	69.73	34.66	48.59	71.38	81.31	86.81	88.47	93.56
9954000.00	89.93	69.73	34.66	48.59	71.38	81.31	86.81	88.47	93.56
9957600.00	87.17	69.73	34.66	48.59	71.38	81.31	86.81	88.47	93.56
9961200.00	69.49	69.73	34.66	48.59	71.38	81.31	86.81	88.47	93.56
9964800.00	50.08	69.73	34.66	48.59	71.38	81.31	86.81	88.47	93.56
9968400.00	31.22	69.73	34.66	48.59	71.38	81.31	86.81	88.47	93.56
9972000.00	27.61	69.73	34.66	48.59	71.38	81.31	86.81	88.47	93.56
9975600.00	35.20	69.73	34.66	48.59	71.38	81.31	86.81	88.47	93.56
9979200.00	26.28	69.73	34.66	48.59	71.38	81.31	86.81	88.47	93.56
9982800.00	30.50	69.73	34.66	48.59	71.38	81.31	86.81	88.47	93.56
9986400.00	30.58	69.73	34.66	48.59	71.38	81.31	86.81	88.47	93.56
9990000.00	33.03	69.73	34.66	48.59	71.38	81.31	86.81	88.47	93.56
9993600.00	62.17	69.73	34.66	48.59	71.38	81.31	86.81	88.47	93.56
9997200.00	80.82	69.73	34.66	48.59	71.38	81.31	86.81	88.47	93.56
10000800.00	85.39	69.73	34.66	48.59	71.38	81.31	86.81	88.47	93.56
10004400.00	78.95	69.73	34.66	48.59	71.38	81.31	86.81	88.47	93.56
10008000.00	88.45	69.73	34.66	48.59	71.38	81.31	86.81	88.47	93.56
10011600.00	88.10	69.73	34.66	48.59	71.38	81.31	86.81	88.47	93.56
10015200.00	81.80	69.73	34.66	48.59	71.38	81.31	86.81	88.47	93.56
10018800.00	88.71	69.73	34.66	48.59	71.38	81.31	86.81	88.47	93.56
10022400.00	83.00	61.11	22.32	42.23	65.69	68.05	79.83	89.27	96.02
10026000.00	69.79	61.11	22.32	42.23	65.69	68.05	79.83	89.27	96.02
10029600.00	65.30	61.11	22.32	42.23	65.69	68.05	79.83	89.27	96.02
10033200.00	68.41	61.11	22.32	42.23	65.69	68.05	79.83	89.27	96.02
10036800.00	67.68	61.11	22.32	42.23	65.69	68.05	79.83	89.27	96.02
10040400.00	82.34	61.11	22.32	42.23	65.69	68.05	79.83	89.27	96.02
10044000.00	89.07	61.11	22.32	42.23	65.69	68.05	79.83	89.27	96.02
10047600.00	67.27	61.11	22.32	42.23	65.69	68.05	79.83	89.27	96.02
10051200.00	44.40	61.11	22.32	42.23	65.69	68.05	79.83	89.27	96.02
10054800.00	22.71	61.11	22.32	42.23	65.69	68.05	79.83	89.27	96.02
10058400.00	12.77	61.11	22.32	42.23	65.69	68.05	79.83	89.27	96.02
10062000.00	21.16	61.11	22.32	42.23	65.69	68.05	79.83	89.27	96.02
10065600.00	14.43	61.11	22.32	42.23	65.69	68.05	79.83	89.27	96.02
10069200.00	6.59	61.11	22.32	42.23	65.69	68.05	79.83	89.27	96.02
10072800.00	-1.50	61.11	22.32	42.23	65.69	68.05	79.83	89.27	96.02
10076400.00	12.64	61.11	22.32	42.23	65.69	68.05	79.83	89.27	96.02
10080000.00	59.34	61.11	22.32	42.23	65.69	68.05	79.83	89.27	96.02
10083600.00	97.79	61.11	22.32	42.23	65.69	68.05	79.83	89.27	96.02
10087200.00	105.22	61.11	22.32	42.23	65.69	68.05	79.83	89.27	96.02
10090800.00	92.32	61.11	22.32	42.23	65.69	68.05	79.83	89.27	96.02
10094400.00	96.31	61.11	22.32	42.23	65.69	68.05	79.83	89.27	96.02
10098000.00	95.68	61.11	22.32	42.23	65.69	68.05	79.83	89.27	96.02
10101600.00	91.06	61.11	22.32	42.23	65.69	68.05	79.83	89.27	96.02
10105200.00	102.94	61.11	22.32	42.23	65.69	68.05	79.83	89.27	96.02
10108800.00	121.16	93.59	57.59	82.16	103.64	108.63	112.31	114.31	123.77
10112400.00	113.71	93.59	57.59	82.16	103.64	108.63	112.31	114.31	123.77
10116000.00	110.92	93.59	57.59	82.16	103.64	108.63	112.31	114.31	123.77
10119600.00	114.28	93.59	57.59	82.16	103.64	108.63	112.31	114.31	123.77
10123200.00	127.49	93.59	57.59	82.16	103.64	108.63	112.31	114.31	123.77
10126800.00	144.60	93.59	57.59	82.16	103.64	108.63	112.31	114.31	123.77
10130400.00	114.63	93.59	57.59	82.16	103.64	108.63	112.31	114.31	123.77
10134000.00	130.06	93.59	57.59	82.16	103.64	108.63	112.31	114.31	123.77
10137600.00	91.38	93.59	57.59	82.16	103.64	108.63	112.31	114.31	123.77
10141200.00	59.05	93.59	57.59	82.16	103.64	108.63	112.31	114.31	123.77
10144800.00	53.22	93.59	57.59	82.16	103.64	108.63	112.31	114.31	123.77
10148400.00	35.58	93.59	57.59	82.16	103.64	108.63	112.31	114.31	123.77
10152000.00	39.41	93.59	57.59	82.16	103.64	108.63	112.31	114.31	123.77
10155600.00	37.31	93.59	57.59	82.16	103.64	108.63	112.31	114.31	123.77
10159200.00	35.98	93.59	57.59	82.16	103.64	108.63	112.31	114.31	123.77
10162800.00	46.61	93.59	57.59	82.16	103.64	108.63	112.31	114.31	123.77
10166400.00	84.73	93.59	57.59	82.16	103.64	108.63	112.31	114.31	123.77
10170000.00	124.71	93.59	57.59	82.16	103.64	108.63	112.31	114.31	123.77
10173600.00	122.62	93.59	57.59	82.16	103.64	108.63	112.31	114.31	123.77
10177200.00	106.34	93.59	57.59	82.16	103.64	108.63	112.31	114.31	123.77
10180800.00	105.48	93.59	57.59	82.16	103.64	108.63	112.31	114.31	123.77
10184400.00	103.18	93.59	57.59	82.16	103.64	108.63	112.31	114.31	123.77
10188000.00	111.27	93.59	57.59	82.16	103.64	108.63	112.31	114.31	123.77
10191600.00	112.57	93.59	57.59	82.16	103.64	108.63	112.31	114.31	123.77
10195200.00	108.34	96.29	79.03	81.53	93.30	104.04	111.62	114.72	140.25
10198800.00	102.46	96.29	79.03	81.53	93.30	104.04	111.62	114.72	140.25
10202400.00	92.83	96.29	79.03	81.53	93.30	104.04	111.62	114.72	140.25
10206000.00	105.62	96.29	79.03	81.53	93.30	104.04	111.62	114.72	140.25
10209600.00	139.14	96.29	79.03	81.53	93.30	104.04	111.62	114.72	140.25
10213200.00	155.41	96.29	79.03	81.53	93.30	104.04	111.62	114.72	140.25
10216800.00	170.11	96.29	79.03	81.53	93.30	104.04	111.62	114.72	140.25
10220400.00	188.27	96.29	79.03	81.53	93.30	104.04	111.62	114.72	140.25
10224000.00	113.00	96.29	79.03	81.53	93.30	104.04	111.62	114.72	140.25
10227600.00	21.73	96.29	79.03	81.53	93.30	104.04	111.62	114.72	140.25
10231200.00	13.09	96.29	79.03	81.53	93.30	104.04	111.62	114.72	140.25
10234800.00	10.60	96.29	79.03	81.53	93.30	104.04	111.62	114.72	140.25
10238400.00	19.06	96.29	79.03	81.53	93.30	104.04	111.62	114.72	140.25
10242000.00	49.19	96.29	79.03	81.53	93.30	104.04	111.62	114.72	140.25
10245600.00	95.19	96.29	79.03	81.53	93.30	104.04	111.62	114.72	140.25
10249200.00	80.49	96.29	79.03	81.53	93.30	104.04	111.62	114.72	140.25
10252800.00	119.44	96.29	79.03	81.53	93.30	104.04	111.62	114.72	140.25
10256400.00	117.44	96.29	79.03	81.53	93.30	104.04	111.62	114.72	140.25
10260000.00	114.42	96.29	79.03	81.53	93.30	104.04	111.62	114.72	140.25
10263600.00	112.44	96.29	79.03	81.53	93.30	104.04	111.62	114.72	140.25
10267200.00	141.16	96.29	79.03	81.53	93.30	104.04	111.62	114.72	140.25
10270800.00	85.29	96.29	79.03	81.53	93.30	104.04	111.62	114.72	140.25
10274400.00	81.64	96.29	79.03	81.53	93.30	104.04	111.62	114.72	140.25
10278000.00	74.67	96.29	79.03	81.53	93.30	104.04	111.62	114.72	140.25
10281600.00	59.06	38.34	-7.32	17.76	47.42	50.54	56.48	59.96	76.60
10285200.00	55.11	38.34	-7.32	17.76	47.42	50.54	56.48	59.96	76.60
10288800.00	50.52	38.34	-7.32	17.76	47.42	50.54	56.48	59.96	76.60
10292400.00	48.26	38.34	-7.32	17.76	47.42	50.54	56.48	59.96	76.60
10296000.00	47.22	38.34	-7.32	17.76	47.42	50.54	56.48	59.96	76.60
10299600.00	56.82	38.34	-7.32	17.76	47.42	50.54	56.48	59.96	76.60
10303200.00	79.53	38.34	-7.32	17.76	47.42	50.54	56.48	59.96	76.60
10306800.00	92.68	38.34	-7.32	17.76	47.42	50.54	56.48	59.96	76.60
10310400.00	24.44	38.34	-7.32	17.76	47.42	50.54	56.48	59.96	76.60
10314000.00	-6.21	38.34	-7.32	17.76	47.42	50.54	56.48	59.96	76.60
10317600.00	-10.67	38.34	-7.32	17.76	47.42	50.54	56.48	59.96	76.60
10321200.00	-13.25	38.34	-7.32	17.76	47.42	50.54	56.48	59.96	76.60
10324800.00	-17.66	38.34	-7.32	17.76	47.42	50.54	56.48	59.96	76.60
10328400.00	-18.38	38.34	-7.32	17.76	47.42	50.54	56.48	59.96	76.60
10332000.00	-14.57	38.34	-7.32	17.76	47.42	50.54	56.48	59.96	76.60
10335600.00	-12.69	38.34	-7.32	17.76	47.42	50.54	56.48	59.96	76.60
10339200.00	20.42	38.34	-7.32	17.76	47.42	50.54	56.48	59.96	76.60
10342800.00	69.98	38.34	-7.32	17.76	47.42	50.54	56.48	59.96	76.60
10346400.00	84.61	38.34	-7.32	17.76	47.42	50.54	56.48	59.96	76.60
10350000.00	78.08	38.34	-7.32	17.76	47.42	50.54	56.48	59.96	76.60
10353600.00	74.80	38.34	-7.32	17.76	47.42	50.54	56.48	59.96	76.60
10357200.00	59.77	38.34	-7.32	17.76	47.42	50.54	56.48	59.96	76.60
10360800.00	61.72	38.34	-7.32	17.76	47.42	50.54	56.48	59.96	76.60
10364400.00	50.57	38.34	-7.32	17.76	47.42	50.54	56.48	59.96	76.60
10368000.00	47.68	56.21	27.07	45.62	51.48	57.16	71.36	87.34	98.53
10371600.00	48.23	56.21	27.07	45.62	51.48	57.16	71.36	87.34	98.53
10375200.00	51.55	56.21	27.07	45.62	51.48	57.16	71.36	87.34	98.53
10378800.00	51.46	56.21	27.07	45.62	51.48	57.16	71.36	87.34	98.53
10382400.00	51.88	56.21	27.07	45.62	51.48	57.16	71.36	87.34	98.53
10386000.00	63.03	56.21	27.07	45.62	51.48	57.16	71.36	87.34	98.53
10389600.00	98.61	56.21	27.07	45.62	51.48	57.16	71.36	87.34	98.53
10393200.00	98.96	56.21	27.07	45.62	51.48	57.16	71.36	87.34	98.53
10396800.00	62.44	56.21	27.07	45.62	51.48	57.16	71.36	87.34	98.53
10400400.00	27.04	56.21	27.07	45.62	51.48	57.16	71.36	87.34	98.53
10404000.00	-5.72	56.21	27.07	45.62	51.48	57.16	71.36	87.34	98.53
10407600.00	-8.54	56.21	27.07	45.62	51.48	57.16	71.36	87.34	98.53
10411200.00	-10.20	56.21	27.07	45.62	51.48	57.16	71.36	87.34	98.53
10414800.00	-8.32	56.21	27.07	45.62	51.48	57.16	71.36	87.34	98.53
10418400.00	4.96	56.21	27.07	45.62	51.48	57.16	71.36	87.34	98.53
10422000.00	27.07	56.21	27.07	45.62	51.48	57.16	71.36	87.34	98.53
10425600.00	88.83	56.21	27.07	45.62	51.48	57.16	71.36	87.34	98.53
10429200.00	119.66	56.21	27.07	45.62	51.48	57.16	71.36	87.34	98.53
10432800.00	110.08	56.21	27.07	45.62	51.48	57.16	71.36	87.34	98.53
10436400.00	95.55	56.21	27.07	45.62	51.48	57.16	71.36	87.34	98.53
10440000.00	98.43	56.21	27.07	45.62	51.48	57.16	71.36	87.34	98.53
10443600.00	87.17	56.21	27.07	45.62	51.48	57.16	71.36	87.34	98.53
10447200.00	73.44	56.21	27.07	45.62	51.48	57.16	71.36	87.34	98.53
10450800.00	75.62	56.21	27.07	45.62	51.48	57.16	71.36	87.34	98.53
10454400.00	74.39	61.90	36.47	46.08	54.73	66.68	70.46	74.41	90.32
10458000.00	70.47	61.90	36.47	46.08	54.73	66.68	70.46	74.41	90.32
10461600.00	69.29	61.90	36.47	46.08	54.73	66.68	70.46	74.41	90.32
10465200.00	53.91	61.90	36.47	46.08	54.73	66.68	70.46	74.41	90.32
10468800.00	52.71	61.90	36.47	46.08	54.73	66.68	70.46	74.41	90.32
10472400.00	58.01	61.90	36.47	46.08	54.73	66.68	70.46	74.41	90.32
10476000.00	70.41	61.90	36.47	46.08	54.73	66.68	70.46	74.41	90.32
10479600.00	88.93	61.90	36.47	46.08	54.73	66.68	70.46	74.41	90.32
10483200.00	47.00	61.90	36.47	46.08	54.73	66.68	70.46	74.41	90.32
10486800.00	32.37	61.90	36.47	46.08	54.73	66.68	70.46	74.41	90.32
10490400.00	9.80	61.90	36.47	46.08	54.73	66.68	70.46	74.41	90.32
10494000.00	-3.22	61.90	36.47	46.08	54.73	66.68	70.46	74.41	90.32
10497600.00	-4.10	61.90	36.47	46.08	54.73	66.68	70.46	74.41	90.32
10501200.00	7.74	61.90	36.47	46.08	54.73	66.68	70.46	74.41	90.32
10504800.00	22.95	61.90	36.47	46.08	54.73	66.68	70.46	74.41	90.32
10508400.00	37.83	61.90	36.47	46.08	54.73	66.68	70.46	74.41	90.32
10512000.00	91.46	61.90	36.47	46.08	54.73	66.68	70.46	74.41	90.32
10515600.00	163.87	61.90	36.47	46.08	54.73	66.68	70.46	74.41	90.32
10519200.00	152.31	61.90	36.47	46.08	54.73	66.68	70.46	74.41	90.32
10522800.00	94.65	61.90	36.47	46.08	54.73	66.68	70.46	74.41	90.32
10526400.00	84.66	61.90	36.47	46.08	54.73	66.68	70.46	74.41	90.32
10530000.00	71.46	61.90	36.47	46.08	54.73	66.68	70.46	74.41	90.32
10533600.00	74.59	61.90	36.47	46.08	54.73	66.68	70.46	74.41	90.32
10537200.00	64.08	61.90	36.47	46.08	54.73	66.68	70.46	74.41	90.32
10540800.00	31.37	4.88	-10.12	-9.02	-6.15	-2.24	1.06	10.34	26.13
10544400.00	5.08	4.88	-10.12	-9.02	-6.15	-2.24	1.06	10.34	26.13
10548000.00	-0.64	4.88	-10.12	-9.02	-6.15	-2.24	1.06	10.34	26.13
10551600.00	-3.04	4.88	-10.12	-9.02	-6.15	-2.24	1.06	10.34	26.13
10555200.00	-6.46	4.88	-10.12	-9.02	-6.15	-2.24	1.06	10.34	26.13
10558800.00	1.48	4.88	-10.12	-9.02	-6.15	-2.24	1.06	10.34	26.13
10562400.00	9.89	4.88	-10.12	-9.02	-6.15	-2.24	1.06	10.34	26.13
10566000.00	17.90	4.88	-10.12	-9.02	-6.15	-2.24	1.06	10.34	26.13
10569600.00	-4.89	4.88	-10.12	-9.02	-6.15	-2.24	1.06	10.34	26.13
10573200.00	-9.42	4.88	-10.12	-9.02	-6.15	-2.24	1.06	10.34	26.13
10576800.00	-13.07	4.88	-10.12	-9.02	-6.15	-2.24	1.06	10.34	26.13
10580400.00	-14.29	4.88	-10.12	-9.02	-6.15	-2.24	1.06	10.34	26.13
10584000.00	-13.91	4.88	-10.12	-9.02	-6.15	-2.24	1.06	10.34	26.13
10587600.00	-13.60	4.88	-10.12	-9.02	-6.15	-2.24	1.06	10.34	26.13
10591200.00	-13.41	4.88	-10.12	-9.02	-6.15	-2.24	1.06	10.34	26.13
10594800.00	-12.21	4.88	-10.12	-9.02	-6.15	-2.24	1.06	10.34	26.13
10598400.00	19.73	4.88	-10.12	-9.02	-6.15	-2.24	1.06	10.34	26.13
10602000.00	47.55	4.88	-10.12	-9.02	-6.15	-2.24	1.06	10.34	26.13
10605600.00	50.73	4.88	-10.12	-9.02	-6.15	-2.24	1.06	10.34	26.13
10609200.00	43.39	4.88	-10.12	-9.02	-6.15	-2.24	1.06	10.34	26.13
10612800.00	14.42	4.88	-10.12	-9.02	-6.15	-2.24	1.06	10.34	26.13
10616400.00	-1.44	4.88	-10.12	-9.02	-6.15	-2.24	1.06	10.34	26.13
10620000.00	-8.97	4.88	-10.12	-9.02	-6.15	-2.24	1.06	10.34	26.13
10623600.00	-8.94	4.88	-10.12	-9.02	-6.15	-2.24	1.06	10.34	26.13
10627200.00	-13.99	-7.52	-13.64	-13.28	-13.06	-12.11	-9.82	-5.69	4.21
10630800.00	-21.20	-7.52	-13.64	-13.28	-13.06	-12.11	-9.82	-5.69	4.21
10634400.00	-13.08	-7.52	-13.64	-13.28	-13.06	-12.11	-9.82	-5.69	4.21
10638000.00	-13.21	-7.52	-13.64	-13.28	-13.06	-12.11	-9.82	-5.69	4.21
10641600.00	-11.50	-7.52	-13.64	-13.28	-13.06	-12.11	-9.82	-5.69	4.21
10645200.00	-11.83	-7.52	-13.64	-13.28	-13.06	-12.11	-9.82	-5.69	4.21
10648800.00	-9.40	-7.52	-13.64	-13.28	-13.06	-12.11	-9.82	-5.69	4.21
10652400.00	-7.84	-7.52	-13.64	-13.28	-13.06	-12.11	-9.82	-5.69	4.21
10656000.00	-12.38	-7.52	-13.64	-13.28	-13.06	-12.11	-9.82	-5.69	4.21
10659600.00	-13.52	-7.52	-13.64	-13.28	-13.06	-12.11	-9.82	-5.69	4.21
10663200.00	-16.87	-7.52	-13.64	-13.28	-13.06	-12.11	-9.82	-5.69	4.21
10666800.00	-19.42	-7.52	-13.64	-13.28	-13.06	-12.11	-9.82	-5.69	4.21
10670400.00	-18.77	-7.52	-13.64	-13.28	-13.06	-12.11	-9.82	-5.69	4.21
10674000.00	-16.59	-7.52	-13.64	-13.28	-13.06	-12.11	-9.82	-5.69	4.21
10677600.00	-13.25	-7.52	-13.64	-13.28	-13.06	-12.11	-9.82	-5.69	4.21
10681200.00	-13.00	-7.52	-13.64	-13.28	-13.06	-12.11	-9.82	-5.69	4.21
10684800.00	5.99	-7.52	-13.64	-13.28	-13.06	-12.11	-9.82	-5.69	4.21
10688400.00	23.00	-7.52	-13.64	-13.28	-13.06	-12.11	-9.82	-5.69	4.21
10692000.00	16.65	-7.52	-13.64	-13.28	-13.06	-12.11	-9.82	-5.69	4.21
10695600.00	4.41	-7.52	-13.64	-13.28	-13.06	-12.11	-9.82	-5.69	4.21
10699200.00	3.96	-7.52	-13.64	-13.28	-13.06	-12.11	-9.82	-5.69	4.21
10702800.00	1.22	-7.52	-13.64	-13.28	-13.06	-12.11	-9.82	-5.69	4.21
10706400.00	-3.85	-7.52	-13.64	-13.28	-13.06	-12.11	-9.82	-5.69	4.21
10710000.00	-5.89	-7.52	-13.64	-13.28	-13.06	-12.11	-9.82	-5.69	4.21
10713600.00	-11.24	-21.20	-21.38	-16.80	-13.35	-13.02	-12.35	-10.19	-3.28
10717200.00	-12.32	-21.20	-21.38	-16.80	-13.35	-13.02	-12.35	-10.19	-3.28
10720800.00	-13.01	-21.20	-21.38	-16.80	-13.35	-13.02	-12.35	-10.19	-3.28
10724400.00	-13.36	-21.20	-21.38	-16.80	-13.35	-13.02	-12.35	-10.19	-3.28
10728000.00	-13.30	-21.20	-21.38	-16.80	-13.35	-13.02	-12.35	-10.19	-3.28
10731600.00	-12.47	-21.20	-21.38	-16.80	-13.35	-13.02	-12.35	-10.19	-3.28
10735200.00	-9.98	-21.20	-21.38	-16.80	-13.35	-13.02	-12.35	-10.19	-3.28
10738800.00	-13.03	-21.20	-21.38	-16.80	-13.35	-13.02	-12.35	-10.19	-3.28
10742400.00	-15.16	-21.20	-21.38	-16.80	-13.35	-13.02	-12.35	-10.19	-3.28
10746000.00	-16.31	-21.20	-21.38	-16.80	-13.35	-13.02	-12.35	-10.19	-3.28
10749600.00	-21.13	-21.20	-21.38	-16.80	-13.35	-13.02	-12.35	-10.19	-3.28
10753200.00	-22.11	-21.20	-21.38	-16.80	-13.35	-13.02	-12.35	-10.19	-3.28
10756800.00	-39.89	-21.20	-21.38	-16.80	-13.35	-13.02	-12.35	-10.19	-3.28
10760400.00	-95.63	-21.20	-21.38	-16.80	-13.35	-13.02	-12.35	-10.19	-3.28
10764000.00	-91.42	-21.20	-21.38	-16.80	-13.35	-13.02	-12.35	-10.19	-3.28
10767600.00	-79.11	-21.20	-21.38	-16.80	-13.35	-13.02	-12.35	-10.19	-3.28
10771200.00	-47.57	-21.20	-21.38	-16.80	-13.35	-13.02	-12.35	-10.19	-3.28
10774800.00	-2.61	-21.20	-21.38	-16.80	-13.35	-13.02	-12.35	-10.19	-3.28
10778400.00	30.65	-21.20	-21.38	-16.80	-13.35	-13.02	-12.35	-10.19	-3.28
10782000.00	10.77	-21.20	-21.38	-16.80	-13.35	-13.02	-12.35	-10.19	-3.28
10785600.00	-4.10	-21.20	-21.38	-16.80	-13.35	-13.02	-12.35	-10.19	-3.28
10789200.00	-1.84	-21.20	-21.38	-16.80	-13.35	-13.02	-12.35	-10.19	-3.28
10792800.00	-10.21	-21.20	-21.38	-16.80	-13.35	-13.02	-12.35	-10.19	-3.28
10796400.00	-4.34	-21.20	-21.38	-16.80	-13.35	-13.02	-12.35	-10.19	-3.28
10800000.00	-9.82	-3.29	-15.16	-10.14	-5.29	-0.18	5.89	9.06	29.18
10803600.00	9.33	-3.29	-15.16	-10.14	-5.29	-0.18	5.89	9.06	29.18
10807200.00	10.77	-3.29	-15.16	-10.14	-5.29	-0.18	5.89	9.06	29.18
10810800.00	-6.03	-3.29	-15.16	-10.14	-5.29	-0.18	5.89	9.06	29.18
10814400.00	-2.32	-3.29	-15.16	-10.14	-5.29	-0.18	5.89	9.06	29.18
10818000.00	-1.49	-3.29	-15.16	-10.14	-5.29	-0.18	5.89	9.06	29.18
10821600.00	9.03	-3.29	-15.16	-10.14	-5.29	-0.18	5.89	9.06	29.18
10825200.00	28.36	-3.29	-15.16	-10.14	-5.29	-0.18	5.89	9.06	29.18
10828800.00	1.14	-3.29	-15.16	-10.14	-5.29	-0.18	5.89	9.06	29.18
10832400.00	-6.92	-3.29	-15.16	-10.14	-5.29	-0.18	5.89	9.06	29.18
10836000.00	-13.05	-3.29	-15.16	-10.14	-5.29	-0.18	5.89	9.06	29.18
10839600.00	-21.50	-3.29	-15.16	-10.14	-5.29	-0.18	5.89	9.06	29.18
10843200.00	-25.79	-3.29	-15.16	-10.14	-5.29	-0.18	5.89	9.06	29.18
10846800.00	-74.90	-3.29	-15.16	-10.14	-5.29	-0.18	5.89	9.06	29.18
10850400.00	-82.19	-3.29	-15.16	-10.14	-5.29	-0.18	5.89	9.06	29.18
10854000.00	-81.14	-3.29	-15.16	-10.14	-5.29	-0.18	5.89	9.06	29.18
10857600.00	-33.14	-3.29	-15.16	-10.14	-5.29	-0.18	5.89	9.06	29.18
10861200.00	29.86	-3.29	-15.16	-10.14	-5.29	-0.18	5.89	9.06	29.18
10864800.00	47.12	-3.29	-15.16	-10.14	-5.29	-0.18	5.89	9.06	29.18
10868400.00	30.37	-3.29	-15.16	-10.14	-5.29	-0.18	5.89	9.06	29.18
10872000.00	95.18	-3.29	-15.16	-10.14	-5.29	-0.18	5.89	9.06	29.18
10875600.00	5.17	-3.29	-15.16	-10.14	-5.29	-0.18	5.89	9.06	29.18
10879200.00	6.07	-3.29	-15.16	-10.14	-5.29	-0.18	5.89	9.06	29.18
10882800.00	6.96	-3.29	-15.16	-10.14	-5.29	-0.18	5.89	9.06	29.18
10886400.00	9.18	7.85	-12.54	-11.84	-4.94	1.03	6.17	11.58	24.63
10890000.00	2.19	7.85	-12.54	-11.84	-4.94	1.03	6.17	11.58	24.63
10893600.00	-1.33	7.85	-12.54	-11.84	-4.94	1.03	6.17	11.58	24.63
10897200.00	-7.56	7.85	-12.54	-11.84	-4.94	1.03	6.17	11.58	24.63
10900800.00	3.71	7.85	-12.54	-11.84	-4.94	1.03	6.17	11.58	24.63
10904400.00	11.34	7.85	-12.54	-11.84	-4.94	1.03	6.17	11.58	24.63
10908000.00	15.26	7.85	-12.54	-11.84	-4.94	1.03	6.17	11.58	24.63
10911600.00	6.78	7.85	-12.54	-11.84	-4.94	1.03	6.17	11.58	24.63
10915200.00	-0.14	7.85	-12.54	-11.84	-4.94	1.03	6.17	11.58	24.63
10918800.00	-11.80	7.85	-12.54	-11.84	-4.94	1.03	6.17	11.58	24.63
10922400.00	-14.23	7.85	-12.54	-11.84	-4.94	1.03	6.17	11.58	24.63
10926000.00	-13.82	7.85	-12.54	-11.84	-4.94	1.03	6.17	11.58	24.63
10929600.00	-13.85	7.85	-12.54	-11.84	-4.94	1.03	6.17	11.58	24.63
10933200.00	-13.58	7.85	-12.54	-11.84	-4.94	1.03	6.17	11.58	24.63
10936800.00	-18.41	7.85	-12.54	-11.84	-4.94	1.03	6.17	11.58	24.63
10940400.00	-15.46	7.85	-12.54	-11.84	-4.94	1.03	6.17	11.58	24.63
10944000.00	-12.20	7.85	-12.54	-11.84	-4.94	1.03	6.17	11.58	24.63
10947600.00	-5.84	7.85	-12.54	-11.84	-4.94	1.03	6.17	11.58	24.63
10951200.00	28.90	7.85	-12.54	-11.84	-4.94	1.03	6.17	11.58	24.63
10954800.00	13.72	7.85	-12.54	-11.84	-4.94	1.03	6.17	11.58	24.63
10958400.00	19.42	7.85	-12.54	-11.84	-4.94	1.03	6.17	11.58	24.63
10962000.00	56.66	7.85	-12.54	-11.84	-4.94	1.03	6.17	11.58	24.63
10965600.00	57.63	7.85	-12.54	-11.84	-4.94	1.03	6.17	11.58	24.63
10969200.00	91.72	7.85	-12.54	-11.84	-4.94	1.03	6.17	11.58	24.63
10972800.00	66.97	50.80	20.26	23.90	28.29	50.27	62.09	69.45	91.60
10976400.00	54.85	50.80	20.26	23.90	28.29	50.27	62.09	69.45	91.60
10980000.00	37.11	50.80	20.26	23.90	28.29	50.27	62.09	69.45	91.60
10983600.00	22.76	50.80	20.26	23.90	28.29	50.27	62.09	69.45	91.60
10987200.00	25.55	50.80	20.26	23.90	28.29	50.27	62.09	69.45	91.60
10990800.00	45.68	50.80	20.26	23.90	28.29	50.27	62.09	69.45	91.60
10994400.00	74.61	50.80	20.26	23.90	28.29	50.27	62.09	69.45	91.60
10998000.00	68.98	50.80	20.26	23.90	28.29	50.27	62.09	69.45	91.60
11001600.00	24.03	50.80	20.26	23.90	28.29	50.27	62.09	69.45	91.60
11005200.00	10.33	50.80	20.26	23.90	28.29	50.27	62.09	69.45	91.60
11008800.00	-3.19	50.80	20.26	23.90	28.29	50.27	62.09	69.45	91.60
11012400.00	-5.78	50.80	20.26	23.90	28.29	50.27	62.09	69.45	91.60
11016000.00	3.89	50.80	20.26	23.90	28.29	50.27	62.09	69.45	91.60
11019600.00	12.77	50.80	20.26	23.90	28.29	50.27	62.09	69.45	91.60
11023200.00	12.22	50.80	20.26	23.90	28.29	50.27	62.09	69.45	91.60
11026800.00	26.08	50.80	20.26	23.90	28.29	50.27	62.09	69.45	91.60
11030400.00	102.28	50.80	20.26	23.90	28.29	50.27	62.09	69.45	91.60
11034000.00	145.91	50.80	20.26	23.90	28.29	50.27	62.09	69.45	91.60
11037600.00	114.60	50.80	20.26	23.90	28.29	50.27	62.09	69.45	91.60
11041200.00	94.83	50.80	20.26	23.90	28.29	50.27	62.09	69.45	91.60
11044800.00	87.66	50.80	20.26	23.90	28.29	50.27	62.09	69.45	91.60
11048400.00	73.72	50.80	20.26	23.90	28.29	50.27	62.09	69.45	91.60
11052000.00	62.32	50.80	20.26	23.90	28.29	50.27	62.09	69.45	91.60
11055600.00	61.13	50.80	20.26	23.90	28.29	50.27	62.09	69.45	91.60
11059200.00	54.03	66.18	42.79	45.81	49.72	54.93	82.58	92.78	99.88
11062800.00	49.44	66.18	42.79	45.81	49.72	54.93	82.58	92.78	99.88
11066400.00	45.94	66.18	42.79	45.81	49.72	54.93	82.58	92.78	99.88
11070000.00	44.69	66.18	42.79	45.81	49.72	54.93	82.58	92.78	99.88
11073600.00	46.04	66.18	42.79	45.81	49.72	54.93	82.58	92.78	99.88
11077200.00	55.82	66.18	42.79	45.81	49.72	54.93	82.58	92.78	99.88
11080800.00	84.21	66.18	42.79	45.81	49.72	54.93	82.58	92.78	99.88
11084400.00	106.44	66.18	42.79	45.81	49.72	54.93	82.58	92.78	99.88
11088000.00	94.13	66.18	42.79	45.81	49.72	54.93	82.58	92.78	99.88
11091600.00	37.06	66.18	42.79	45.81	49.72	54.93	82.58	92.78	99.88
11095200.00	21.31	66.18	42.79	45.81	49.72	54.93	82.58	92.78	99.88
11098800.00	23.28	66.18	42.79	45.81	49.72	54.93	82.58	92.78	99.88
11102400.00	32.86	66.18	42.79	45.81	49.72	54.93	82.58	92.78	99.88
11106000.00	34.76	66.18	42.79	45.81	49.72	54.93	82.58	92.78	99.88
11109600.00	32.94	66.18	42.79	45.81	49.72	54.93	82.58	92.78	99.88
11113200.00	50.85	66.18	42.79	45.81	49.72	54.93	82.58	92.78	99.88
11116800.00	106.77	66.18	42.79	45.81	49.72	54.93	82.58	92.78	99.88
11120400.00	119.11	66.18	42.79	45.81	49.72	54.93	82.58	92.78	99.88
11124000.00	104.59	66.18	42.79	45.81	49.72	54.93	82.58	92.78	99.88
11127600.00	93.43	66.18	42.79	45.81	49.72	54.93	82.58	92.78	99.88
11131200.00	92.72	66.18	42.79	45.81	49.72	54.93	82.58	92.78	99.88
11134800.00	93.26	66.18	42.79	45.81	49.72	54.93	82.58	92.78	99.88
11138400.00	88.57	66.18	42.79	45.81	49.72	54.93	82.58	92.78	99.88
11142000.00	76.05	66.18	42.79	45.81	49.72	54.93	82.58	92.78	99.88
11145600.00	63.74	56.12	30.85	38.88	45.09	53.76	77.94	90.02	95.80
11149200.00	54.26	56.12	30.85	38.88	45.09	53.76	77.94	90.02	95.80
11152800.00	49.82	56.12	30.85	38.88	45.09	53.76	77.94	90.02	95.80
11156400.00	43.91	56.12	30.85	38.88	45.09	53.76	77.94	90.02	95.80
11160000.00	42.96	56.12	30.85	38.88	45.09	53.76	77.94	90.02	95.80
11163600.00	53.26	56.12	30.85	38.88	45.09	53.76	77.94	90.02	95.80
11167200.00	81.50	56.12	30.85	38.88	45.09	53.76	77.94	90.02	95.80
11170800.00	93.68	56.12	30.85	38.88	45.09	53.76	77.94	90.02	95.80
11174400.00	39.22	56.12	30.85	38.88	45.09	53.76	77.94	90.02	95.80
11178000.00	-1.55	56.12	30.85	38.88	45.09	53.76	77.94	90.02	95.80
11181600.00	-1.15	56.12	30.85	38.88	45.09	53.76	77.94	90.02	95.80
11185200.00	-5.26	56.12	30.85	38.88	45.09	53.76	77.94	90.02	95.80
11188800.00	-0.17	56.12	30.85	38.88	45.09	53.76	77.94	90.02	95.80
11192400.00	10.49	56.12	30.85	38.88	45.09	53.76	77.94	90.02	95.80
11196000.00	15.95	56.12	30.85	38.88	45.09	53.76	77.94	90.02	95.80
11199600.00	35.81	56.12	30.85	38.88	45.09	53.76	77.94	90.02	95.80
11203200.00	83.18	56.12	30.85	38.88	45.09	53.76	77.94	90.02	95.80
11206800.00	96.89	56.12	30.85	38.88	45.09	53.76	77.94	90.02	95.80
11210400.00	94.02	56.12	30.85	38.88	45.09	53.76	77.94	90.02	95.80
11214000.00	89.61	56.12	30.85	38.88	45.09	53.76	77.94	90.02	95.80
11217600.00	94.47	56.12	30.85	38.88	45.09	53.76	77.94	90.02	95.80
11221200.00	98.96	56.12	30.85	38.88	45.09	53.76	77.94	90.02	95.80
11224800.00	104.25	56.12	30.85	38.88	45.09	53.76	77.94	90.02	95.80
11228400.00	108.95	56.12	30.85	38.88	45.09	53.76	77.94	90.02	95.80
11232000.00	82.64	56.12	21.57	23.97	36.99	57.75	68.54	82.98	99.21
11235600.00	102.20	56.12	21.57	23.97	36.99	57.75	68.54	82.98	99.21
11239200.00	68.84	56.12	21.57	23.97	36.99	57.75	68.54	82.98	99.21
11242800.00	47.62	56.12	21.57	23.97	36.99	57.75	68.54	82.98	99.21
11246400.00	34.33	56.12	21.57	23.97	36.99	57.75	68.54	82.98	99.21
11250000.00	31.63	56.12	21.57	23.97	36.99	57.75	68.54	82.98	99.21
11253600.00	50.05	56.12	21.57	23.97	36.99	57.75	68.54	82.98	99.21
11257200.00	155.18	56.12	21.57	23.97	36.99	57.75	68.54	82.98	99.21
11260800.00	21.67	56.12	21.57	23.97	36.99	57.75	68.54	82.98	99.21
11264400.00	5.66	56.12	21.57	23.97	36.99	57.75	68.54	82.98	99.21
11268000.00	4.51	56.12	21.57	23.97	36.99	57.75	68.54	82.98	99.21
11271600.00	2.52	56.12	21.57	23.97	36.99	57.75	68.54	82.98	99.21
11275200.00	3.25	56.12	21.57	23.97	36.99	57.75	68.54	82.98	99.21
11278800.00	6.23	56.12	21.57	23.97	36.99	57.75	68.54	82.98	99.21
11282400.00	21.27	56.12	21.57	23.97	36.99	57.75	68.54	82.98	99.21
11286000.00	24.22	56.12	21.57	23.97	36.99	57.75	68.54	82.98	99.21
11289600.00	86.08	56.12	21.57	23.97	36.99	57.75	68.54	82.98	99.21
11293200.00	97.22	56.12	21.57	23.97	36.99	57.75	68.54	82.98	99.21
11296800.00	102.73	56.12	21.57	23.97	36.99	57.75	68.54	82.98	99.21
11300400.00	100.83	56.12	21.57	23.97	36.99	57.75	68.54	82.98	99.21
11304000.00	89.13	56.12	21.57	23.97	36.99	57.75	68.54	82.98	99.21
11307600.00	76.23	56.12	21.57	23.97	36.99	57.75	68.54	82.98	99.21
11311200.00	67.31	56.12	21.57	23.97	36.99	57.75	68.54	82.98	99.21
11314800.00	65.45	56.12	21.57	23.97	36.99	57.75	68.54	82.98	99.21
11318400.00	68.12	78.86	63.38	67.86	77.40	85.38	90.21	93.69	103.73
11322000.00	76.05	78.86	63.38	67.86	77.40	85.38	90.21	93.69	103.73
11325600.00	82.84	78.86	63.38	67.86	77.40	85.38	90.21	93.69	103.73
11329200.00	84.70	78.86	63.38	67.86	77.40	85.38	90.21	93.69	103.73
11332800.00	102.44	78.86	63.38	67.86	77.40	85.38	90.21	93.69	103.73
11336400.00	98.13	78.86	63.38	67.86	77.40	85.38	90.21	93.69	103.73
11340000.00	122.97	78.86	63.38	67.86	77.40	85.38	90.21	93.69	103.73
11343600.00	114.61	78.86	63.38	67.86	77.40	85.38	90.21	93.69	103.73
11347200.00	97.42	78.86	63.38	67.86	77.40	85.38	90.21	93.69	103.73
11350800.00	57.10	78.86	63.38	67.86	77.40	85.38	90.21	93.69	103.73
11354400.00	33.91	78.86	63.38	67.86	77.40	85.38	90.21	93.69	103.73
11358000.00	34.29	78.86	63.38	67.86	77.40	85.38	90.21	93.69	103.73
11361600.00	32.83	78.86	63.38	67.86	77.40	85.38	90.21	93.69	103.73
11365200.00	31.51	78.86	63.38	67.86	77.40	85.38	90.21	93.69	103.73
11368800.00	43.00	78.86	63.38	67.86	77.40	85.38	90.21	93.69	103.73
11372400.00	65.47	78.86	63.38	67.86	77.40	85.38	90.21	93.69	103.73
11376000.00	117.48	78.86	63.38	67.86	77.40	85.38	90.21	93.69	103.73
11379600.00	104.79	78.86	63.38	67.86	77.40	85.38	90.21	93.69	103.73
11383200.00	91.87	78.86	63.38	67.86	77.40	85.38	90.21	93.69	103.73
11386800.00	93.27	78.86	63.38	67.86	77.40	85.38	90.21	93.69	103.73
11390400.00	88.17	78.86	63.38	67.86	77.40	85.38	90.21	93.69	103.73
11394000.00	90.72	78.86	63.38	67.86	77.40	85.38	90.21	93.69	103.73
11397600.00	86.07	78.86	63.38	67.86	77.40	85.38	90.21	93.69	103.73
11401200.00	74.85	78.86	63.38	67.86	77.40	85.38	90.21	93.69	103.73
11404800.00	68.15	74.15	50.44	66.35	79.55	81.12	88.46	96.74	105.13
11408400.00	68.08	74.15	50.44	66.35	79.55	81.12	88.46	96.74	105.13
11412000.00	81.91	74.15	50.44	66.35	79.55	81.12	88.46	96.74	105.13
11415600.00	79.67	74.15	50.44	66.35	79.55	81.12	88.46	96.74	105.13
11419200.00	89.05	74.15	50.44	66.35	79.55	81.12	88.46	96.74	105.13
11422800.00	99.26	74.15	50.44	66.35	79.55	81.12	88.46	96.74	105.13
11426400.00	106.02	74.15	50.44	66.35	79.55	81.12	88.46	96.74	105.13
11430000.00	142.33	74.15	50.44	66.35	79.55	81.12	88.46	96.74	105.13
11433600.00	80.33	74.15	50.44	66.35	79.55	81.12	88.46	96.74	105.13
11437200.00	50.79	74.15	50.44	66.35	79.55	81.12	88.46	96.74	105.13
11440800.00	30.47	74.15	50.44	66.35	79.55	81.12	88.46	96.74	105.13
11444400.00	20.75	74.15	50.44	66.35	79.55	81.12	88.46	96.74	105.13
11448000.00	16.03	74.15	50.44	66.35	79.55	81.12	88.46	96.74	105.13
11451600.00	11.44	74.15	50.44	66.35	79.55	81.12	88.46	96.74	105.13
11455200.00	-15.22	74.15	50.44	66.35	79.55	81.12	88.46	96.74	105.13
11458800.00	49.42	74.15	50.44	66.35	79.55	81.12	88.46	96.74	105.13
11462400.00	79.52	74.15	50.44	66.35	79.55	81.12	88.46	96.74	105.13
11466000.00	132.38	74.15	50.44	66.35	79.55	81.12	88.46	96.74	105.13
11469600.00	107.02	74.15	50.44	66.35	79.55	81.12	88.46	96.74	105.13
11473200.00	104.04	74.15	50.44	66.35	79.55	81.12	88.46	96.74	105.13
11476800.00	99.42	74.15	50.44	66.35	79.55	81.12	88.46	96.74	105.13
11480400.00	96.46	74.15	50.44	66.35	79.55	81.12	88.46	96.74	105.13
11484000.00	96.26	74.15	50.44	66.35	79.55	81.12	88.46	96.74	105.13
11487600.00	86.12	74.15	50.44	66.35	79.55	81.12	88.46	96.74	105.13
11491200.00	90.73	84.24	59.35	66.47	77.41	91.65	98.23	100.01	108.93
11494800.00	143.72	84.24	59.35	66.47	77.41	91.65	98.23	100.01	108.93
11498400.00	134.51	84.24	59.35	66.47	77.41	91.65	98.23	100.01	108.93
11502000.00	97.82	84.24	59.35	66.47	77.41	91.65	98.23	100.01	108.93
11505600.00	66.91	84.24	59.35	66.47	77.41	91.65	98.23	100.01	108.93
11509200.00	75.01	84.24	59.35	66.47	77.41	91.65	98.23	100.01	108.93
11512800.00	104.04	84.24	59.35	66.47	77.41	91.65	98.23	100.01	108.93
11516400.00	169.32	84.24	59.35	66.47	77.41	91.65	98.23	100.01	108.93
11520000.00	99.86	84.24	59.35	66.47	77.41	91.65	98.23	100.01	108.93
11523600.00	62.48	84.24	59.35	66.47	77.41	91.65	98.23	100.01	108.93
11527200.00	38.32	84.24	59.35	66.47	77.41	91.65	98.23	100.01	108.93
11530800.00	37.99	84.24	59.35	66.47	77.41	91.65	98.23	100.01	108.93
11534400.00	28.35	84.24	59.35	66.47	77.41	91.65	98.23	100.01	108.93
11538000.00	31.75	84.24	59.35	66.47	77.41	91.65	98.23	100.01	108.93
11541600.00	49.94	84.24	59.35	66.47	77.41	91.65	98.23	100.01	108.93
11545200.00	67.98	84.24	59.35	66.47	77.41	91.65	98.23	100.01	108.93
11548800.00	28.76	84.24	59.35	66.47	77.41	91.65	98.23	100.01	108.93
11552400.00	112.93	84.24	59.35	66.47	77.41	91.65	98.23	100.01	108.93
11556000.00	102.48	84.24	59.35	66.47	77.41	91.65	98.23	100.01	108.93
11559600.00	98.33	84.24	59.35	66.47	77.41	91.65	98.23	100.01	108.93
11563200.00	99.55	84.24	59.35	66.47	77.41	91.65	98.23	100.01	108.93
11566800.00	101.34	84.24	59.35	66.47	77.41	91.65	98.23	100.01	108.93
11570400.00	87.02	84.24	59.35	66.47	77.41	91.65	98.23	100.01	108.93
11574000.00	92.58	84.24	59.35	66.47	77.41	91.65	98.23	100.01	108.93
11577600.00	86.19	96.66	79.83	85.59	88.43	102.27	104.89	106.84	112.29
11581200.00	87.40	96.66	79.83	85.59	88.43	102.27	104.89	106.84	112.29
11584800.00	75.30	96.66	79.83	85.59	88.43	102.27	104.89	106.84	112.29
11588400.00	80.17	96.66	79.83	85.59	88.43	102.27	104.89	106.84	112.29
11592000.00	78.78	96.66	79.83	85.59	88.43	102.27	104.89	106.84	112.29
11595600.00	92.55	96.66	79.83	85.59	88.43	102.27	104.89	106.84	112.29
11599200.00	109.65	96.66	79.83	85.59	88.43	102.27	104.89	106.84	112.29
11602800.00	136.05	96.66	79.83	85.59	88.43	102.27	104.89	106.84	112.29
11606400.00	100.58	96.66	79.83	85.59	88.43	102.27	104.89	106.84	112.29
11610000.00	87.40	96.66	79.83	85.59	88.43	102.27	104.89	106.84	112.29
11613600.00	69.29	96.66	79.83	85.59	88.43	102.27	104.89	106.84	112.29
11617200.00	74.49	96.66	79.83	85.59	88.43	102.27	104.89	106.84	112.29
11620800.00	71.90	96.66	79.83	85.59	88.43	102.27	104.89	106.84	112.29
11624400.00	76.01	96.66	79.83	85.59	88.43	102.27	104.89	106.84	112.29
11628000.00	106.98	96.66	79.83	85.59	88.43	102.27	104.89	106.84	112.29
11631600.00	107.12	96.66	79.83	85.59	88.43	102.27	104.89	106.84	112.29
11635200.00	105.13	96.66	79.83	85.59	88.43	102.27	104.89	106.84	112.29
11638800.00	114.44	96.66	79.83	85.59	88.43	102.27	104.89	106.84	112.29
11642400.00	120.37	96.66	79.83	85.59	88.43	102.27	104.89	106.84	112.29
11646000.00	119.57	96.66	79.83	85.59	88.43	102.27	104.89	106.84	112.29
11649600.00	103.95	96.66	79.83	85.59	88.43	102.27	104.89	106.84	112.29
11653200.00	103.96	96.66	79.83	85.59	88.43	102.27	104.89	106.84	112.29
11656800.00	106.83	96.66	79.83	85.59	88.43	102.27	104.89	106.84	112.29
11660400.00	105.71	96.66	79.83	85.59	88.43	102.27	104.89	106.84	112.29
11664000.00	104.39	99.54	90.63	93.88	97.63	100.70	104.02	107.49	112.40
11667600.00	101.91	99.54	90.63	93.88	97.63	100.70	104.02	107.49	112.40
11671200.00	94.11	99.54	90.63	93.88	97.63	100.70	104.02	107.49	112.40
11674800.00	91.80	99.54	90.63	93.88	97.63	100.70	104.02	107.49	112.40
11678400.00	96.29	99.54	90.63	93.88	97.63	100.70	104.02	107.49	112.40
11682000.00	110.00	99.54	90.63	93.88	97.63	100.70	104.02	107.49	112.40
11685600.00	126.30	99.54	90.63	93.88	97.63	100.70	104.02	107.49	112.40
11689200.00	173.86	99.54	90.63	93.88	97.63	100.70	104.02	107.49	112.40
11692800.00	107.41	99.54	90.63	93.88	97.63	100.70	104.02	107.49	112.40
11696400.00	103.79	99.54	90.63	93.88	97.63	100.70	104.02	107.49	112.40
11700000.00	99.48	99.54	90.63	93.88	97.63	100.70	104.02	107.49	112.40
11703600.00	57.75	99.54	90.63	93.88	97.63	100.70	104.02	107.49	112.40
11707200.00	60.80	99.54	90.63	93.88	97.63	100.70	104.02	107.49	112.40
11710800.00	67.10	99.54	90.63	93.88	97.63	100.70	104.02	107.49	112.40
11714400.00	80.86	99.54	90.63	93.88	97.63	100.70	104.02	107.49	112.40
11718000.00	87.11	99.54	90.63	93.88	97.63	100.70	104.02	107.49	112.40
11721600.00	75.34	99.54	90.63	93.88	97.63	100.70	104.02	107.49	112.40
11725200.00	118.43	99.54	90.63	93.88	97.63	100.70	104.02	107.49	112.40
11728800.00	113.39	99.54	90.63	93.88	97.63	100.70	104.02	107.49	112.40
11732400.00	111.19	99.54	90.63	93.88	97.63	100.70	104.02	107.49	112.40
11736000.00	108.23	99.54	90.63	93.88	97.63	100.70	104.02	107.49	112.40
11739600.00	97.75	99.54	90.63	93.88	97.63	100.70	104.02	107.49	112.40
11743200.00	97.60	99.54	90.63	93.88	97.63	100.70	104.02	107.49	112.40
11746800.00	104.07	99.54	90.63	93.88	97.63	100.70	104.02	107.49	112.40
11750400.00	105.32	66.28	30.66	43.75	53.44	66.47	78.13	98.08	108.64
11754000.00	97.95	66.28	30.66	43.75	53.44	66.47	78.13	98.08	108.64
11757600.00	99.50	66.28	30.66	43.75	53.44	66.47	78.13	98.08	108.64
11761200.00	99.32	66.28	30.66	43.75	53.44	66.47	78.13	98.08	108.64
11764800.00	111.35	66.28	30.66	43.75	53.44	66.47	78.13	98.08	108.64
11768400.00	112.86	66.28	30.66	43.75	53.44	66.47	78.13	98.08	108.64
11772000.00	129.10	66.28	30.66	43.75	53.44	66.47	78.13	98.08	108.64
11775600.00	118.64	66.28	30.66	43.75	53.44	66.47	78.13	98.08	108.64
11779200.00	78.63	66.28	30.66	43.75	53.44	66.47	78.13	98.08	108.64
11782800.00	56.62	66.28	30.66	43.75	53.44	66.47	78.13	98.08	108.64
11786400.00	52.65	66.28	30.66	43.75	53.44	66.47	78.13	98.08	108.64
11790000.00	45.07	66.28	30.66	43.75	53.44	66.47	78.13	98.08	108.64
11793600.00	27.11	66.28	30.66	43.75	53.44	66.47	78.13	98.08	108.64
11797200.00	21.72	66.28	30.66	43.75	53.44	66.47	78.13	98.08	108.64
11800800.00	18.03	66.28	30.66	43.75	53.44	66.47	78.13	98.08	108.64
11804400.00	31.85	66.28	30.66	43.75	53.44	66.47	78.13	98.08	108.64
11808000.00	0.61	66.28	30.66	43.75	53.44	66.47	78.13	98.08	108.64
11811600.00	25.51	66.28	30.66	43.75	53.44	66.47	78.13	98.08	108.64
11815200.00	76.11	66.28	30.66	43.75	53.44	66.47	78.13	98.08	108.64
11818800.00	81.13	66.28	30.66	43.75	53.44	66.47	78.13	98.08	108.64
11822400.00	74.33	66.28	30.66	43.75	53.44	66.47	78.13	98.08	108.64
11826000.00	58.61	66.28	30.66	43.75	53.44	66.47	78.13	98.08	108.64
11829600.00	46.75	66.28	30.66	43.75	53.44	66.47	78.13	98.08	108.64
11833200.00	21.91	66.28	30.66	43.75	53.44	66.47	78.13	98.08	108.64
11836800.00	22.92	36.26	7.48	14.18	29.50	36.12	43.45	51.30	80.04
11840400.00	51.58	36.26	7.48	14.18	29.50	36.12	43.45	51.30	80.04
11844000.00	37.82	36.26	7.48	14.18	29.50	36.12	43.45	51.30	80.04
11847600.00	10.19	36.26	7.48	14.18	29.50	36.12	43.45	51.30	80.04
11851200.00	14.62	36.26	7.48	14.18	29.50	36.12	43.45	51.30	80.04
11854800.00	33.46	36.26	7.48	14.18	29.50	36.12	43.45	51.30	80.04
11858400.00	51.27	36.26	7.48	14.18	29.50	36.12	43.45	51.30	80.04
11862000.00	45.42	36.26	7.48	14.18	29.50	36.12	43.45	51.30	80.04
11865600.00	28.51	36.26	7.48	14.18	29.50	36.12	43.45	51.30	80.04
11869200.00	38.05	36.26	7.48	14.18	29.50	36.12	43.45	51.30	80.04
11872800.00	-1.08	36.26	7.48	14.18	29.50	36.12	43.45	51.30	80.04
11876400.00	-17.53	36.26	7.48	14.18	29.50	36.12	43.45	51.30	80.04
11880000.00	-18.22	36.26	7.48	14.18	29.50	36.12	43.45	51.30	80.04
11883600.00	-26.04	36.26	7.48	14.18	29.50	36.12	43.45	51.30	80.04
11887200.00	-12.54	36.26	7.48	14.18	29.50	36.12	43.45	51.30	80.04
11890800.00	-0.67	36.26	7.48	14.18	29.50	36.12	43.45	51.30	80.04
11894400.00	34.43	36.26	7.48	14.18	29.50	36.12	43.45	51.30	80.04
11898000.00	128.11	36.26	7.48	14.18	29.50	36.12	43.45	51.30	80.04
11901600.00	102.31	36.26	7.48	14.18	29.50	36.12	43.45	51.30	80.04
11905200.00	90.62	36.26	7.48	14.18	29.50	36.12	43.45	51.30	80.04
11908800.00	87.86	36.26	7.48	14.18	29.50	36.12	43.45	51.30	80.04
11912400.00	70.48	36.26	7.48	14.18	29.50	36.12	43.45	51.30	80.04
11916000.00	53.87	36.26	7.48	14.18	29.50	36.12	43.45	51.30	80.04
11919600.00	44.79	36.26	7.48	14.18	29.50	36.12	43.45	51.30	80.04
11923200.00	45.19	74.38	43.05	44.50	45.34	61.24	78.23	105.65	130.91
11926800.00	45.31	74.38	43.05	44.50	45.34	61.24	78.23	105.65	130.91
11930400.00	44.64	74.38	43.05	44.50	45.34	61.24	78.23	105.65	130.91
11934000.00	42.52	74.38	43.05	44.50	45.34	61.24	78.23	105.65	130.91
11937600.00	43.23	74.38	43.05	44.50	45.34	61.24	78.23	105.65	130.91
11941200.00	45.48	74.38	43.05	44.50	45.34	61.24	78.23	105.65	130.91
11944800.00	64.26	74.38	43.05	44.50	45.34	61.24	78.23	105.65	130.91
11948400.00	126.50	74.38	43.05	44.50	45.34	61.24	78.23	105.65	130.91
11952000.00	134.52	74.38	43.05	44.50	45.34	61.24	78.23	105.65	130.91
11955600.00	113.59	74.38	43.05	44.50	45.34	61.24	78.23	105.65	130.91
11959200.00	68.10	74.38	43.05	44.50	45.34	61.24	78.23	105.65	130.91
11962800.00	-2.36	74.38	43.05	44.50	45.34	61.24	78.23	105.65	130.91
11966400.00	4.61	74.38	43.05	44.50	45.34	61.24	78.23	105.65	130.91
11970000.00	19.53	74.38	43.05	44.50	45.34	61.24	78.23	105.65	130.91
11973600.00	25.33	74.38	43.05	44.50	45.34	61.24	78.23	105.65	130.91
11977200.00	40.71	74.38	43.05	44.50	45.34	61.24	78.23	105.65	130.91
11980800.00	104.77	74.38	43.05	44.50	45.34	61.24	78.23	105.65	130.91
11984400.00	159.36	74.38	43.05	44.50	45.34	61.24	78.23	105.65	130.91
11988000.00	168.17	74.38	43.05	44.50	45.34	61.24	78.23	105.65	130.91
11991600.00	140.89	74.38	43.05	44.50	45.34	61.24	78.23	105.65	130.91
11995200.00	117.50	74.38	43.05	44.50	45.34	61.24	78.23	105.65	130.91
11998800.00	94.37	74.38	43.05	44.50	45.34	61.24	78.23	105.65	130.91
12002400.00	80.76	74.38	43.05	44.50	45.34	61.24	78.23	105.65	130.91
12006000.00	58.22	74.38	43.05	44.50	45.34	61.24	78.23	105.65	130.91
12009600.00	58.42	92.50	44.46	52.57	56.29	59.65	92.53	131.58	176.05
12013200.00	60.16	92.50	44.46	52.57	56.29	59.65	92.53	131.58	176.05
12016800.00	55.75	92.50	44.46	52.57	56.29	59.65	92.53	131.58	176.05
12020400.00	53.24	92.50	44.46	52.57	56.29	59.65	92.53	131.58	176.05
12024000.00	54.78	92.50	44.46	52.57	56.29	59.65	92.53	131.58	176.05
12027600.00	59.15	92.50	44.46	52.57	56.29	59.65	92.53	131.58	176.05
12031200.00	82.13	92.50	44.46	52.57	56.29	59.65	92.53	131.58	176.05
12034800.00	95.13	92.50	44.46	52.57	56.29	59.65	92.53	131.58	176.05
12038400.00	146.55	92.50	44.46	52.57	56.29	59.65	92.53	131.58	176.05
12042000.00	38.20	92.50	44.46	52.57	56.29	59.65	92.53	131.58	176.05
12045600.00	25.63	92.50	44.46	52.57	56.29	59.65	92.53	131.58	176.05
12049200.00	11.06	92.50	44.46	52.57	56.29	59.65	92.53	131.58	176.05
12052800.00	11.01	92.50	44.46	52.57	56.29	59.65	92.53	131.58	176.05
12056400.00	5.49	92.50	44.46	52.57	56.29	59.65	92.53	131.58	176.05
12060000.00	29.18	92.50	44.46	52.57	56.29	59.65	92.53	131.58	176.05
12063600.00	46.55	92.50	44.46	52.57	56.29	59.65	92.53	131.58	176.05
12067200.00	131.08	92.50	44.46	52.57	56.29	59.65	92.53	131.58	176.05
12070800.00	192.16	92.50	44.46	52.57	56.29	59.65	92.53	131.58	176.05
12074400.00	263.77	92.50	44.46	52.57	56.29	59.65	92.53	131.58	176.05
12078000.00	194.38	92.50	44.46	52.57	56.29	59.65	92.53	131.58	176.05
12081600.00	171.49	92.50	44.46	52.57	56.29	59.65	92.53	131.58	176.05
12085200.00	179.79	92.50	44.46	52.57	56.29	59.65	92.53	131.58	176.05
12088800.00	136.04	92.50	44.46	52.57	56.29	59.65	92.53	131.58	176.05
12092400.00	118.88	92.50	44.46	52.57	56.29	59.65	92.53	131.58	176.05
12096000.00	123.10	124.89	100.06	102.36	113.40	119.02	122.45	125.95	141.69
12099600.00	119.87	124.89	100.06	102.36	113.40	119.02	122.45	125.95	141.69
12103200.00	129.42	124.89	100.06	102.36	113.40	119.02	122.45	125.95	141.69
12106800.00	135.40	124.89	100.06	102.36	113.40	119.02	122.45	125.95	141.69
12110400.00	119.82	124.89	100.06	102.36	113.40	119.02	122.45	125.95	141.69
12114000.00	126.90	124.89	100.06	102.36	113.40	119.02	122.45	125.95	141.69
12117600.00	146.83	124.89	100.06	102.36	113.40	119.02	122.45	125.95	141.69
12121200.00	305.65	124.89	100.06	102.36	113.40	119.02	122.45	125.95	141.69
12124800.00	223.01	124.89	100.06	102.36	113.40	119.02	122.45	125.95	141.69
12128400.00	118.23	124.89	100.06	102.36	113.40	119.02	122.45	125.95	141.69
12132000.00	89.66	124.89	100.06	102.36	113.40	119.02	122.45	125.95	141.69
12135600.00	88.99	124.89	100.06	102.36	113.40	119.02	122.45	125.95	141.69
12139200.00	76.23	124.89	100.06	102.36	113.40	119.02	122.45	125.95	141.69
12142800.00	73.10	124.89	100.06	102.36	113.40	119.02	122.45	125.95	141.69
12146400.00	74.52	124.89	100.06	102.36	113.40	119.02	122.45	125.95	141.69
12150000.00	98.22	124.89	100.06	102.36	113.40	119.02	122.45	125.95	141.69
12153600.00	112.22	124.89	100.06	102.36	113.40	119.02	122.45	125.95	141.69
12157200.00	159.39	124.89	100.06	102.36	113.40	119.02	122.45	125.95	141.69
12160800.00	125.85	124.89	100.06	102.36	113.40	119.02	122.45	125.95	141.69
12164400.00	124.66	124.89	100.06	102.36	113.40	119.02	122.45	125.95	141.69
12168000.00	118.14	124.89	100.06	102.36	113.40	119.02	122.45	125.95	141.69
12171600.00	102.54	124.89	100.06	102.36	113.40	119.02	122.45	125.95	141.69
12175200.00	105.07	124.89	100.06	102.36	113.40	119.02	122.45	125.95	141.69
12178800.00	100.68	124.89	100.06	102.36	113.40	119.02	122.45	125.95	141.69
12182400.00	110.21	95.75	88.91	90.95	93.05	98.73	107.74	110.23	115.84
12186000.00	109.66	95.75	88.91	90.95	93.05	98.73	107.74	110.23	115.84
12189600.00	91.12	95.75	88.91	90.95	93.05	98.73	107.74	110.23	115.84
12193200.00	93.93	95.75	88.91	90.95	93.05	98.73	107.74	110.23	115.84
12196800.00	89.37	95.75	88.91	90.95	93.05	98.73	107.74	110.23	115.84
12200400.00	101.75	95.75	88.91	90.95	93.05	98.73	107.74	110.23	115.84
12204000.00	108.20	95.75	88.91	90.95	93.05	98.73	107.74	110.23	115.84
12207600.00	133.77	95.75	88.91	90.95	93.05	98.73	107.74	110.23	115.84
12211200.00	118.23	95.75	88.91	90.95	93.05	98.73	107.74	110.23	115.84
12214800.00	95.71	95.75	88.91	90.95	93.05	98.73	107.74	110.23	115.84
12218400.00	87.54	95.75	88.91	90.95	93.05	98.73	107.74	110.23	115.84
12222000.00	59.47	95.75	88.91	90.95	93.05	98.73	107.74	110.23	115.84
12225600.00	51.38	95.75	88.91	90.95	93.05	98.73	107.74	110.23	115.84
12229200.00	57.44	95.75	88.91	90.95	93.05	98.73	107.74	110.23	115.84
12232800.00	57.84	95.75	88.91	90.95	93.05	98.73	107.74	110.23	115.84
12236400.00	64.02	95.75	88.91	90.95	93.05	98.73	107.74	110.23	115.84
12240000.00	92.75	95.75	88.91	90.95	93.05	98.73	107.74	110.23	115.84
12243600.00	122.57	95.75	88.91	90.95	93.05	98.73	107.74	110.23	115.84
12247200.00	113.83	95.75	88.91	90.95	93.05	98.73	107.74	110.23	115.84
12250800.00	92.83	95.75	88.91	90.95	93.05	98.73	107.74	110.23	115.84
12254400.00	105.89	95.75	88.91	90.95	93.05	98.73	107.74	110.23	115.84
12258000.00	110.39	95.75	88.91	90.95	93.05	98.73	107.74	110.23	115.84
12261600.00	112.49	95.75	88.91	90.95	93.05	98.73	107.74	110.23	115.84
12265200.00	117.49	95.75	88.91	90.95	93.05	98.73	107.74	110.23	115.84
12268800.00	112.21	94.97	71.76	80.67	93.72	99.49	104.05	107.84	118.50
12272400.00	102.47	94.97	71.76	80.67	93.72	99.49	104.05	107.84	118.50
12276000.00	97.62	94.97	71.76	80.67	93.72	99.49	104.05	107.84	118.50
12279600.00	96.70	94.97	71.76	80.67	93.72	99.49	104.05	107.84	118.50
12283200.00	121.07	94.97	71.76	80.67	93.72	99.49	104.05	107.84	118.50
12286800.00	131.79	94.97	71.76	80.67	93.72	99.49	104.05	107.84	118.50
12290400.00	132.98	94.97	71.76	80.67	93.72	99.49	104.05	107.84	118.50
12294000.00	129.27	94.97	71.76	80.67	93.72	99.49	104.05	107.84	118.50
12297600.00	115.36	94.97	71.76	80.67	93.72	99.49	104.05	107.84	118.50
12301200.00	92.98	94.97	71.76	80.67	93.72	99.49	104.05	107.84	118.50
12304800.00	104.57	94.97	71.76	80.67	93.72	99.49	104.05	107.84	118.50
12308400.00	68.91	94.97	71.76	80.67	93.72	99.49	104.05	107.84	118.50
12312000.00	56.39	94.97	71.76	80.67	93.72	99.49	104.05	107.84	118.50
12315600.00	61.23	94.97	71.76	80.67	93.72	99.49	104.05	107.84	118.50
12319200.00	67.03	94.97	71.76	80.67	93.72	99.49	104.05	107.84	118.50
12322800.00	72.71	94.97	71.76	80.67	93.72	99.49	104.05	107.84	118.50
12326400.00	92.31	94.97	71.76	80.67	93.72	99.49	104.05	107.84	118.50
12330000.00	111.96	94.97	71.76	80.67	93.72	99.49	104.05	107.84	118.50
12333600.00	104.44	94.97	71.76	80.67	93.72	99.49	104.05	107.84	118.50
12337200.00	107.38	94.97	71.76	80.67	93.72	99.49	104.05	107.84	118.50
12340800.00	101.36	94.97	71.76	80.67	93.72	99.49	104.05	107.84	118.50
12344400.00	81.55	94.97	71.76	80.67	93.72	99.49	104.05	107.84	118.50
12348000.00	64.14	94.97	71.76	80.67	93.72	99.49	104.05	107.84	118.50
12351600.00	52.81	94.97	71.76	80.67	93.72	99.49	104.05	107.84	118.50
12355200.00	43.28	17.24	-12.81	-5.74	9.01	10.17	15.23	19.47	40.37
12358800.00	34.83	17.24	-12.81	-5.74	9.01	10.17	15.23	19.47	40.37
12362400.00	16.01	17.24	-12.81	-5.74	9.01	10.17	15.23	19.47	40.37
12366000.00	9.33	17.24	-12.81	-5.74	9.01	10.17	15.23	19.47	40.37
12369600.00	9.45	17.24	-12.81	-5.74	9.01	10.17	15.23	19.47	40.37
12373200.00	8.92	17.24	-12.81	-5.74	9.01	10.17	15.23	19.47	40.37
12376800.00	6.34	17.24	-12.81	-5.74	9.01	10.17	15.23	19.47	40.37
12380400.00	10.90	17.24	-12.81	-5.74	9.01	10.17	15.23	19.47	40.37
12384000.00	36.80	17.24	-12.81	-5.74	9.01	10.17	15.23	19.47	40.37
12387600.00	-12.60	17.24	-12.81	-5.74	9.01	10.17	15.23	19.47	40.37
12391200.00	-13.44	17.24	-12.81	-5.74	9.01	10.17	15.23	19.47	40.37
12394800.00	-13.54	17.24	-12.81	-5.74	9.01	10.17	15.23	19.47	40.37
12398400.00	-15.71	17.24	-12.81	-5.74	9.01	10.17	15.23	19.47	40.37
12402000.00	-15.81	17.24	-12.81	-5.74	9.01	10.17	15.23	19.47	40.37
12405600.00	-15.79	17.24	-12.81	-5.74	9.01	10.17	15.23	19.47	40.37
12409200.00	-14.83	17.24	-12.81	-5.74	9.01	10.17	15.23	19.47	40.37
12412800.00	-4.98	17.24	-12.81	-5.74	9.01	10.17	15.23	19.47	40.37
12416400.00	12.12	17.24	-12.81	-5.74	9.01	10.17	15.23	19.47	40.37
12420000.00	18.89	17.24	-12.81	-5.74	9.01	10.17	15.23	19.47	40.37
12423600.00	17.12	17.24	-12.81	-5.74	9.01	10.17	15.23	19.47	40.37
12427200.00	24.60	17.24	-12.81	-5.74	9.01	10.17	15.23	19.47	40.37
12430800.00	71.37	17.24	-12.81	-5.74	9.01	10.17	15.23	19.47	40.37
12434400.00	106.79	17.24	-12.81	-5.74	9.01	10.17	15.23	19.47	40.37
12438000.00	93.66	17.24	-12.81	-5.74	9.01	10.17	15.23	19.47	40.37
12441600.00	88.38	31.22	-11.00	-10.22	-8.81	2.50	32.75	57.01	99.86
12445200.00	125.14	31.22	-11.00	-10.22	-8.81	2.50	32.75	57.01	99.86
12448800.00	122.21	31.22	-11.00	-10.22	-8.81	2.50	32.75	57.01	99.86
12452400.00	112.45	31.22	-11.00	-10.22	-8.81	2.50	32.75	57.01	99.86
12456000.00	96.85	31.22	-11.00	-10.22	-8.81	2.50	32.75	57.01	99.86
12459600.00	102.33	31.22	-11.00	-10.22	-8.81	2.50	32.75	57.01	99.86
12463200.00	75.35	31.22	-11.00	-10.22	-8.81	2.50	32.75	57.01	99.86
12466800.00	47.05	31.22	-11.00	-10.22	-8.81	2.50	32.75	57.01	99.86
12470400.00	29.86	31.22	-11.00	-10.22	-8.81	2.50	32.75	57.01	99.86
12474000.00	12.80	31.22	-11.00	-10.22	-8.81	2.50	32.75	57.01	99.86
12477600.00	-8.72	31.22	-11.00	-10.22	-8.81	2.50	32.75	57.01	99.86
12481200.00	-14.38	31.22	-11.00	-10.22	-8.81	2.50	32.75	57.01	99.86
12484800.00	-15.80	31.22	-11.00	-10.22	-8.81	2.50	32.75	57.01	99.86
12488400.00	-18.45	31.22	-11.00	-10.22	-8.81	2.50	32.75	57.01	99.86
12492000.00	-20.03	31.22	-11.00	-10.22	-8.81	2.50	32.75	57.01	99.86
12495600.00	-15.82	31.22	-11.00	-10.22	-8.81	2.50	32.75	57.01	99.86
12499200.00	-8.84	31.22	-11.00	-10.22	-8.81	2.50	32.75	57.01	99.86
12502800.00	33.48	31.22	-11.00	-10.22	-8.81	2.50	32.75	57.01	99.86
12506400.00	54.97	31.22	-11.00	-10.22	-8.81	2.50	32.75	57.01	99.86
12510000.00	-10.67	31.22	-11.00	-10.22	-8.81	2.50	32.75	57.01	99.86
12513600.00	-11.99	31.22	-11.00	-10.22	-8.81	2.50	32.75	57.01	99.86
12517200.00	-10.17	31.22	-11.00	-10.22	-8.81	2.50	32.75	57.01	99.86
12520800.00	-7.80	31.22	-11.00	-10.22	-8.81	2.50	32.75	57.01	99.86
12524400.00	-8.90	31.22	-11.00	-10.22	-8.81	2.50	32.75	57.01	99.86
12528000.00	-10.84	-9.69	-13.09	-12.46	-12.09	-11.72	-10.85	-10.20	-1.62
12531600.00	-11.79	-9.69	-13.09	-12.46	-12.09	-11.72	-10.85	-10.20	-1.62
12535200.00	-12.27	-9.69	-13.09	-12.46	-12.09	-11.72	-10.85	-10.20	-1.62
12538800.00	-12.40	-9.69	-13.09	-12.46	-12.09	-11.72	-10.85	-10.20	-1.62
12542400.00	-12.11	-9.69	-13.09	-12.46	-12.09	-11.72	-10.85	-10.20	-1.62
12546000.00	-11.66	-9.69	-13.09	-12.46	-12.09	-11.72	-10.85	-10.20	-1.62
12549600.00	-9.89	-9.69	-13.09	-12.46	-12.09	-11.72	-10.85	-10.20	-1.62
12553200.00	1.67	-9.69	-13.09	-12.46	-12.09	-11.72	-10.85	-10.20	-1.62
12556800.00	0.96	-9.69	-13.09	-12.46	-12.09	-11.72	-10.85	-10.20	-1.62
12560400.00	-10.41	-9.69	-13.09	-12.46	-12.09	-11.72	-10.85	-10.20	-1.62
12564000.00	-13.29	-9.69	-13.09	-12.46	-12.09	-11.72	-10.85	-10.20	-1.62
12567600.00	-13.68	-9.69	-13.09	-12.46	-12.09	-11.72	-10.85	-10.20	-1.62
12571200.00	-10.23	-9.69	-13.09	-12.46	-12.09	-11.72	-10.85	-10.20	-1.62
12574800.00	-16.33	-9.69	-13.09	-12.46	-12.09	-11.72	-10.85	-10.20	-1.62
12578400.00	-13.03	-9.69	-13.09	-12.46	-12.09	-11.72	-10.85	-10.20	-1.62
12582000.00	-10.90	-9.69	-13.09	-12.46	-12.09	-11.72	-10.85	-10.20	-1.62
12585600.00	-11.99	-9.69	-13.09	-12.46	-12.09	-11.72	-10.85	-10.20	-1.62
12589200.00	-13.93	-9.69	-13.09	-12.46	-12.09	-11.72	-10.85	-10.20	-1.62
12592800.00	-2.19	-9.69	-13.09	-12.46	-12.09	-11.72	-10.85	-10.20	-1.62
12596400.00	-14.32	-9.69	-13.09	-12.46	-12.09	-11.72	-10.85	-10.20	-1.62
12600000.00	-19.41	-9.69	-13.09	-12.46	-12.09	-11.72	-10.85	-10.20	-1.62
12603600.00	-1.17	-9.69	-13.09	-12.46	-12.09	-11.72	-10.85	-10.20	-1.62
12607200.00	-1.71	-9.69	-13.09	-12.46	-12.09	-11.72	-10.85	-10.20	-1.62
12610800.00	-1.55	-9.69	-13.09	-12.46	-12.09	-11.72	-10.85	-10.20	-1.62
12614400.00	-6.24	12.07	-11.26	-10.21	-8.62	-3.67	18.78	39.21	60.51
12618000.00	-9.34	12.07	-11.26	-10.21	-8.62	-3.67	18.78	39.21	60.51
12621600.00	-9.21	12.07	-11.26	-10.21	-8.62	-3.67	18.78	39.21	60.51
12625200.00	-11.00	12.07	-11.26	-10.21	-8.62	-3.67	18.78	39.21	60.51
12628800.00	-10.12	12.07	-11.26	-10.21	-8.62	-3.67	18.78	39.21	60.51
12632400.00	-4.57	12.07	-11.26	-10.21	-8.62	-3.67	18.78	39.21	60.51
12636000.00	21.38	12.07	-11.26	-10.21	-8.62	-3.67	18.78	39.21	60.51
12639600.00	38.78	12.07	-11.26	-10.21	-8.62	-3.67	18.78	39.21	60.51
12643200.00	43.04	12.07	-11.26	-10.21	-8.62	-3.67	18.78	39.21	60.51
12646800.00	8.40	12.07	-11.26	-10.21	-8.62	-3.67	18.78	39.21	60.51
12650400.00	-2.77	12.07	-11.26	-10.21	-8.62	-3.67	18.78	39.21	60.51
12654000.00	-12.06	12.07	-11.26	-10.21	-8.62	-3.67	18.78	39.21	60.51
12657600.00	-27.34	12.07	-11.26	-10.21	-8.62	-3.67	18.78	39.21	60.51
12661200.00	-52.07	12.07	-11.26	-10.21	-8.62	-3.67	18.78	39.21	60.51
12664800.00	-45.48	12.07	-11.26	-10.21	-8.62	-3.67	18.78	39.21	60.51
12668400.00	-50.08	12.07	-11.26	-10.21	-8.62	-3.67	18.78	39.21	60.51
12672000.00	-25.32	12.07	-11.26	-10.21	-8.62	-3.67	18.78	39.21	60.51
12675600.00	62.21	12.07	-11.26	-10.21	-8.62	-3.67	18.78	39.21	60.51
12679200.00	88.71	12.07	-11.26	-10.21	-8.62	-3.67	18.78	39.21	60.51
12682800.00	78.96	12.07	-11.26	-10.21	-8.62	-3.67	18.78	39.21	60.51
12686400.00	75.05	12.07	-11.26	-10.21	-8.62	-3.67	18.78	39.21	60.51
12690000.00	58.43	12.07	-11.26	-10.21	-8.62	-3.67	18.78	39.21	60.51
12693600.00	50.99	12.07	-11.26	-10.21	-8.62	-3.67	18.78	39.21	60.51
12697200.00	29.39	12.07	-11.26	-10.21	-8.62	-3.67	18.78	39.21	60.51
12700800.00	16.64	66.90	49.20	53.30	59.30	61.96	77.57	88.53	92.41
12704400.00	40.27	66.90	49.20	53.30	59.30	61.96	77.57	88.53	92.41
12708000.00	62.18	66.90	49.20	53.30	59.30	61.96	77.57	88.53	92.41
12711600.00	61.74	66.90	49.20	53.30	59.30	61.96	77.57	88.53	92.41
12715200.00	54.28	66.90	49.20	53.30	59.30	61.96	77.57	88.53	92.41
12718800.00	51.70	66.90	49.20	53.30	59.30	61.96	77.57	88.53	92.41
12722400.00	58.92	66.90	49.20	53.30	59.30	61.96	77.57	88.53	92.41
12726000.00	91.61	66.90	49.20	53.30	59.30	61.96	77.57	88.53	92.41
12729600.00	111.36	66.90	49.20	53.30	59.30	61.96	77.57	88.53	92.41
12733200.00	79.35	66.90	49.20	53.30	59.30	61.96	77.57	88.53	92.41
12736800.00	27.30	66.90	49.20	53.30	59.30	61.96	77.57	88.53	92.41
12740400.00	20.50	66.90	49.20	53.30	59.30	61.96	77.57	88.53	92.41
12744000.00	31.53	66.90	49.20	53.30	59.30	61.96	77.57	88.53	92.41
12747600.00	41.71	66.90	49.20	53.30	59.30	61.96	77.57	88.53	92.41
12751200.00	53.47	66.90	49.20	53.30	59.30	61.96	77.57	88.53	92.41
12754800.00	93.03	66.90	49.20	53.30	59.30	61.96	77.57	88.53	92.41
12758400.00	110.84	66.90	49.20	53.30	59.30	61.96	77.57	88.53	92.41
12762000.00	109.00	66.90	49.20	53.30	59.30	61.96	77.57	88.53	92.41
12765600.00	91.64	66.90	49.20	53.30	59.30	61.96	77.57	88.53	92.41
12769200.00	91.55	66.90	49.20	53.30	59.30	61.96	77.57	88.53	92.41
12772800.00	87.52	66.90	49.20	53.30	59.30	61.96	77.57	88.53	92.41
12776400.00	88.19	66.90	49.20	53.30	59.30	61.96	77.57	88.53	92.41
12780000.00	70.43	66.90	49.20	53.30	59.30	61.96	77.57	88.53	92.41
12783600.00	60.83	66.90	49.20	53.30	59.30	61.96	77.57	88.53	92.41
12787200.00	55.78	62.31	47.77	48.15	51.59	57.97	66.57	72.37	95.81
12790800.00	48.17	62.31	47.77	48.15	51.59	57.97	66.57	72.37	95.81
12794400.00	48.42	62.31	47.77	48.15	51.59	57.97	66.57	72.37	95.81
12798000.00	46.58	62.31	47.77	48.15	51.59	57.97	66.57	72.37	95.81
12801600.00	47.05	62.31	47.77	48.15	51.59	57.97	66.57	72.37	95.81
12805200.00	50.55	62.31	47.77	48.15	51.59	57.97	66.57	72.37	95.81
12808800.00	71.04	62.31	47.77	48.15	51.59	57.97	66.57	72.37	95.81
12812400.00	96.48	62.31	47.77	48.15	51.59	57.97	66.57	72.37	95.81
12816000.00	95.57	62.31	47.77	48.15	51.59	57.97	66.57	72.37	95.81
12819600.00	86.80	62.31	47.77	48.15	51.59	57.97	66.57	72.37	95.81
12823200.00	66.67	62.31	47.77	48.15	51.59	57.97	66.57	72.37	95.81
12826800.00	48.00	62.31	47.77	48.15	51.59	57.97	66.57	72.37	95.81
12830400.00	43.57	62.31	47.77	48.15	51.59	57.97	66.57	72.37	95.81
12834000.00	37.02	62.31	47.77	48.15	51.59	57.97	66.57	72.37	95.81
12837600.00	14.70	62.31	47.77	48.15	51.59	57.97	66.57	72.37	95.81
12841200.00	-10.40	62.31	47.77	48.15	51.59	57.97	66.57	72.37	95.81
12844800.00	80.39	62.31	47.77	48.15	51.59	57.97	66.57	72.37	95.81
12848400.00	110.54	62.31	47.77	48.15	51.59	57.97	66.57	72.37	95.81
12852000.00	108.86	62.31	47.77	48.15	51.59	57.97	66.57	72.37	95.81
12855600.00	96.00	62.31	47.77	48.15	51.59	57.97	66.57	72.37	95.81
12859200.00	71.48	62.31	47.77	48.15	51.59	57.97	66.57	72.37	95.81
12862800.00	66.18	62.31	47.77	48.15	51.59	57.97	66.57	72.37	95.81
12866400.00	56.80	62.31	47.77	48.15	51.59	57.97	66.57	72.37	95.81
12870000.00	59.14	62.31	47.77	48.15	51.59	57.97	66.57	72.37	95.81
12873600.00	59.81	72.34	52.46	53.10	57.57	69.57	78.29	86.71	96.66
12877200.00	53.11	72.34	52.46	53.10	57.57	69.57	78.29	86.71	96.66
12880800.00	45.66	72.34	52.46	53.10	57.57	69.57	78.29	86.71	96.66
12884400.00	46.49	72.34	52.46	53.10	57.57	69.57	78.29	86.71	96.66
12888000.00	47.65	72.34	52.46	53.10	57.57	69.57	78.29	86.71	96.66
12891600.00	50.95	72.34	52.46	53.10	57.57	69.57	78.29	86.71	96.66
12895200.00	68.07	72.34	52.46	53.10	57.57	69.57	78.29	86.71	96.66
12898800.00	86.28	72.34	52.46	53.10	57.57	69.57	78.29	86.71	96.66
12902400.00	79.20	72.34	52.46	53.10	57.57	69.57	78.29	86.71	96.66
12906000.00	75.83	72.34	52.46	53.10	57.57	69.57	78.29	86.71	96.66
12909600.00	57.01	72.34	52.46	53.10	57.57	69.57	78.29	86.71	96.66
12913200.00	56.88	72.34	52.46	53.10	57.57	69.57	78.29	86.71	96.66
12916800.00	50.43	72.34	52.46	53.10	57.57	69.57	78.29	86.71	96.66
12920400.00	44.71	72.34	52.46	53.10	57.57	69.57	78.29	86.71	96.66
12924000.00	52.96	72.34	52.46	53.10	57.57	69.57	78.29	86.71	96.66
12927600.00	71.07	72.34	52.46	53.10	57.57	69.57	78.29	86.71	96.66
12931200.00	96.71	72.34	52.46	53.10	57.57	69.57	78.29	86.71	96.66
12934800.00	126.90	72.34	52.46	53.10	57.57	69.57	78.29	86.71	96.66
12938400.00	109.60	72.34	52.46	53.10	57.57	69.57	78.29	86.71	96.66
12942000.00	96.60	72.34	52.46	53.10	57.57	69.57	78.29	86.71	96.66
12945600.00	98.67	72.34	52.46	53.10	57.57	69.57	78.29	86.71	96.66
12949200.00	90.56	72.34	52.46	53.10	57.57	69.57	78.29	86.71	96.66
12952800.00	92.08	72.34	52.46	53.10	57.57	69.57	78.29	86.71	96.66
12956400.00	78.90	72.34	52.46	53.10	57.57	69.57	78.29	86.71	96.66
12960000.00	74.09	83.26	67.60	71.71	74.78	89.08	90.72	100.77	109.95
12963600.00	71.74	83.26	67.60	71.71	74.78	89.08	90.72	100.77	109.95
12967200.00	72.58	83.26	67.60	71.71	74.78	89.08	90.72	100.77	109.95
12970800.00	77.51	83.26	67.60	71.71	74.78	89.08	90.72	100.77	109.95
12974400.00	88.87	83.26	67.60	71.71	74.78	89.08	90.72	100.77	109.95
12978000.00	93.73	83.26	67.60	71.71	74.78	89.08	90.72	100.77	109.95
12981600.00	100.40	83.26	67.60	71.71	74.78	89.08	90.72	100.77	109.95
12985200.00	90.64	83.26	67.60	71.71	74.78	89.08	90.72	100.77	109.95
12988800.00	89.30	83.26	67.60	71.71	74.78	89.08	90.72	100.77	109.95
12992400.00	71.46	83.26	67.60	71.71	74.78	89.08	90.72	100.77	109.95
12996000.00	47.72	83.26	67.60	71.71	74.78	89.08	90.72	100.77	109.95
12999600.00	40.51	83.26	67.60	71.71	74.78	89.08	90.72	100.77	109.95
13003200.00	38.68	83.26	67.60	71.71	74.78	89.08	90.72	100.77	109.95
13006800.00	35.57	83.26	67.60	71.71	74.78	89.08	90.72	100.77	109.95
13010400.00	38.89	83.26	67.60	71.71	74.78	89.08	90.72	100.77	109.95
13014000.00	56.04	83.26	67.60	71.71	74.78	89.08	90.72	100.77	109.95
13017600.00	110.31	83.26	67.60	71.71	74.78	89.08	90.72	100.77	109.95
13021200.00	147.80	83.26	67.60	71.71	74.78	89.08	90.72	100.77	109.95
13024800.00	124.12	83.26	67.60	71.71	74.78	89.08	90.72	100.77	109.95
13028400.00	109.51	83.26	67.60	71.71	74.78	89.08	90.72	100.77	109.95
13032000.00	118.86	83.26	67.60	71.71	74.78	89.08	90.72	100.77	109.95
13035600.00	104.93	83.26	67.60	71.71	74.78	89.08	90.72	100.77	109.95
13039200.00	104.12	83.26	67.60	71.71	74.78	89.08	90.72	100.77	109.95
13042800.00	90.74	83.26	67.60	71.71	74.78	89.08	90.72	100.77	109.95
13046400.00	93.74	52.05	22.67	30.92	36.62	44.92	64.49	77.27	94.85
13050000.00	76.79	52.05	22.67	30.92	36.62	44.92	64.49	77.27	94.85
13053600.00	46.92	52.05	22.67	30.92	36.62	44.92	64.49	77.27	94.85
13057200.00	35.53	52.05	22.67	30.92	36.62	44.92	64.49	77.27	94.85
13060800.00	32.81	52.05	22.67	30.92	36.62	44.92	64.49	77.27	94.85
13064400.00	31.42	52.05	22.67	30.92	36.62	44.92	64.49	77.27	94.85
13068000.00	41.00	52.05	22.67	30.92	36.62	44.92	64.49	77.27	94.85
13071600.00	65.97	52.05	22.67	30.92	36.62	44.92	64.49	77.27	94.85
13075200.00	26.42	52.05	22.67	30.92	36.62	44.92	64.49	77.27	94.85
13078800.00	11.45	52.05	22.67	30.92	36.62	44.92	64.49	77.27	94.85
13082400.00	10.24	52.05	22.67	30.92	36.62	44.92	64.49	77.27	94.85
13086000.00	-4.56	52.05	22.67	30.92	36.62	44.92	64.49	77.27	94.85
13089600.00	-1.75	52.05	22.67	30.92	36.62	44.92	64.49	77.27	94.85
13093200.00	3.14	52.05	22.67	30.92	36.62	44.92	64.49	77.27	94.85
13096800.00	10.64	52.05	22.67	30.92	36.62	44.92	64.49	77.27	94.85
13100400.00	42.93	52.05	22.67	30.92	36.62	44.92	64.49	77.27	94.85
13104000.00	95.76	52.05	22.67	30.92	36.62	44.92	64.49	77.27	94.85
13107600.00	109.64	52.05	22.67	30.92	36.62	44.92	64.49	77.27	94.85
13111200.00	110.89	52.05	22.67	30.92	36.62	44.92	64.49	77.27	94.85
13114800.00	112.61	52.05	22.67	30.92	36.62	44.92	64.49	77.27	94.85
13118400.00	90.54	52.05	22.67	30.92	36.62	44.92	64.49	77.27	94.85
13122000.00	81.63	52.05	22.67	30.92	36.62	44.92	64.49	77.27	94.85
13125600.00	66.93	52.05	22.67	30.92	36.62	44.92	64.49	77.27	94.85
13129200.00	58.58	52.05	22.67	30.92	36.62	44.92	64.49	77.27	94.85
13132800.00	58.42	96.96	76.32	81.10	91.48	107.79	112.31	113.82	119.11
13136400.00	54.06	96.96	76.32	81.10	91.48	107.79	112.31	113.82	119.11
13140000.00	52.67	96.96	76.32	81.10	91.48	107.79	112.31	113.82	119.11
13143600.00	81.58	96.96	76.32	81.10	91.48	107.79	112.31	113.82	119.11
13147200.00	113.00	96.96	76.32	81.10	91.48	107.79	112.31	113.82	119.11
13150800.00	115.47	96.96	76.32	81.10	91.48	107.79	112.31	113.82	119.11
13154400.00	108.71	96.96	76.32	81.10	91.48	107.79	112.31	113.82	119.11
13158000.00	115.24	96.96	76.32	81.10	91.48	107.79	112.31	113.82	119.11
13161600.00	139.24	96.96	76.32	81.10	91.48	107.79	112.31	113.82	119.11
13165200.00	113.66	96.96	76.32	81.10	91.48	107.79	112.31	113.82	119.11
13168800.00	110.33	96.96	76.32	81.10	91.48	107.79	112.31	113.82	119.11
13172400.00	76.73	96.96	76.32	81.10	91.48	107.79	112.31	113.82	119.11
13176000.00	59.02	96.96	76.32	81.10	91.48	107.79	112.31	113.82	119.11
13179600.00	52.49	96.96	76.32	81.10	91.48	107.79	112.31	113.82	119.11
13183200.00	75.07	96.96	76.32	81.10	91.48	107.79	112.31	113.82	119.11
13186800.00	89.19	96.96	76.32	81.10	91.48	107.79	112.31	113.82	119.11
13190400.00	100.67	96.96	76.32	81.10	91.48	107.79	112.31	113.82	119.11
13194000.00	129.65	96.96	76.32	81.10	91.48	107.79	112.31	113.82	119.11
13197600.00	115.34	96.96	76.32	81.10	91.48	107.79	112.31	113.82	119.11
13201200.00	112.81	96.96	76.32	81.10	91.48	107.79	112.31	113.82	119.11
13204800.00	138.54	96.96	76.32	81.10	91.48	107.79	112.31	113.82	119.11
13208400.00	122.09	96.96	76.32	81.10	91.48	107.79	112.31	113.82	119.11
13212000.00	106.87	96.96	76.32	81.10	91.48	107.79	112.31	113.82	119.11
13215600.00	86.19	96.96	76.32	81.10	91.48	107.79	112.31	113.82	119.11
13219200.00	79.27	74.30	60.05	73.12	75.44	76.83	80.33	90.82	101.00
13222800.00	77.82	74.30	60.05	73.12	75.44	76.83	80.33	90.82	101.00
13226400.00	75.49	74.30	60.05	73.12	75.44	76.83	80.33	90.82	101.00
13230000.00	80.59	74.30	60.05	73.12	75.44	76.83	80.33	90.82	101.00
13233600.00	74.31	74.30	60.05	73.12	75.44	76.83	80.33	90.82	101.00
13237200.00	62.39	74.30	60.05	73.12	75.44	76.83	80.33	90.82	101.00
13240800.00	92.68	74.30	60.05	73.12	75.44	76.83	80.33	90.82	101.00
13244400.00	133.53	74.30	60.05	73.12	75.44	76.83	80.33	90.82	101.00
13248000.00	101.82	74.30	60.05	73.12	75.44	76.83	80.33	90.82	101.00
13251600.00	75.28	74.30	60.05	73.12	75.44	76.83	80.33	90.82	101.00
13255200.00	53.06	74.30	60.05	73.12	75.44	76.83	80.33	90.82	101.00
13258800.00	29.11	74.30	60.05	73.12	75.44	76.83	80.33	90.82	101.00
13262400.00	20.70	74.30	60.05	73.12	75.44	76.83	80.33	90.82	101.00
13266000.00	20.54	74.30	60.05	73.12	75.44	76.83	80.33	90.82	101.00
13269600.00	19.84	74.30	60.05	73.12	75.44	76.83	80.33	90.82	101.00
13273200.00	42.23	74.30	60.05	73.12	75.44	76.83	80.33	90.82	101.00
13276800.00	100.00	74.30	60.05	73.12	75.44	76.83	80.33	90.82	101.00
13280400.00	114.94	74.30	60.05	73.12	75.44	76.83	80.33	90.82	101.00
13284000.00	110.66	74.30	60.05	73.12	75.44	76.83	80.33	90.82	101.00
13287600.00	92.07	74.30	60.05	73.12	75.44	76.83	80.33	90.82	101.00
13291200.00	90.69	74.30	60.05	73.12	75.44	76.83	80.33	90.82	101.00
13294800.00	84.91	74.30	60.05	73.12	75.44	76.83	80.33	90.82	101.00
13298400.00	75.84	74.30	60.05	73.12	75.44	76.83	80.33	90.82	101.00
13302000.00	75.43	74.30	60.05	73.12	75.44	76.83	80.33	90.82	101.00
13305600.00	64.20	74.23	45.75	50.03	54.54	68.10	78.21	87.50	120.04
13309200.00	53.45	74.23	45.75	50.03	54.54	68.10	78.21	87.50	120.04
13312800.00	45.91	74.23	45.75	50.03	54.54	68.10	78.21	87.50	120.04
13316400.00	38.50	74.23	45.75	50.03	54.54	68.10	78.21	87.50	120.04
13320000.00	41.49	74.23	45.75	50.03	54.54	68.10	78.21	87.50	120.04
13323600.00	50.49	74.23	45.75	50.03	54.54	68.10	78.21	87.50	120.04
13327200.00	72.01	74.23	45.75	50.03	54.54	68.10	78.21	87.50	120.04
13330800.00	89.31	74.23	45.75	50.03	54.54	68.10	78.21	87.50	120.04
13334400.00	83.27	74.23	45.75	50.03	54.54	68.10	78.21	87.50	120.04
13338000.00	55.82	74.23	45.75	50.03	54.54	68.10	78.21	87.50	120.04
13341600.00	45.26	74.23	45.75	50.03	54.54	68.10	78.21	87.50	120.04
13345200.00	11.94	74.23	45.75	50.03	54.54	68.10	78.21	87.50	120.04
13348800.00	2.59	74.23	45.75	50.03	54.54	68.10	78.21	87.50	120.04
13352400.00	41.25	74.23	45.75	50.03	54.54	68.10	78.21	87.50	120.04
13356000.00	73.82	74.23	45.75	50.03	54.54	68.10	78.21	87.50	120.04
13359600.00	96.10	74.23	45.75	50.03	54.54	68.10	78.21	87.50	120.04
13363200.00	129.55	74.23	45.75	50.03	54.54	68.10	78.21	87.50	120.04
13366800.00	167.65	74.23	45.75	50.03	54.54	68.10	78.21	87.50	120.04
13370400.00	150.21	74.23	45.75	50.03	54.54	68.10	78.21	87.50	120.04
13374000.00	139.58	74.23	45.75	50.03	54.54	68.10	78.21	87.50	120.04
13377600.00	108.41	74.23	45.75	50.03	54.54	68.10	78.21	87.50	120.04
13381200.00	87.30	74.23	45.75	50.03	54.54	68.10	78.21	87.50	120.04
13384800.00	79.31	74.23	45.75	50.03	54.54	68.10	78.21	87.50	120.04
13388400.00	54.22	74.23	45.75	50.03	54.54	68.10	78.21	87.50	120.04
13392000.00	58.06	70.44	51.70	53.60	58.48	63.21	70.45	86.54	102.11
13395600.00	60.16	70.44	51.70	53.60	58.48	63.21	70.45	86.54	102.11
13399200.00	56.37	70.44	51.70	53.60	58.48	63.21	70.45	86.54	102.11
13402800.00	51.78	70.44	51.70	53.60	58.48	63.21	70.45	86.54	102.11
13406400.00	51.44	70.44	51.70	53.60	58.48	63.21	70.45	86.54	102.11
13410000.00	65.19	70.44	51.70	53.60	58.48	63.21	70.45	86.54	102.11
13413600.00	105.89	70.44	51.70	53.60	58.48	63.21	70.45	86.54	102.11
13417200.00	153.45	70.44	51.70	53.60	58.48	63.21	70.45	86.54	102.11
13420800.00	94.39	70.44	51.70	53.60	58.48	63.21	70.45	86.54	102.11
13424400.00	71.76	70.44	51.70	53.60	58.48	63.21	70.45	86.54	102.11
13428000.00	53.80	70.44	51.70	53.60	58.48	63.21	70.45	86.54	102.11
13431600.00	61.24	70.44	51.70	53.60	58.48	63.21	70.45	86.54	102.11
13435200.00	48.01	70.44	51.70	53.60	58.48	63.21	70.45	86.54	102.11
13438800.00	30.06	70.44	51.70	53.60	58.48	63.21	70.45	86.54	102.11
13442400.00	43.39	70.44	51.70	53.60	58.48	63.21	70.45	86.54	102.11
13446000.00	75.35	70.44	51.70	53.60	58.48	63.21	70.45	86.54	102.11
13449600.00	108.09	70.44	51.70	53.60	58.48	63.21	70.45	86.54	102.11
13453200.00	117.19	70.44	51.70	53.60	58.48	63.21	70.45	86.54	102.11
13456800.00	97.49	70.44	51.70	53.60	58.48	63.21	70.45	86.54	102.11
13460400.00	96.72	70.44	51.70	53.60	58.48	63.21	70.45	86.54	102.11
13464000.00	85.66	70.44	51.70	53.60	58.48	63.21	70.45	86.54	102.11
13467600.00	65.19	70.44	51.70	53.60	58.48	63.21	70.45	86.54	102.11
13471200.00	50.24	70.44	51.70	53.60	58.48	63.21	70.45	86.54	102.11
13474800.00	-10.36	70.44	51.70	53.60	58.48	63.21	70.45	86.54	102.11
13478400.00	-13.29	-9.44	-13.68	-13.60	-13.44	-13.40	-13.28	-12.98	-4.32
13482000.00	-12.90	-9.44	-13.68	-13.60	-13.44	-13.40	-13.28	-12.98	-4.32
13485600.00	-13.59	-9.44	-13.68	-13.60	-13.44	-13.40	-13.28	-12.98	-4.32
13489200.00	-13.68	-9.44	-13.68	-13.60	-13.44	-13.40	-13.28	-12.98	-4.32
13492800.00	-13.68	-9.44	-13.68	-13.60	-13.44	-13.40	-13.28	-12.98	-4.32
13496400.00	-13.68	-9.44	-13.68	-13.60	-13.44	-13.40	-13.28	-12.98	-4.32
13500000.00	-13.68	-9.44	-13.68	-13.60	-13.44	-13.40	-13.28	-12.98	-4.32
13503600.00	-13.44	-9.44	-13.68	-13.60	-13.44	-13.40	-13.28	-12.98	-4.32
13507200.00	-9.61	-9.44	-13.68	-13.60	-13.44	-13.40	-13.28	-12.98	-4.32
13510800.00	-12.99	-9.44	-13.68	-13.60	-13.44	-13.40	-13.28	-12.98	-4.32
13514400.00	-13.43	-9.44	-13.68	-13.60	-13.44	-13.40	-13.28	-12.98	-4.32
13518000.00	-13.37	-9.44	-13.68	-13.60	-13.44	-13.40	-13.28	-12.98	-4.32
13521600.00	-13.56	-9.44	-13.68	-13.60	-13.44	-13.40	-13.28	-12.98	-4.32
13525200.00	-15.23	-9.44	-13.68	-13.60	-13.44	-13.40	-13.28	-12.98	-4.32
13528800.00	-28.24	-9.44	-13.68	-13.60	-13.44	-13.40	-13.28	-12.98	-4.32
13532400.00	-14.56	-9.44	-13.68	-13.60	-13.44	-13.40	-13.28	-12.98	-4.32
13536000.00	-13.43	-9.44	-13.68	-13.60	-13.44	-13.40	-13.28	-12.98	-4.32
13539600.00	-10.89	-9.44	-13.68	-13.60	-13.44	-13.40	-13.28	-12.98	-4.32
13543200.00	0.00	-9.44	-13.68	-13.60	-13.44	-13.40	-13.28	-12.98	-4.32
13546800.00	27.62	-9.44	-13.68	-13.60	-13.44	-13.40	-13.28	-12.98	-4.32
13550400.00	12.77	-9.44	-13.68	-13.60	-13.44	-13.40	-13.28	-12.98	-4.32
13554000.00	12.72	-9.44	-13.68	-13.60	-13.44	-13.40	-13.28	-12.98	-4.32
13557600.00	-13.04	-9.44	-13.68	-13.60	-13.44	-13.40	-13.28	-12.98	-4.32
13561200.00	-13.28	-9.44	-13.68	-13.60	-13.44	-13.40	-13.28	-12.98	-4.32
13564800.00	-13.52	43.97	-12.26	-10.57	30.96	68.15	77.79	85.27	89.98
13568400.00	-13.42	43.97	-12.26	-10.57	30.96	68.15	77.79	85.27	89.98
13572000.00	-13.68	43.97	-12.26	-10.57	30.96	68.15	77.79	85.27	89.98
13575600.00	-13.68	43.97	-12.26	-10.57	30.96	68.15	77.79	85.27	89.98
13579200.00	-13.68	43.97	-12.26	-10.57	30.96	68.15	77.79	85.27	89.98
13582800.00	-10.41	43.97	-12.26	-10.57	30.96	68.15	77.79	85.27	89.98
13586400.00	-12.04	43.97	-12.26	-10.57	30.96	68.15	77.79	85.27	89.98
13590000.00	-8.98	43.97	-12.26	-10.57	30.96	68.15	77.79	85.27	89.98
13593600.00	-12.92	43.97	-12.26	-10.57	30.96	68.15	77.79	85.27	89.98
13597200.00	85.69	43.97	-12.26	-10.57	30.96	68.15	77.79	85.27	89.98
13600800.00	68.56	43.97	-12.26	-10.57	30.96	68.15	77.79	85.27	89.98
13604400.00	48.40	43.97	-12.26	-10.57	30.96	68.15	77.79	85.27	89.98
13608000.00	26.60	43.97	-12.26	-10.57	30.96	68.15	77.79	85.27	89.98
13611600.00	67.74	43.97	-12.26	-10.57	30.96	68.15	77.79	85.27	89.98
13615200.00	92.44	43.97	-12.26	-10.57	30.96	68.15	77.79	85.27	89.98
13618800.00	76.59	43.97	-12.26	-10.57	30.96	68.15	77.79	85.27	89.98
13622400.00	85.22	43.97	-12.26	-10.57	30.96	68.15	77.79	85.27	89.98
13626000.00	84.09	43.97	-12.26	-10.57	30.96	68.15	77.79	85.27	89.98
13629600.00	90.81	43.97	-12.26	-10.57	30.96	68.15	77.79	85.27	89.98
13633200.00	88.95	43.97	-12.26	-10.57	30.96	68.15	77.79	85.27	89.98
13636800.00	88.97	43.97	-12.26	-10.57	30.96	68.15	77.79	85.27	89.98
13640400.00	91.88	43.97	-12.26	-10.57	30.96	68.15	77.79	85.27	89.98
13644000.00	78.09	43.97	-12.26	-10.57	30.96	68.15	77.79	85.27	89.98
13647600.00	93.55	43.97	-12.26	-10.57	30.96	68.15	77.79	85.27	89.98
13651200.00	67.91	35.05	7.35	8.20	24.09	37.83	54.15	62.50	67.39
13654800.00	35.58	35.05	7.35	8.20	24.09	37.83	54.15	62.50	67.39
13658400.00	21.40	35.05	7.35	8.20	24.09	37.83	54.15	62.50	67.39
13662000.00	7.85	35.05	7.35	8.20	24.09	37.83	54.15	62.50	67.39
13665600.00	5.87	35.05	7.35	8.20	24.09	37.83	54.15	62.50	67.39
13669200.00	5.72	35.05	7.35	8.20	24.09	37.83	54.15	62.50	67.39
13672800.00	21.77	35.05	7.35	8.20	24.09	37.83	54.15	62.50	67.39
13676400.00	33.35	35.05	7.35	8.20	24.09	37.83	54.15	62.50	67.39
13680000.00	57.01	35.05	7.35	8.20	24.09	37.83	54.15	62.50	67.39
13683600.00	80.28	35.05	7.35	8.20	24.09	37.83	54.15	62.50	67.39
13687200.00	42.70	35.05	7.35	8.20	24.09	37.83	54.15	62.50	67.39
13690800.00	8.24	35.05	7.35	8.20	24.09	37.83	54.15	62.50	67.39
13694400.00	-12.72	35.05	7.35	8.20	24.09	37.83	54.15	62.50	67.39
13698000.00	-12.69	35.05	7.35	8.20	24.09	37.83	54.15	62.50	67.39
13701600.00	-14.22	35.05	7.35	8.20	24.09	37.83	54.15	62.50	67.39
13705200.00	-8.00	35.05	7.35	8.20	24.09	37.83	54.15	62.50	67.39
13708800.00	40.09	35.05	7.35	8.20	24.09	37.83	54.15	62.50	67.39
13712400.00	70.43	35.05	7.35	8.20	24.09	37.83	54.15	62.50	67.39
13716000.00	66.75	35.05	7.35	8.20	24.09	37.83	54.15	62.50	67.39
13719600.00	62.41	35.05	7.35	8.20	24.09	37.83	54.15	62.50	67.39
13723200.00	63.34	35.05	7.35	8.20	24.09	37.83	54.15	62.50	67.39
13726800.00	64.93	35.05	7.35	8.20	24.09	37.83	54.15	62.50	67.39
13730400.00	60.62	35.05	7.35	8.20	24.09	37.83	54.15	62.50	67.39
13734000.00	72.66	35.05	7.35	8.20	24.09	37.83	54.15	62.50	67.39
13737600.00	44.79	68.63	41.00	44.44	48.41	57.85	87.83	91.40	106.05
13741200.00	41.26	68.63	41.00	44.44	48.41	57.85	87.83	91.40	106.05
13744800.00	40.22	68.63	41.00	44.44	48.41	57.85	87.83	91.40	106.05
13748400.00	47.95	68.63	41.00	44.44	48.41	57.85	87.83	91.40	106.05
13752000.00	38.77	68.63	41.00	44.44	48.41	57.85	87.83	91.40	106.05
13755600.00	31.55	68.63	41.00	44.44	48.41	57.85	87.83	91.40	106.05
13759200.00	38.79	68.63	41.00	44.44	48.41	57.85	87.83	91.40	106.05
13762800.00	46.89	68.63	41.00	44.44	48.41	57.85	87.83	91.40	106.05
13766400.00	53.20	68.63	41.00	44.44	48.41	57.85	87.83	91.40	106.05
13770000.00	22.87	68.63	41.00	44.44	48.41	57.85	87.83	91.40	106.05
13773600.00	12.09	68.63	41.00	44.44	48.41	57.85	87.83	91.40	106.05
13777200.00	50.28	68.63	41.00	44.44	48.41	57.85	87.83	91.40	106.05
13780800.00	62.50	68.63	41.00	44.44	48.41	57.85	87.83	91.40	106.05
13784400.00	79.94	68.63	41.00	44.44	48.41	57.85	87.83	91.40	106.05
13788000.00	90.92	68.63	41.00	44.44	48.41	57.85	87.83	91.40	106.05
13791600.00	89.80	68.63	41.00	44.44	48.41	57.85	87.83	91.40	106.05
13795200.00	107.74	68.63	41.00	44.44	48.41	57.85	87.83	91.40	106.05
13798800.00	128.39	68.63	41.00	44.44	48.41	57.85	87.83	91.40	106.05
13802400.00	118.22	68.63	41.00	44.44	48.41	57.85	87.83	91.40	106.05
13806000.00	103.98	68.63	41.00	44.44	48.41	57.85	87.83	91.40	106.05
13809600.00	95.64	68.63	41.00	44.44	48.41	57.85	87.83	91.40	106.05
13813200.00	115.17	68.63	41.00	44.44	48.41	57.85	87.83	91.40	106.05
13816800.00	95.93	68.63	41.00	44.44	48.41	57.85	87.83	91.40	106.05
13820400.00	90.22	68.63	41.00	44.44	48.41	57.85	87.83	91.40	106.05
13824000.00	92.82	119.99	95.77	96.29	98.28	105.70	120.07	123.62	160.52
13827600.00	93.88	119.99	95.77	96.29	98.28	105.70	120.07	123.62	160.52
13831200.00	100.10	119.99	95.77	96.29	98.28	105.70	120.07	123.62	160.52
13834800.00	95.42	119.99	95.77	96.29	98.28	105.70	120.07	123.62	160.52
13838400.00	91.09	119.99	95.77	96.29	98.28	105.70	120.07	123.62	160.52
13842000.00	89.19	119.99	95.77	96.29	98.28	105.70	120.07	123.62	160.52
13845600.00	111.10	119.99	95.77	96.29	98.28	105.70	120.07	123.62	160.52
13849200.00	121.35	119.99	95.77	96.29	98.28	105.70	120.07	123.62	160.52
13852800.00	123.40	119.99	95.77	96.29	98.28	105.70	120.07	123.62	160.52
13856400.00	114.98	119.99	95.77	96.29	98.28	105.70	120.07	123.62	160.52
13860000.00	92.14	119.99	95.77	96.29	98.28	105.70	120.07	123.62	160.52
13863600.00	100.31	119.99	95.77	96.29	98.28	105.70	120.07	123.62	160.52
13867200.00	97.71	119.99	95.77	96.29	98.28	105.70	120.07	123.62	160.52
13870800.00	95.89	119.99	95.77	96.29	98.28	105.70	120.07	123.62	160.52
13874400.00	97.82	119.99	95.77	96.29	98.28	105.70	120.07	123.62	160.52
13878000.00	96.33	119.99	95.77	96.29	98.28	105.70	120.07	123.62	160.52
13881600.00	125.59	119.99	95.77	96.29	98.28	105.70	120.07	123.62	160.52
13885200.00	175.09	119.99	95.77	96.29	98.28	105.70	120.07	123.62	160.52
13888800.00	195.11	119.99	95.77	96.29	98.28	105.70	120.07	123.62	160.52
13892400.00	192.74	119.99	95.77	96.29	98.28	105.70	120.07	123.62	160.52
13896000.00	176.73	119.99	95.77	96.29	98.28	105.70	120.07	123.62	160.52
13899600.00	142.71	119.99	95.77	96.29	98.28	105.70	120.07	123.62	160.52
13903200.00	123.00	119.99	95.77	96.29	98.28	105.70	120.07	123.62	160.52
13906800.00	135.36	119.99	95.77	96.29	98.28	105.70	120.07	123.62	160.52
13910400.00	132.63	375.95	131.78	132.58	154.79	160.60	172.70	180.76	335.12
13914000.00	116.95	375.95	131.78	132.58	154.79	160.60	172.70	180.76	335.12
13917600.00	117.68	375.95	131.78	132.58	154.79	160.60	172.70	180.76	335.12
13921200.00	115.54	375.95	131.78	132.58	154.79	160.60	172.70	180.76	335.12
13924800.00	114.08	375.95	131.78	132.58	154.79	160.60	172.70	180.76	335.12
13928400.00	132.22	375.95	131.78	132.58	154.79	160.60	172.70	180.76	335.12
13932000.00	175.54	375.95	131.78	132.58	154.79	160.60	172.70	180.76	335.12
13935600.00	189.81	375.95	131.78	132.58	154.79	160.60	172.70	180.76	335.12
13939200.00	175.10	375.95	131.78	132.58	154.79	160.60	172.70	180.76	335.12
13942800.00	160.31	375.95	131.78	132.58	154.79	160.60	172.70	180.76	335.12
13946400.00	154.17	375.95	131.78	132.58	154.79	160.60	172.70	180.76	335.12
13950000.00	130.46	375.95	131.78	132.58	154.79	160.60	172.70	180.76	335.12
13953600.00	163.07	375.95	131.78	132.58	154.79	160.60	172.70	180.76	335.12
13957200.00	118.09	375.95	131.78	132.58	154.79	160.60	172.70	180.76	335.12
13960800.00	160.89	375.95	131.78	132.58	154.79	160.60	172.70	180.76	335.12
13964400.00	179.75	375.95	131.78	132.58	154.79	160.60	172.70	180.76	335.12
13968000.00	199.20	375.95	131.78	132.58	154.79	160.60	172.70	180.76	335.12
13971600.00	2612.12	375.95	131.78	132.58	154.79	160.60	172.70	180.76	335.12
13975200.00	2081.01	375.95	131.78	132.58	154.79	160.60	172.70	180.76	335.12
13978800.00	853.13	375.95	131.78	132.58	154.79	160.60	172.70	180.76	335.12
13982400.00	431.48	375.95	131.78	132.58	154.79	160.60	172.70	180.76	335.12
13986000.00	217.34	375.95	131.78	132.58	154.79	160.60	172.70	180.76	335.12
13989600.00	157.27	375.95	131.78	132.58	154.79	160.60	172.70	180.76	335.12
13993200.00	134.99	375.95	131.78	132.58	154.79	160.60	172.70	180.76	335.12
13996800.00	117.99	1065.64	118.12	119.03	127.83	145.00	156.20	190.98	1971.79
14000400.00	120.00	1065.64	118.12	119.03	127.83	145.00	156.20	190.98	1971.79
14004000.00	116.82	1065.64	118.12	119.03	127.83	145.00	156.20	190.98	1971.79
14007600.00	97.95	1065.64	118.12	119.03	127.83	145.00	156.20	190.98	1971.79
14011200.00	99.72	1065.64	118.12	119.03	127.83	145.00	156.20	190.98	1971.79
14014800.00	119.13	1065.64	118.12	119.03	127.83	145.00	156.20	190.98	1971.79
14018400.00	146.46	1065.64	118.12	119.03	127.83	145.00	156.20	190.98	1971.79
14022000.00	207.66	1065.64	118.12	119.03	127.83	145.00	156.20	190.98	1971.79
14025600.00	146.37	1065.64	118.12	119.03	127.83	145.00	156.20	190.98	1971.79
14029200.00	124.74	1065.64	118.12	119.03	127.83	145.00	156.20	190.98	1971.79
14032800.00	140.19	1065.64	118.12	119.03	127.83	145.00	156.20	190.98	1971.79
14036400.00	143.62	1065.64	118.12	119.03	127.83	145.00	156.20	190.98	1971.79
14040000.00	118.17	1065.64	118.12	119.03	127.83	145.00	156.20	190.98	1971.79
14043600.00	92.58	1065.64	118.12	119.03	127.83	145.00	156.20	190.98	1971.79
14047200.00	105.93	1065.64	118.12	119.03	127.83	145.00	156.20	190.98	1971.79
14050800.00	158.63	1065.64	118.12	119.03	127.83	145.00	156.20	190.98	1971.79
14054400.00	427.90	1065.64	118.12	119.03	127.83	145.00	156.20	190.98	1971.79
14058000.00	5107.89	1065.64	118.12	119.03	127.83	145.00	156.20	190.98	1971.79
14061600.00	5654.50	1065.64	118.12	119.03	127.83	145.00	156.20	190.98	1971.79
14065200.00	8240.12	1065.64	118.12	119.03	127.83	145.00	156.20	190.98	1971.79
14068800.00	2950.42	1065.64	118.12	119.03	127.83	145.00	156.20	190.98	1971.79
14072400.00	775.69	1065.64	118.12	119.03	127.83	145.00	156.20	190.98	1971.79
14076000.00	189.13	1065.64	118.12	119.03	127.83	145.00	156.20	190.98	1971.79
14079600.00	173.86	1065.64	118.12	119.03	127.83	145.00	156.20	190.98	1971.79
14083200.00	163.37	167.97	110.63	129.82	163.37	164.36	168.34	181.34	218.60
14086800.00	168.73	167.97	110.63	129.82	163.37	164.36	168.34	181.34	218.60
14090400.00	166.81	167.97	110.63	129.82	163.37	164.36	168.34	181.34	218.60
14094000.00	163.48	167.97	110.63	129.82	163.37	164.36	168.34	181.34	218.60
14097600.00	163.40	167.97	110.63	129.82	163.37	164.36	168.34	181.34	218.60
14101200.00	179.93	167.97	110.63	129.82	163.37	164.36	168.34	181.34	218.60
14104800.00	193.98	167.97	110.63	129.82	163.37	164.36	168.34	181.34	218.60
14108400.00	275.68	167.97	110.63	129.82	163.37	164.36	168.34	181.34	218.60
14112000.00	415.05	167.97	110.63	129.82	163.37	164.36	168.34	181.34	218.60
14115600.00	134.85	167.97	110.63	129.82	163.37	164.36	168.34	181.34	218.60
14119200.00	110.73	167.97	110.63	129.82	163.37	164.36	168.34	181.34	218.60
14122800.00	106.62	167.97	110.63	129.82	163.37	164.36	168.34	181.34	218.60
14126400.00	94.26	167.97	110.63	129.82	163.37	164.36	168.34	181.34	218.60
14130000.00	69.47	167.97	110.63	129.82	163.37	164.36	168.34	181.34	218.60
14133600.00	62.17	167.97	110.63	129.82	163.37	164.36	168.34	181.34	218.60
14137200.00	78.76	167.97	110.63	129.82	163.37	164.36	168.34	181.34	218.60
14140800.00	173.04	167.97	110.63	129.82	163.37	164.36	168.34	181.34	218.60
14144400.00	207.13	167.97	110.63	129.82	163.37	164.36	168.34	181.34	218.60
14148000.00	227.98	167.97	110.63	129.82	163.37	164.36	168.34	181.34	218.60
14151600.00	264.26	167.97	110.63	129.82	163.37	164.36	168.34	181.34	218.60
14155200.00	204.17	167.97	110.63	129.82	163.37	164.36	168.34	181.34	218.60
14158800.00	165.25	167.97	110.63	129.82	163.37	164.36	168.34	181.34	218.60
14162400.00	131.94	167.97	110.63	129.82	163.37	164.36	168.34	181.34	218.60
14166000.00	110.33	167.97	110.63	129.82	163.37	164.36	168.34	181.34	218.60
14169600.00	108.93	56.03	35.59	43.41	46.87	57.69	65.56	81.96	93.85
14173200.00	89.43	56.03	35.59	43.41	46.87	57.69	65.56	81.96	93.85
14176800.00	65.38	56.03	35.59	43.41	46.87	57.69	65.56	81.96	93.85
14180400.00	50.40	56.03	35.59	43.41	46.87	57.69	65.56	81.96	93.85
14184000.00	45.98	56.03	35.59	43.41	46.87	57.69	65.56	81.96	93.85
14187600.00	44.03	56.03	35.59	43.41	46.87	57.69	65.56	81.96	93.85
14191200.00	51.69	56.03	35.59	43.41	46.87	57.69	65.56	81.96	93.85
14194800.00	63.69	56.03	35.59	43.41	46.87	57.69	65.56	81.96	93.85
14198400.00	37.83	56.03	35.59	43.41	46.87	57.69	65.56	81.96	93.85
14202000.00	13.25	56.03	35.59	43.41	46.87	57.69	65.56	81.96	93.85
14205600.00	4.23	56.03	35.59	43.41	46.87	57.69	65.56	81.96	93.85
14209200.00	-5.43	56.03	35.59	43.41	46.87	57.69	65.56	81.96	93.85
14212800.00	-5.42	56.03	35.59	43.41	46.87	57.69	65.56	81.96	93.85
14216400.00	6.90	56.03	35.59	43.41	46.87	57.69	65.56	81.96	93.85
14220000.00	28.88	56.03	35.59	43.41	46.87	57.69	65.56	81.96	93.85
14223600.00	44.78	56.03	35.59	43.41	46.87	57.69	65.56	81.96	93.85
14227200.00	65.60	56.03	35.59	43.41	46.87	57.69	65.56	81.96	93.85
14230800.00	81.73	56.03	35.59	43.41	46.87	57.69	65.56	81.96	93.85
14234400.00	88.62	56.03	35.59	43.41	46.87	57.69	65.56	81.96	93.85
14238000.00	107.76	56.03	35.59	43.41	46.87	57.69	65.56	81.96	93.85
14241600.00	97.47	56.03	35.59	43.41	46.87	57.69	65.56	81.96	93.85
14245200.00	75.65	56.03	35.59	43.41	46.87	57.69	65.56	81.96	93.85
14248800.00	83.97	56.03	35.59	43.41	46.87	57.69	65.56	81.96	93.85
14252400.00	99.42	56.03	35.59	43.41	46.87	57.69	65.56	81.96	93.85
14256000.00	166.25	104.19	88.91	92.28	96.27	99.39	104.18	106.83	136.78
14259600.00	144.70	104.19	88.91	92.28	96.27	99.39	104.18	106.83	136.78
14263200.00	92.61	104.19	88.91	92.28	96.27	99.39	104.18	106.83	136.78
14266800.00	87.74	104.19	88.91	92.28	96.27	99.39	104.18	106.83	136.78
14270400.00	75.12	104.19	88.91	92.28	96.27	99.39	104.18	106.83	136.78
14274000.00	77.86	104.19	88.91	92.28	96.27	99.39	104.18	106.83	136.78
14277600.00	85.79	104.19	88.91	92.28	96.27	99.39	104.18	106.83	136.78
14281200.00	98.54	104.19	88.91	92.28	96.27	99.39	104.18	106.83	136.78
14284800.00	115.62	104.19	88.91	92.28	96.27	99.39	104.18	106.83	136.78
14288400.00	95.56	104.19	88.91	92.28	96.27	99.39	104.18	106.83	136.78
14292000.00	103.09	104.19	88.91	92.28	96.27	99.39	104.18	106.83	136.78
14295600.00	105.85	104.19	88.91	92.28	96.27	99.39	104.18	106.83	136.78
14299200.00	95.71	104.19	88.91	92.28	96.27	99.39	104.18	106.83	136.78
14302800.00	105.43	104.19	88.91	92.28	96.27	99.39	104.18	106.83	136.78
14306400.00	99.21	104.19	88.91	92.28	96.27	99.39	104.18	106.83	136.78
14310000.00	99.57	104.19	88.91	92.28	96.27	99.39	104.18	106.83	136.78
14313600.00	118.41	104.19	88.91	92.28	96.27	99.39	104.18	106.83	136.78
14317200.00	138.65	104.19	88.91	92.28	96.27	99.39	104.18	106.83	136.78
14320800.00	143.67	104.19	88.91	92.28	96.27	99.39	104.18	106.83	136.78
14324400.00	134.51	104.19	88.91	92.28	96.27	99.39	104.18	106.83	136.78
14328000.00	104.46	104.19	88.91	92.28	96.27	99.39	104.18	106.83	136.78
14331600.00	89.30	104.19	88.91	92.28	96.27	99.39	104.18	106.83	136.78
14335200.00	76.71	104.19	88.91	92.28	96.27	99.39	104.18	106.83	136.78
14338800.00	46.12	104.19	88.91	92.28	96.27	99.39	104.18	106.83	136.78
14342400.00	23.39	27.46	-10.25	-9.04	-1.06	9.67	25.02	69.28	81.13
14346000.00	4.57	27.46	-10.25	-9.04	-1.06	9.67	25.02	69.28	81.13
14349600.00	5.17	27.46	-10.25	-9.04	-1.06	9.67	25.02	69.28	81.13
14353200.00	-2.47	27.46	-10.25	-9.04	-1.06	9.67	25.02	69.28	81.13
14356800.00	-8.92	27.46	-10.25	-9.04	-1.06	9.67	25.02	69.28	81.13
14360400.00	-10.09	27.46	-10.25	-9.04	-1.06	9.67	25.02	69.28	81.13
14364000.00	-8.54	27.46	-10.25	-9.04	-1.06	9.67	25.02	69.28	81.13
14367600.00	69.04	27.46	-10.25	-9.04	-1.06	9.67	25.02	69.28	81.13
14371200.00	25.43	27.46	-10.25	-9.04	-1.06	9.67	25.02	69.28	81.13
14374800.00	-19.85	27.46	-10.25	-9.04	-1.06	9.67	25.02	69.28	81.13
14378400.00	-29.07	27.46	-10.25	-9.04	-1.06	9.67	25.02	69.28	81.13
14382000.00	-12.51	27.46	-10.25	-9.04	-1.06	9.67	25.02	69.28	81.13
14385600.00	-13.58	27.46	-10.25	-9.04	-1.06	9.67	25.02	69.28	81.13
14389200.00	-10.71	27.46	-10.25	-9.04	-1.06	9.67	25.02	69.28	81.13
14392800.00	-13.18	27.46	-10.25	-9.04	-1.06	9.67	25.02	69.28	81.13
14396400.00	14.17	27.46	-10.25	-9.04	-1.06	9.67	25.02	69.28	81.13
14400000.00	72.03	27.46	-10.25	-9.04	-1.06	9.67	25.02	69.28	81.13
14403600.00	80.95	27.46	-10.25	-9.04	-1.06	9.67	25.02	69.28	81.13
14407200.00	96.43	27.46	-10.25	-9.04	-1.06	9.67	25.02	69.28	81.13
14410800.00	102.37	27.46	-10.25	-9.04	-1.06	9.67	25.02	69.28	81.13
14414400.00	100.06	27.46	-10.25	-9.04	-1.06	9.67	25.02	69.28	81.13
14418000.00	81.27	27.46	-10.25	-9.04	-1.06	9.67	25.02	69.28	81.13
14421600.00	71.48	27.46	-10.25	-9.04	-1.06	9.67	25.02	69.28	81.13
14425200.00	41.52	27.46	-10.25	-9.04	-1.06	9.67	25.02	69.28	81.13
14428800.00	30.11	97.39	44.34	47.76	64.70	73.71	90.15	142.31	179.44
14432400.00	35.66	97.39	44.34	47.76	64.70	73.71	90.15	142.31	179.44
14436000.00	63.70	97.39	44.34	47.76	64.70	73.71	90.15	142.31	179.44
14439600.00	75.21	97.39	44.34	47.76	64.70	73.71	90.15	142.31	179.44
14443200.00	76.65	97.39	44.34	47.76	64.70	73.71	90.15	142.31	179.44
14446800.00	40.55	97.39	44.34	47.76	64.70	73.71	90.15	142.31	179.44
14450400.00	61.71	97.39	44.34	47.76	64.70	73.71	90.15	142.31	179.44
14454000.00	45.61	97.39	44.34	47.76	64.70	73.71	90.15	142.31	179.44
14457600.00	93.53	97.39	44.34	47.76	64.70	73.71	90.15	142.31	179.44
14461200.00	72.21	97.39	44.34	47.76	64.70	73.71	90.15	142.31	179.44
14464800.00	36.81	97.39	44.34	47.76	64.70	73.71	90.15	142.31	179.44
14468400.00	38.27	97.39	44.34	47.76	64.70	73.71	90.15	142.31	179.44
14472000.00	38.29	97.39	44.34	47.76	64.70	73.71	90.15	142.31	179.44
14475600.00	48.00	97.39	44.34	47.76	64.70	73.71	90.15	142.31	179.44
14479200.00	68.69	97.39	44.34	47.76	64.70	73.71	90.15	142.31	179.44
14482800.00	94.48	97.39	44.34	47.76	64.70	73.71	90.15	142.31	179.44
14486400.00	141.82	97.39	44.34	47.76	64.70	73.71	90.15	142.31	179.44
14490000.00	178.08	97.39	44.34	47.76	64.70	73.71	90.15	142.31	179.44
14493600.00	201.04	97.39	44.34	47.76	64.70	73.71	90.15	142.31	179.44
14497200.00	211.35	97.39	44.34	47.76	64.70	73.71	90.15	142.31	179.44
14500800.00	207.07	97.39	44.34	47.76	64.70	73.71	90.15	142.31	179.44
14504400.00	180.55	97.39	44.34	47.76	64.70	73.71	90.15	142.31	179.44
14508000.00	151.12	97.39	44.34	47.76	64.70	73.71	90.15	142.31	179.44
14511600.00	146.74	97.39	44.34	47.76	64.70	73.71	90.15	142.31	179.44
14515200.00	188.36	203.24	108.90	112.36	118.70	127.26	146.11	185.53	295.42
14518800.00	185.21	203.24	108.90	112.36	118.70	127.26	146.11	185.53	295.42
14522400.00	128.85	203.24	108.90	112.36	118.70	127.26	146.11	185.53	295.42
14526000.00	109.40	203.24	108.90	112.36	118.70	127.26	146.11	185.53	295.42
14529600.00	105.87	203.24	108.90	112.36	118.70	127.26	146.11	185.53	295.42
14533200.00	112.81	203.24	108.90	112.36	118.70	127.26	146.11	185.53	295.42
14536800.00	128.58	203.24	108.90	112.36	118.70	127.26	146.11	185.53	295.42
14540400.00	150.42	203.24	108.90	112.36	118.70	127.26	146.11	185.53	295.42
14544000.00	112.69	203.24	108.90	112.36	118.70	127.26	146.11	185.53	295.42
14547600.00	117.04	203.24	108.90	112.36	118.70	127.26	146.11	185.53	295.42
14551200.00	95.48	203.24	108.90	112.36	118.70	127.26	146.11	185.53	295.42
14554800.00	99.37	203.24	108.90	112.36	118.70	127.26	146.11	185.53	295.42
14558400.00	102.21	203.24	108.90	112.36	118.70	127.26	146.11	185.53	295.42
14562000.00	125.32	203.24	108.90	112.36	118.70	127.26	146.11	185.53	295.42
14565600.00	207.94	203.24	108.90	112.36	118.70	127.26	146.11	185.53	295.42
14569200.00	125.93	203.24	108.90	112.36	118.70	127.26	146.11	185.53	295.42
14572800.00	203.14	203.24	108.90	112.36	118.70	127.26	146.11	185.53	295.42
14576400.00	862.05	203.24	108.90	112.36	118.70	127.26	146.11	185.53	295.42
14580000.00	608.74	203.24	108.90	112.36	118.70	127.26	146.11	185.53	295.42
14583600.00	378.45	203.24	108.90	112.36	118.70	127.26	146.11	185.53	295.42
14587200.00	366.99	203.24	108.90	112.36	118.70	127.26	146.11	185.53	295.42
14590800.00	164.31	203.24	108.90	112.36	118.70	127.26	146.11	185.53	295.42
14594400.00	107.37	203.24	108.90	112.36	118.70	127.26	146.11	185.53	295.42
14598000.00	91.20	203.24	108.90	112.36	118.70	127.26	146.11	185.53	295.42
14601600.00	82.87	102.75	83.15	87.11	92.18	96.40	100.02	103.05	116.41
14605200.00	80.08	102.75	83.15	87.11	92.18	96.40	100.02	103.05	116.41
14608800.00	83.24	102.75	83.15	87.11	92.18	96.40	100.02	103.05	116.41
14612400.00	79.02	102.75	83.15	87.11	92.18	96.40	100.02	103.05	116.41
14616000.00	79.96	102.75	83.15	87.11	92.18	96.40	100.02	103.05	116.41
14619600.00	81.08	102.75	83.15	87.11	92.18	96.40	100.02	103.05	116.41
14623200.00	97.20	102.75	83.15	87.11	92.18	96.40	100.02	103.05	116.41
14626800.00	100.54	102.75	83.15	87.11	92.18	96.40	100.02	103.05	116.41
14630400.00	102.89	102.75	83.15	87.11	92.18	96.40	100.02	103.05	116.41
14634000.00	94.94	102.75	83.15	87.11	92.18	96.40	100.02	103.05	116.41
14637600.00	97.92	102.75	83.15	87.11	92.18	96.40	100.02	103.05	116.41
14641200.00	95.60	102.75	83.15	87.11	92.18	96.40	100.02	103.05	116.41
14644800.00	80.73	102.75	83.15	87.11	92.18	96.40	100.02	103.05	116.41
14648400.00	90.94	102.75	83.15	87.11	92.18	96.40	100.02	103.05	116.41
14652000.00	108.59	102.75	83.15	87.11	92.18	96.40	100.02	103.05	116.41
14655600.00	104.48	102.75	83.15	87.11	92.18	96.40	100.02	103.05	116.41
14659200.00	156.85	102.75	83.15	87.11	92.18	96.40	100.02	103.05	116.41
14662800.00	185.96	102.75	83.15	87.11	92.18	96.40	100.02	103.05	116.41
14666400.00	150.21	102.75	83.15	87.11	92.18	96.40	100.02	103.05	116.41
14670000.00	118.78	102.75	83.15	87.11	92.18	96.40	100.02	103.05	116.41
14673600.00	113.51	102.75	83.15	87.11	92.18	96.40	100.02	103.05	116.41
14677200.00	101.69	102.75	83.15	87.11	92.18	96.40	100.02	103.05	116.41
14680800.00	91.48	102.75	83.15	87.11	92.18	96.40	100.02	103.05	116.41
14684400.00	87.54	102.75	83.15	87.11	92.18	96.40	100.02	103.05	116.41
14688000.00	85.86	93.57	80.04	81.01	84.27	89.80	97.10	109.76	128.38
14691600.00	83.78	93.57	80.04	81.01	84.27	89.80	97.10	109.76	128.38
14695200.00	89.48	93.57	80.04	81.01	84.27	89.80	97.10	109.76	128.38
14698800.00	83.88	93.57	80.04	81.01	84.27	89.80	97.10	109.76	128.38
14702400.00	79.72	93.57	80.04	81.01	84.27	89.80	97.10	109.76	128.38
14706000.00	81.11	93.57	80.04	81.01	84.27	89.80	97.10	109.76	128.38
14709600.00	97.50	93.57	80.04	81.01	84.27	89.80	97.10	109.76	128.38
14713200.00	116.80	93.57	80.04	81.01	84.27	89.80	97.10	109.76	128.38
14716800.00	106.00	93.57	80.04	81.01	84.27	89.80	97.10	109.76	128.38
14720400.00	90.12	93.57	80.04	81.01	84.27	89.80	97.10	109.76	128.38
14724000.00	67.53	93.57	80.04	81.01	84.27	89.80	97.10	109.76	128.38
14727600.00	47.38	93.57	80.04	81.01	84.27	89.80	97.10	109.76	128.38
14731200.00	43.81	93.57	80.04	81.01	84.27	89.80	97.10	109.76	128.38
14734800.00	29.26	93.57	80.04	81.01	84.27	89.80	97.10	109.76	128.38
14738400.00	36.35	93.57	80.04	81.01	84.27	89.80	97.10	109.76	128.38
14742000.00	80.14	93.57	80.04	81.01	84.27	89.80	97.10	109.76	128.38
14745600.00	114.30	93.57	80.04	81.01	84.27	89.80	97.10	109.76	128.38
14749200.00	138.24	93.57	80.04	81.01	84.27	89.80	97.10	109.76	128.38
14752800.00	174.02	93.57	80.04	81.01	84.27	89.80	97.10	109.76	128.38
14756400.00	139.37	93.57	80.04	81.01	84.27	89.80	97.10	109.76	128.38
14760000.00	125.66	93.57	80.04	81.01	84.27	89.80	97.10	109.76	128.38
14763600.00	130.60	93.57	80.04	81.01	84.27	89.80	97.10	109.76	128.38
14767200.00	109.25	93.57	80.04	81.01	84.27	89.80	97.10	109.76	128.38
14770800.00	95.49	93.57	80.04	81.01	84.27	89.80	97.10	109.76	128.38
14774400.00	94.83	65.33	50.45	55.49	58.13	66.34	69.96	82.65	97.34
14778000.00	82.80	65.33	50.45	55.49	58.13	66.34	69.96	82.65	97.34
14781600.00	65.36	65.33	50.45	55.49	58.13	66.34	69.96	82.65	97.34
14785200.00	57.34	65.33	50.45	55.49	58.13	66.34	69.96	82.65	97.34
14788800.00	60.30	65.33	50.45	55.49	58.13	66.34	69.96	82.65	97.34
14792400.00	57.59	65.33	50.45	55.49	58.13	66.34	69.96	82.65	97.34
14796000.00	70.28	65.33	50.45	55.49	58.13	66.34	69.96	82.65	97.34
14799600.00	97.73	65.33	50.45	55.49	58.13	66.34	69.96	82.65	97.34
14803200.00	107.37	65.33	50.45	55.49	58.13	66.34	69.96	82.65	97.34
14806800.00	53.70	65.33	50.45	55.49	58.13	66.34	69.96	82.65	97.34
14810400.00	28.14	65.33	50.45	55.49	58.13	66.34	69.96	82.65	97.34
14814000.00	21.95	65.33	50.45	55.49	58.13	66.34	69.96	82.65	97.34
14817600.00	18.01	65.33	50.45	55.49	58.13	66.34	69.96	82.65	97.34
14821200.00	17.94	65.33	50.45	55.49	58.13	66.34	69.96	82.65	97.34
14824800.00	20.21	65.33	50.45	55.49	58.13	66.34	69.96	82.65	97.34
14828400.00	40.70	65.33	50.45	55.49	58.13	66.34	69.96	82.65	97.34
14832000.00	96.87	65.33	50.45	55.49	58.13	66.34	69.96	82.65	97.34
14835600.00	124.24	65.33	50.45	55.49	58.13	66.34	69.96	82.65	97.34
14839200.00	104.47	65.33	50.45	55.49	58.13	66.34	69.96	82.65	97.34
14842800.00	82.64	65.33	50.45	55.49	58.13	66.34	69.96	82.65	97.34
14846400.00	73.67	65.33	50.45	55.49	58.13	66.34	69.96	82.65	97.34
14850000.00	68.67	65.33	50.45	55.49	58.13	66.34	69.96	82.65	97.34
14853600.00	67.31	65.33	50.45	55.49	58.13	66.34	69.96	82.65	97.34
14857200.00	55.69	65.33	50.45	55.49	58.13	66.34	69.96	82.65	97.34
14860800.00	43.29	10.94	-11.03	-9.85	-2.95	12.51	19.60	24.27	38.60
14864400.00	25.42	10.94	-11.03	-9.85	-2.95	12.51	19.60	24.27	38.60
14868000.00	21.00	10.94	-11.03	-9.85	-2.95	12.51	19.60	24.27	38.60
14871600.00	19.75	10.94	-11.03	-9.85	-2.95	12.51	19.60	24.27	38.60
14875200.00	24.14	10.94	-11.03	-9.85	-2.95	12.51	19.60	24.27	38.60
14878800.00	26.67	10.94	-11.03	-9.85	-2.95	12.51	19.60	24.27	38.60
14882400.00	33.30	10.94	-11.03	-9.85	-2.95	12.51	19.60	24.27	38.60
14886000.00	18.99	10.94	-11.03	-9.85	-2.95	12.51	19.60	24.27	38.60
14889600.00	11.23	10.94	-11.03	-9.85	-2.95	12.51	19.60	24.27	38.60
14893200.00	-3.10	10.94	-11.03	-9.85	-2.95	12.51	19.60	24.27	38.60
14896800.00	-14.25	10.94	-11.03	-9.85	-2.95	12.51	19.60	24.27	38.60
14900400.00	-14.31	10.94	-11.03	-9.85	-2.95	12.51	19.60	24.27	38.60
14904000.00	-13.72	10.94	-11.03	-9.85	-2.95	12.51	19.60	24.27	38.60
14907600.00	-14.16	10.94	-11.03	-9.85	-2.95	12.51	19.60	24.27	38.60
14911200.00	-14.19	10.94	-11.03	-9.85	-2.95	12.51	19.60	24.27	38.60
14914800.00	-28.12	10.94	-11.03	-9.85	-2.95	12.51	19.60	24.27	38.60
14918400.00	42.93	10.94	-11.03	-9.85	-2.95	12.51	19.60	24.27	38.60
14922000.00	65.90	10.94	-11.03	-9.85	-2.95	12.51	19.60	24.27	38.60
14925600.00	46.40	10.94	-11.03	-9.85	-2.95	12.51	19.60	24.27	38.60
14929200.00	13.79	10.94	-11.03	-9.85	-2.95	12.51	19.60	24.27	38.60
14932800.00	-6.04	10.94	-11.03	-9.85	-2.95	12.51	19.60	24.27	38.60
14936400.00	-2.37	10.94	-11.03	-9.85	-2.95	12.51	19.60	24.27	38.60
14940000.00	-10.13	10.94	-11.03	-9.85	-2.95	12.51	19.60	24.27	38.60
14943600.00	-9.82	10.94	-11.03	-9.85	-2.95	12.51	19.60	24.27	38.60
14947200.00	-2.56	-9.31	-25.58	-15.34	-12.83	-10.81	-6.73	-5.17	14.94
14950800.00	-5.70	-9.31	-25.58	-15.34	-12.83	-10.81	-6.73	-5.17	14.94
14954400.00	-10.78	-9.31	-25.58	-15.34	-12.83	-10.81	-6.73	-5.17	14.94
14958000.00	-12.88	-9.31	-25.58	-15.34	-12.83	-10.81	-6.73	-5.17	14.94
14961600.00	-12.86	-9.31	-25.58	-15.34	-12.83	-10.81	-6.73	-5.17	14.94
14965200.00	-12.69	-9.31	-25.58	-15.34	-12.83	-10.81	-6.73	-5.17	14.94
14968800.00	-10.83	-9.31	-25.58	-15.34	-12.83	-10.81	-6.73	-5.17	14.94
14972400.00	-3.76	-9.31	-25.58	-15.34	-12.83	-10.81	-6.73	-5.17	14.94
14976000.00	-6.07	-9.31	-25.58	-15.34	-12.83	-10.81	-6.73	-5.17	14.94
14979600.00	-25.98	-9.31	-25.58	-15.34	-12.83	-10.81	-6.73	-5.17	14.94
14983200.00	-42.29	-9.31	-25.58	-15.34	-12.83	-10.81	-6.73	-5.17	14.94
14986800.00	-47.67	-9.31	-25.58	-15.34	-12.83	-10.81	-6.73	-5.17	14.94
14990400.00	-25.44	-9.31	-25.58	-15.34	-12.83	-10.81	-6.73	-5.17	14.94
14994000.00	-14.21	-9.31	-25.58	-15.34	-12.83	-10.81	-6.73	-5.17	14.94
14997600.00	-29.75	-9.31	-25.58	-15.34	-12.83	-10.81	-6.73	-5.17	14.94
15001200.00	-47.87	-9.31	-25.58	-15.34	-12.83	-10.81	-6.73	-5.17	14.94
15004800.00	-31.10	-9.31	-25.58	-15.34	-12.83	-10.81	-6.73	-5.17	14.94
15008400.00	25.56	-9.31	-25.58	-15.34	-12.83	-10.81	-6.73	-5.17	14.94
15012000.00	34.11	-9.31	-25.58	-15.34	-12.83	-10.81	-6.73	-5.17	14.94
15015600.00	18.42	-9.31	-25.58	-15.34	-12.83	-10.81	-6.73	-5.17	14.94
15019200.00	10.68	-9.31	-25.58	-15.34	-12.83	-10.81	-6.73	-5.17	14.94
15022800.00	44.99	-9.31	-25.58	-15.34	-12.83	-10.81	-6.73	-5.17	14.94
15026400.00	-9.35	-9.31	-25.58	-15.34	-12.83	-10.81	-6.73	-5.17	14.94
15030000.00	-5.32	-9.31	-25.58	-15.34	-12.83	-10.81	-6.73	-5.17	14.94
15033600.00	-6.84	6.48	-11.18	-10.50	-8.79	-3.85	4.37	12.56	35.51
15037200.00	-10.78	6.48	-11.18	-10.50	-8.79	-3.85	4.37	12.56	35.51
15040800.00	-12.72	6.48	-11.18	-10.50	-8.79	-3.85	4.37	12.56	35.51
15044400.00	-13.61	6.48	-11.18	-10.50	-8.79	-3.85	4.37	12.56	35.51
15048000.00	-13.14	6.48	-11.18	-10.50	-8.79	-3.85	4.37	12.56	35.51
15051600.00	-10.47	6.48	-11.18	-10.50	-8.79	-3.85	4.37	12.56	35.51
15055200.00	-9.42	6.48	-11.18	-10.50	-8.79	-3.85	4.37	12.56	35.51
15058800.00	11.67	6.48	-11.18	-10.50	-8.79	-3.85	4.37	12.56	35.51
15062400.00	24.13	6.48	-11.18	-10.50	-8.79	-3.85	4.37	12.56	35.51
15066000.00	-5.48	6.48	-11.18	-10.50	-8.79	-3.85	4.37	12.56	35.51
15069600.00	-9.28	6.48	-11.18	-10.50	-8.79	-3.85	4.37	12.56	35.51
15073200.00	-23.50	6.48	-11.18	-10.50	-8.79	-3.85	4.37	12.56	35.51
15076800.00	-29.59	6.48	-11.18	-10.50	-8.79	-3.85	4.37	12.56	35.51
15080400.00	-12.35	6.48	-11.18	-10.50	-8.79	-3.85	4.37	12.56	35.51
15084000.00	10.29	6.48	-11.18	-10.50	-8.79	-3.85	4.37	12.56	35.51
15087600.00	2.96	6.48	-11.18	-10.50	-8.79	-3.85	4.37	12.56	35.51
15091200.00	57.42	6.48	-11.18	-10.50	-8.79	-3.85	4.37	12.56	35.51
15094800.00	57.49	6.48	-11.18	-10.50	-8.79	-3.85	4.37	12.56	35.51
15098400.00	20.57	6.48	-11.18	-10.50	-8.79	-3.85	4.37	12.56	35.51
15102000.00	58.28	6.48	-11.18	-10.50	-8.79	-3.85	4.37	12.56	35.51
15105600.00	22.56	6.48	-11.18	-10.50	-8.79	-3.85	4.37	12.56	35.51
15109200.00	44.82	6.48	-11.18	-10.50	-8.79	-3.85	4.37	12.56	35.51
15112800.00	4.72	6.48	-11.18	-10.50	-8.79	-3.85	4.37	12.56	35.51
15116400.00	-2.22	6.48	-11.18	-10.50	-8.79	-3.85	4.37	12.56	35.51
15120000.00	0.99	31.04	-13.88	-3.63	1.22	5.45	26.81	57.87	118.41
15123600.00	3.71	31.04	-13.88	-3.63	1.22	5.45	26.81	57.87	118.41
15127200.00	1.93	31.04	-13.88	-3.63	1.22	5.45	26.81	57.87	118.41
15130800.00	1.05	31.04	-13.88	-3.63	1.22	5.45	26.81	57.87	118.41
15134400.00	-2.70	31.04	-13.88	-3.63	1.22	5.45	26.81	57.87	118.41
15138000.00	7.20	31.04	-13.88	-3.63	1.22	5.45	26.81	57.87	118.41
15141600.00	28.49	31.04	-13.88	-3.63	1.22	5.45	26.81	57.87	118.41
15145200.00	84.17	31.04	-13.88	-3.63	1.22	5.45	26.81	57.87	118.41
15148800.00	48.07	31.04	-13.88	-3.63	1.22	5.45	26.81	57.87	118.41
15152400.00	20.10	31.04	-13.88	-3.63	1.22	5.45	26.81	57.87	118.41
15156000.00	-19.65	31.04	-13.88	-3.63	1.22	5.45	26.81	57.87	118.41
15159600.00	-22.31	31.04	-13.88	-3.63	1.22	5.45	26.81	57.87	118.41
15163200.00	-57.79	31.04	-13.88	-3.63	1.22	5.45	26.81	57.87	118.41
15166800.00	-55.17	31.04	-13.88	-3.63	1.22	5.45	26.81	57.87	118.41
15170400.00	-57.99	31.04	-13.88	-3.63	1.22	5.45	26.81	57.87	118.41
15174000.00	-22.14	31.04	-13.88	-3.63	1.22	5.45	26.81	57.87	118.41
15177600.00	-11.95	31.04	-13.88	-3.63	1.22	5.45	26.81	57.87	118.41
15181200.00	54.95	31.04	-13.88	-3.63	1.22	5.45	26.81	57.87	118.41
15184800.00	113.07	31.04	-13.88	-3.63	1.22	5.45	26.81	57.87	118.41
15188400.00	140.23	31.04	-13.88	-3.63	1.22	5.45	26.81	57.87	118.41
15192000.00	118.82	31.04	-13.88	-3.63	1.22	5.45	26.81	57.87	118.41
15195600.00	127.75	31.04	-13.88	-3.63	1.22	5.45	26.81	57.87	118.41
15199200.00	117.91	31.04	-13.88	-3.63	1.22	5.45	26.81	57.87	118.41
15202800.00	126.22	31.04	-13.88	-3.63	1.22	5.45	26.81	57.87	118.41
15206400.00	173.26	1283.26	175.30	176.51	184.30	191.29	198.29	337.73	2946.65
15210000.00	188.44	1283.26	175.30	176.51	184.30	191.29	198.29	337.73	2946.65
15213600.00	175.98	1283.26	175.30	176.51	184.30	191.29	198.29	337.73	2946.65
15217200.00	172.44	1283.26	175.30	176.51	184.30	191.29	198.29	337.73	2946.65
15220800.00	176.56	1283.26	175.30	176.51	184.30	191.29	198.29	337.73	2946.65
15224400.00	179.71	1283.26	175.30	176.51	184.30	191.29	198.29	337.73	2946.65
15228000.00	239.51	1283.26	175.30	176.51	184.30	191.29	198.29	337.73	2946.65
15231600.00	890.95	1283.26	175.30	176.51	184.30	191.29	198.29	337.73	2946.65
15235200.00	375.12	1283.26	175.30	176.51	184.30	191.29	198.29	337.73	2946.65
15238800.00	191.32	1283.26	175.30	176.51	184.30	191.29	198.29	337.73	2946.65
15242400.00	152.45	1283.26	175.30	176.51	184.30	191.29	198.29	337.73	2946.65
15246000.00	151.15	1283.26	175.30	176.51	184.30	191.29	198.29	337.73	2946.65
15249600.00	140.42	1283.26	175.30	176.51	184.30	191.29	198.29	337.73	2946.65
15253200.00	167.10	1283.26	175.30	176.51	184.30	191.29	198.29	337.73	2946.65
15256800.00	196.47	1283.26	175.30	176.51	184.30	191.29	198.29	337.73	2946.65
15260400.00	198.74	1283.26	175.30	176.51	184.30	191.29	198.29	337.73	2946.65
15264000.00	966.26	1283.26	175.30	176.51	184.30	191.29	198.29	337.73	2946.65
15267600.00	4566.97	1283.26	175.30	176.51	184.30	191.29	198.29	337.73	2946.65
15271200.00	5745.28	1283.26	175.30	176.51	184.30	191.29	198.29	337.73	2946.65
15274800.00	6170.92	1283.26	175.30	176.51	184.30	191.29	198.29	337.73	2946.65
15278400.00	8871.17	1283.26	175.30	176.51	184.30	191.29	198.29	337.73	2946.65
15282000.00	333.57	1283.26	175.30	176.51	184.30	191.29	198.29	337.73	2946.65
15285600.00	191.26	1283.26	175.30	176.51	184.30	191.29	198.29	337.73	2946.65
15289200.00	183.26	1283.26	175.30	176.51	184.30	191.29	198.29	337.73	2946.65
15292800.00	177.38	204.36	156.49	158.51	159.54	166.66	171.06	182.66	203.51
15296400.00	171.75	204.36	156.49	158.51	159.54	166.66	171.06	182.66	203.51
15300000.00	166.01	204.36	156.49	158.51	159.54	166.66	171.06	182.66	203.51
15303600.00	151.97	204.36	156.49	158.51	159.54	166.66	171.06	182.66	203.51
15307200.00	159.19	204.36	156.49	158.51	159.54	166.66	171.06	182.66	203.51
15310800.00	168.30	204.36	156.49	158.51	159.54	166.66	171.06	182.66	203.51
15314400.00	193.05	204.36	156.49	158.51	159.54	166.66	171.06	182.66	203.51
15318000.00	210.49	204.36	156.49	158.51	159.54	166.66	171.06	182.66	203.51
15321600.00	194.98	204.36	156.49	158.51	159.54	166.66	171.06	182.66	203.51
15325200.00	167.32	204.36	156.49	158.51	159.54	166.66	171.06	182.66	203.51
15328800.00	160.29	204.36	156.49	158.51	159.54	166.66	171.06	182.66	203.51
15332400.00	147.43	204.36	156.49	158.51	159.54	166.66	171.06	182.66	203.51
15336000.00	154.50	204.36	156.49	158.51	159.54	166.66	171.06	182.66	203.51
15339600.00	145.71	204.36	156.49	158.51	159.54	166.66	171.06	182.66	203.51
15343200.00	159.36	204.36	156.49	158.51	159.54	166.66	171.06	182.66	203.51
15346800.00	158.66	204.36	156.49	158.51	159.54	166.66	171.06	182.66	203.51
15350400.00	587.21	204.36	156.49	158.51	159.54	166.66	171.06	182.66	203.51
15354000.00	630.65	204.36	156.49	158.51	159.54	166.66	171.06	182.66	203.51
15357600.00	218.38	204.36	156.49	158.51	159.54	166.66	171.06	182.66	203.51
15361200.00	186.43	204.36	156.49	158.51	159.54	166.66	171.06	182.66	203.51
15364800.00	182.24	204.36	156.49	158.51	159.54	166.66	171.06	182.66	203.51
15368400.00	157.16	204.36	156.49	158.51	159.54	166.66	171.06	182.66	203.51
15372000.00	130.11	204.36	156.49	158.51	159.54	166.66	171.06	182.66	203.51
15375600.00	125.97	204.36	156.49	158.51	159.54	166.66	171.06	182.66	203.51
15379200.00	121.39	130.17	114.82	115.80	122.22	132.92	142.80	149.99	162.58
15382800.00	125.54	130.17	114.82	115.80	122.22	132.92	142.80	149.99	162.58
15386400.00	115.08	130.17	114.82	115.80	122.22	132.92	142.80	149.99	162.58
15390000.00	115.87	130.17	114.82	115.80	122.22	132.92	142.80	149.99	162.58
15393600.00	114.04	130.17	114.82	115.80	122.22	132.92	142.80	149.99	162.58
15397200.00	112.42	130.17	114.82	115.80	122.22	132.92	142.80	149.99	162.58
15400800.00	118.04	130.17	114.82	115.80	122.22	132.92	142.80	149.99	162.58
15404400.00	150.15	130.17	114.82	115.80	122.22	132.92	142.80	149.99	162.58
15408000.00	133.01	130.17	114.82	115.80	122.22	132.92	142.80	149.99	162.58
15411600.00	150.06	130.17	114.82	115.80	122.22	132.92	142.80	149.99	162.58
15415200.00	166.91	130.17	114.82	115.80	122.22	132.92	142.80	149.99	162.58
15418800.00	132.82	130.17	114.82	115.80	122.22	132.92	142.80	149.99	162.58
15422400.00	108.56	130.17	114.82	115.80	122.22	132.92	142.80	149.99	162.58
15426000.00	85.64	130.17	114.82	115.80	122.22	132.92	142.80	149.99	162.58
15429600.00	48.97	130.17	114.82	115.80	122.22	132.92	142.80	149.99	162.58
15433200.00	81.07	130.17	114.82	115.80	122.22	132.92	142.80	149.99	162.58
15436800.00	144.39	130.17	114.82	115.80	122.22	132.92	142.80	149.99	162.58
15440400.00	168.07	130.17	114.82	115.80	122.22	132.92	142.80	149.99	162.58
15444000.00	172.36	130.17	114.82	115.80	122.22	132.92	142.80	149.99	162.58
15447600.00	160.59	130.17	114.82	115.80	122.22	132.92	142.80	149.99	162.58
15451200.00	164.22	130.17	114.82	115.80	122.22	132.92	142.80	149.99	162.58
15454800.00	148.57	130.17	114.82	115.80	122.22	132.92	142.80	149.99	162.58
15458400.00	136.43	130.17	114.82	115.80	122.22	132.92	142.80	149.99	162.58
15462000.00	149.98	130.17	114.82	115.80	122.22	132.92	142.80	149.99	162.58
15465600.00	143.70	122.26	110.48	111.22	115.93	120.01	127.57	132.85	142.95
15469200.00	133.95	122.26	110.48	111.22	115.93	120.01	127.57	132.85	142.95
15472800.00	128.96	122.26	110.48	111.22	115.93	120.01	127.57	132.85	142.95
15476400.00	115.57	122.26	110.48	111.22	115.93	120.01	127.57	132.85	142.95
15480000.00	92.78	122.26	110.48	111.22	115.93	120.01	127.57	132.85	142.95
15483600.00	112.16	122.26	110.48	111.22	115.93	120.01	127.57	132.85	142.95
15487200.00	108.58	122.26	110.48	111.22	115.93	120.01	127.57	132.85	142.95
15490800.00	130.51	122.26	110.48	111.22	115.93	120.01	127.57	132.85	142.95
15494400.00	104.23	122.26	110.48	111.22	115.93	120.01	127.57	132.85	142.95
15498000.00	109.22	122.26	110.48	111.22	115.93	120.01	127.57	132.85	142.95
15501600.00	142.04	122.26	110.48	111.22	115.93	120.01	127.57	132.85	142.95
15505200.00	122.03	122.26	110.48	111.22	115.93	120.01	127.57	132.85	142.95
15508800.00	91.16	122.26	110.48	111.22	115.93	120.01	127.57	132.85	142.95
15512400.00	110.89	122.26	110.48	111.22	115.93	120.01	127.57	132.85	142.95
15516000.00	96.48	122.26	110.48	111.22	115.93	120.01	127.57	132.85	142.95
15519600.00	121.55	122.26	110.48	111.22	115.93	120.01	127.57	132.85	142.95
15523200.00	138.13	122.26	110.48	111.22	115.93	120.01	127.57	132.85	142.95
15526800.00	154.31	122.26	110.48	111.22	115.93	120.01	127.57	132.85	142.95
15530400.00	154.45	122.26	110.48	111.22	115.93	120.01	127.57	132.85	142.95
15534000.00	143.78	122.26	110.48	111.22	115.93	120.01	127.57	132.85	142.95
15537600.00	132.72	122.26	110.48	111.22	115.93	120.01	127.57	132.85	142.95
15541200.00	118.47	122.26	110.48	111.22	115.93	120.01	127.57	132.85	142.95
15544800.00	111.25	122.26	110.48	111.22	115.93	120.01	127.57	132.85	142.95
15548400.00	117.38	122.26	110.48	111.22	115.93	120.01	127.57	132.85	142.95
15552000.00	124.86	128.56	113.24	114.81	118.93	129.94	142.95	154.38	184.13
15555600.00	116.24	128.56	113.24	114.81	118.93	129.94	142.95	154.38	184.13
15559200.00	113.97	128.56	113.24	114.81	118.93	129.94	142.95	154.38	184.13
15562800.00	114.90	128.56	113.24	114.81	118.93	129.94	142.95	154.38	184.13
15566400.00	123.76	128.56	113.24	114.81	118.93	129.94	142.95	154.38	184.13
15570000.00	135.83	128.56	113.24	114.81	118.93	129.94	142.95	154.38	184.13
15573600.00	159.61	128.56	113.24	114.81	118.93	129.94	142.95	154.38	184.13
15577200.00	185.66	128.56	113.24	114.81	118.93	129.94	142.95	154.38	184.13
15580800.00	193.70	128.56	113.24	114.81	118.93	129.94	142.95	154.38	184.13
15584400.00	153.13	128.56	113.24	114.81	118.93	129.94	142.95	154.38	184.13
15588000.00	144.73	128.56	113.24	114.81	118.93	129.94	142.95	154.38	184.13
15591600.00	117.72	128.56	113.24	114.81	118.93	129.94	142.95	154.38	184.13
15595200.00	86.61	128.56	113.24	114.81	118.93	129.94	142.95	154.38	184.13
15598800.00	70.66	128.56	113.24	114.81	118.93	129.94	142.95	154.38	184.13
15602400.00	1.30	128.56	113.24	114.81	118.93	129.94	142.95	154.38	184.13
15606000.00	1.80	128.56	113.24	114.81	118.93	129.94	142.95	154.38	184.13
15609600.00	135.03	128.56	113.24	114.81	118.93	129.94	142.95	154.38	184.13
15613200.00	198.45	128.56	113.24	114.81	118.93	129.94	142.95	154.38	184.13
15616800.00	190.42	128.56	113.24	114.81	118.93	129.94	142.95	154.38	184.13
15620400.00	182.25	128.56	113.24	114.81	118.93	129.94	142.95	154.38	184.13
15624000.00	174.15	128.56	113.24	114.81	118.93	129.94	142.95	154.38	184.13
15627600.00	153.80	128.56	113.24	114.81	118.93	129.94	142.95	154.38	184.13
15631200.00	111.08	128.56	113.24	114.81	118.93	129.94	142.95	154.38	184.13
15634800.00	95.69	128.56	113.24	114.81	118.93	129.94	142.95	154.38	184.13
15638400.00	118.12	349.06	131.03	150.62	160.54	181.57	213.05	343.27	709.90
15642000.00	114.11	349.06	131.03	150.62	160.54	181.57	213.05	343.27	709.90
15645600.00	102.48	349.06	131.03	150.62	160.54	181.57	213.05	343.27	709.90
15649200.00	96.82	349.06	131.03	150.62	160.54	181.57	213.05	343.27	709.90
15652800.00	155.94	349.06	131.03	150.62	160.54	181.57	213.05	343.27	709.90
15656400.00	158.64	349.06	131.03	150.62	160.54	181.57	213.05	343.27	709.90
15660000.00	215.67	349.06	131.03	150.62	160.54	181.57	213.05	343.27	709.90
15663600.00	219.27	349.06	131.03	150.62	160.54	181.57	213.05	343.27	709.90
15667200.00	193.43	349.06	131.03	150.62	160.54	181.57	213.05	343.27	709.90
15670800.00	152.43	349.06	131.03	150.62	160.54	181.57	213.05	343.27	709.90
15674400.00	121.25	349.06	131.03	150.62	160.54	181.57	213.05	343.27	709.90
15678000.00	119.78	349.06	131.03	150.62	160.54	181.57	213.05	343.27	709.90
15681600.00	134.30	349.06	131.03	150.62	160.54	181.57	213.05	343.27	709.90
15685200.00	168.17	349.06	131.03	150.62	160.54	181.57	213.05	343.27	709.90
15688800.00	169.72	349.06	131.03	150.62	160.54	181.57	213.05	343.27	709.90
15692400.00	202.55	349.06	131.03	150.62	160.54	181.57	213.05	343.27	709.90
15696000.00	595.37	349.06	131.03	150.62	160.54	181.57	213.05	343.27	709.90
15699600.00	1242.39	349.06	131.03	150.62	160.54	181.57	213.05	343.27	709.90
15703200.00	781.70	349.06	131.03	150.62	160.54	181.57	213.05	343.27	709.90
15706800.00	651.40	349.06	131.03	150.62	160.54	181.57	213.05	343.27	709.90
15710400.00	1009.42	349.06	131.03	150.62	160.54	181.57	213.05	343.27	709.90
15714000.00	757.76	349.06	131.03	150.62	160.54	181.57	213.05	343.27	709.90
15717600.00	579.60	349.06	131.03	150.62	160.54	181.57	213.05	343.27	709.90
15721200.00	317.01	349.06	131.03	150.62	160.54	181.57	213.05	343.27	709.90
15724800.00	790.44	1302.50	225.86	266.53	306.01	372.67	738.75	1179.01	3195.46
15728400.00	389.35	1302.50	225.86	266.53	306.01	372.67	738.75	1179.01	3195.46
15732000.00	270.18	1302.50	225.86	266.53	306.01	372.67	738.75	1179.01	3195.46
15735600.00	202.49	1302.50	225.86	266.53	306.01	372.67	738.75	1179.01	3195.46
15739200.00	200.75	1302.50	225.86	266.53	306.01	372.67	738.75	1179.01	3195.46
15742800.00	195.42	1302.50	225.86	266.53	306.01	372.67	738.75	1179.01	3195.46
15746400.00	531.99	1302.50	225.86	266.53	306.01	372.67	738.75	1179.01	3195.46
15750000.00	1172.17	1302.50	225.86	266.53	306.01	372.67	738.75	1179.01	3195.46
15753600.00	1663.61	1302.50	225.86	266.53	306.01	372.67	738.75	1179.01	3195.46
15757200.00	278.99	1302.50	225.86	266.53	306.01	372.67	738.75	1179.01	3195.46
15760800.00	187.31	1302.50	225.86	266.53	306.01	372.67	738.75	1179.01	3195.46
15764400.00	310.94	1302.50	225.86	266.53	306.01	372.67	738.75	1179.01	3195.46
15768000.00	304.77	1302.50	225.86	266.53	306.01	372.67	738.75	1179.01	3195.46
15771600.00	356.00	1302.50	225.86	266.53	306.01	372.67	738.75	1179.01	3195.46
15775200.00	172.80	1302.50	225.86	266.53	306.01	372.67	738.75	1179.01	3195.46
15778800.00	151.93	1302.50	225.86	266.53	306.01	372.67	738.75	1179.01	3195.46
15782400.00	233.65	1302.50	225.86	266.53	306.01	372.67	738.75	1179.01	3195.46
15786000.00	1024.06	1302.50	225.86	266.53	306.01	372.67	738.75	1179.01	3195.46
15789600.00	2175.91	1302.50	225.86	266.53	306.01	372.67	738.75	1179.01	3195.46
15793200.00	4976.90	1302.50	225.86	266.53	306.01	372.67	738.75	1179.01	3195.46
15796800.00	4864.26	1302.50	225.86	266.53	306.01	372.67	738.75	1179.01	3195.46
15800400.00	4029.64	1302.50	225.86	266.53	306.01	372.67	738.75	1179.01	3195.46
15804000.00	5535.94	1302.50	225.86	266.53	306.01	372.67	738.75	1179.01	3195.46
15807600.00	1240.56	1302.50	225.86	266.53	306.01	372.67	738.75	1179.01	3195.46
15811200.00	531.34	172.80	109.80	121.38	142.81	166.39	178.86	198.32	235.52
15814800.00	387.57	172.80	109.80	121.38	142.81	166.39	178.86	198.32	235.52
15818400.00	247.58	172.80	109.80	121.38	142.81	166.39	178.86	198.32	235.52
15822000.00	548.47	172.80	109.80	121.38	142.81	166.39	178.86	198.32	235.52
15825600.00	220.78	172.80	109.80	121.38	142.81	166.39	178.86	198.32	235.52
15829200.00	200.71	172.80	109.80	121.38	142.81	166.39	178.86	198.32	235.52
15832800.00	212.61	172.80	109.80	121.38	142.81	166.39	178.86	198.32	235.52
15836400.00	198.05	172.80	109.80	121.38	142.81	166.39	178.86	198.32	235.52
15840000.00	167.93	172.80	109.80	121.38	142.81	166.39	178.86	198.32	235.52
15843600.00	120.21	172.80	109.80	121.38	142.81	166.39	178.86	198.32	235.52
15847200.00	78.56	172.80	109.80	121.38	142.81	166.39	178.86	198.32	235.52
15850800.00	10.43	172.80	109.80	121.38	142.81	166.39	178.86	198.32	235.52
15854400.00	-12.46	172.80	109.80	121.38	142.81	166.39	178.86	198.32	235.52
15858000.00	-13.93	172.80	109.80	121.38	142.81	166.39	178.86	198.32	235.52
15861600.00	-12.30	172.80	109.80	121.38	142.81	166.39	178.86	198.32	235.52
15865200.00	11.09	172.80	109.80	121.38	142.81	166.39	178.86	198.32	235.52
15868800.00	146.67	172.80	109.80	121.38	142.81	166.39	178.86	198.32	235.52
15872400.00	181.60	172.80	109.80	121.38	142.81	166.39	178.86	198.32	235.52
15876000.00	194.82	172.80	109.80	121.38	142.81	166.39	178.86	198.32	235.52
15879600.00	167.07	172.80	109.80	121.38	142.81	166.39	178.86	198.32	235.52
15883200.00	165.70	172.80	109.80	121.38	142.81	166.39	178.86	198.32	235.52
15886800.00	141.85	172.80	109.80	121.38	142.81	166.39	178.86	198.32	235.52
15890400.00	131.26	172.80	109.80	121.38	142.81	166.39	178.86	198.32	235.52
15894000.00	121.51	172.80	109.80	121.38	142.81	166.39	178.86	198.32	235.52
15897600.00	41.85	17.31	-12.23	-12.09	-11.65	-9.57	-0.70	34.51	76.91
15901200.00	-10.53	17.31	-12.23	-12.09	-11.65	-9.57	-0.70	34.51	76.91
15904800.00	-11.94	17.31	-12.23	-12.09	-11.65	-9.57	-0.70	34.51	76.91
15908400.00	-12.49	17.31	-12.23	-12.09	-11.65	-9.57	-0.70	34.51	76.91
15912000.00	-12.08	17.31	-12.23	-12.09	-11.65	-9.57	-0.70	34.51	76.91
15915600.00	-11.02	17.31	-12.23	-12.09	-11.65	-9.57	-0.70	34.51	76.91
15919200.00	-3.19	17.31	-12.23	-12.09	-11.65	-9.57	-0.70	34.51	76.91
15922800.00	98.13	17.31	-12.23	-12.09	-11.65	-9.57	-0.70	34.51	76.91
15926400.00	94.99	17.31	-12.23	-12.09	-11.65	-9.57	-0.70	34.51	76.91
15930000.00	-8.60	17.31	-12.23	-12.09	-11.65	-9.57	-0.70	34.51	76.91
15933600.00	-12.15	17.31	-12.23	-12.09	-11.65	-9.57	-0.70	34.51	76.91
15937200.00	-17.57	17.31	-12.23	-12.09	-11.65	-9.57	-0.70	34.51	76.91
15940800.00	-14.09	17.31	-12.23	-12.09	-11.65	-9.57	-0.70	34.51	76.91
15944400.00	-12.88	17.31	-12.23	-12.09	-11.65	-9.57	-0.70	34.51	76.91
15948000.00	-13.04	17.31	-12.23	-12.09	-11.65	-9.57	-0.70	34.51	76.91
15951600.00	-11.81	17.31	-12.23	-12.09	-11.65	-9.57	-0.70	34.51	76.91
15955200.00	-0.07	17.31	-12.23	-12.09	-11.65	-9.57	-0.70	34.51	76.91
15958800.00	80.56	17.31	-12.23	-12.09	-11.65	-9.57	-0.70	34.51	76.91
15962400.00	90.26	17.31	-12.23	-12.09	-11.65	-9.57	-0.70	34.51	76.91
15966000.00	57.58	17.31	-12.23	-12.09	-11.65	-9.57	-0.70	34.51	76.91
15969600.00	72.45	17.31	-12.23	-12.09	-11.65	-9.57	-0.70	34.51	76.91
15973200.00	24.82	17.31	-12.23	-12.09	-11.65	-9.57	-0.70	34.51	76.91
15976800.00	33.69	17.31	-12.23	-12.09	-11.65	-9.57	-0.70	34.51	76.91
15980400.00	-27.45	17.31	-12.23	-12.09	-11.65	-9.57	-0.70	34.51	76.91
15984000.00	-12.47	1.53	-12.04	-11.80	-10.59	-7.00	-3.69	1.52	16.70
15987600.00	-12.40	1.53	-12.04	-11.80	-10.59	-7.00	-3.69	1.52	16.70
15991200.00	-12.59	1.53	-12.04	-11.80	-10.59	-7.00	-3.69	1.52	16.70
15994800.00	-13.04	1.53	-12.04	-11.80	-10.59	-7.00	-3.69	1.52	16.70
15998400.00	-11.78	1.53	-12.04	-11.80	-10.59	-7.00	-3.69	1.52	16.70
16002000.00	-11.64	1.53	-12.04	-11.80	-10.59	-7.00	-3.69	1.52	16.70
16005600.00	-3.09	1.53	-12.04	-11.80	-10.59	-7.00	-3.69	1.52	16.70
16009200.00	1.52	1.53	-12.04	-11.80	-10.59	-7.00	-3.69	1.52	16.70
16012800.00	-6.12	1.53	-12.04	-11.80	-10.59	-7.00	-3.69	1.52	16.70
16016400.00	-7.44	1.53	-12.04	-11.80	-10.59	-7.00	-3.69	1.52	16.70
16020000.00	99.01	1.53	-12.04	-11.80	-10.59	-7.00	-3.69	1.52	16.70
16023600.00	13.15	1.53	-12.04	-11.80	-10.59	-7.00	-3.69	1.52	16.70
16027200.00	-10.59	1.53	-12.04	-11.80	-10.59	-7.00	-3.69	1.52	16.70
16030800.00	-13.65	1.53	-12.04	-11.80	-10.59	-7.00	-3.69	1.52	16.70
16034400.00	-19.31	1.53	-12.04	-11.80	-10.59	-7.00	-3.69	1.52	16.70
16038000.00	-10.59	1.53	-12.04	-11.80	-10.59	-7.00	-3.69	1.52	16.70
16041600.00	-11.92	1.53	-12.04	-11.80	-10.59	-7.00	-3.69	1.52	16.70
16045200.00	32.52	1.53	-12.04	-11.80	-10.59	-7.00	-3.69	1.52	16.70
16048800.00	17.61	1.53	-12.04	-11.80	-10.59	-7.00	-3.69	1.52	16.70
16052400.00	20.01	1.53	-12.04	-11.80	-10.59	-7.00	-3.69	1.52	16.70
16056000.00	15.60	1.53	-12.04	-11.80	-10.59	-7.00	-3.69	1.52	16.70
16059600.00	1.52	1.53	-12.04	-11.80	-10.59	-7.00	-3.69	1.52	16.70
16063200.00	-0.89	1.53	-12.04	-11.80	-10.59	-7.00	-3.69	1.52	16.70
16066800.00	-6.56	1.53	-12.04	-11.80	-10.59	-7.00	-3.69	1.52	16.70
16070400.00	-3.84	42.29	-6.30	-4.07	0.15	16.06	32.02	77.09	122.45
16074000.00	-9.79	42.29	-6.30	-4.07	0.15	16.06	32.02	77.09	122.45
16077600.00	-10.69	42.29	-6.30	-4.07	0.15	16.06	32.02	77.09	122.45
16081200.00	-10.61	42.29	-6.30	-4.07	0.15	16.06	32.02	77.09	122.45
16084800.00	-9.55	42.29	-6.30	-4.07	0.15	16.06	32.02	77.09	122.45
16088400.00	-3.47	42.29	-6.30	-4.07	0.15	16.06	32.02	77.09	122.45
16092000.00	20.18	42.29	-6.30	-4.07	0.15	16.06	32.02	77.09	122.45
16095600.00	30.82	42.29	-6.30	-4.07	0.15	16.06	32.02	77.09	122.45
16099200.00	32.32	42.29	-6.30	-4.07	0.15	16.06	32.02	77.09	122.45
16102800.00	33.21	42.29	-6.30	-4.07	0.15	16.06	32.02	77.09	122.45
16106400.00	11.94	42.29	-6.30	-4.07	0.15	16.06	32.02	77.09	122.45
16110000.00	7.33	42.29	-6.30	-4.07	0.15	16.06	32.02	77.09	122.45
16113600.00	-1.64	42.29	-6.30	-4.07	0.15	16.06	32.02	77.09	122.45
16117200.00	-6.65	42.29	-6.30	-4.07	0.15	16.06	32.02	77.09	122.45
16120800.00	-9.47	42.29	-6.30	-4.07	0.15	16.06	32.02	77.09	122.45
16124400.00	-6.19	42.29	-6.30	-4.07	0.15	16.06	32.02	77.09	122.45
16128000.00	74.78	42.29	-6.30	-4.07	0.15	16.06	32.02	77.09	122.45
16131600.00	124.83	42.29	-6.30	-4.07	0.15	16.06	32.02	77.09	122.45
16135200.00	147.52	42.29	-6.30	-4.07	0.15	16.06	32.02	77.09	122.45
16138800.00	142.98	42.29	-6.30	-4.07	0.15	16.06	32.02	77.09	122.45
16142400.00	120.33	42.29	-6.30	-4.07	0.15	16.06	32.02	77.09	122.45
16146000.00	124.19	42.29	-6.30	-4.07	0.15	16.06	32.02	77.09	122.45
16149600.00	97.84	42.29	-6.30	-4.07	0.15	16.06	32.02	77.09	122.45
16153200.00	118.64	42.29	-6.30	-4.07	0.15	16.06	32.02	77.09	122.45
16156800.00	93.26	57.34	14.44	27.55	49.03	63.51	80.71	87.68	98.06
16160400.00	83.90	57.34	14.44	27.55	49.03	63.51	80.71	87.68	98.06
16164000.00	85.34	57.34	14.44	27.55	49.03	63.51	80.71	87.68	98.06
16167600.00	100.10	57.34	14.44	27.55	49.03	63.51	80.71	87.68	98.06
16171200.00	87.25	57.34	14.44	27.55	49.03	63.51	80.71	87.68	98.06
16174800.00	91.54	57.34	14.44	27.55	49.03	63.51	80.71	87.68	98.06
16178400.00	116.35	57.34	14.44	27.55	49.03	63.51	80.71	87.68	98.06
16182000.00	151.53	57.34	14.44	27.55	49.03	63.51	80.71	87.68	98.06
16185600.00	143.72	57.34	14.44	27.55	49.03	63.51	80.71	87.68	98.06
16189200.00	95.58	57.34	14.44	27.55	49.03	63.51	80.71	87.68	98.06
16192800.00	64.25	57.34	14.44	27.55	49.03	63.51	80.71	87.68	98.06
16196400.00	33.44	57.34	14.44	27.55	49.03	63.51	80.71	87.68	98.06
16200000.00	28.57	57.34	14.44	27.55	49.03	63.51	80.71	87.68	98.06
16203600.00	2.44	57.34	14.44	27.55	49.03	63.51	80.71	87.68	98.06
16207200.00	-6.42	57.34	14.44	27.55	49.03	63.51	80.71	87.68	98.06
16210800.00	-11.78	57.34	14.44	27.55	49.03	63.51	80.71	87.68	98.06
16214400.00	1.87	57.34	14.44	27.55	49.03	63.51	80.71	87.68	98.06
16218000.00	54.08	57.34	14.44	27.55	49.03	63.51	80.71	87.68	98.06
16221600.00	67.93	57.34	14.44	27.55	49.03	63.51	80.71	87.68	98.06
16225200.00	62.77	57.34	14.44	27.55	49.03	63.51	80.71	87.68	98.06
16228800.00	47.76	57.34	14.44	27.55	49.03	63.51	80.71	87.68	98.06
16232400.00	18.44	57.34	14.44	27.55	49.03	63.51	80.71	87.68	98.06
16236000.00	-16.46	57.34	14.44	27.55	49.03	63.51	80.71	87.68	98.06
16239600.00	-19.24	57.34	14.44	27.55	49.03	63.51	80.71	87.68	98.06
16243200.00	-12.24	8.75	-12.66	-12.28	-11.57	-10.75	-7.99	-2.63	62.50
16246800.00	-11.59	8.75	-12.66	-12.28	-11.57	-10.75	-7.99	-2.63	62.50
16250400.00	-12.16	8.75	-12.66	-12.28	-11.57	-10.75	-7.99	-2.63	62.50
16254000.00	-11.51	8.75	-12.66	-12.28	-11.57	-10.75	-7.99	-2.63	62.50
16257600.00	-10.69	8.75	-12.66	-12.28	-11.57	-10.75	-7.99	-2.63	62.50
16261200.00	-10.80	8.75	-12.66	-12.28	-11.57	-10.75	-7.99	-2.63	62.50
16264800.00	-7.72	8.75	-12.66	-12.28	-11.57	-10.75	-7.99	-2.63	62.50
16268400.00	-7.34	8.75	-12.66	-12.28	-11.57	-10.75	-7.99	-2.63	62.50
16272000.00	-9.10	8.75	-12.66	-12.28	-11.57	-10.75	-7.99	-2.63	62.50
16275600.00	-17.08	8.75	-12.66	-12.28	-11.57	-10.75	-7.99	-2.63	62.50
16279200.00	-29.84	8.75	-12.66	-12.28	-11.57	-10.75	-7.99	-2.63	62.50
16282800.00	-21.65	8.75	-12.66	-12.28	-11.57	-10.75	-7.99	-2.63	62.50
16286400.00	-12.62	8.75	-12.66	-12.28	-11.57	-10.75	-7.99	-2.63	62.50
16290000.00	-13.53	8.75	-12.66	-12.28	-11.57	-10.75	-7.99	-2.63	62.50
16293600.00	-18.14	8.75	-12.66	-12.28	-11.57	-10.75	-7.99	-2.63	62.50
16297200.00	-12.81	8.75	-12.66	-12.28	-11.57	-10.75	-7.99	-2.63	62.50
16300800.00	-3.86	8.75	-12.66	-12.28	-11.57	-10.75	-7.99	-2.63	62.50
16304400.00	8.41	8.75	-12.66	-12.28	-11.57	-10.75	-7.99	-2.63	62.50
16308000.00	67.48	8.75	-12.66	-12.28	-11.57	-10.75	-7.99	-2.63	62.50
16311600.00	87.82	8.75	-12.66	-12.28	-11.57	-10.75	-7.99	-2.63	62.50
16315200.00	86.39	8.75	-12.66	-12.28	-11.57	-10.75	-7.99	-2.63	62.50
16318800.00	78.35	8.75	-12.66	-12.28	-11.57	-10.75	-7.99	-2.63	62.50
16322400.00	47.86	8.75	-12.66	-12.28	-11.57	-10.75	-7.99	-2.63	62.50
16326000.00	56.41	8.75	-12.66	-12.28	-11.57	-10.75	-7.99	-2.63	62.50
16329600.00	39.43	49.70	22.89	27.03	40.72	49.22	62.33	67.13	91.69
16333200.00	29.94	49.70	22.89	27.03	40.72	49.22	62.33	67.13	91.69
16336800.00	27.38	49.70	22.89	27.03	40.72	49.22	62.33	67.13	91.69
16340400.00	13.22	49.70	22.89	27.03	40.72	49.22	62.33	67.13	91.69
16344000.00	3.79	49.70	22.89	27.03	40.72	49.22	62.33	67.13	91.69
16347600.00	-0.29	49.70	22.89	27.03	40.72	49.22	62.33	67.13	91.69
16351200.00	19.75	49.70	22.89	27.03	40.72	49.22	62.33	67.13	91.69
16354800.00	45.89	49.70	22.89	27.03	40.72	49.22	62.33	67.13	91.69
16358400.00	49.94	49.70	22.89	27.03	40.72	49.22	62.33	67.13	91.69
16362000.00	13.97	49.70	22.89	27.03	40.72	49.22	62.33	67.13	91.69
16365600.00	3.38	49.70	22.89	27.03	40.72	49.22	62.33	67.13	91.69
16369200.00	48.50	49.70	22.89	27.03	40.72	49.22	62.33	67.13	91.69
16372800.00	95.56	49.70	22.89	27.03	40.72	49.22	62.33	67.13	91.69
16376400.00	93.54	49.70	22.89	27.03	40.72	49.22	62.33	67.13	91.69
16380000.00	100.19	49.70	22.89	27.03	40.72	49.22	62.33	67.13	91.69
16383600.00	89.44	49.70	22.89	27.03	40.72	49.22	62.33	67.13	91.69
16387200.00	66.34	49.70	22.89	27.03	40.72	49.22	62.33	67.13	91.69
16390800.00	77.92	49.70	22.89	27.03	40.72	49.22	62.33	67.13	91.69
16394400.00	95.49	49.70	22.89	27.03	40.72	49.22	62.33	67.13	91.69
16398000.00	69.61	49.70	22.89	27.03	40.72	49.22	62.33	67.13	91.69
16401600.00	66.85	49.70	22.89	27.03	40.72	49.22	62.33	67.13	91.69
16405200.00	54.98	49.70	22.89	27.03	40.72	49.22	62.33	67.13	91.69
16408800.00	64.17	49.70	22.89	27.03	40.72	49.22	62.33	67.13	91.69
16412400.00	23.94	49.70	22.89	27.03	40.72	49.22	62.33	67.13	91.69
16416000.00	11.30	33.35	4.37	10.90	20.50	30.15	39.27	47.77	74.05
16419600.00	29.53	33.35	4.37	10.90	20.50	30.15	39.27	47.77	74.05
16423200.00	30.78	33.35	4.37	10.90	20.50	30.15	39.27	47.77	74.05
16426800.00	7.33	33.35	4.37	10.90	20.50	30.15	39.27	47.77	74.05
16430400.00	12.27	33.35	4.37	10.90	20.50	30.15	39.27	47.77	74.05
16434000.00	23.94	33.35	4.37	10.90	20.50	30.15	39.27	47.77	74.05
16437600.00	67.96	33.35	4.37	10.90	20.50	30.15	39.27	47.77	74.05
16441200.00	129.80	33.35	4.37	10.90	20.50	30.15	39.27	47.77	74.05
16444800.00	140.58	33.35	4.37	10.90	20.50	30.15	39.27	47.77	74.05
16448400.00	19.64	33.35	4.37	10.90	20.50	30.15	39.27	47.77	74.05
16452000.00	-4.52	33.35	4.37	10.90	20.50	30.15	39.27	47.77	74.05
16455600.00	-35.34	33.35	4.37	10.90	20.50	30.15	39.27	47.77	74.05
16459200.00	-22.07	33.35	4.37	10.90	20.50	30.15	39.27	47.77	74.05
16462800.00	-42.08	33.35	4.37	10.90	20.50	30.15	39.27	47.77	74.05
16466400.00	-13.06	33.35	4.37	10.90	20.50	30.15	39.27	47.77	74.05
16470000.00	-10.12	33.35	4.37	10.90	20.50	30.15	39.27	47.77	74.05
16473600.00	40.65	33.35	4.37	10.90	20.50	30.15	39.27	47.77	74.05
16477200.00	77.20	33.35	4.37	10.90	20.50	30.15	39.27	47.77	74.05
16480800.00	80.47	33.35	4.37	10.90	20.50	30.15	39.27	47.77	74.05
16484400.00	70.19	33.35	4.37	10.90	20.50	30.15	39.27	47.77	74.05
16488000.00	62.03	33.35	4.37	10.90	20.50	30.15	39.27	47.77	74.05
16491600.00	46.18	33.35	4.37	10.90	20.50	30.15	39.27	47.77	74.05
16495200.00	33.72	33.35	4.37	10.90	20.50	30.15	39.27	47.77	74.05
16498800.00	43.99	33.35	4.37	10.90	20.50	30.15	39.27	47.77	74.05
16502400.00	23.51	58.98	18.74	23.06	32.04	51.04	67.19	96.48	105.49
16506000.00	18.99	58.98	18.74	23.06	32.04	51.04	67.19	96.48	105.49
16509600.00	17.54	58.98	18.74	23.06	32.04	51.04	67.19	96.48	105.49
16513200.00	9.68	58.98	18.74	23.06	32.04	51.04	67.19	96.48	105.49
16516800.00	12.38	58.98	18.74	23.06	32.04	51.04	67.19	96.48	105.49
16520400.00	24.53	58.98	18.74	23.06	32.04	51.04	67.19	96.48	105.49
16524000.00	55.52	58.98	18.74	23.06	32.04	51.04	67.19	96.48	105.49
16527600.00	88.02	58.98	18.74	23.06	32.04	51.04	67.19	96.48	105.49
16531200.00	69.20	58.98	18.74	23.06	32.04	51.04	67.19	96.48	105.49
16534800.00	59.13	58.98	18.74	23.06	32.04	51.04	67.19	96.48	105.49
16538400.00	46.57	58.98	18.74	23.06	32.04	51.04	67.19	96.48	105.49
16542000.00	31.12	58.98	18.74	23.06	32.04	51.04	67.19	96.48	105.49
16545600.00	18.00	58.98	18.74	23.06	32.04	51.04	67.19	96.48	105.49
16549200.00	8.79	58.98	18.74	23.06	32.04	51.04	67.19	96.48	105.49
16552800.00	14.74	58.98	18.74	23.06	32.04	51.04	67.19	96.48	105.49
16556400.00	35.72	58.98	18.74	23.06	32.04	51.04	67.19	96.48	105.49
16560000.00	99.09	58.98	18.74	23.06	32.04	51.04	67.19	96.48	105.49
16563600.00	96.33	58.98	18.74	23.06	32.04	51.04	67.19	96.48	105.49
16567200.00	103.74	58.98	18.74	23.06	32.04	51.04	67.19	96.48	105.49
16570800.00	106.92	58.98	18.74	23.06	32.04	51.04	67.19	96.48	105.49
16574400.00	108.67	58.98	18.74	23.06	32.04	51.04	67.19	96.48	105.49
16578000.00	97.85	58.98	18.74	23.06	32.04	51.04	67.19	96.48	105.49
16581600.00	150.63	58.98	18.74	23.06	32.04	51.04	67.19	96.48	105.49
16585200.00	118.89	58.98	18.74	23.06	32.04	51.04	67.19	96.48	105.49
16588800.00	152.42	75.56	18.39	26.94	50.45	77.02	109.43	122.64	141.14
16592400.00	142.54	75.56	18.39	26.94	50.45	77.02	109.43	122.64	141.14
16596000.00	139.43	75.56	18.39	26.94	50.45	77.02	109.43	122.64	141.14
16599600.00	156.59	75.56	18.39	26.94	50.45	77.02	109.43	122.64	141.14
16603200.00	152.47	75.56	18.39	26.94	50.45	77.02	109.43	122.64	141.14
16606800.00	109.86	75.56	18.39	26.94	50.45	77.02	109.43	122.64	141.14
16610400.00	122.76	75.56	18.39	26.94	50.45	77.02	109.43	122.64	141.14
16614000.00	131.16	75.56	18.39	26.94	50.45	77.02	109.43	122.64	141.14
16617600.00	122.63	75.56	18.39	26.94	50.45	77.02	109.43	122.64	141.14
16621200.00	83.26	75.56	18.39	26.94	50.45	77.02	109.43	122.64	141.14
16624800.00	45.47	75.56	18.39	26.94	50.45	77.02	109.43	122.64	141.14
16628400.00	-3.62	75.56	18.39	26.94	50.45	77.02	109.43	122.64	141.14
16632000.00	-12.02	75.56	18.39	26.94	50.45	77.02	109.43	122.64	141.14
16635600.00	-9.05	75.56	18.39	26.94	50.45	77.02	109.43	122.64	141.14
16639200.00	0.19	75.56	18.39	26.94	50.45	77.02	109.43	122.64	141.14
16642800.00	27.74	75.56	18.39	26.94	50.45	77.02	109.43	122.64	141.14
16646400.00	66.98	75.56	18.39	26.94	50.45	77.02	109.43	122.64	141.14
16650000.00	113.73	75.56	18.39	26.94	50.45	77.02	109.43	122.64	141.14
16653600.00	107.72	75.56	18.39	26.94	50.45	77.02	109.43	122.64	141.14
16657200.00	70.78	75.56	18.39	26.94	50.45	77.02	109.43	122.64	141.14
16660800.00	46.32	75.56	18.39	26.94	50.45	77.02	109.43	122.64	141.14
16664400.00	12.13	75.56	18.39	26.94	50.45	77.02	109.43	122.64	141.14
16668000.00	19.77	75.56	18.39	26.94	50.45	77.02	109.43	122.64	141.14
16671600.00	14.25	75.56	18.39	26.94	50.45	77.02	109.43	122.64	141.14
16675200.00	-3.61	8.03	-13.14	-13.01	-12.77	-12.17	-11.58	4.49	60.77
16678800.00	-13.83	8.03	-13.14	-13.01	-12.77	-12.17	-11.58	4.49	60.77
16682400.00	-11.96	8.03	-13.14	-13.01	-12.77	-12.17	-11.58	4.49	60.77
16686000.00	-12.86	8.03	-13.14	-13.01	-12.77	-12.17	-11.58	4.49	60.77
16689600.00	-13.48	8.03	-13.14	-13.01	-12.77	-12.17	-11.58	4.49	60.77
16693200.00	-12.29	8.03	-13.14	-13.01	-12.77	-12.17	-11.58	4.49	60.77
16696800.00	-12.78	8.03	-13.14	-13.01	-12.77	-12.17	-11.58	4.49	60.77
16700400.00	-13.06	8.03	-13.14	-13.01	-12.77	-12.17	-11.58	4.49	60.77
16704000.00	-16.43	8.03	-13.14	-13.01	-12.77	-12.17	-11.58	4.49	60.77
16707600.00	-35.46	8.03	-13.14	-13.01	-12.77	-12.17	-11.58	4.49	60.77
16711200.00	-14.40	8.03	-13.14	-13.01	-12.77	-12.17	-11.58	4.49	60.77
16714800.00	-13.38	8.03	-13.14	-13.01	-12.77	-12.17	-11.58	4.49	60.77
16718400.00	-13.00	8.03	-13.14	-13.01	-12.77	-12.17	-11.58	4.49	60.77
16722000.00	-12.05	8.03	-13.14	-13.01	-12.77	-12.17	-11.58	4.49	60.77
16725600.00	-12.75	8.03	-13.14	-13.01	-12.77	-12.17	-11.58	4.49	60.77
16729200.00	-11.49	8.03	-13.14	-13.01	-12.77	-12.17	-11.58	4.49	60.77
16732800.00	0.79	8.03	-13.14	-13.01	-12.77	-12.17	-11.58	4.49	60.77
16736400.00	49.33	8.03	-13.14	-13.01	-12.77	-12.17	-11.58	4.49	60.77
16740000.00	65.72	8.03	-13.14	-13.01	-12.77	-12.17	-11.58	4.49	60.77
16743600.00	67.32	8.03	-13.14	-13.01	-12.77	-12.17	-11.58	4.49	60.77
16747200.00	54.72	8.03	-13.14	-13.01	-12.77	-12.17	-11.58	4.49	60.77
16750800.00	72.53	8.03	-13.14	-13.01	-12.77	-12.17	-11.58	4.49	60.77
16754400.00	67.50	8.03	-13.14	-13.01	-12.77	-12.17	-11.58	4.49	60.77
16758000.00	37.73	8.03	-13.14	-13.01	-12.77	-12.17	-11.58	4.49	60.77
16761600.00	99.99	99.37	84.57	86.54	100.29	112.44	113.70	116.69	121.18
16765200.00	116.63	99.37	84.57	86.54	100.29	112.44	113.70	116.69	121.18
16768800.00	117.18	99.37	84.57	86.54	100.29	112.44	113.70	116.69	121.18
16772400.00	127.70	99.37	84.57	86.54	100.29	112.44	113.70	116.69	121.18
16776000.00	119.89	99.37	84.57	86.54	100.29	112.44	113.70	116.69	121.18
16779600.00	144.70	99.37	84.57	86.54	100.29	112.44	113.70	116.69	121.18
16783200.00	122.24	99.37	84.57	86.54	100.29	112.44	113.70	116.69	121.18
16786800.00	113.71	99.37	84.57	86.54	100.29	112.44	113.70	116.69	121.18
16790400.00	113.65	99.37	84.57	86.54	100.29	112.44	113.70	116.69	121.18
16794000.00	114.12	99.37	84.57	86.54	100.29	112.44	113.70	116.69	121.18
16797600.00	122.72	99.37	84.57	86.54	100.29	112.44	113.70	116.69	121.18
16801200.00	95.70	99.37	84.57	86.54	100.29	112.44	113.70	116.69	121.18
16804800.00	73.04	99.37	84.57	86.54	100.29	112.44	113.70	116.69	121.18
16808400.00	11.14	99.37	84.57	86.54	100.29	112.44	113.70	116.69	121.18
16812000.00	56.27	99.37	84.57	86.54	100.29	112.44	113.70	116.69	121.18
16815600.00	117.36	99.37	84.57	86.54	100.29	112.44	113.70	116.69	121.18
16819200.00	111.23	99.37	84.57	86.54	100.29	112.44	113.70	116.69	121.18
16822800.00	113.65	99.37	84.57	86.54	100.29	112.44	113.70	116.69	121.18
16826400.00	101.49	99.37	84.57	86.54	100.29	112.44	113.70	116.69	121.18
16830000.00	86.73	99.37	84.57	86.54	100.29	112.44	113.70	116.69	121.18
16833600.00	83.87	99.37	84.57	86.54	100.29	112.44	113.70	116.69	121.18
16837200.00	69.51	99.37	84.57	86.54	100.29	112.44	113.70	116.69	121.18
16840800.00	67.66	99.37	84.57	86.54	100.29	112.44	113.70	116.69	121.18
16844400.00	84.80	99.37	84.57	86.54	100.29	112.44	113.70	116.69	121.18
16848000.00	95.06	93.86	76.39	77.19	92.99	96.26	101.28	105.05	117.70
16851600.00	96.34	93.86	76.39	77.19	92.99	96.26	101.28	105.05	117.70
16855200.00	104.08	93.86	76.39	77.19	92.99	96.26	101.28	105.05	117.70
16858800.00	127.70	93.86	76.39	77.19	92.99	96.26	101.28	105.05	117.70
16862400.00	128.35	93.86	76.39	77.19	92.99	96.26	101.28	105.05	117.70
16866000.00	118.12	93.86	76.39	77.19	92.99	96.26	101.28	105.05	117.70
16869600.00	111.15	93.86	76.39	77.19	92.99	96.26	101.28	105.05	117.70
16873200.00	102.21	93.86	76.39	77.19	92.99	96.26	101.28	105.05	117.70
16876800.00	97.54	93.86	76.39	77.19	92.99	96.26	101.28	105.05	117.70
16880400.00	96.19	93.86	76.39	77.19	92.99	96.26	101.28	105.05	117.70
16884000.00	75.96	93.86	76.39	77.19	92.99	96.26	101.28	105.05	117.70
16887600.00	62.06	93.86	76.39	77.19	92.99	96.26	101.28	105.05	117.70
16891200.00	74.08	93.86	76.39	77.19	92.99	96.26	101.28	105.05	117.70
16894800.00	66.41	93.86	76.39	77.19	92.99	96.26	101.28	105.05	117.70
16898400.00	64.71	93.86	76.39	77.19	92.99	96.26	101.28	105.05	117.70
16902000.00	76.54	93.86	76.39	77.19	92.99	96.26	101.28	105.05	117.70
16905600.00	111.51	93.86	76.39	77.19	92.99	96.26	101.28	105.05	117.70
16909200.00	117.17	93.86	76.39	77.19	92.99	96.26	101.28	105.05	117.70
16912800.00	120.51	93.86	76.39	77.19	92.99	96.26	101.28	105.05	117.70
16916400.00	104.38	93.86	76.39	77.19	92.99	96.26	101.28	105.05	117.70
16920000.00	92.47	93.86	76.39	77.19	92.99	96.26	101.28	105.05	117.70
16923600.00	87.05	93.86	76.39	77.19	92.99	96.26	101.28	105.05	117.70
16927200.00	77.26	93.86	76.39	77.19	92.99	96.26	101.28	105.05	117.70
16930800.00	45.68	93.86	76.39	77.19	92.99	96.26	101.28	105.05	117.70
16934400.00	42.11	70.33	42.14	50.45	63.66	72.23	76.42	84.79	102.93
16938000.00	72.74	70.33	42.14	50.45	63.66	72.23	76.42	84.79	102.93
16941600.00	92.35	70.33	42.14	50.45	63.66	72.23	76.42	84.79	102.93
16945200.00	62.45	70.33	42.14	50.45	63.66	72.23	76.42	84.79	102.93
16948800.00	42.14	70.33	42.14	50.45	63.66	72.23	76.42	84.79	102.93
16952400.00	52.89	70.33	42.14	50.45	63.66	72.23	76.42	84.79	102.93
16956000.00	77.73	70.33	42.14	50.45	63.66	72.23	76.42	84.79	102.93
16959600.00	100.34	70.33	42.14	50.45	63.66	72.23	76.42	84.79	102.93
16963200.00	105.05	70.33	42.14	50.45	63.66	72.23	76.42	84.79	102.93
16966800.00	98.82	70.33	42.14	50.45	63.66	72.23	76.42	84.79	102.93
16970400.00	71.73	70.33	42.14	50.45	63.66	72.23	76.42	84.79	102.93
16974000.00	26.43	70.33	42.14	50.45	63.66	72.23	76.42	84.79	102.93
16977600.00	37.40	70.33	42.14	50.45	63.66	72.23	76.42	84.79	102.93
16981200.00	41.91	70.33	42.14	50.45	63.66	72.23	76.42	84.79	102.93
16984800.00	68.53	70.33	42.14	50.45	63.66	72.23	76.42	84.79	102.93
16988400.00	77.31	70.33	42.14	50.45	63.66	72.23	76.42	84.79	102.93
16992000.00	83.95	70.33	42.14	50.45	63.66	72.23	76.42	84.79	102.93
16995600.00	130.19	70.33	42.14	50.45	63.66	72.23	76.42	84.79	102.93
16999200.00	142.25	70.33	42.14	50.45	63.66	72.23	76.42	84.79	102.93
17002800.00	120.13	70.33	42.14	50.45	63.66	72.23	76.42	84.79	102.93
17006400.00	72.84	70.33	42.14	50.45	63.66	72.23	76.42	84.79	102.93
17010000.00	51.37	70.33	42.14	50.45	63.66	72.23	76.42	84.79	102.93
17013600.00	12.81	70.33	42.14	50.45	63.66	72.23	76.42	84.79	102.93
17017200.00	4.48	70.33	42.14	50.45	63.66	72.23	76.42	84.79	102.93
17020800.00	3.64	59.06	20.07	31.11	42.85	48.66	55.38	73.86	129.67
17024400.00	-1.00	59.06	20.07	31.11	42.85	48.66	55.38	73.86	129.67
17028000.00	-3.77	59.06	20.07	31.11	42.85	48.66	55.38	73.86	129.67
17031600.00	-2.45	59.06	20.07	31.11	42.85	48.66	55.38	73.86	129.67
17035200.00	-3.37	59.06	20.07	31.11	42.85	48.66	55.38	73.86	129.67
17038800.00	-3.89	59.06	20.07	31.11	42.85	48.66	55.38	73.86	129.67
17042400.00	31.72	59.06	20.07	31.11	42.85	48.66	55.38	73.86	129.67
17046000.00	46.18	59.06	20.07	31.11	42.85	48.66	55.38	73.86	129.67
17049600.00	48.31	59.06	20.07	31.11	42.85	48.66	55.38	73.86	129.67
17053200.00	50.47	59.06	20.07	31.11	42.85	48.66	55.38	73.86	129.67
17056800.00	56.61	59.06	20.07	31.11	42.85	48.66	55.38	73.86	129.67
17060400.00	57.44	59.06	20.07	31.11	42.85	48.66	55.38	73.86	129.67
17064000.00	42.02	59.06	20.07	31.11	42.85	48.66	55.38	73.86	129.67
17067600.00	25.55	59.06	20.07	31.11	42.85	48.66	55.38	73.86	129.67
17071200.00	49.01	59.06	20.07	31.11	42.85	48.66	55.38	73.86	129.67
17074800.00	41.61	59.06	20.07	31.11	42.85	48.66	55.38	73.86	129.67
17078400.00	70.21	59.06	20.07	31.11	42.85	48.66	55.38	73.86	129.67
17082000.00	122.86	59.06	20.07	31.11	42.85	48.66	55.38	73.86	129.67
17085600.00	142.49	59.06	20.07	31.11	42.85	48.66	55.38	73.86	129.67
17089200.00	135.23	59.06	20.07	31.11	42.85	48.66	55.38	73.86	129.67
17092800.00	139.26	59.06	20.07	31.11	42.85	48.66	55.38	73.86	129.67
17096400.00	154.05	59.06	20.07	31.11	42.85	48.66	55.38	73.86	129.67
17100000.00	106.70	59.06	20.07	31.11	42.85	48.66	55.38	73.86	129.67
17103600.00	108.67	59.06	20.07	31.11	42.85	48.66	55.38	73.86	129.67
17107200.00	104.95	89.38	36.58	58.05	79.40	105.13	109.76	115.19	140.83
17110800.00	109.91	89.38	36.58	58.05	79.40	105.13	109.76	115.19	140.83
17114400.00	109.20	89.38	36.58	58.05	79.40	105.13	109.76	115.19	140.83
17118000.00	114.96	89.38	36.58	58.05	79.40	105.13	109.76	115.19	140.83
17121600.00	117.30	89.38	36.58	58.05	79.40	105.13	109.76	115.19	140.83
17125200.00	146.36	89.38	36.58	58.05	79.40	105.13	109.76	115.19	140.83
17128800.00	141.16	89.38	36.58	58.05	79.40	105.13	109.76	115.19	140.83
17132400.00	187.06	89.38	36.58	58.05	79.40	105.13	109.76	115.19	140.83
17136000.00	175.54	89.38	36.58	58.05	79.40	105.13	109.76	115.19	140.83
17139600.00	111.24	89.38	36.58	58.05	79.40	105.13	109.76	115.19	140.83
17143200.00	71.95	89.38	36.58	58.05	79.40	105.13	109.76	115.19	140.83
17146800.00	39.61	89.38	36.58	58.05	79.40	105.13	109.76	115.19	140.83
17150400.00	23.14	89.38	36.58	58.05	79.40	105.13	109.76	115.19	140.83
17154000.00	21.41	89.38	36.58	58.05	79.40	105.13	109.76	115.19	140.83
17157600.00	16.16	89.38	36.58	58.05	79.40	105.13	109.76	115.19	140.83
17161200.00	22.22	89.38	36.58	58.05	79.40	105.13	109.76	115.19	140.83
17164800.00	105.31	89.38	36.58	58.05	79.40	105.13	109.76	115.19	140.83
17168400.00	140.42	89.38	36.58	58.05	79.40	105.13	109.76	115.19	140.83
17172000.00	124.93	89.38	36.58	58.05	79.40	105.13	109.76	115.19	140.83
17175600.00	96.67	89.38	36.58	58.05	79.40	105.13	109.76	115.19	140.83
17179200.00	75.08	89.38	36.58	58.05	79.40	105.13	109.76	115.19	140.83
17182800.00	60.10	89.38	36.58	58.05	79.40	105.13	109.76	115.19	140.83
17186400.00	27.48	89.38	36.58	58.05	79.40	105.13	109.76	115.19	140.83
17190000.00	3.01	89.38	36.58	58.05	79.40	105.13	109.76	115.19	140.83
17193600.00	0.00	27.16	-11.12	-11.06	-10.47	-9.52	-1.36	75.66	100.63
17197200.00	-6.80	27.16	-11.12	-11.06	-10.47	-9.52	-1.36	75.66	100.63
17200800.00	-9.86	27.16	-11.12	-11.06	-10.47	-9.52	-1.36	75.66	100.63
17204400.00	-10.42	27.16	-11.12	-11.06	-10.47	-9.52	-1.36	75.66	100.63
17208000.00	-10.48	27.16	-11.12	-11.06	-10.47	-9.52	-1.36	75.66	100.63
17211600.00	-11.86	27.16	-11.12	-11.06	-10.47	-9.52	-1.36	75.66	100.63
17215200.00	-11.29	27.16	-11.12	-11.06	-10.47	-9.52	-1.36	75.66	100.63
17218800.00	-10.72	27.16	-11.12	-11.06	-10.47	-9.52	-1.36	75.66	100.63
17222400.00	-11.06	27.16	-11.12	-11.06	-10.47	-9.52	-1.36	75.66	100.63
17226000.00	-12.59	27.16	-11.12	-11.06	-10.47	-9.52	-1.36	75.66	100.63
17229600.00	-12.39	27.16	-11.12	-11.06	-10.47	-9.52	-1.36	75.66	100.63
17233200.00	-12.45	27.16	-11.12	-11.06	-10.47	-9.52	-1.36	75.66	100.63
17236800.00	-12.00	27.16	-11.12	-11.06	-10.47	-9.52	-1.36	75.66	100.63
17240400.00	-11.06	27.16	-11.12	-11.06	-10.47	-9.52	-1.36	75.66	100.63
17244000.00	-9.18	27.16	-11.12	-11.06	-10.47	-9.52	-1.36	75.66	100.63
17247600.00	22.31	27.16	-11.12	-11.06	-10.47	-9.52	-1.36	75.66	100.63
17251200.00	73.76	27.16	-11.12	-11.06	-10.47	-9.52	-1.36	75.66	100.63
17254800.00	92.72	27.16	-11.12	-11.06	-10.47	-9.52	-1.36	75.66	100.63
17258400.00	93.97	27.16	-11.12	-11.06	-10.47	-9.52	-1.36	75.66	100.63
17262000.00	105.28	27.16	-11.12	-11.06	-10.47	-9.52	-1.36	75.66	100.63
17265600.00	103.81	27.16	-11.12	-11.06	-10.47	-9.52	-1.36	75.66	100.63
17269200.00	100.92	27.16	-11.12	-11.06	-10.47	-9.52	-1.36	75.66	100.63
17272800.00	110.99	27.16	-11.12	-11.06	-10.47	-9.52	-1.36	75.66	100.63
17276400.00	100.28	27.16	-11.12	-11.06	-10.47	-9.52	-1.36	75.66	100.63
17280000.00	109.87	62.71	22.43	25.60	54.34	74.35	84.73	95.77	107.60
17283600.00	107.59	62.71	22.43	25.60	54.34	74.35	84.73	95.77	107.60
17287200.00	107.50	62.71	22.43	25.60	54.34	74.35	84.73	95.77	107.60
17290800.00	107.61	62.71	22.43	25.60	54.34	74.35	84.73	95.77	107.60
17294400.00	88.61	62.71	22.43	25.60	54.34	74.35	84.73	95.77	107.60
17298000.00	72.00	62.71	22.43	25.60	54.34	74.35	84.73	95.77	107.60
17301600.00	83.86	62.71	22.43	25.60	54.34	74.35	84.73	95.77	107.60
17305200.00	100.82	62.71	22.43	25.60	54.34	74.35	84.73	95.77	107.60
17308800.00	72.55	62.71	22.43	25.60	54.34	74.35	84.73	95.77	107.60
17312400.00	25.66	62.71	22.43	25.60	54.34	74.35	84.73	95.77	107.60
17316000.00	10.81	62.71	22.43	25.60	54.34	74.35	84.73	95.77	107.60
17319600.00	3.39	62.71	22.43	25.60	54.34	74.35	84.73	95.77	107.60
17323200.00	-1.26	62.71	22.43	25.60	54.34	74.35	84.73	95.77	107.60
17326800.00	-1.05	62.71	22.43	25.60	54.34	74.35	84.73	95.77	107.60
17330400.00	7.13	62.71	22.43	25.60	54.34	74.35	84.73	95.77	107.60
17334000.00	25.08	62.71	22.43	25.60	54.34	74.35	84.73	95.77	107.60
17337600.00	76.15	62.71	22.43	25.60	54.34	74.35	84.73	95.77	107.60
17341200.00	120.64	62.71	22.43	25.60	54.34	74.35	84.73	95.77	107.60
17344800.00	113.25	62.71	22.43	25.60	54.34	74.35	84.73	95.77	107.60
17348400.00	95.21	62.71	22.43	25.60	54.34	74.35	84.73	95.77	107.60
17352000.00	84.95	62.71	22.43	25.60	54.34	74.35	84.73	95.77	107.60
17355600.00	49.93	62.71	22.43	25.60	54.34	74.35	84.73	95.77	107.60
17359200.00	30.17	62.71	22.43	25.60	54.34	74.35	84.73	95.77	107.60
17362800.00	14.49	62.71	22.43	25.60	54.34	74.35	84.73	95.77	107.60
17366400.00	2.98	-11.32	-16.84	-15.01	-12.53	-6.53	-4.77	-3.29	3.54
17370000.00	-0.14	-11.32	-16.84	-15.01	-12.53	-6.53	-4.77	-3.29	3.54
17373600.00	-1.23	-11.32	-16.84	-15.01	-12.53	-6.53	-4.77	-3.29	3.54
17377200.00	-4.43	-11.32	-16.84	-15.01	-12.53	-6.53	-4.77	-3.29	3.54
17380800.00	-6.76	-11.32	-16.84	-15.01	-12.53	-6.53	-4.77	-3.29	3.54
17384400.00	-3.52	-11.32	-16.84	-15.01	-12.53	-6.53	-4.77	-3.29	3.54
17388000.00	19.32	-11.32	-16.84	-15.01	-12.53	-6.53	-4.77	-3.29	3.54
17391600.00	63.53	-11.32	-16.84	-15.01	-12.53	-6.53	-4.77	-3.29	3.54
17395200.00	4.00	-11.32	-16.84	-15.01	-12.53	-6.53	-4.77	-3.29	3.54
17398800.00	-12.72	-11.32	-16.84	-15.01	-12.53	-6.53	-4.77	-3.29	3.54
17402400.00	-14.82	-11.32	-16.84	-15.01	-12.53	-6.53	-4.77	-3.29	3.54
17406000.00	-37.62	-11.32	-16.84	-15.01	-12.53	-6.53	-4.77	-3.29	3.54
17409600.00	-70.13	-11.32	-16.84	-15.01	-12.53	-6.53	-4.77	-3.29	3.54
17413200.00	-73.11	-11.32	-16.84	-15.01	-12.53	-6.53	-4.77	-3.29	3.54
17416800.00	-67.51	-11.32	-16.84	-15.01	-12.53	-6.53	-4.77	-3.29	3.54
17420400.00	-21.57	-11.32	-16.84	-15.01	-12.53	-6.53	-4.77	-3.29	3.54
17424000.00	-11.74	-11.32	-16.84	-15.01	-12.53	-6.53	-4.77	-3.29	3.54
17427600.00	28.46	-11.32	-16.84	-15.01	-12.53	-6.53	-4.77	-3.29	3.54
17431200.00	-17.18	-11.32	-16.84	-15.01	-12.53	-6.53	-4.77	-3.29	3.54
17434800.00	-16.72	-11.32	-16.84	-15.01	-12.53	-6.53	-4.77	-3.29	3.54
17438400.00	-6.30	-11.32	-16.84	-15.01	-12.53	-6.53	-4.77	-3.29	3.54
17442000.00	-14.39	-11.32	-16.84	-15.01	-12.53	-6.53	-4.77	-3.29	3.54
17445600.00	-3.92	-11.32	-16.84	-15.01	-12.53	-6.53	-4.77	-3.29	3.54
17449200.00	-6.14	-11.32	-16.84	-15.01	-12.53	-6.53	-4.77	-3.29	3.54
17452800.00	-8.23	11.96	-12.66	-11.55	-9.13	-8.02	-1.02	38.67	64.38
17456400.00	-8.73	11.96	-12.66	-11.55	-9.13	-8.02	-1.02	38.67	64.38
17460000.00	-9.23	11.96	-12.66	-11.55	-9.13	-8.02	-1.02	38.67	64.38
17463600.00	-11.43	11.96	-12.66	-11.55	-9.13	-8.02	-1.02	38.67	64.38
17467200.00	-12.61	11.96	-12.66	-11.55	-9.13	-8.02	-1.02	38.67	64.38
17470800.00	-10.19	11.96	-12.66	-11.55	-9.13	-8.02	-1.02	38.67	64.38
17474400.00	-6.69	11.96	-12.66	-11.55	-9.13	-8.02	-1.02	38.67	64.38
17478000.00	25.63	11.96	-12.66	-11.55	-9.13	-8.02	-1.02	38.67	64.38
17481600.00	78.87	11.96	-12.66	-11.55	-9.13	-8.02	-1.02	38.67	64.38
17485200.00	0.40	11.96	-12.66	-11.55	-9.13	-8.02	-1.02	38.67	64.38
17488800.00	-18.35	11.96	-12.66	-11.55	-9.13	-8.02	-1.02	38.67	64.38
17492400.00	-13.53	11.96	-12.66	-11.55	-9.13	-8.02	-1.02	38.67	64.38
17496000.00	-12.83	11.96	-12.66	-11.55	-9.13	-8.02	-1.02	38.67	64.38
17499600.00	-46.33	11.96	-12.66	-11.55	-9.13	-8.02	-1.02	38.67	64.38
17503200.00	-43.94	11.96	-12.66	-11.55	-9.13	-8.02	-1.02	38.67	64.38
17506800.00	-12.98	11.96	-12.66	-11.55	-9.13	-8.02	-1.02	38.67	64.38
17510400.00	-7.81	11.96	-12.66	-11.55	-9.13	-8.02	-1.02	38.67	64.38
17514000.00	37.88	11.96	-12.66	-11.55	-9.13	-8.02	-1.02	38.67	64.38
17517600.00	54.30	11.96	-12.66	-11.55	-9.13	-8.02	-1.02	38.67	64.38
17521200.00	68.56	11.96	-12.66	-11.55	-9.13	-8.02	-1.02	38.67	64.38
17524800.00	62.98	11.96	-12.66	-11.55	-9.13	-8.02	-1.02	38.67	64.38
17528400.00	65.52	11.96	-12.66	-11.55	-9.13	-8.02	-1.02	38.67	64.38
17532000.00	69.98	11.96	-12.66	-11.55	-9.13	-8.02	-1.02	38.67	64.38
17535600.00	45.84	11.96	-12.66	-11.55	-9.13	-8.02	-1.02	38.67	64.38
17539200.00	34.98	63.32	12.69	17.08	30.91	44.96	72.70	97.53	118.91
17542800.00	11.08	63.32	12.69	17.08	30.91	44.96	72.70	97.53	118.91
17546400.00	10.06	63.32	12.69	17.08	30.91	44.96	72.70	97.53	118.91
17550000.00	9.91	63.32	12.69	17.08	30.91	44.96	72.70	97.53	118.91
17553600.00	11.26	63.32	12.69	17.08	30.91	44.96	72.70	97.53	118.91
17557200.00	36.86	63.32	12.69	17.08	30.91	44.96	72.70	97.53	118.91
17560800.00	57.08	63.32	12.69	17.08	30.91	44.96	72.70	97.53	118.91
17564400.00	97.78	63.32	12.69	17.08	30.91	44.96	72.70	97.53	118.91
17568000.00	98.51	63.32	12.69	17.08	30.91	44.96	72.70	97.53	118.91
17571600.00	53.06	63.32	12.69	17.08	30.91	44.96	72.70	97.53	118.91
17575200.00	29.89	63.32	12.69	17.08	30.91	44.96	72.70	97.53	118.91
17578800.00	13.16	63.32	12.69	17.08	30.91	44.96	72.70	97.53	118.91
17582400.00	6.94	63.32	12.69	17.08	30.91	44.96	72.70	97.53	118.91
17586000.00	17.52	63.32	12.69	17.08	30.91	44.96	72.70	97.53	118.91
17589600.00	-3.72	63.32	12.69	17.08	30.91	44.96	72.70	97.53	118.91
17593200.00	27.31	63.32	12.69	17.08	30.91	44.96	72.70	97.53	118.91
17596800.00	76.60	63.32	12.69	17.08	30.91	44.96	72.70	97.53	118.91
17600400.00	127.68	63.32	12.69	17.08	30.91	44.96	72.70	97.53	118.91
17604000.00	171.18	63.32	12.69	17.08	30.91	44.96	72.70	97.53	118.91
17607600.00	180.68	63.32	12.69	17.08	30.91	44.96	72.70	97.53	118.91
17611200.00	152.39	63.32	12.69	17.08	30.91	44.96	72.70	97.53	118.91
17614800.00	108.19	63.32	12.69	17.08	30.91	44.96	72.70	97.53	118.91
17618400.00	97.50	63.32	12.69	17.08	30.91	44.96	72.70	97.53	118.91
17622000.00	93.79	63.32	12.69	17.08	30.91	44.96	72.70	97.53	118.91
17625600.00	86.25	43.37	15.72	19.54	37.61	45.91	56.39	63.14	84.49
17629200.00	60.72	43.37	15.72	19.54	37.61	45.91	56.39	63.14	84.49
17632800.00	53.44	43.37	15.72	19.54	37.61	45.91	56.39	63.14	84.49
17636400.00	45.76	43.37	15.72	19.54	37.61	45.91	56.39	63.14	84.49
17640000.00	40.98	43.37	15.72	19.54	37.61	45.91	56.39	63.14	84.49
17643600.00	36.77	43.37	15.72	19.54	37.61	45.91	56.39	63.14	84.49
17647200.00	62.51	43.37	15.72	19.54	37.61	45.91	56.39	63.14	84.49
17650800.00	68.81	43.37	15.72	19.54	37.61	45.91	56.39	63.14	84.49
17654400.00	57.13	43.37	15.72	19.54	37.61	45.91	56.39	63.14	84.49
17658000.00	32.95	43.37	15.72	19.54	37.61	45.91	56.39	63.14	84.49
17661600.00	104.89	43.37	15.72	19.54	37.61	45.91	56.39	63.14	84.49
17665200.00	-12.51	43.37	15.72	19.54	37.61	45.91	56.39	63.14	84.49
17668800.00	-20.92	43.37	15.72	19.54	37.61	45.91	56.39	63.14	84.49
17672400.00	-14.63	43.37	15.72	19.54	37.61	45.91	56.39	63.14	84.49
17676000.00	-7.45	43.37	15.72	19.54	37.61	45.91	56.39	63.14	84.49
17679600.00	-10.82	43.37	15.72	19.54	37.61	45.91	56.39	63.14	84.49
17683200.00	18.06	43.37	15.72	19.54	37.61	45.91	56.39	63.14	84.49
17686800.00	70.19	43.37	15.72	19.54	37.61	45.91	56.39	63.14	84.49
17690400.00	117.61	43.37	15.72	19.54	37.61	45.91	56.39	63.14	84.49
17694000.00	94.20	43.37	15.72	19.54	37.61	45.91	56.39	63.14	84.49
17697600.00	82.34	43.37	15.72	19.54	37.61	45.91	56.39	63.14	84.49
17701200.00	46.07	43.37	15.72	19.54	37.61	45.91	56.39	63.14	84.49
17704800.00	19.70	43.37	15.72	19.54	37.61	45.91	56.39	63.14	84.49
17708400.00	8.72	43.37	15.72	19.54	37.61	45.91	56.39	63.14	84.49
17712000.00	26.63	23.31	-0.94	0.97	7.94	20.97	30.49	41.45	50.44
17715600.00	19.37	23.31	-0.94	0.97	7.94	20.97	30.49	41.45	50.44
17719200.00	5.32	23.31	-0.94	0.97	7.94	20.97	30.49	41.45	50.44
17722800.00	-0.68	23.31	-0.94	0.97	7.94	20.97	30.49	41.45	50.44
17726400.00	-1.70	23.31	-0.94	0.97	7.94	20.97	30.49	41.45	50.44
17730000.00	-2.13	23.31	-0.94	0.97	7.94	20.97	30.49	41.45	50.44
17733600.00	1.43	23.31	-0.94	0.97	7.94	20.97	30.49	41.45	50.44
17737200.00	52.97	23.31	-0.94	0.97	7.94	20.97	30.49	41.45	50.44
17740800.00	43.09	23.31	-0.94	0.97	7.94	20.97	30.49	41.45	50.44
17744400.00	68.44	23.31	-0.94	0.97	7.94	20.97	30.49	41.45	50.44
17748000.00	85.74	23.31	-0.94	0.97	7.94	20.97	30.49	41.45	50.44
17751600.00	67.21	23.31	-0.94	0.97	7.94	20.97	30.49	41.45	50.44
17755200.00	44.13	23.31	-0.94	0.97	7.94	20.97	30.49	41.45	50.44
17758800.00	31.46	23.31	-0.94	0.97	7.94	20.97	30.49	41.45	50.44
17762400.00	35.70	23.31	-0.94	0.97	7.94	20.97	30.49	41.45	50.44
17766000.00	22.57	23.31	-0.94	0.97	7.94	20.97	30.49	41.45	50.44
17769600.00	-21.70	23.31	-0.94	0.97	7.94	20.97	30.49	41.45	50.44
17773200.00	-17.80	23.31	-0.94	0.97	7.94	20.97	30.49	41.45	50.44
17776800.00	18.44	23.31	-0.94	0.97	7.94	20.97	30.49	41.45	50.44
17780400.00	47.36	23.31	-0.94	0.97	7.94	20.97	30.49	41.45	50.44
17784000.00	41.26	23.31	-0.94	0.97	7.94	20.97	30.49	41.45	50.44
17787600.00	1.15	23.31	-0.94	0.97	7.94	20.97	30.49	41.45	50.44
17791200.00	-5.77	23.31	-0.94	0.97	7.94	20.97	30.49	41.45	50.44
17794800.00	-3.08	23.31	-0.94	0.97	7.94	20.97	30.49	41.45	50.44
17798400.00	-1.19	27.96	-1.51	-1.19	2.24	22.49	39.08	53.01	60.42
17802000.00	-1.20	27.96	-1.51	-1.19	2.24	22.49	39.08	53.01	60.42
17805600.00	-1.09	27.96	-1.51	-1.19	2.24	22.49	39.08	53.01	60.42
17809200.00	-2.44	27.96	-1.51	-1.19	2.24	22.49	39.08	53.01	60.42
17812800.00	-4.01	27.96	-1.51	-1.19	2.24	22.49	39.08	53.01	60.42
17816400.00	-0.84	27.96	-1.51	-1.19	2.24	22.49	39.08	53.01	60.42
17820000.00	14.55	27.96	-1.51	-1.19	2.24	22.49	39.08	53.01	60.42
17823600.00	28.10	27.96	-1.51	-1.19	2.24	22.49	39.08	53.01	60.42
17827200.00	124.78	27.96	-1.51	-1.19	2.24	22.49	39.08	53.01	60.42
17830800.00	-15.87	27.96	-1.51	-1.19	2.24	22.49	39.08	53.01	60.42
17834400.00	-10.88	27.96	-1.51	-1.19	2.24	22.49	39.08	53.01	60.42
17838000.00	-15.83	27.96	-1.51	-1.19	2.24	22.49	39.08	53.01	60.42
17841600.00	-8.66	27.96	-1.51	-1.19	2.24	22.49	39.08	53.01	60.42
17845200.00	18.15	27.96	-1.51	-1.19	2.24	22.49	39.08	53.01	60.42
17848800.00	26.84	27.96	-1.51	-1.19	2.24	22.49	39.08	53.01	60.42
17852400.00	41.82	27.96	-1.51	-1.19	2.24	22.49	39.08	53.01	60.42
17856000.00	53.36	27.96	-1.51	-1.19	2.24	22.49	39.08	53.01	60.42
17859600.00	54.82	27.96	-1.51	-1.19	2.24	22.49	39.08	53.01	60.42
17863200.00	55.46	27.96	-1.51	-1.19	2.24	22.49	39.08	53.01	60.42
17866800.00	64.47	27.96	-1.51	-1.19	2.24	22.49	39.08	53.01	60.42
17870400.00	76.88	27.96	-1.51	-1.19	2.24	22.49	39.08	53.01	60.42
17874000.00	71.90	27.96	-1.51	-1.19	2.24	22.49	39.08	53.01	60.42
17877600.00	52.97	27.96	-1.51	-1.19	2.24	22.49	39.08	53.01	60.42
17881200.00	48.98	27.96	-1.51	-1.19	2.24	22.49	39.08	53.01	60.42
17884800.00	42.36	17.50	1.34	9.99	12.19	19.65	26.99	31.79	44.32
17888400.00	32.06	17.50	1.34	9.99	12.19	19.65	26.99	31.79	44.32
17892000.00	27.05	17.50	1.34	9.99	12.19	19.65	26.99	31.79	44.32
17895600.00	17.75	17.50	1.34	9.99	12.19	19.65	26.99	31.79	44.32
17899200.00	11.15	17.50	1.34	9.99	12.19	19.65	26.99	31.79	44.32
17902800.00	10.86	17.50	1.34	9.99	12.19	19.65	26.99	31.79	44.32
17906400.00	15.00	17.50	1.34	9.99	12.19	19.65	26.99	31.79	44.32
17910000.00	26.73	17.50	1.34	9.99	12.19	19.65	26.99	31.79	44.32
17913600.00	21.56	17.50	1.34	9.99	12.19	19.65	26.99	31.79	44.32
17917200.00	11.49	17.50	1.34	9.99	12.19	19.65	26.99	31.79	44.32
17920800.00	-1.12	17.50	1.34	9.99	12.19	19.65	26.99	31.79	44.32
17924400.00	-11.84	17.50	1.34	9.99	12.19	19.65	26.99	31.79	44.32
17928000.00	-12.47	17.50	1.34	9.99	12.19	19.65	26.99	31.79	44.32
17931600.00	-14.93	17.50	1.34	9.99	12.19	19.65	26.99	31.79	44.32
17935200.00	-29.06	17.50	1.34	9.99	12.19	19.65	26.99	31.79	44.32
17938800.00	2.16	17.50	1.34	9.99	12.19	19.65	26.99	31.79	44.32
17942400.00	-21.16	17.50	1.34	9.99	12.19	19.65	26.99	31.79	44.32
17946000.00	49.52	17.50	1.34	9.99	12.19	19.65	26.99	31.79	44.32
17949600.00	45.93	17.50	1.34	9.99	12.19	19.65	26.99	31.79	44.32
17953200.00	47.23	17.50	1.34	9.99	12.19	19.65	26.99	31.79	44.32
17956800.00	49.00	17.50	1.34	9.99	12.19	19.65	26.99	31.79	44.32
17960400.00	39.75	17.50	1.34	9.99	12.19	19.65	26.99	31.79	44.32
17964000.00	29.27	17.50	1.34	9.99	12.19	19.65	26.99	31.79	44.32
17967600.00	31.76	17.50	1.34	9.99	12.19	19.65	26.99	31.79	44.32
17971200.00	36.58	103.85	59.18	66.55	89.96	112.70	119.86	128.05	151.81
17974800.00	30.11	103.85	59.18	66.55	89.96	112.70	119.86	128.05	151.81
17978400.00	56.70	103.85	59.18	66.55	89.96	112.70	119.86	128.05	151.81
17982000.00	60.01	103.85	59.18	66.55	89.96	112.70	119.86	128.05	151.81
17985600.00	79.75	103.85	59.18	66.55	89.96	112.70	119.86	128.05	151.81
17989200.00	67.28	103.85	59.18	66.55	89.96	112.70	119.86	128.05	151.81
17992800.00	119.86	103.85	59.18	66.55	89.96	112.70	119.86	128.05	151.81
17996400.00	127.85	103.85	59.18	66.55	89.96	112.70	119.86	128.05	151.81
18000000.00	119.66	103.85	59.18	66.55	89.96	112.70	119.86	128.05	151.81
18003600.00	89.39	103.85	59.18	66.55	89.96	112.70	119.86	128.05	151.81
18007200.00	120.24	103.85	59.18	66.55	89.96	112.70	119.86	128.05	151.81
18010800.00	23.00	103.85	59.18	66.55	89.96	112.70	119.86	128.05	151.81
18014400.00	48.50	103.85	59.18	66.55	89.96	112.70	119.86	128.05	151.81
18018000.00	46.57	103.85	59.18	66.55	89.96	112.70	119.86	128.05	151.81
18021600.00	150.20	103.85	59.18	66.55	89.96	112.70	119.86	128.05	151.81
18025200.00	129.89	103.85	59.18	66.55	89.96	112.70	119.86	128.05	151.81
18028800.00	119.84	103.85	59.18	66.55	89.96	112.70	119.86	128.05	151.81
18032400.00	145.04	103.85	59.18	66.55	89.96	112.70	119.86	128.05	151.81
18036000.00	189.22	103.85	59.18	66.55	89.96	112.70	119.86	128.05	151.81
18039600.00	191.91	103.85	59.18	66.55	89.96	112.70	119.86	128.05	151.81
18043200.00	189.79	103.85	59.18	66.55	89.96	112.70	119.86	128.05	151.81
18046800.00	153.12	103.85	59.18	66.55	89.96	112.70	119.86	128.05	151.81
18050400.00	105.75	103.85	59.18	66.55	89.96	112.70	119.86	128.05	151.81
18054000.00	92.22	103.85	59.18	66.55	89.96	112.70	119.86	128.05	151.81
18057600.00	86.48	144.25	95.68	107.93	122.37	155.97	163.83	179.39	198.68
18061200.00	88.38	144.25	95.68	107.93	122.37	155.97	163.83	179.39	198.68
18064800.00	84.95	144.25	95.68	107.93	122.37	155.97	163.83	179.39	198.68
18068400.00	90.16	144.25	95.68	107.93	122.37	155.97	163.83	179.39	198.68
18072000.00	113.57	144.25	95.68	107.93	122.37	155.97	163.83	179.39	198.68
18075600.00	134.24	144.25	95.68	107.93	122.37	155.97	163.83	179.39	198.68
18079200.00	164.02	144.25	95.68	107.93	122.37	155.97	163.83	179.39	198.68
18082800.00	168.68	144.25	95.68	107.93	122.37	155.97	163.83	179.39	198.68
18086400.00	152.06	144.25	95.68	107.93	122.37	155.97	163.83	179.39	198.68
18090000.00	109.09	144.25	95.68	107.93	122.37	155.97	163.83	179.39	198.68
18093600.00	97.53	144.25	95.68	107.93	122.37	155.97	163.83	179.39	198.68
18097200.00	53.49	144.25	95.68	107.93	122.37	155.97	163.83	179.39	198.68
18100800.00	80.51	144.25	95.68	107.93	122.37	155.97	163.83	179.39	198.68
18104400.00	119.40	144.25	95.68	107.93	122.37	155.97	163.83	179.39	198.68
18108000.00	159.88	144.25	95.68	107.93	122.37	155.97	163.83	179.39	198.68
18111600.00	179.18	144.25	95.68	107.93	122.37	155.97	163.83	179.39	198.68
18115200.00	205.28	144.25	95.68	107.93	122.37	155.97	163.83	179.39	198.68
18118800.00	229.90	144.25	95.68	107.93	122.37	155.97	163.83	179.39	198.68
18122400.00	210.71	144.25	95.68	107.93	122.37	155.97	163.83	179.39	198.68
18126000.00	194.48	144.25	95.68	107.93	122.37	155.97	163.83	179.39	198.68
18129600.00	202.11	144.25	95.68	107.93	122.37	155.97	163.83	179.39	198.68
18133200.00	193.58	144.25	95.68	107.93	122.37	155.97	163.83	179.39	198.68
18136800.00	181.27	144.25	95.68	107.93	122.37	155.97	163.83	179.39	198.68
18140400.00	163.07	144.25	95.68	107.93	122.37	155.97	163.83	179.39	198.68
18144000.00	171.90	113.47	82.04	85.15	95.00	101.64	115.13	136.57	165.21
18147600.00	135.83	113.47	82.04	85.15	95.00	101.64	115.13	136.57	165.21
18151200.00	94.73	113.47	82.04	85.15	95.00	101.64	115.13	136.57	165.21
18154800.00	94.68	113.47	82.04	85.15	95.00	101.64	115.13	136.57	165.21
18158400.00	96.09	113.47	82.04	85.15	95.00	101.64	115.13	136.57	165.21
18162000.00	108.03	113.47	82.04	85.15	95.00	101.64	115.13	136.57	165.21
18165600.00	116.91	113.47	82.04	85.15	95.00	101.64	115.13	136.57	165.21
18169200.00	163.65	113.47	82.04	85.15	95.00	101.64	115.13	136.57	165.21
18172800.00	119.32	113.47	82.04	85.15	95.00	101.64	115.13	136.57	165.21
18176400.00	69.58	113.47	82.04	85.15	95.00	101.64	115.13	136.57	165.21
18180000.00	59.84	113.47	82.04	85.15	95.00	101.64	115.13	136.57	165.21
18183600.00	57.96	113.47	82.04	85.15	95.00	101.64	115.13	136.57	165.21
18187200.00	85.43	113.47	82.04	85.15	95.00	101.64	115.13	136.57	165.21
18190800.00	101.39	113.47	82.04	85.15	95.00	101.64	115.13	136.57	165.21
18194400.00	82.58	113.47	82.04	85.15	95.00	101.64	115.13	136.57	165.21
18198000.00	66.47	113.47	82.04	85.15	95.00	101.64	115.13	136.57	165.21
18201600.00	78.56	113.47	82.04	85.15	95.00	101.64	115.13	136.57	165.21
18205200.00	143.20	113.47	82.04	85.15	95.00	101.64	115.13	136.57	165.21
18208800.00	191.32	113.47	82.04	85.15	95.00	101.64	115.13	136.57	165.21
18212400.00	192.78	113.47	82.04	85.15	95.00	101.64	115.13	136.57	165.21
18216000.00	166.49	113.47	82.04	85.15	95.00	101.64	115.13	136.57	165.21
18219600.00	144.30	113.47	82.04	85.15	95.00	101.64	115.13	136.57	165.21
18223200.00	101.88	113.47	82.04	85.15	95.00	101.64	115.13	136.57	165.21
18226800.00	80.42	113.47	82.04	85.15	95.00	101.64	115.13	136.57	165.21
18230400.00	67.66	113.97	75.00	77.77	89.66	103.68	133.08	139.79	187.25
18234000.00	77.44	113.97	75.00	77.77	89.66	103.68	133.08	139.79	187.25
18237600.00	77.81	113.97	75.00	77.77	89.66	103.68	133.08	139.79	187.25
18241200.00	80.12	113.97	75.00	77.77	89.66	103.68	133.08	139.79	187.25
18244800.00	89.90	113.97	75.00	77.77	89.66	103.68	133.08	139.79	187.25
18248400.00	102.40	113.97	75.00	77.77	89.66	103.68	133.08	139.79	187.25
18252000.00	128.63	113.97	75.00	77.77	89.66	103.68	133.08	139.79	187.25
18255600.00	178.08	113.97	75.00	77.77	89.66	103.68	133.08	139.79	187.25
18259200.00	104.96	113.97	75.00	77.77	89.66	103.68	133.08	139.79	187.25
18262800.00	89.60	113.97	75.00	77.77	89.66	103.68	133.08	139.79	187.25
18266400.00	63.24	113.97	75.00	77.77	89.66	103.68	133.08	139.79	187.25
18270000.00	66.66	113.97	75.00	77.77	89.66	103.68	133.08	139.79	187.25
18273600.00	22.20	113.97	75.00	77.77	89.66	103.68	133.08	139.79	187.25
18277200.00	32.68	113.97	75.00	77.77	89.66	103.68	133.08	139.79	187.25
18280800.00	38.35	113.97	75.00	77.77	89.66	103.68	133.08	139.79	187.25
18284400.00	134.72	113.97	75.00	77.77	89.66	103.68	133.08	139.79	187.25
18288000.00	138.90	113.97	75.00	77.77	89.66	103.68	133.08	139.79	187.25
18291600.00	193.61	113.97	75.00	77.77	89.66	103.68	133.08	139.79	187.25
18295200.00	192.84	113.97	75.00	77.77	89.66	103.68	133.08	139.79	187.25
18298800.00	195.09	113.97	75.00	77.77	89.66	103.68	133.08	139.79	187.25
18302400.00	198.09	113.97	75.00	77.77	89.66	103.68	133.08	139.79	187.25
18306000.00	180.42	113.97	75.00	77.77	89.66	103.68	133.08	139.79	187.25
18309600.00	147.81	113.97	75.00	77.77	89.66	103.68	133.08	139.79	187.25
18313200.00	134.20	113.97	75.00	77.77	89.66	103.68	133.08	139.79	187.25
18316800.00	134.28	110.22	85.16	90.08	112.37	122.57	131.35	133.66	143.30
18320400.00	122.37	110.22	85.16	90.08	112.37	122.57	131.35	133.66	143.30
18324000.00	114.71	110.22	85.16	90.08	112.37	122.57	131.35	133.66	143.30
18327600.00	111.76	110.22	85.16	90.08	112.37	122.57	131.35	133.66	143.30
18331200.00	111.79	110.22	85.16	90.08	112.37	122.57	131.35	133.66	143.30
18334800.00	147.65	110.22	85.16	90.08	112.37	122.57	131.35	133.66	143.30
18338400.00	176.44	110.22	85.16	90.08	112.37	122.57	131.35	133.66	143.30
18342000.00	164.50	110.22	85.16	90.08	112.37	122.57	131.35	133.66	143.30
18345600.00	133.59	110.22	85.16	90.08	112.37	122.57	131.35	133.66	143.30
18349200.00	89.14	110.22	85.16	90.08	112.37	122.57	131.35	133.66	143.30
18352800.00	73.20	110.22	85.16	90.08	112.37	122.57	131.35	133.66	143.30
18356400.00	46.51	110.22	85.16	90.08	112.37	122.57	131.35	133.66	143.30
18360000.00	39.60	110.22	85.16	90.08	112.37	122.57	131.35	133.66	143.30
18363600.00	42.77	110.22	85.16	90.08	112.37	122.57	131.35	133.66	143.30
18367200.00	46.86	110.22	85.16	90.08	112.37	122.57	131.35	133.66	143.30
18370800.00	52.94	110.22	85.16	90.08	112.37	122.57	131.35	133.66	143.30
18374400.00	90.18	110.22	85.16	90.08	112.37	122.57	131.35	133.66	143.30
18378000.00	131.41	110.22	85.16	90.08	112.37	122.57	131.35	133.66	143.30
18381600.00	136.55	110.22	85.16	90.08	112.37	122.57	131.35	133.66	143.30
18385200.00	131.43	110.22	85.16	90.08	112.37	122.57	131.35	133.66	143.30
18388800.00	131.12	110.22	85.16	90.08	112.37	122.57	131.35	133.66	143.30
18392400.00	122.76	110.22	85.16	90.08	112.37	122.57	131.35	133.66	143.30
18396000.00	155.82	110.22	85.16	90.08	112.37	122.57	131.35	133.66	143.30
18399600.00	137.97	110.22	85.16	90.08	112.37	122.57	131.35	133.66	143.30
18403200.00	125.36	102.63	89.30	90.17	93.84	98.40	103.46	116.09	143.62
18406800.00	115.75	102.63	89.30	90.17	93.84	98.40	103.46	116.09	143.62
18410400.00	103.87	102.63	89.30	90.17	93.84	98.40	103.46	116.09	143.62
18414000.00	98.33	102.63	89.30	90.17	93.84	98.40	103.46	116.09	143.62
18417600.00	90.08	102.63	89.30	90.17	93.84	98.40	103.46	116.09	143.62
18421200.00	90.18	102.63	89.30	90.17	93.84	98.40	103.46	116.09	143.62
18424800.00	97.24	102.63	89.30	90.17	93.84	98.40	103.46	116.09	143.62
18428400.00	108.67	102.63	89.30	90.17	93.84	98.40	103.46	116.09	143.62
18432000.00	90.70	102.63	89.30	90.17	93.84	98.40	103.46	116.09	143.62
18435600.00	86.96	102.63	89.30	90.17	93.84	98.40	103.46	116.09	143.62
18439200.00	98.47	102.63	89.30	90.17	93.84	98.40	103.46	116.09	143.62
18442800.00	101.80	102.63	89.30	90.17	93.84	98.40	103.46	116.09	143.62
18446400.00	67.76	102.63	89.30	90.17	93.84	98.40	103.46	116.09	143.62
18450000.00	42.41	102.63	89.30	90.17	93.84	98.40	103.46	116.09	143.62
18453600.00	13.18	102.63	89.30	90.17	93.84	98.40	103.46	116.09	143.62
18457200.00	21.55	102.63	89.30	90.17	93.84	98.40	103.46	116.09	143.62
18460800.00	74.49	102.63	89.30	90.17	93.84	98.40	103.46	116.09	143.62
18464400.00	155.18	102.63	89.30	90.17	93.84	98.40	103.46	116.09	143.62
18468000.00	199.96	102.63	89.30	90.17	93.84	98.40	103.46	116.09	143.62
18471600.00	183.32	102.63	89.30	90.17	93.84	98.40	103.46	116.09	143.62
18475200.00	150.68	102.63	89.30	90.17	93.84	98.40	103.46	116.09	143.62
18478800.00	134.98	102.63	89.30	90.17	93.84	98.40	103.46	116.09	143.62
18482400.00	119.18	102.63	89.30	90.17	93.84	98.40	103.46	116.09	143.62
18486000.00	92.99	102.63	89.30	90.17	93.84	98.40	103.46	116.09	143.62
18489600.00	67.77	26.56	-4.35	6.02	17.12	28.91	38.08	44.88	56.39
18493200.00	48.98	26.56	-4.35	6.02	17.12	28.91	38.08	44.88	56.39
18496800.00	47.42	26.56	-4.35	6.02	17.12	28.91	38.08	44.88	56.39
18500400.00	44.87	26.56	-4.35	6.02	17.12	28.91	38.08	44.88	56.39
18504000.00	45.04	26.56	-4.35	6.02	17.12	28.91	38.08	44.88	56.39
18507600.00	34.00	26.56	-4.35	6.02	17.12	28.91	38.08	44.88	56.39
18511200.00	39.10	26.56	-4.35	6.02	17.12	28.91	38.08	44.88	56.39
18514800.00	33.44	26.56	-4.35	6.02	17.12	28.91	38.08	44.88	56.39
18518400.00	8.13	26.56	-4.35	6.02	17.12	28.91	38.08	44.88	56.39
18522000.00	-3.02	26.56	-4.35	6.02	17.12	28.91	38.08	44.88	56.39
18525600.00	-8.33	26.56	-4.35	6.02	17.12	28.91	38.08	44.88	56.39
18529200.00	-11.55	26.56	-4.35	6.02	17.12	28.91	38.08	44.88	56.39
18532800.00	-14.28	26.56	-4.35	6.02	17.12	28.91	38.08	44.88	56.39
18536400.00	-13.44	26.56	-4.35	6.02	17.12	28.91	38.08	44.88	56.39
18540000.00	-13.22	26.56	-4.35	6.02	17.12	28.91	38.08	44.88	56.39
18543600.00	-10.19	26.56	-4.35	6.02	17.12	28.91	38.08	44.88	56.39
18547200.00	21.04	26.56	-4.35	6.02	17.12	28.91	38.08	44.88	56.39
18550800.00	88.60	26.56	-4.35	6.02	17.12	28.91	38.08	44.88	56.39
18554400.00	79.32	26.56	-4.35	6.02	17.12	28.91	38.08	44.88	56.39
18558000.00	62.46	26.56	-4.35	6.02	17.12	28.91	38.08	44.88	56.39
18561600.00	43.86	26.56	-4.35	6.02	17.12	28.91	38.08	44.88	56.39
18565200.00	24.37	26.56	-4.35	6.02	17.12	28.91	38.08	44.88	56.39
18568800.00	16.15	26.56	-4.35	6.02	17.12	28.91	38.08	44.88	56.39
18572400.00	7.02	26.56	-4.35	6.02	17.12	28.91	38.08	44.88	56.39
18576000.00	4.31	-0.06	-10.83	-10.71	-8.42	-7.11	-4.27	4.41	17.38
18579600.00	-23.02	-0.06	-10.83	-10.71	-8.42	-7.11	-4.27	4.41	17.38
18583200.00	-6.98	-0.06	-10.83	-10.71	-8.42	-7.11	-4.27	4.41	17.38
18586800.00	-8.48	-0.06	-10.83	-10.71	-8.42	-7.11	-4.27	4.41	17.38
18590400.00	-14.27	-0.06	-10.83	-10.71	-8.42	-7.11	-4.27	4.41	17.38
18594000.00	-12.78	-0.06	-10.83	-10.71	-8.42	-7.11	-4.27	4.41	17.38
18597600.00	-10.98	-0.06	-10.83	-10.71	-8.42	-7.11	-4.27	4.41	17.38
18601200.00	-4.24	-0.06	-10.83	-10.71	-8.42	-7.11	-4.27	4.41	17.38
18604800.00	-21.67	-0.06	-10.83	-10.71	-8.42	-7.11	-4.27	4.41	17.38
18608400.00	-10.78	-0.06	-10.83	-10.71	-8.42	-7.11	-4.27	4.41	17.38
18612000.00	-4.38	-0.06	-10.83	-10.71	-8.42	-7.11	-4.27	4.41	17.38
18615600.00	-3.05	-0.06	-10.83	-10.71	-8.42	-7.11	-4.27	4.41	17.38
18619200.00	-8.85	-0.06	-10.83	-10.71	-8.42	-7.11	-4.27	4.41	17.38
18622800.00	-8.20	-0.06	-10.83	-10.71	-8.42	-7.11	-4.27	4.41	17.38
18626400.00	-7.24	-0.06	-10.83	-10.71	-8.42	-7.11	-4.27	4.41	17.38
18630000.00	7.64	-0.06	-10.83	-10.71	-8.42	-7.11	-4.27	4.41	17.38
18633600.00	-14.26	-0.06	-10.83	-10.71	-8.42	-7.11	-4.27	4.41	17.38
18637200.00	-10.70	-0.06	-10.83	-10.71	-8.42	-7.11	-4.27	4.41	17.38
18640800.00	32.80	-0.06	-10.83	-10.71	-8.42	-7.11	-4.27	4.41	17.38
18644400.00	63.46	-0.06	-10.83	-10.71	-8.42	-7.11	-4.27	4.41	17.38
18648000.00	20.42	-0.06	-10.83	-10.71	-8.42	-7.11	-4.27	4.41	17.38
18651600.00	15.45	-0.06	-10.83	-10.71	-8.42	-7.11	-4.27	4.41	17.38
18655200.00	5.36	-0.06	-10.83	-10.71	-8.42	-7.11	-4.27	4.41	17.38
18658800.00	18.96	-0.06	-10.83	-10.71	-8.42	-7.11	-4.27	4.41	17.38
18662400.00	7.12	32.00	-7.26	-5.48	-2.85	19.41	38.84	56.13	74.99
18666000.00	-4.08	32.00	-7.26	-5.48	-2.85	19.41	38.84	56.13	74.99
18669600.00	-7.11	32.00	-7.26	-5.48	-2.85	19.41	38.84	56.13	74.99
18673200.00	-7.71	32.00	-7.26	-5.48	-2.85	19.41	38.84	56.13	74.99
18676800.00	-7.85	32.00	-7.26	-5.48	-2.85	19.41	38.84	56.13	74.99
18680400.00	-0.54	32.00	-7.26	-5.48	-2.85	19.41	38.84	56.13	74.99
18684000.00	31.71	32.00	-7.26	-5.48	-2.85	19.41	38.84	56.13	74.99
18687600.00	55.87	32.00	-7.26	-5.48	-2.85	19.41	38.84	56.13	74.99
18691200.00	58.54	32.00	-7.26	-5.48	-2.85	19.41	38.84	56.13	74.99
18694800.00	65.96	32.00	-7.26	-5.48	-2.85	19.41	38.84	56.13	74.99
18698400.00	-3.43	32.00	-7.26	-5.48	-2.85	19.41	38.84	56.13	74.99
18702000.00	-8.37	32.00	-7.26	-5.48	-2.85	19.41	38.84	56.13	74.99
18705600.00	-10.00	32.00	-7.26	-5.48	-2.85	19.41	38.84	56.13	74.99
18709200.00	-9.02	32.00	-7.26	-5.48	-2.85	19.41	38.84	56.13	74.99
18712800.00	-9.31	32.00	-7.26	-5.48	-2.85	19.41	38.84	56.13	74.99
18716400.00	-5.30	32.00	-7.26	-5.48	-2.85	19.41	38.84	56.13	74.99
18720000.00	40.10	32.00	-7.26	-5.48	-2.85	19.41	38.84	56.13	74.99
18723600.00	108.51	32.00	-7.26	-5.48	-2.85	19.41	38.84	56.13	74.99
18727200.00	140.69	32.00	-7.26	-5.48	-2.85	19.41	38.84	56.13	74.99
18730800.00	104.42	32.00	-7.26	-5.48	-2.85	19.41	38.84	56.13	74.99
18734400.00	81.00	32.00	-7.26	-5.48	-2.85	19.41	38.84	56.13	74.99
18738000.00	67.65	32.00	-7.26	-5.48	-2.85	19.41	38.84	56.13	74.99
18741600.00	33.80	32.00	-7.26	-5.48	-2.85	19.41	38.84	56.13	74.99
18745200.00	45.32	32.00	-7.26	-5.48	-2.85	19.41	38.84	56.13	74.99
18748800.00	66.27	85.04	38.31	49.91	62.38	66.16	110.16	132.54	152.20
18752400.00	66.04	85.04	38.31	49.91	62.38	66.16	110.16	132.54	152.20
18756000.00	51.04	85.04	38.31	49.91	62.38	66.16	110.16	132.54	152.20
18759600.00	52.62	85.04	38.31	49.91	62.38	66.16	110.16	132.54	152.20
18763200.00	39.73	85.04	38.31	49.91	62.38	66.16	110.16	132.54	152.20
18766800.00	63.74	85.04	38.31	49.91	62.38	66.16	110.16	132.54	152.20
18770400.00	132.14	85.04	38.31	49.91	62.38	66.16	110.16	132.54	152.20
18774000.00	116.44	85.04	38.31	49.91	62.38	66.16	110.16	132.54	152.20
18777600.00	85.06	85.04	38.31	49.91	62.38	66.16	110.16	132.54	152.20
18781200.00	62.04	85.04	38.31	49.91	62.38	66.16	110.16	132.54	152.20
18784800.00	34.03	85.04	38.31	49.91	62.38	66.16	110.16	132.54	152.20
18788400.00	11.96	85.04	38.31	49.91	62.38	66.16	110.16	132.54	152.20
18792000.00	0.97	85.04	38.31	49.91	62.38	66.16	110.16	132.54	152.20
18795600.00	1.02	85.04	38.31	49.91	62.38	66.16	110.16	132.54	152.20
18799200.00	7.18	85.04	38.31	49.91	62.38	66.16	110.16	132.54	152.20
18802800.00	18.04	85.04	38.31	49.91	62.38	66.16	110.16	132.54	152.20
18806400.00	118.85	85.04	38.31	49.91	62.38	66.16	110.16	132.54	152.20
18810000.00	150.28	85.04	38.31	49.91	62.38	66.16	110.16	132.54	152.20
18813600.00	168.22	85.04	38.31	49.91	62.38	66.16	110.16	132.54	152.20
18817200.00	189.14	85.04	38.31	49.91	62.38	66.16	110.16	132.54	152.20
18820800.00	177.68	85.04	38.31	49.91	62.38	66.16	110.16	132.54	152.20
18824400.00	153.77	85.04	38.31	49.91	62.38	66.16	110.16	132.54	152.20
18828000.00	138.55	85.04	38.31	49.91	62.38	66.16	110.16	132.54	152.20
18831600.00	136.17	85.04	38.31	49.91	62.38	66.16	110.16	132.54	152.20
18835200.00	114.84	106.68	81.74	86.12	108.61	112.06	114.76	118.43	141.82
18838800.00	117.66	106.68	81.74	86.12	108.61	112.06	114.76	118.43	141.82
18842400.00	112.83	106.68	81.74	86.12	108.61	112.06	114.76	118.43	141.82
18846000.00	114.42	106.68	81.74	86.12	108.61	112.06	114.76	118.43	141.82
18849600.00	108.11	106.68	81.74	86.12	108.61	112.06	114.76	118.43	141.82
18853200.00	129.30	106.68	81.74	86.12	108.61	112.06	114.76	118.43	141.82
18856800.00	125.38	106.68	81.74	86.12	108.61	112.06	114.76	118.43	141.82
18860400.00	148.72	106.68	81.74	86.12	108.61	112.06	114.76	118.43	141.82
18864000.00	117.16	106.68	81.74	86.12	108.61	112.06	114.76	118.43	141.82
18867600.00	86.59	106.68	81.74	86.12	108.61	112.06	114.76	118.43	141.82
18871200.00	81.91	106.68	81.74	86.12	108.61	112.06	114.76	118.43	141.82
18874800.00	48.20	106.68	81.74	86.12	108.61	112.06	114.76	118.43	141.82
18878400.00	42.76	106.68	81.74	86.12	108.61	112.06	114.76	118.43	141.82
18882000.00	54.62	106.68	81.74	86.12	108.61	112.06	114.76	118.43	141.82
18885600.00	73.91	106.68	81.74	86.12	108.61	112.06	114.76	118.43	141.82
18889200.00	111.28	106.68	81.74	86.12	108.61	112.06	114.76	118.43	141.82
18892800.00	134.58	106.68	81.74	86.12	108.61	112.06	114.76	118.43	141.82
18896400.00	181.75	106.68	81.74	86.12	108.61	112.06	114.76	118.43	141.82
18900000.00	147.75	106.68	81.74	86.12	108.61	112.06	114.76	118.43	141.82
18903600.00	149.47	106.68	81.74	86.12	108.61	112.06	114.76	118.43	141.82
18907200.00	110.62	106.68	81.74	86.12	108.61	112.06	114.76	118.43	141.82
18910800.00	90.63	106.68	81.74	86.12	108.61	112.06	114.76	118.43	141.82
18914400.00	81.26	106.68	81.74	86.12	108.61	112.06	114.76	118.43	141.82
18918000.00	76.58	106.68	81.74	86.12	108.61	112.06	114.76	118.43	141.82
18921600.00	59.56	61.18	53.18	54.83	55.72	59.00	60.19	72.13	82.82
18925200.00	52.50	61.18	53.18	54.83	55.72	59.00	60.19	72.13	82.82
18928800.00	54.98	61.18	53.18	54.83	55.72	59.00	60.19	72.13	82.82
18932400.00	55.35	61.18	53.18	54.83	55.72	59.00	60.19	72.13	82.82
18936000.00	57.17	61.18	53.18	54.83	55.72	59.00	60.19	72.13	82.82
18939600.00	60.34	61.18	53.18	54.83	55.72	59.00	60.19	72.13	82.82
18943200.00	72.96	61.18	53.18	54.83	55.72	59.00	60.19	72.13	82.82
18946800.00	82.13	61.18	53.18	54.83	55.72	59.00	60.19	72.13	82.82
18950400.00	90.07	61.18	53.18	54.83	55.72	59.00	60.19	72.13	82.82
18954000.00	81.46	61.18	53.18	54.83	55.72	59.00	60.19	72.13	82.82
18957600.00	55.13	61.18	53.18	54.83	55.72	59.00	60.19	72.13	82.82
18961200.00	35.61	61.18	53.18	54.83	55.72	59.00	60.19	72.13	82.82
18964800.00	30.97	61.18	53.18	54.83	55.72	59.00	60.19	72.13	82.82
18968400.00	32.16	61.18	53.18	54.83	55.72	59.00	60.19	72.13	82.82
18972000.00	43.67	61.18	53.18	54.83	55.72	59.00	60.19	72.13	82.82
18975600.00	37.03	61.18	53.18	54.83	55.72	59.00	60.19	72.13	82.82
18979200.00	53.41	61.18	53.18	54.83	55.72	59.00	60.19	72.13	82.82
18982800.00	83.38	61.18	53.18	54.83	55.72	59.00	60.19	72.13	82.82
18986400.00	93.36	61.18	53.18	54.83	55.72	59.00	60.19	72.13	82.82
18990000.00	84.19	61.18	53.18	54.83	55.72	59.00	60.19	72.13	82.82
18993600.00	72.04	61.18	53.18	54.83	55.72	59.00	60.19	72.13	82.82
18997200.00	62.84	61.18	53.18	54.83	55.72	59.00	60.19	72.13	82.82
19000800.00	59.33	61.18	53.18	54.83	55.72	59.00	60.19	72.13	82.82
19004400.00	58.67	61.18	53.18	54.83	55.72	59.00	60.19	72.13	82.82
19008000.00	51.22	59.53	48.63	50.97	53.47	56.24	65.22	79.08	81.74
19011600.00	48.76	59.53	48.63	50.97	53.47	56.24	65.22	79.08	81.74
19015200.00	47.29	59.53	48.63	50.97	53.47	56.24	65.22	79.08	81.74
19018800.00	53.27	59.53	48.63	50.97	53.47	56.24	65.22	79.08	81.74
19022400.00	60.74	59.53	48.63	50.97	53.47	56.24	65.22	79.08	81.74
19026000.00	54.29	59.53	48.63	50.97	53.47	56.24	65.22	79.08	81.74
19029600.00	52.45	59.53	48.63	50.97	53.47	56.24	65.22	79.08	81.74
19033200.00	79.07	59.53	48.63	50.97	53.47	56.24	65.22	79.08	81.74
19036800.00	82.01	59.53	48.63	50.97	53.47	56.24	65.22	79.08	81.74
19040400.00	55.67	59.53	48.63	50.97	53.47	56.24	65.22	79.08	81.74
19044000.00	27.81	59.53	48.63	50.97	53.47	56.24	65.22	79.08	81.74
19047600.00	22.67	59.53	48.63	50.97	53.47	56.24	65.22	79.08	81.74
19051200.00	17.44	59.53	48.63	50.97	53.47	56.24	65.22	79.08	81.74
19054800.00	24.06	59.53	48.63	50.97	53.47	56.24	65.22	79.08	81.74
19058400.00	48.24	59.53	48.63	50.97	53.47	56.24	65.22	79.08	81.74
19062000.00	56.82	59.53	48.63	50.97	53.47	56.24	65.22	79.08	81.74
19065600.00	81.42	59.53	48.63	50.97	53.47	56.24	65.22	79.08	81.74
19069200.00	97.14	59.53	48.63	50.97	53.47	56.24	65.22	79.08	81.74
19072800.00	87.43	59.53	48.63	50.97	53.47	56.24	65.22	79.08	81.74
19076400.00	79.13	59.53	48.63	50.97	53.47	56.24	65.22	79.08	81.74
19080000.00	86.43	59.53	48.63	50.97	53.47	56.24	65.22	79.08	81.74
19083600.00	80.93	59.53	48.63	50.97	53.47	56.24	65.22	79.08	81.74
19087200.00	68.06	59.53	48.63	50.97	53.47	56.24	65.22	79.08	81.74
19090800.00	66.34	59.53	48.63	50.97	53.47	56.24	65.22	79.08	81.74
19094400.00	67.17	105.77	56.06	66.33	67.51	70.06	76.64	87.35	99.20
19098000.00	67.28	105.77	56.06	66.33	67.51	70.06	76.64	87.35	99.20
19101600.00	72.30	105.77	56.06	66.33	67.51	70.06	76.64	87.35	99.20
19105200.00	87.09	105.77	56.06	66.33	67.51	70.06	76.64	87.35	99.20
19108800.00	69.55	105.77	56.06	66.33	67.51	70.06	76.64	87.35	99.20
19112400.00	77.72	105.77	56.06	66.33	67.51	70.06	76.64	87.35	99.20
19116000.00	89.68	105.77	56.06	66.33	67.51	70.06	76.64	87.35	99.20
19119600.00	111.97	105.77	56.06	66.33	67.51	70.06	76.64	87.35	99.20
19123200.00	99.13	105.77	56.06	66.33	67.51	70.06	76.64	87.35	99.20
19126800.00	924.75	105.77	56.06	66.33	67.51	70.06	76.64	87.35	99.20
19130400.00	92.57	105.77	56.06	66.33	67.51	70.06	76.64	87.35	99.20
19134000.00	40.62	105.77	56.06	66.33	67.51	70.06	76.64	87.35	99.20
19137600.00	30.45	105.77	56.06	66.33	67.51	70.06	76.64	87.35	99.20
19141200.00	33.54	105.77	56.06	66.33	67.51	70.06	76.64	87.35	99.20
19144800.00	70.57	105.77	56.06	66.33	67.51	70.06	76.64	87.35	99.20
19148400.00	22.59	105.77	56.06	66.33	67.51	70.06	76.64	87.35	99.20
19152000.00	67.18	105.77	56.06	66.33	67.51	70.06	76.64	87.35	99.20
19155600.00	99.26	105.77	56.06	66.33	67.51	70.06	76.64	87.35	99.20
19159200.00	106.04	105.77	56.06	66.33	67.51	70.06	76.64	87.35	99.20
19162800.00	85.88	105.77	56.06	66.33	67.51	70.06	76.64	87.35	99.20
19166400.00	68.41	105.77	56.06	66.33	67.51	70.06	76.64	87.35	99.20
19170000.00	58.74	105.77	56.06	66.33	67.51	70.06	76.64	87.35	99.20
19173600.00	48.03	105.77	56.06	66.33	67.51	70.06	76.64	87.35	99.20
19177200.00	47.92	105.77	56.06	66.33	67.51	70.06	76.64	87.35	99.20
19180800.00	41.32	52.62	30.58	35.03	41.33	45.19	64.25	71.77	87.20
19184400.00	35.20	52.62	30.58	35.03	41.33	45.19	64.25	71.77	87.20
19188000.00	37.76	52.62	30.58	35.03	41.33	45.19	64.25	71.77	87.20
19191600.00	33.53	52.62	30.58	35.03	41.33	45.19	64.25	71.77	87.20
19195200.00	41.34	52.62	30.58	35.03	41.33	45.19	64.25	71.77	87.20
19198800.00	43.43	52.62	30.58	35.03	41.33	45.19	64.25	71.77	87.20
19202400.00	65.74	52.62	30.58	35.03	41.33	45.19	64.25	71.77	87.20
19206000.00	71.69	52.62	30.58	35.03	41.33	45.19	64.25	71.77	87.20
19209600.00	83.67	52.62	30.58	35.03	41.33	45.19	64.25	71.77	87.20
19213200.00	46.95	52.62	30.58	35.03	41.33	45.19	64.25	71.77	87.20
19216800.00	21.37	52.62	30.58	35.03	41.33	45.19	64.25	71.77	87.20
19220400.00	11.16	52.62	30.58	35.03	41.33	45.19	64.25	71.77	87.20
19224000.00	1.64	52.62	30.58	35.03	41.33	45.19	64.25	71.77	87.20
19227600.00	7.02	52.62	30.58	35.03	41.33	45.19	64.25	71.77	87.20
19231200.00	6.68	52.62	30.58	35.03	41.33	45.19	64.25	71.77	87.20
19234800.00	21.72	52.62	30.58	35.03	41.33	45.19	64.25	71.77	87.20
19238400.00	65.54	52.62	30.58	35.03	41.33	45.19	64.25	71.77	87.20
19242000.00	111.68	52.62	30.58	35.03	41.33	45.19	64.25	71.77	87.20
19245600.00	116.51	52.62	30.58	35.03	41.33	45.19	64.25	71.77	87.20
19249200.00	98.55	52.62	30.58	35.03	41.33	45.19	64.25	71.77	87.20
19252800.00	90.08	52.62	30.58	35.03	41.33	45.19	64.25	71.77	87.20
19256400.00	78.62	52.62	30.58	35.03	41.33	45.19	64.25	71.77	87.20
19260000.00	72.54	52.62	30.58	35.03	41.33	45.19	64.25	71.77	87.20
19263600.00	59.08	52.62	30.58	35.03	41.33	45.19	64.25	71.77	87.20
19267200.00	53.26	83.86	53.23	65.80	72.71	87.77	92.15	99.32	118.09
19270800.00	45.79	83.86	53.23	65.80	72.71	87.77	92.15	99.32	118.09
19274400.00	51.07	83.86	53.23	65.80	72.71	87.77	92.15	99.32	118.09
19278000.00	67.20	83.86	53.23	65.80	72.71	87.77	92.15	99.32	118.09
19281600.00	73.23	83.86	53.23	65.80	72.71	87.77	92.15	99.32	118.09
19285200.00	53.12	83.86	53.23	65.80	72.71	87.77	92.15	99.32	118.09
19288800.00	67.23	83.86	53.23	65.80	72.71	87.77	92.15	99.32	118.09
19292400.00	92.52	83.86	53.23	65.80	72.71	87.77	92.15	99.32	118.09
19296000.00	87.99	83.86	53.23	65.80	72.71	87.77	92.15	99.32	118.09
19299600.00	72.58	83.86	53.23	65.80	72.71	87.77	92.15	99.32	118.09
19303200.00	90.65	83.86	53.23	65.80	72.71	87.77	92.15	99.32	118.09
19306800.00	23.57	83.86	53.23	65.80	72.71	87.77	92.15	99.32	118.09
19310400.00	25.81	83.86	53.23	65.80	72.71	87.77	92.15	99.32	118.09
19314000.00	41.99	83.86	53.23	65.80	72.71	87.77	92.15	99.32	118.09
19317600.00	98.39	83.86	53.23	65.80	72.71	87.77	92.15	99.32	118.09
19321200.00	87.56	83.86	53.23	65.80	72.71	87.77	92.15	99.32	118.09
19324800.00	96.97	83.86	53.23	65.80	72.71	87.77	92.15	99.32	118.09
19328400.00	142.35	83.86	53.23	65.80	72.71	87.77	92.15	99.32	118.09
19332000.00	141.83	83.86	53.23	65.80	72.71	87.77	92.15	99.32	118.09
19335600.00	144.12	83.86	53.23	65.80	72.71	87.77	92.15	99.32	118.09
19339200.00	112.53	83.86	53.23	65.80	72.71	87.77	92.15	99.32	118.09
19342800.00	112.98	83.86	53.23	65.80	72.71	87.77	92.15	99.32	118.09
19346400.00	107.69	83.86	53.23	65.80	72.71	87.77	92.15	99.32	118.09
19350000.00	122.27	83.86	53.23	65.80	72.71	87.77	92.15	99.32	118.09
19353600.00	125.63	110.14	78.20	108.91	113.87	125.11	131.39	144.57	150.77
19357200.00	125.20	110.14	78.20	108.91	113.87	125.11	131.39	144.57	150.77
19360800.00	112.83	110.14	78.20	108.91	113.87	125.11	131.39	144.57	150.77
19364400.00	112.21	110.14	78.20	108.91	113.87	125.11	131.39	144.57	150.77
19368000.00	113.70	110.14	78.20	108.91	113.87	125.11	131.39	144.57	150.77
19371600.00	144.48	110.14	78.20	108.91	113.87	125.11	131.39	144.57	150.77
19375200.00	156.44	110.14	78.20	108.91	113.87	125.11	131.39	144.57	150.77
19378800.00	147.36	110.14	78.20	108.91	113.87	125.11	131.39	144.57	150.77
19382400.00	125.01	110.14	78.20	108.91	113.87	125.11	131.39	144.57	150.77
19386000.00	114.54	110.14	78.20	108.91	113.87	125.11	131.39	144.57	150.77
19389600.00	75.20	110.14	78.20	108.91	113.87	125.11	131.39	144.57	150.77
19393200.00	50.45	110.14	78.20	108.91	113.87	125.11	131.39	144.57	150.77
19396800.00	41.45	110.14	78.20	108.91	113.87	125.11	131.39	144.57	150.77
19400400.00	31.91	110.14	78.20	108.91	113.87	125.11	131.39	144.57	150.77
19404000.00	18.11	110.14	78.20	108.91	113.87	125.11	131.39	144.57	150.77
19407600.00	23.63	110.14	78.20	108.91	113.87	125.11	131.39	144.57	150.77
19411200.00	79.21	110.14	78.20	108.91	113.87	125.11	131.39	144.57	150.77
19414800.00	143.69	110.14	78.20	108.91	113.87	125.11	131.39	144.57	150.77
19418400.00	155.01	110.14	78.20	108.91	113.87	125.11	131.39	144.57	150.77
19422000.00	150.01	110.14	78.20	108.91	113.87	125.11	131.39	144.57	150.77
19425600.00	167.60	110.14	78.20	108.91	113.87	125.11	131.39	144.57	150.77
19429200.00	151.39	110.14	78.20	108.91	113.87	125.11	131.39	144.57	150.77
19432800.00	132.83	110.14	78.20	108.91	113.87	125.11	131.39	144.57	150.77
19436400.00	145.41	110.14	78.20	108.91	113.87	125.11	131.39	144.57	150.77
19440000.00	140.44	35.37	-9.07	-8.51	-6.41	3.27	45.87	81.71	93.90
19443600.00	105.39	35.37	-9.07	-8.51	-6.41	3.27	45.87	81.71	93.90
19447200.00	102.93	35.37	-9.07	-8.51	-6.41	3.27	45.87	81.71	93.90
19450800.00	93.51	35.37	-9.07	-8.51	-6.41	3.27	45.87	81.71	93.90
19454400.00	86.43	35.37	-9.07	-8.51	-6.41	3.27	45.87	81.71	93.90
19458000.00	87.40	35.37	-9.07	-8.51	-6.41	3.27	45.87	81.71	93.90
19461600.00	94.23	35.37	-9.07	-8.51	-6.41	3.27	45.87	81.71	93.90
19465200.00	81.18	35.37	-9.07	-8.51	-6.41	3.27	45.87	81.71	93.90
19468800.00	33.57	35.37	-9.07	-8.51	-6.41	3.27	45.87	81.71	93.90
19472400.00	-6.16	35.37	-9.07	-8.51	-6.41	3.27	45.87	81.71	93.90
19476000.00	-6.48	35.37	-9.07	-8.51	-6.41	3.27	45.87	81.71	93.90
19479600.00	-8.46	35.37	-9.07	-8.51	-6.41	3.27	45.87	81.71	93.90
19483200.00	-8.94	35.37	-9.07	-8.51	-6.41	3.27	45.87	81.71	93.90
19486800.00	-10.29	35.37	-9.07	-8.51	-6.41	3.27	45.87	81.71	93.90
19490400.00	-12.91	35.37	-9.07	-8.51	-6.41	3.27	45.87	81.71	93.90
19494000.00	-12.01	35.37	-9.07	-8.51	-6.41	3.27	45.87	81.71	93.90
19497600.00	8.84	35.37	-9.07	-8.51	-6.41	3.27	45.87	81.71	93.90
19501200.00	71.07	35.37	-9.07	-8.51	-6.41	3.27	45.87	81.71	93.90
19504800.00	48.95	35.37	-9.07	-8.51	-6.41	3.27	45.87	81.71	93.90
19508400.00	-2.31	35.37	-9.07	-8.51	-6.41	3.27	45.87	81.71	93.90
19512000.00	-6.90	35.37	-9.07	-8.51	-6.41	3.27	45.87	81.71	93.90
19515600.00	-9.44	35.37	-9.07	-8.51	-6.41	3.27	45.87	81.71	93.90
19519200.00	-10.13	35.37	-9.07	-8.51	-6.41	3.27	45.87	81.71	93.90
19522800.00	-11.08	35.37	-9.07	-8.51	-6.41	3.27	45.87	81.71	93.90
19526400.00	-10.18	12.39	-12.88	-11.23	-10.07	-8.86	-2.84	6.27	78.46
19530000.00	-9.64	12.39	-12.88	-11.23	-10.07	-8.86	-2.84	6.27	78.46
19533600.00	-11.05	12.39	-12.88	-11.23	-10.07	-8.86	-2.84	6.27	78.46
19537200.00	-13.03	12.39	-12.88	-11.23	-10.07	-8.86	-2.84	6.27	78.46
19540800.00	-12.83	12.39	-12.88	-11.23	-10.07	-8.86	-2.84	6.27	78.46
19544400.00	-10.64	12.39	-12.88	-11.23	-10.07	-8.86	-2.84	6.27	78.46
19548000.00	-8.85	12.39	-12.88	-11.23	-10.07	-8.86	-2.84	6.27	78.46
19551600.00	-1.41	12.39	-12.88	-11.23	-10.07	-8.86	-2.84	6.27	78.46
19555200.00	-0.63	12.39	-12.88	-11.23	-10.07	-8.86	-2.84	6.27	78.46
19558800.00	-14.32	12.39	-12.88	-11.23	-10.07	-8.86	-2.84	6.27	78.46
19562400.00	-52.10	12.39	-12.88	-11.23	-10.07	-8.86	-2.84	6.27	78.46
19566000.00	-36.57	12.39	-12.88	-11.23	-10.07	-8.86	-2.84	6.27	78.46
19569600.00	-58.30	12.39	-12.88	-11.23	-10.07	-8.86	-2.84	6.27	78.46
19573200.00	-19.43	12.39	-12.88	-11.23	-10.07	-8.86	-2.84	6.27	78.46
19576800.00	-8.58	12.39	-12.88	-11.23	-10.07	-8.86	-2.84	6.27	78.46
19580400.00	-8.87	12.39	-12.88	-11.23	-10.07	-8.86	-2.84	6.27	78.46
19584000.00	1.54	12.39	-12.88	-11.23	-10.07	-8.86	-2.84	6.27	78.46
19587600.00	65.89	12.39	-12.88	-11.23	-10.07	-8.86	-2.84	6.27	78.46
19591200.00	88.74	12.39	-12.88	-11.23	-10.07	-8.86	-2.84	6.27	78.46
19594800.00	101.50	12.39	-12.88	-11.23	-10.07	-8.86	-2.84	6.27	78.46
19598400.00	110.43	12.39	-12.88	-11.23	-10.07	-8.86	-2.84	6.27	78.46
19602000.00	96.60	12.39	-12.88	-11.23	-10.07	-8.86	-2.84	6.27	78.46
19605600.00	60.23	12.39	-12.88	-11.23	-10.07	-8.86	-2.84	6.27	78.46
19609200.00	48.89	12.39	-12.88	-11.23	-10.07	-8.86	-2.84	6.27	78.46
19612800.00	40.37	53.57	20.91	37.37	40.89	46.28	56.20	73.76	109.14
19616400.00	42.68	53.57	20.91	37.37	40.89	46.28	56.20	73.76	109.14
19620000.00	38.50	53.57	20.91	37.37	40.89	46.28	56.20	73.76	109.14
19623600.00	40.46	53.57	20.91	37.37	40.89	46.28	56.20	73.76	109.14
19627200.00	49.88	53.57	20.91	37.37	40.89	46.28	56.20	73.76	109.14
19630800.00	57.16	53.57	20.91	37.37	40.89	46.28	56.20	73.76	109.14
19634400.00	77.50	53.57	20.91	37.37	40.89	46.28	56.20	73.76	109.14
19638000.00	113.22	53.57	20.91	37.37	40.89	46.28	56.20	73.76	109.14
19641600.00	73.35	53.57	20.91	37.37	40.89	46.28	56.20	73.76	109.14
19645200.00	27.22	53.57	20.91	37.37	40.89	46.28	56.20	73.76	109.14
19648800.00	1.97	53.57	20.91	37.37	40.89	46.28	56.20	73.76	109.14
19652400.00	-3.79	53.57	20.91	37.37	40.89	46.28	56.20	73.76	109.14
19656000.00	-3.81	53.57	20.91	37.37	40.89	46.28	56.20	73.76	109.14
19659600.00	-3.41	53.57	20.91	37.37	40.89	46.28	56.20	73.76	109.14
19663200.00	-6.64	53.57	20.91	37.37	40.89	46.28	56.20	73.76	109.14
19666800.00	-8.05	53.57	20.91	37.37	40.89	46.28	56.20	73.76	109.14
19670400.00	42.63	53.57	20.91	37.37	40.89	46.28	56.20	73.76	109.14
19674000.00	104.14	53.57	20.91	37.37	40.89	46.28	56.20	73.76	109.14
19677600.00	133.38	53.57	20.91	37.37	40.89	46.28	56.20	73.76	109.14
19681200.00	132.89	53.57	20.91	37.37	40.89	46.28	56.20	73.76	109.14
19684800.00	122.08	53.57	20.91	37.37	40.89	46.28	56.20	73.76	109.14
19688400.00	90.27	53.57	20.91	37.37	40.89	46.28	56.20	73.76	109.14
19692000.00	71.38	53.57	20.91	37.37	40.89	46.28	56.20	73.76	109.14
19695600.00	52.37	53.57	20.91	37.37	40.89	46.28	56.20	73.76	109.14
19699200.00	49.70	56.19	-2.04	11.47	38.99	49.66	68.63	87.08	120.20
19702800.00	42.10	56.19	-2.04	11.47	38.99	49.66	68.63	87.08	120.20
19706400.00	12.93	56.19	-2.04	11.47	38.99	49.66	68.63	87.08	120.20
19710000.00	-5.30	56.19	-2.04	11.47	38.99	49.66	68.63	87.08	120.20
19713600.00	-7.82	56.19	-2.04	11.47	38.99	49.66	68.63	87.08	120.20
19717200.00	-3.18	56.19	-2.04	11.47	38.99	49.66	68.63	87.08	120.20
19720800.00	49.62	56.19	-2.04	11.47	38.99	49.66	68.63	87.08	120.20
19724400.00	86.06	56.19	-2.04	11.47	38.99	49.66	68.63	87.08	120.20
19728000.00	72.18	56.19	-2.04	11.47	38.99	49.66	68.63	87.08	120.20
19731600.00	54.42	56.19	-2.04	11.47	38.99	49.66	68.63	87.08	120.20
19735200.00	32.09	56.19	-2.04	11.47	38.99	49.66	68.63	87.08	120.20
19738800.00	-7.42	56.19	-2.04	11.47	38.99	49.66	68.63	87.08	120.20
19742400.00	-10.53	56.19	-2.04	11.47	38.99	49.66	68.63	87.08	120.20
19746000.00	-7.77	56.19	-2.04	11.47	38.99	49.66	68.63	87.08	120.20
19749600.00	-1.66	56.19	-2.04	11.47	38.99	49.66	68.63	87.08	120.20
19753200.00	38.21	56.19	-2.04	11.47	38.99	49.66	68.63	87.08	120.20
19756800.00	86.27	56.19	-2.04	11.47	38.99	49.66	68.63	87.08	120.20
19760400.00	120.05	56.19	-2.04	11.47	38.99	49.66	68.63	87.08	120.20
19764000.00	162.33	56.19	-2.04	11.47	38.99	49.66	68.63	87.08	120.20
19767600.00	154.51	56.19	-2.04	11.47	38.99	49.66	68.63	87.08	120.20
19771200.00	121.93	56.19	-2.04	11.47	38.99	49.66	68.63	87.08	120.20
19774800.00	120.33	56.19	-2.04	11.47	38.99	49.66	68.63	87.08	120.20
19778400.00	94.31	56.19	-2.04	11.47	38.99	49.66	68.63	87.08	120.20
19782000.00	95.28	56.19	-2.04	11.47	38.99	49.66	68.63	87.08	120.20
19785600.00	102.45	114.73	86.15	94.62	101.03	104.81	114.52	121.43	180.70
19789200.00	114.74	114.73	86.15	94.62	101.03	104.81	114.52	121.43	180.70
19792800.00	100.25	114.73	86.15	94.62	101.03	104.81	114.52	121.43	180.70
19796400.00	100.68	114.73	86.15	94.62	101.03	104.81	114.52	121.43	180.70
19800000.00	92.24	114.73	86.15	94.62	101.03	104.81	114.52	121.43	180.70
19803600.00	94.88	114.73	86.15	94.62	101.03	104.81	114.52	121.43	180.70
19807200.00	106.31	114.73	86.15	94.62	101.03	104.81	114.52	121.43	180.70
19810800.00	115.98	114.73	86.15	94.62	101.03	104.81	114.52	121.43	180.70
19814400.00	120.62	114.73	86.15	94.62	101.03	104.81	114.52	121.43	180.70
19818000.00	128.66	114.73	86.15	94.62	101.03	104.81	114.52	121.43	180.70
19821600.00	42.98	114.73	86.15	94.62	101.03	104.81	114.52	121.43	180.70
19825200.00	15.26	114.73	86.15	94.62	101.03	104.81	114.52	121.43	180.70
19828800.00	38.91	114.73	86.15	94.62	101.03	104.81	114.52	121.43	180.70
19832400.00	25.04	114.73	86.15	94.62	101.03	104.81	114.52	121.43	180.70
19836000.00	51.69	114.73	86.15	94.62	101.03	104.81	114.52	121.43	180.70
19839600.00	67.87	114.73	86.15	94.62	101.03	104.81	114.52	121.43	180.70
19843200.00	132.18	114.73	86.15	94.62	101.03	104.81	114.52	121.43	180.70
19846800.00	187.46	114.73	86.15	94.62	101.03	104.81	114.52	121.43	180.70
19850400.00	250.99	114.73	86.15	94.62	101.03	104.81	114.52	121.43	180.70
19854000.00	232.04	114.73	86.15	94.62	101.03	104.81	114.52	121.43	180.70
19857600.00	242.91	114.73	86.15	94.62	101.03	104.81	114.52	121.43	180.70
19861200.00	172.44	114.73	86.15	94.62	101.03	104.81	114.52	121.43	180.70
19864800.00	113.66	114.73	86.15	94.62	101.03	104.81	114.52	121.43	180.70
19868400.00	103.31	114.73	86.15	94.62	101.03	104.81	114.52	121.43	180.70
19872000.00	118.56	112.03	36.91	65.90	77.56	90.72	107.64	119.34	201.40
19875600.00	126.39	112.03	36.91	65.90	77.56	90.72	107.64	119.34	201.40
19879200.00	130.02	112.03	36.91	65.90	77.56	90.72	107.64	119.34	201.40
19882800.00	104.24	112.03	36.91	65.90	77.56	90.72	107.64	119.34	201.40
19886400.00	88.90	112.03	36.91	65.90	77.56	90.72	107.64	119.34	201.40
19890000.00	69.67	112.03	36.91	65.90	77.56	90.72	107.64	119.34	201.40
19893600.00	74.73	112.03	36.91	65.90	77.56	90.72	107.64	119.34	201.40
19897200.00	89.08	112.03	36.91	65.90	77.56	90.72	107.64	119.34	201.40
19900800.00	69.08	112.03	36.91	65.90	77.56	90.72	107.64	119.34	201.40
19904400.00	14.62	112.03	36.91	65.90	77.56	90.72	107.64	119.34	201.40
19908000.00	33.73	112.03	36.91	65.90	77.56	90.72	107.64	119.34	201.40
19911600.00	35.00	112.03	36.91	65.90	77.56	90.72	107.64	119.34	201.40
19915200.00	35.83	112.03	36.91	65.90	77.56	90.72	107.64	119.34	201.40
19918800.00	-4.05	112.03	36.91	65.90	77.56	90.72	107.64	119.34	201.40
19922400.00	-1.48	112.03	36.91	65.90	77.56	90.72	107.64	119.34	201.40
19926000.00	37.26	112.03	36.91	65.90	77.56	90.72	107.64	119.34	201.40
19929600.00	108.49	112.03	36.91	65.90	77.56	90.72	107.64	119.34	201.40
19933200.00	229.84	112.03	36.91	65.90	77.56	90.72	107.64	119.34	201.40
19936800.00	358.08	112.03	36.91	65.90	77.56	90.72	107.64	119.34	201.40
19940400.00	351.26	112.03	36.91	65.90	77.56	90.72	107.64	119.34	201.40
19944000.00	250.17	112.03	36.91	65.90	77.56	90.72	107.64	119.34	201.40
19947600.00	166.65	112.03	36.91	65.90	77.56	90.72	107.64	119.34	201.40
19951200.00	110.39	112.03	36.91	65.90	77.56	90.72	107.64	119.34	201.40
19954800.00	92.36	112.03	36.91	65.90	77.56	90.72	107.64	119.34	201.40
19958400.00	86.69	51.82	10.26	18.08	47.28	63.93	75.25	82.65	90.64
19962000.00	77.55	51.82	10.26	18.08	47.28	63.93	75.25	82.65	90.64
19965600.00	66.03	51.82	10.26	18.08	47.28	63.93	75.25	82.65	90.64
19969200.00	62.67	51.82	10.26	18.08	47.28	63.93	75.25	82.65	90.64
19972800.00	65.19	51.82	10.26	18.08	47.28	63.93	75.25	82.65	90.64
19976400.00	91.63	51.82	10.26	18.08	47.28	63.93	75.25	82.65	90.64
19980000.00	83.96	51.82	10.26	18.08	47.28	63.93	75.25	82.65	90.64
19983600.00	104.88	51.82	10.26	18.08	47.28	63.93	75.25	82.65	90.64
19987200.00	79.32	51.82	10.26	18.08	47.28	63.93	75.25	82.65	90.64
19990800.00	13.19	51.82	10.26	18.08	47.28	63.93	75.25	82.65	90.64
19994400.00	1.46	51.82	10.26	18.08	47.28	63.93	75.25	82.65	90.64
19998000.00	-4.49	51.82	10.26	18.08	47.28	63.93	75.25	82.65	90.64
20001600.00	-8.97	51.82	10.26	18.08	47.28	63.93	75.25	82.65	90.64
20005200.00	-10.63	51.82	10.26	18.08	47.28	63.93	75.25	82.65	90.64
20008800.00	-10.51	51.82	10.26	18.08	47.28	63.93	75.25	82.65	90.64
20012400.00	-22.18	51.82	10.26	18.08	47.28	63.93	75.25	82.65	90.64
20016000.00	18.62	51.82	10.26	18.08	47.28	63.93	75.25	82.65	90.64
20019600.00	114.80	51.82	10.26	18.08	47.28	63.93	75.25	82.65	90.64
20023200.00	122.35	51.82	10.26	18.08	47.28	63.93	75.25	82.65	90.64
20026800.00	89.43	51.82	10.26	18.08	47.28	63.93	75.25	82.65	90.64
20030400.00	82.50	51.82	10.26	18.08	47.28	63.93	75.25	82.65	90.64
20034000.00	59.54	51.82	10.26	18.08	47.28	63.93	75.25	82.65	90.64
20037600.00	44.21	51.82	10.26	18.08	47.28	63.93	75.25	82.65	90.64
20041200.00	36.31	51.82	10.26	18.08	47.28	63.93	75.25	82.65	90.64
20044800.00	27.74	51.98	4.60	25.54	32.16	39.85	49.89	77.94	113.30
20048400.00	31.33	51.98	4.60	25.54	32.16	39.85	49.89	77.94	113.30
20052000.00	38.42	51.98	4.60	25.54	32.16	39.85	49.89	77.94	113.30
20055600.00	31.08	51.98	4.60	25.54	32.16	39.85	49.89	77.94	113.30
20059200.00	35.46	51.98	4.60	25.54	32.16	39.85	49.89	77.94	113.30
20062800.00	41.28	51.98	4.60	25.54	32.16	39.85	49.89	77.94	113.30
20066400.00	58.15	51.98	4.60	25.54	32.16	39.85	49.89	77.94	113.30
20070000.00	77.57	51.98	4.60	25.54	32.16	39.85	49.89	77.94	113.30
20073600.00	49.90	51.98	4.60	25.54	32.16	39.85	49.89	77.94	113.30
20077200.00	5.71	51.98	4.60	25.54	32.16	39.85	49.89	77.94	113.30
20080800.00	-5.45	51.98	4.60	25.54	32.16	39.85	49.89	77.94	113.30
20084400.00	-3.75	51.98	4.60	25.54	32.16	39.85	49.89	77.94	113.30
20088000.00	0.49	51.98	4.60	25.54	32.16	39.85	49.89	77.94	113.30
20091600.00	-9.58	51.98	4.60	25.54	32.16	39.85	49.89	77.94	113.30
20095200.00	-10.19	51.98	4.60	25.54	32.16	39.85	49.89	77.94	113.30
20098800.00	1.27	51.98	4.60	25.54	32.16	39.85	49.89	77.94	113.30
20102400.00	91.21	51.98	4.60	25.54	32.16	39.85	49.89	77.94	113.30
20106000.00	123.51	51.98	4.60	25.54	32.16	39.85	49.89	77.94	113.30
20109600.00	162.86	51.98	4.60	25.54	32.16	39.85	49.89	77.94	113.30
20113200.00	138.62	51.98	4.60	25.54	32.16	39.85	49.89	77.94	113.30
20116800.00	130.08	51.98	4.60	25.54	32.16	39.85	49.89	77.94	113.30
20120400.00	100.81	51.98	4.60	25.54	32.16	39.85	49.89	77.94	113.30
20124000.00	81.21	51.98	4.60	25.54	32.16	39.85	49.89	77.94	113.30
20127600.00	49.87	51.98	4.60	25.54	32.16	39.85	49.89	77.94	113.30
20131200.00	46.64	45.99	7.64	23.08	38.09	47.34	60.80	67.30	92.91
20134800.00	37.00	45.99	7.64	23.08	38.09	47.34	60.80	67.30	92.91
20138400.00	8.81	45.99	7.64	23.08	38.09	47.34	60.80	67.30	92.91
20142000.00	4.10	45.99	7.64	23.08	38.09	47.34	60.80	67.30	92.91
20145600.00	3.30	45.99	7.64	23.08	38.09	47.34	60.80	67.30	92.91
20149200.00	27.98	45.99	7.64	23.08	38.09	47.34	60.80	67.30	92.91
20152800.00	64.49	45.99	7.64	23.08	38.09	47.34	60.80	67.30	92.91
20156400.00	63.85	45.99	7.64	23.08	38.09	47.34	60.80	67.30	92.91
20160000.00	48.03	45.99	7.64	23.08	38.09	47.34	60.80	67.30	92.91
20163600.00	42.44	45.99	7.64	23.08	38.09	47.34	60.80	67.30	92.91
20167200.00	24.66	45.99	7.64	23.08	38.09	47.34	60.80	67.30	92.91
20170800.00	-1.45	45.99	7.64	23.08	38.09	47.34	60.80	67.30	92.91
20174400.00	-17.64	45.99	7.64	23.08	38.09	47.34	60.80	67.30	92.91
20178000.00	-21.88	45.99	7.64	23.08	38.09	47.34	60.80	67.30	92.91
20181600.00	-5.94	45.99	7.64	23.08	38.09	47.34	60.80	67.30	92.91
20185200.00	48.59	45.99	7.64	23.08	38.09	47.34	60.80	67.30	92.91
20188800.00	66.03	45.99	7.64	23.08	38.09	47.34	60.80	67.30	92.91
20192400.00	104.82	45.99	7.64	23.08	38.09	47.34	60.80	67.30	92.91
20196000.00	110.06	45.99	7.64	23.08	38.09	47.34	60.80	67.30	92.91
20199600.00	89.96	45.99	7.64	23.08	38.09	47.34	60.80	67.30	92.91
20203200.00	90.76	45.99	7.64	23.08	38.09	47.34	60.80	67.30	92.91
20206800.00	94.67	45.99	7.64	23.08	38.09	47.34	60.80	67.30	92.91
20210400.00	95.75	45.99	7.64	23.08	38.09	47.34	60.80	67.30	92.91
20214000.00	78.76	45.99	7.64	23.08	38.09	47.34	60.80	67.30	92.91
20217600.00	78.13	69.58	45.09	54.95	67.27	73.34	89.11	94.64	103.69
20221200.00	70.31	69.58	45.09	54.95	67.27	73.34	89.11	94.64	103.69
20224800.00	67.73	69.58	45.09	54.95	67.27	73.34	89.11	94.64	103.69
20228400.00	67.16	69.58	45.09	54.95	67.27	73.34	89.11	94.64	103.69
20232000.00	64.46	69.58	45.09	54.95	67.27	73.34	89.11	94.64	103.69
20235600.00	76.37	69.58	45.09	54.95	67.27	73.34	89.11	94.64	103.69
20239200.00	91.86	69.58	45.09	54.95	67.27	73.34	89.11	94.64	103.69
20242800.00	118.61	69.58	45.09	54.95	67.27	73.34	89.11	94.64	103.69
20246400.00	94.41	69.58	45.09	54.95	67.27	73.34	89.11	94.64	103.69
20250000.00	53.80	69.58	45.09	54.95	67.27	73.34	89.11	94.64	103.69
20253600.00	18.93	69.58	45.09	54.95	67.27	73.34	89.11	94.64	103.69
20257200.00	14.98	69.58	45.09	54.95	67.27	73.34	89.11	94.64	103.69
20260800.00	14.58	69.58	45.09	54.95	67.27	73.34	89.11	94.64	103.69
20264400.00	14.44	69.58	45.09	54.95	67.27	73.34	89.11	94.64	103.69
20268000.00	3.33	69.58	45.09	54.95	67.27	73.34	89.11	94.64	103.69
20271600.00	12.94	69.58	45.09	54.95	67.27	73.34	89.11	94.64	103.69
20275200.00	55.08	69.58	45.09	54.95	67.27	73.34	89.11	94.64	103.69
20278800.00	92.84	69.58	45.09	54.95	67.27	73.34	89.11	94.64	103.69
20282400.00	99.04	69.58	45.09	54.95	67.27	73.34	89.11	94.64	103.69
20286000.00	105.25	69.58	45.09	54.95	67.27	73.34	89.11	94.64	103.69
20289600.00	115.99	69.58	45.09	54.95	67.27	73.34	89.11	94.64	103.69
20293200.00	141.10	69.58	45.09	54.95	67.27	73.34	89.11	94.64	103.69
20296800.00	101.78	69.58	45.09	54.95	67.27	73.34	89.11	94.64	103.69
20300400.00	96.70	69.58	45.09	54.95	67.27	73.34	89.11	94.64	103.69
20304000.00	90.80	55.29	17.89	37.09	53.27	65.11	66.91	76.04	89.82
20307600.00	88.63	55.29	17.89	37.09	53.27	65.11	66.91	76.04	89.82
20311200.00	68.34	55.29	17.89	37.09	53.27	65.11	66.91	76.04	89.82
20314800.00	66.66	55.29	17.89	37.09	53.27	65.11	66.91	76.04	89.82
20318400.00	66.97	55.29	17.89	37.09	53.27	65.11	66.91	76.04	89.82
20322000.00	64.80	55.29	17.89	37.09	53.27	65.11	66.91	76.04	89.82
20325600.00	74.79	55.29	17.89	37.09	53.27	65.11	66.91	76.04	89.82
20329200.00	57.21	55.29	17.89	37.09	53.27	65.11	66.91	76.04	89.82
20332800.00	19.14	55.29	17.89	37.09	53.27	65.11	66.91	76.04	89.82
20336400.00	3.56	55.29	17.89	37.09	53.27	65.11	66.91	76.04	89.82
20340000.00	-3.40	55.29	17.89	37.09	53.27	65.11	66.91	76.04	89.82
20343600.00	-0.67	55.29	17.89	37.09	53.27	65.11	66.91	76.04	89.82
20347200.00	3.87	55.29	17.89	37.09	53.27	65.11	66.91	76.04	89.82
20350800.00	8.95	55.29	17.89	37.09	53.27	65.11	66.91	76.04	89.82
20354400.00	14.12	55.29	17.89	37.09	53.27	65.11	66.91	76.04	89.82
20358000.00	39.08	55.29	17.89	37.09	53.27	65.11	66.91	76.04	89.82
20361600.00	88.37	55.29	17.89	37.09	53.27	65.11	66.91	76.04	89.82
20365200.00	105.61	55.29	17.89	37.09	53.27	65.11	66.91	76.04	89.82
20368800.00	112.94	55.29	17.89	37.09	53.27	65.11	66.91	76.04	89.82
20372400.00	102.01	55.29	17.89	37.09	53.27	65.11	66.91	76.04	89.82
20376000.00	87.23	55.29	17.89	37.09	53.27	65.11	66.91	76.04	89.82
20379600.00	65.42	55.29	17.89	37.09	53.27	65.11	66.91	76.04	89.82
20383200.00	52.28	55.29	17.89	37.09	53.27	65.11	66.91	76.04	89.82
20386800.00	50.31	55.29	17.89	37.09	53.27	65.11	66.91	76.04	89.82
20390400.00	49.10	45.53	6.64	20.11	39.40	41.79	48.38	62.53	92.26
20394000.00	43.06	45.53	6.64	20.11	39.40	41.79	48.38	62.53	92.26
20397600.00	39.38	45.53	6.64	20.11	39.40	41.79	48.38	62.53	92.26
20401200.00	38.59	45.53	6.64	20.11	39.40	41.79	48.38	62.53	92.26
20404800.00	39.48	45.53	6.64	20.11	39.40	41.79	48.38	62.53	92.26
20408400.00	45.51	45.53	6.64	20.11	39.40	41.79	48.38	62.53	92.26
20412000.00	90.94	45.53	6.64	20.11	39.40	41.79	48.38	62.53	92.26
20415600.00	62.52	45.53	6.64	20.11	39.40	41.79	48.38	62.53	92.26
20419200.00	114.49	45.53	6.64	20.11	39.40	41.79	48.38	62.53	92.26
20422800.00	21.54	45.53	6.64	20.11	39.40	41.79	48.38	62.53	92.26
20426400.00	-1.11	45.53	6.64	20.11	39.40	41.79	48.38	62.53	92.26
20430000.00	-8.53	45.53	6.64	20.11	39.40	41.79	48.38	62.53	92.26
20433600.00	-8.13	45.53	6.64	20.11	39.40	41.79	48.38	62.53	92.26
20437200.00	1.02	45.53	6.64	20.11	39.40	41.79	48.38	62.53	92.26
20440800.00	40.51	45.53	6.64	20.11	39.40	41.79	48.38	62.53	92.26
20444400.00	7.23	45.53	6.64	20.11	39.40	41.79	48.38	62.53	92.26
20448000.00	62.66	45.53	6.64	20.11	39.40	41.79	48.38	62.53	92.26
20451600.00	118.25	45.53	6.64	20.11	39.40	41.79	48.38	62.53	92.26
20455200.00	115.97	45.53	6.64	20.11	39.40	41.79	48.38	62.53	92.26
20458800.00	93.33	45.53	6.64	20.11	39.40	41.79	48.38	62.53	92.26
20462400.00	73.65	45.53	6.64	20.11	39.40	41.79	48.38	62.53	92.26
20466000.00	54.50	45.53	6.64	20.11	39.40	41.79	48.38	62.53	92.26
20469600.00	4.88	45.53	6.64	20.11	39.40	41.79	48.38	62.53	92.26
20473200.00	-6.22	45.53	6.64	20.11	39.40	41.79	48.38	62.53	92.26
20476800.00	-2.05	12.64	-8.64	-8.36	-6.93	-5.87	-2.32	3.41	46.44
20480400.00	-2.23	12.64	-8.64	-8.36	-6.93	-5.87	-2.32	3.41	46.44
20484000.00	-2.67	12.64	-8.64	-8.36	-6.93	-5.87	-2.32	3.41	46.44
20487600.00	-6.62	12.64	-8.64	-8.36	-6.93	-5.87	-2.32	3.41	46.44
20491200.00	-8.82	12.64	-8.64	-8.36	-6.93	-5.87	-2.32	3.41	46.44
20494800.00	-8.33	12.64	-8.64	-8.36	-6.93	-5.87	-2.32	3.41	46.44
20498400.00	-5.12	12.64	-8.64	-8.36	-6.93	-5.87	-2.32	3.41	46.44
20502000.00	-9.34	12.64	-8.64	-8.36	-6.93	-5.87	-2.32	3.41	46.44
20505600.00	-13.46	12.64	-8.64	-8.36	-6.93	-5.87	-2.32	3.41	46.44
20509200.00	89.17	12.64	-8.64	-8.36	-6.93	-5.87	-2.32	3.41	46.44
20512800.00	-8.59	12.64	-8.64	-8.36	-6.93	-5.87	-2.32	3.41	46.44
20516400.00	-34.67	12.64	-8.64	-8.36	-6.93	-5.87	-2.32	3.41	46.44
20520000.00	-11.31	12.64	-8.64	-8.36	-6.93	-5.87	-2.32	3.41	46.44
20523600.00	-6.98	12.64	-8.64	-8.36	-6.93	-5.87	-2.32	3.41	46.44
20527200.00	-6.73	12.64	-8.64	-8.36	-6.93	-5.87	-2.32	3.41	46.44
20530800.00	-7.24	12.64	-8.64	-8.36	-6.93	-5.87	-2.32	3.41	46.44
20534400.00	-8.86	12.64	-8.64	-8.36	-6.93	-5.87	-2.32	3.41	46.44
20538000.00	49.24	12.64	-8.64	-8.36	-6.93	-5.87	-2.32	3.41	46.44
20541600.00	86.04	12.64	-8.64	-8.36	-6.93	-5.87	-2.32	3.41	46.44
20545200.00	137.06	12.64	-8.64	-8.36	-6.93	-5.87	-2.32	3.41	46.44
20548800.00	3.19	12.64	-8.64	-8.36	-6.93	-5.87	-2.32	3.41	46.44
20552400.00	33.27	12.64	-8.64	-8.36	-6.93	-5.87	-2.32	3.41	46.44
20556000.00	43.01	12.64	-8.64	-8.36	-6.93	-5.87	-2.32	3.41	46.44
20559600.00	5.39	12.64	-8.64	-8.36	-6.93	-5.87	-2.32	3.41	46.44
20563200.00	-13.02	-0.54	-14.18	-13.30	-13.03	-12.06	-7.73	6.60	32.74
20566800.00	-13.22	-0.54	-14.18	-13.30	-13.03	-12.06	-7.73	6.60	32.74
20570400.00	-13.03	-0.54	-14.18	-13.30	-13.03	-12.06	-7.73	6.60	32.74
20574000.00	-14.02	-0.54	-14.18	-13.30	-13.03	-12.06	-7.73	6.60	32.74
20577600.00	-20.55	-0.54	-14.18	-13.30	-13.03	-12.06	-7.73	6.60	32.74
20581200.00	-14.68	-0.54	-14.18	-13.30	-13.03	-12.06	-7.73	6.60	32.74
20584800.00	-7.35	-0.54	-14.18	-13.30	-13.03	-12.06	-7.73	6.60	32.74
20588400.00	16.69	-0.54	-14.18	-13.30	-13.03	-12.06	-7.73	6.60	32.74
20592000.00	-5.03	-0.54	-14.18	-13.30	-13.03	-12.06	-7.73	6.60	32.74
20595600.00	-13.08	-0.54	-14.18	-13.30	-13.03	-12.06	-7.73	6.60	32.74
20599200.00	-9.24	-0.54	-14.18	-13.30	-13.03	-12.06	-7.73	6.60	32.74
20602800.00	-27.03	-0.54	-14.18	-13.30	-13.03	-12.06	-7.73	6.60	32.74
20606400.00	-40.83	-0.54	-14.18	-13.30	-13.03	-12.06	-7.73	6.60	32.74
20610000.00	-47.89	-0.54	-14.18	-13.30	-13.03	-12.06	-7.73	6.60	32.74
20613600.00	-22.00	-0.54	-14.18	-13.30	-13.03	-12.06	-7.73	6.60	32.74
20617200.00	-12.01	-0.54	-14.18	-13.30	-13.03	-12.06	-7.73	6.60	32.74
20620800.00	-12.10	-0.54	-14.18	-13.30	-13.03	-12.06	-7.73	6.60	32.74
20624400.00	6.27	-0.54	-14.18	-13.30	-13.03	-12.06	-7.73	6.60	32.74
20628000.00	45.96	-0.54	-14.18	-13.30	-13.03	-12.06	-7.73	6.60	32.74
20631600.00	66.52	-0.54	-14.18	-13.30	-13.03	-12.06	-7.73	6.60	32.74
20635200.00	64.26	-0.54	-14.18	-13.30	-13.03	-12.06	-7.73	6.60	32.74
20638800.00	44.51	-0.54	-14.18	-13.30	-13.03	-12.06	-7.73	6.60	32.74
20642400.00	18.36	-0.54	-14.18	-13.30	-13.03	-12.06	-7.73	6.60	32.74
20646000.00	9.63	-0.54	-14.18	-13.30	-13.03	-12.06	-7.73	6.60	32.74
20649600.00	-2.65	10.96	-8.05	-7.00	-5.24	-4.41	-2.84	8.96	53.59
20653200.00	-5.34	10.96	-8.05	-7.00	-5.24	-4.41	-2.84	8.96	53.59
20656800.00	-4.54	10.96	-8.05	-7.00	-5.24	-4.41	-2.84	8.96	53.59
20660400.00	-4.83	10.96	-8.05	-7.00	-5.24	-4.41	-2.84	8.96	53.59
20664000.00	-6.89	10.96	-8.05	-7.00	-5.24	-4.41	-2.84	8.96	53.59
20667600.00	-6.51	10.96	-8.05	-7.00	-5.24	-4.41	-2.84	8.96	53.59
20671200.00	-9.34	10.96	-8.05	-7.00	-5.24	-4.41	-2.84	8.96	53.59
20674800.00	12.98	10.96	-8.05	-7.00	-5.24	-4.41	-2.84	8.96	53.59
20678400.00	6.30	10.96	-8.05	-7.00	-5.24	-4.41	-2.84	8.96	53.59
20682000.00	-3.62	10.96	-8.05	-7.00	-5.24	-4.41	-2.84	8.96	53.59
20685600.00	-8.05	10.96	-8.05	-7.00	-5.24	-4.41	-2.84	8.96	53.59
20689200.00	-8.85	10.96	-8.05	-7.00	-5.24	-4.41	-2.84	8.96	53.59
20692800.00	-11.22	10.96	-8.05	-7.00	-5.24	-4.41	-2.84	8.96	53.59
20696400.00	-11.53	10.96	-8.05	-7.00	-5.24	-4.41	-2.84	8.96	53.59
20700000.00	-11.61	10.96	-8.05	-7.00	-5.24	-4.41	-2.84	8.96	53.59
20703600.00	-8.07	10.96	-8.05	-7.00	-5.24	-4.41	-2.84	8.96	53.59
20707200.00	-4.28	10.96	-8.05	-7.00	-5.24	-4.41	-2.84	8.96	53.59
20710800.00	46.16	10.96	-8.05	-7.00	-5.24	-4.41	-2.84	8.96	53.59
20714400.00	80.79	10.96	-8.05	-7.00	-5.24	-4.41	-2.84	8.96	53.59
20718000.00	60.27	10.96	-8.05	-7.00	-5.24	-4.41	-2.84	8.96	53.59
20721600.00	59.66	10.96	-8.05	-7.00	-5.24	-4.41	-2.84	8.96	53.59
20725200.00	65.83	10.96	-8.05	-7.00	-5.24	-4.41	-2.84	8.96	53.59
20728800.00	29.73	10.96	-8.05	-7.00	-5.24	-4.41	-2.84	8.96	53.59
20732400.00	8.52	10.96	-8.05	-7.00	-5.24	-4.41	-2.84	8.96	53.59
20736000.00	4.56	5.24	-8.93	-7.82	-5.70	-0.46	4.58	6.59	35.43
20739600.00	6.26	5.24	-8.93	-7.82	-5.70	-0.46	4.58	6.59	35.43
20743200.00	0.90	5.24	-8.93	-7.82	-5.70	-0.46	4.58	6.59	35.43
20746800.00	-4.73	5.24	-8.93	-7.82	-5.70	-0.46	4.58	6.59	35.43
20750400.00	-1.83	5.24	-8.93	-7.82	-5.70	-0.46	4.58	6.59	35.43
20754000.00	-7.35	5.24	-8.93	-7.82	-5.70	-0.46	4.58	6.59	35.43
20757600.00	-7.71	5.24	-8.93	-7.82	-5.70	-0.46	4.58	6.59	35.43
20761200.00	20.16	5.24	-8.93	-7.82	-5.70	-0.46	4.58	6.59	35.43
20764800.00	-5.94	5.24	-8.93	-7.82	-5.70	-0.46	4.58	6.59	35.43
20768400.00	-21.64	5.24	-8.93	-7.82	-5.70	-0.46	4.58	6.59	35.43
20772000.00	-11.95	5.24	-8.93	-7.82	-5.70	-0.46	4.58	6.59	35.43
20775600.00	-8.81	5.24	-8.93	-7.82	-5.70	-0.46	4.58	6.59	35.43
20779200.00	-9.30	5.24	-8.93	-7.82	-5.70	-0.46	4.58	6.59	35.43
20782800.00	-32.97	5.24	-8.93	-7.82	-5.70	-0.46	4.58	6.59	35.43
20786400.00	-27.78	5.24	-8.93	-7.82	-5.70	-0.46	4.58	6.59	35.43
20790000.00	-19.16	5.24	-8.93	-7.82	-5.70	-0.46	4.58	6.59	35.43
20793600.00	9.60	5.24	-8.93	-7.82	-5.70	-0.46	4.58	6.59	35.43
20797200.00	17.98	5.24	-8.93	-7.82	-5.70	-0.46	4.58	6.59	35.43
20800800.00	57.63	5.24	-8.93	-7.82	-5.70	-0.46	4.58	6.59	35.43
20804400.00	51.65	5.24	-8.93	-7.82	-5.70	-0.46	4.58	6.59	35.43
20808000.00	58.60	5.24	-8.93	-7.82	-5.70	-0.46	4.58	6.59	35.43
20811600.00	47.93	5.24	-8.93	-7.82	-5.70	-0.46	4.58	6.59	35.43
20815200.00	4.59	5.24	-8.93	-7.82	-5.70	-0.46	4.58	6.59	35.43
20818800.00	5.15	5.24	-8.93	-7.82	-5.70	-0.46	4.58	6.59	35.43
20822400.00	5.90	18.90	-10.24	-7.46	-6.62	-5.75	5.42	40.58	81.89
20826000.00	-6.82	18.90	-10.24	-7.46	-6.62	-5.75	5.42	40.58	81.89
20829600.00	-7.17	18.90	-10.24	-7.46	-6.62	-5.75	5.42	40.58	81.89
20833200.00	-6.64	18.90	-10.24	-7.46	-6.62	-5.75	5.42	40.58	81.89
20836800.00	-6.55	18.90	-10.24	-7.46	-6.62	-5.75	5.42	40.58	81.89
20840400.00	-6.15	18.90	-10.24	-7.46	-6.62	-5.75	5.42	40.58	81.89
20844000.00	5.79	18.90	-10.24	-7.46	-6.62	-5.75	5.42	40.58	81.89
20847600.00	3.97	18.90	-10.24	-7.46	-6.62	-5.75	5.42	40.58	81.89
20851200.00	-10.66	18.90	-10.24	-7.46	-6.62	-5.75	5.42	40.58	81.89
20854800.00	-24.09	18.90	-10.24	-7.46	-6.62	-5.75	5.42	40.58	81.89
20858400.00	-53.86	18.90	-10.24	-7.46	-6.62	-5.75	5.42	40.58	81.89
20862000.00	-15.80	18.90	-10.24	-7.46	-6.62	-5.75	5.42	40.58	81.89
20865600.00	-10.54	18.90	-10.24	-7.46	-6.62	-5.75	5.42	40.58	81.89
20869200.00	-10.82	18.90	-10.24	-7.46	-6.62	-5.75	5.42	40.58	81.89
20872800.00	-10.14	18.90	-10.24	-7.46	-6.62	-5.75	5.42	40.58	81.89
20876400.00	-5.35	18.90	-10.24	-7.46	-6.62	-5.75	5.42	40.58	81.89
20880000.00	37.23	18.90	-10.24	-7.46	-6.62	-5.75	5.42	40.58	81.89
20883600.00	70.70	18.90	-10.24	-7.46	-6.62	-5.75	5.42	40.58	81.89
20887200.00	89.40	18.90	-10.24	-7.46	-6.62	-5.75	5.42	40.58	81.89
20890800.00	93.01	18.90	-10.24	-7.46	-6.62	-5.75	5.42	40.58	81.89
20894400.00	84.19	18.90	-10.24	-7.46	-6.62	-5.75	5.42	40.58	81.89
20898000.00	73.49	18.90	-10.24	-7.46	-6.62	-5.75	5.42	40.58	81.89
20901600.00	79.08	18.90	-10.24	-7.46	-6.62	-5.75	5.42	40.58	81.89
20905200.00	85.42	18.90	-10.24	-7.46	-6.62	-5.75	5.42	40.58	81.89
20908800.00	98.57	66.36	9.11	34.85	79.88	90.33	96.12	99.17	109.00
20912400.00	107.50	66.36	9.11	34.85	79.88	90.33	96.12	99.17	109.00
20916000.00	89.91	66.36	9.11	34.85	79.88	90.33	96.12	99.17	109.00
20919600.00	96.94	66.36	9.11	34.85	79.88	90.33	96.12	99.17	109.00
20923200.00	112.93	66.36	9.11	34.85	79.88	90.33	96.12	99.17	109.00
20926800.00	110.23	66.36	9.11	34.85	79.88	90.33	96.12	99.17	109.00
20930400.00	120.75	66.36	9.11	34.85	79.88	90.33	96.12	99.17	109.00
20934000.00	117.33	66.36	9.11	34.85	79.88	90.33	96.12	99.17	109.00
20937600.00	45.67	66.36	9.11	34.85	79.88	90.33	96.12	99.17	109.00
20941200.00	10.58	66.36	9.11	34.85	79.88	90.33	96.12	99.17	109.00
20944800.00	4.69	66.36	9.11	34.85	79.88	90.33	96.12	99.17	109.00
20948400.00	3.62	66.36	9.11	34.85	79.88	90.33	96.12	99.17	109.00
20952000.00	-2.49	66.36	9.11	34.85	79.88	90.33	96.12	99.17	109.00
20955600.00	-5.07	66.36	9.11	34.85	79.88	90.33	96.12	99.17	109.00
20959200.00	-7.31	66.36	9.11	34.85	79.88	90.33	96.12	99.17	109.00
20962800.00	-5.87	66.36	9.11	34.85	79.88	90.33	96.12	99.17	109.00
20966400.00	37.54	66.36	9.11	34.85	79.88	90.33	96.12	99.17	109.00
20970000.00	77.66	66.36	9.11	34.85	79.88	90.33	96.12	99.17	109.00
20973600.00	97.45	66.36	9.11	34.85	79.88	90.33	96.12	99.17	109.00
20977200.00	104.51	66.36	9.11	34.85	79.88	90.33	96.12	99.17	109.00
20980800.00	105.09	66.36	9.11	34.85	79.88	90.33	96.12	99.17	109.00
20984400.00	92.85	66.36	9.11	34.85	79.88	90.33	96.12	99.17	109.00
20988000.00	88.72	66.36	9.11	34.85	79.88	90.33	96.12	99.17	109.00
20991600.00	90.75	66.36	9.11	34.85	79.88	90.33	96.12	99.17	109.00
20995200.00	100.00	150.22	91.92	96.63	99.83	103.60	114.11	166.21	306.75
20998800.00	92.02	150.22	91.92	96.63	99.83	103.60	114.11	166.21	306.75
21002400.00	101.42	150.22	91.92	96.63	99.83	103.60	114.11	166.21	306.75
21006000.00	91.31	150.22	91.92	96.63	99.83	103.60	114.11	166.21	306.75
21009600.00	97.14	150.22	91.92	96.63	99.83	103.60	114.11	166.21	306.75
21013200.00	99.79	150.22	91.92	96.63	99.83	103.60	114.11	166.21	306.75
21016800.00	126.93	150.22	91.92	96.63	99.83	103.60	114.11	166.21	306.75
21020400.00	172.50	150.22	91.92	96.63	99.83	103.60	114.11	166.21	306.75
21024000.00	116.19	150.22	91.92	96.63	99.83	103.60	114.11	166.21	306.75
21027600.00	91.63	150.22	91.92	96.63	99.83	103.60	114.11	166.21	306.75
21031200.00	97.40	150.22	91.92	96.63	99.83	103.60	114.11	166.21	306.75
21034800.00	105.82	150.22	91.92	96.63	99.83	103.60	114.11	166.21	306.75
21038400.00	29.26	150.22	91.92	96.63	99.83	103.60	114.11	166.21	306.75
21042000.00	27.64	150.22	91.92	96.63	99.83	103.60	114.11	166.21	306.75
21045600.00	40.07	150.22	91.92	96.63	99.83	103.60	114.11	166.21	306.75
21049200.00	73.32	150.22	91.92	96.63	99.83	103.60	114.11	166.21	306.75
21052800.00	105.78	150.22	91.92	96.63	99.83	103.60	114.11	166.21	306.75
21056400.00	314.24	150.22	91.92	96.63	99.83	103.60	114.11	166.21	306.75
21060000.00	392.44	150.22	91.92	96.63	99.83	103.60	114.11	166.21	306.75
21063600.00	297.60	150.22	91.92	96.63	99.83	103.60	114.11	166.21	306.75
21067200.00	314.47	150.22	91.92	96.63	99.83	103.60	114.11	166.21	306.75
21070800.00	339.25	150.22	91.92	96.63	99.83	103.60	114.11	166.21	306.75
21074400.00	213.43	150.22	91.92	96.63	99.83	103.60	114.11	166.21	306.75
21078000.00	165.52	150.22	91.92	96.63	99.83	103.60	114.11	166.21	306.75
21081600.00	177.87	47.35	-8.95	-6.41	16.57	32.55	40.54	71.15	149.10
21085200.00	153.67	47.35	-8.95	-6.41	16.57	32.55	40.54	71.15	149.10
21088800.00	151.82	47.35	-8.95	-6.41	16.57	32.55	40.54	71.15	149.10
21092400.00	161.35	47.35	-8.95	-6.41	16.57	32.55	40.54	71.15	149.10
21096000.00	145.77	47.35	-8.95	-6.41	16.57	32.55	40.54	71.15	149.10
21099600.00	131.00	47.35	-8.95	-6.41	16.57	32.55	40.54	71.15	149.10
21103200.00	106.76	47.35	-8.95	-6.41	16.57	32.55	40.54	71.15	149.10
21106800.00	67.19	47.35	-8.95	-6.41	16.57	32.55	40.54	71.15	149.10
21110400.00	32.82	47.35	-8.95	-6.41	16.57	32.55	40.54	71.15	149.10
21114000.00	-7.99	47.35	-8.95	-6.41	16.57	32.55	40.54	71.15	149.10
21117600.00	-24.35	47.35	-8.95	-6.41	16.57	32.55	40.54	71.15	149.10
21121200.00	-22.90	47.35	-8.95	-6.41	16.57	32.55	40.54	71.15	149.10
21124800.00	-16.92	47.35	-8.95	-6.41	16.57	32.55	40.54	71.15	149.10
21128400.00	-70.32	47.35	-8.95	-6.41	16.57	32.55	40.54	71.15	149.10
21132000.00	-45.23	47.35	-8.95	-6.41	16.57	32.55	40.54	71.15	149.10
21135600.00	-11.82	47.35	-8.95	-6.41	16.57	32.55	40.54	71.15	149.10
21139200.00	-6.23	47.35	-8.95	-6.41	16.57	32.55	40.54	71.15	149.10
21142800.00	32.29	47.35	-8.95	-6.41	16.57	32.55	40.54	71.15	149.10
21146400.00	53.53	47.35	-8.95	-6.41	16.57	32.55	40.54	71.15	149.10
21150000.00	41.30	47.35	-8.95	-6.41	16.57	32.55	40.54	71.15	149.10
21153600.00	37.49	47.35	-8.95	-6.41	16.57	32.55	40.54	71.15	149.10
21157200.00	14.40	47.35	-8.95	-6.41	16.57	32.55	40.54	71.15	149.10
21160800.00	9.67	47.35	-8.95	-6.41	16.57	32.55	40.54	71.15	149.10
21164400.00	25.26	47.35	-8.95	-6.41	16.57	32.55	40.54	71.15	149.10
21168000.00	123.28	37.60	-4.25	-0.86	2.13	11.32	25.94	74.48	92.75
21171600.00	90.48	37.60	-4.25	-0.86	2.13	11.32	25.94	74.48	92.75
21175200.00	22.95	37.60	-4.25	-0.86	2.13	11.32	25.94	74.48	92.75
21178800.00	3.89	37.60	-4.25	-0.86	2.13	11.32	25.94	74.48	92.75
21182400.00	-0.13	37.60	-4.25	-0.86	2.13	11.32	25.94	74.48	92.75
21186000.00	-0.56	37.60	-4.25	-0.86	2.13	11.32	25.94	74.48	92.75
21189600.00	12.14	37.60	-4.25	-0.86	2.13	11.32	25.94	74.48	92.75
21193200.00	10.51	37.60	-4.25	-0.86	2.13	11.32	25.94	74.48	92.75
21196800.00	1.69	37.60	-4.25	-0.86	2.13	11.32	25.94	74.48	92.75
21200400.00	-3.61	37.60	-4.25	-0.86	2.13	11.32	25.94	74.48	92.75
21204000.00	-7.26	37.60	-4.25	-0.86	2.13	11.32	25.94	74.48	92.75
21207600.00	-9.77	37.60	-4.25	-0.86	2.13	11.32	25.94	74.48	92.75
21211200.00	-9.40	37.60	-4.25	-0.86	2.13	11.32	25.94	74.48	92.75
21214800.00	-8.02	37.60	-4.25	-0.86	2.13	11.32	25.94	74.48	92.75
21218400.00	-8.91	37.60	-4.25	-0.86	2.13	11.32	25.94	74.48	92.75
21222000.00	-6.18	37.60	-4.25	-0.86	2.13	11.32	25.94	74.48	92.75
21225600.00	26.69	37.60	-4.25	-0.86	2.13	11.32	25.94	74.48	92.75
21229200.00	73.05	37.60	-4.25	-0.86	2.13	11.32	25.94	74.48	92.75
21232800.00	91.19	37.60	-4.25	-0.86	2.13	11.32	25.94	74.48	92.75
21236400.00	94.02	37.60	-4.25	-0.86	2.13	11.32	25.94	74.48	92.75
21240000.00	117.46	37.60	-4.25	-0.86	2.13	11.32	25.94	74.48	92.75
21243600.00	87.37	37.60	-4.25	-0.86	2.13	11.32	25.94	74.48	92.75
21247200.00	71.18	37.60	-4.25	-0.86	2.13	11.32	25.94	74.48	92.75
21250800.00	130.25	37.60	-4.25	-0.86	2.13	11.32	25.94	74.48	92.75
21254400.00	101.80	69.19	16.54	61.67	77.15	89.97	94.84	101.60	104.68
21258000.00	95.05	69.19	16.54	61.67	77.15	89.97	94.84	101.60	104.68
21261600.00	93.23	69.19	16.54	61.67	77.15	89.97	94.84	101.60	104.68
21265200.00	97.93	69.19	16.54	61.67	77.15	89.97	94.84	101.60	104.68
21268800.00	101.59	69.19	16.54	61.67	77.15	89.97	94.84	101.60	104.68
21272400.00	122.01	69.19	16.54	61.67	77.15	89.97	94.84	101.60	104.68
21276000.00	133.24	69.19	16.54	61.67	77.15	89.97	94.84	101.60	104.68
21279600.00	129.84	69.19	16.54	61.67	77.15	89.97	94.84	101.60	104.68
21283200.00	72.33	69.19	16.54	61.67	77.15	89.97	94.84	101.60	104.68
21286800.00	66.41	69.19	16.54	61.67	77.15	89.97	94.84	101.60	104.68
21290400.00	9.23	69.19	16.54	61.67	77.15	89.97	94.84	101.60	104.68
21294000.00	-6.34	69.19	16.54	61.67	77.15	89.97	94.84	101.60	104.68
21297600.00	-6.09	69.19	16.54	61.67	77.15	89.97	94.84	101.60	104.68
21301200.00	-6.68	69.19	16.54	61.67	77.15	89.97	94.84	101.60	104.68
21304800.00	-7.57	69.19	16.54	61.67	77.15	89.97	94.84	101.60	104.68
21308400.00	-7.00	69.19	16.54	61.67	77.15	89.97	94.84	101.60	104.68
21312000.00	18.98	69.19	16.54	61.67	77.15	89.97	94.84	101.60	104.68
21315600.00	93.98	69.19	16.54	61.67	77.15	89.97	94.84	101.60	104.68
21319200.00	105.77	69.19	16.54	61.67	77.15	89.97	94.84	101.60	104.68
21322800.00	103.36	69.19	16.54	61.67	77.15	89.97	94.84	101.60	104.68
21326400.00	101.68	69.19	16.54	61.67	77.15	89.97	94.84	101.60	104.68
21330000.00	86.14	69.19	16.54	61.67	77.15	89.97	94.84	101.60	104.68
21333600.00	86.70	69.19	16.54	61.67	77.15	89.97	94.84	101.60	104.68
21337200.00	74.91	69.19	16.54	61.67	77.15	89.97	94.84	101.60	104.68
21340800.00	71.95	46.24	-9.33	40.65	49.16	58.94	65.21	71.08	86.22
21344400.00	68.46	46.24	-9.33	40.65	49.16	58.94	65.21	71.08	86.22
21348000.00	65.28	46.24	-9.33	40.65	49.16	58.94	65.21	71.08	86.22
21351600.00	61.72	46.24	-9.33	40.65	49.16	58.94	65.21	71.08	86.22
21355200.00	64.94	46.24	-9.33	40.65	49.16	58.94	65.21	71.08	86.22
21358800.00	77.56	46.24	-9.33	40.65	49.16	58.94	65.21	71.08	86.22
21362400.00	109.85	46.24	-9.33	40.65	49.16	58.94	65.21	71.08	86.22
21366000.00	105.93	46.24	-9.33	40.65	49.16	58.94	65.21	71.08	86.22
21369600.00	99.27	46.24	-9.33	40.65	49.16	58.94	65.21	71.08	86.22
21373200.00	56.16	46.24	-9.33	40.65	49.16	58.94	65.21	71.08	86.22
21376800.00	-26.29	46.24	-9.33	40.65	49.16	58.94	65.21	71.08	86.22
21380400.00	-11.66	46.24	-9.33	40.65	49.16	58.94	65.21	71.08	86.22
21384000.00	-14.10	46.24	-9.33	40.65	49.16	58.94	65.21	71.08	86.22
21387600.00	-17.51	46.24	-9.33	40.65	49.16	58.94	65.21	71.08	86.22
21391200.00	-10.76	46.24	-9.33	40.65	49.16	58.94	65.21	71.08	86.22
21394800.00	-17.75	46.24	-9.33	40.65	49.16	58.94	65.21	71.08	86.22
21398400.00	-8.86	46.24	-9.33	40.65	49.16	58.94	65.21	71.08	86.22
21402000.00	83.21	46.24	-9.33	40.65	49.16	58.94	65.21	71.08	86.22
21405600.00	88.67	46.24	-9.33	40.65	49.16	58.94	65.21	71.08	86.22
21409200.00	70.98	46.24	-9.33	40.65	49.16	58.94	65.21	71.08	86.22
21412800.00	49.43	46.24	-9.33	40.65	49.16	58.94	65.21	71.08	86.22
21416400.00	46.16	46.24	-9.33	40.65	49.16	58.94	65.21	71.08	86.22
21420000.00	49.10	46.24	-9.33	40.65	49.16	58.94	65.21	71.08	86.22
21423600.00	47.94	46.24	-9.33	40.65	49.16	58.94	65.21	71.08	86.22
21427200.00	49.28	3.14	-12.70	-11.07	-8.62	-7.18	-3.26	3.15	29.95
21430800.00	48.35	3.14	-12.70	-11.07	-8.62	-7.18	-3.26	3.15	29.95
21434400.00	37.93	3.14	-12.70	-11.07	-8.62	-7.18	-3.26	3.15	29.95
21438000.00	30.27	3.14	-12.70	-11.07	-8.62	-7.18	-3.26	3.15	29.95
21441600.00	29.55	3.14	-12.70	-11.07	-8.62	-7.18	-3.26	3.15	29.95
21445200.00	27.04	3.14	-12.70	-11.07	-8.62	-7.18	-3.26	3.15	29.95
21448800.00	3.36	3.14	-12.70	-11.07	-8.62	-7.18	-3.26	3.15	29.95
21452400.00	3.13	3.14	-12.70	-11.07	-8.62	-7.18	-3.26	3.15	29.95
21456000.00	-5.55	3.14	-12.70	-11.07	-8.62	-7.18	-3.26	3.15	29.95
21459600.00	-7.08	3.14	-12.70	-11.07	-8.62	-7.18	-3.26	3.15	29.95
21463200.00	-10.89	3.14	-12.70	-11.07	-8.62	-7.18	-3.26	3.15	29.95
21466800.00	-12.93	3.14	-12.70	-11.07	-8.62	-7.18	-3.26	3.15	29.95
21470400.00	-13.54	3.14	-12.70	-11.07	-8.62	-7.18	-3.26	3.15	29.95
21474000.00	-13.65	3.14	-12.70	-11.07	-8.62	-7.18	-3.26	3.15	29.95
21477600.00	-12.62	3.14	-12.70	-11.07	-8.62	-7.18	-3.26	3.15	29.95
21481200.00	-8.79	3.14	-12.70	-11.07	-8.62	-7.18	-3.26	3.15	29.95
21484800.00	-7.27	3.14	-12.70	-11.07	-8.62	-7.18	-3.26	3.15	29.95
21488400.00	-7.91	3.14	-12.70	-11.07	-8.62	-7.18	-3.26	3.15	29.95
21492000.00	-2.32	3.14	-12.70	-11.07	-8.62	-7.18	-3.26	3.15	29.95
21495600.00	-2.69	3.14	-12.70	-11.07	-8.62	-7.18	-3.26	3.15	29.95
21499200.00	-9.23	3.14	-12.70	-11.07	-8.62	-7.18	-3.26	3.15	29.95
21502800.00	-13.03	3.14	-12.70	-11.07	-8.62	-7.18	-3.26	3.15	29.95
21506400.00	-13.04	3.14	-12.70	-11.07	-8.62	-7.18	-3.26	3.15	29.95
21510000.00	-13.03	3.14	-12.70	-11.07	-8.62	-7.18	-3.26	3.15	29.95
21513600.00	-9.42	-7.80	-10.68	-9.93	-9.20	-8.09	-6.93	-2.34	26.29
21517200.00	-9.86	-7.80	-10.68	-9.93	-9.20	-8.09	-6.93	-2.34	26.29
21520800.00	-10.56	-7.80	-10.68	-9.93	-9.20	-8.09	-6.93	-2.34	26.29
21524400.00	-8.21	-7.80	-10.68	-9.93	-9.20	-8.09	-6.93	-2.34	26.29
21528000.00	-7.97	-7.80	-10.68	-9.93	-9.20	-8.09	-6.93	-2.34	26.29
21531600.00	-6.73	-7.80	-10.68	-9.93	-9.20	-8.09	-6.93	-2.34	26.29
21535200.00	-6.33	-7.80	-10.68	-9.93	-9.20	-8.09	-6.93	-2.34	26.29
21538800.00	-3.22	-7.80	-10.68	-9.93	-9.20	-8.09	-6.93	-2.34	26.29
21542400.00	5.58	-7.80	-10.68	-9.93	-9.20	-8.09	-6.93	-2.34	26.29
21546000.00	-7.72	-7.80	-10.68	-9.93	-9.20	-8.09	-6.93	-2.34	26.29
21549600.00	-8.29	-7.80	-10.68	-9.93	-9.20	-8.09	-6.93	-2.34	26.29
21553200.00	-11.02	-7.80	-10.68	-9.93	-9.20	-8.09	-6.93	-2.34	26.29
21556800.00	-12.74	-7.80	-10.68	-9.93	-9.20	-8.09	-6.93	-2.34	26.29
21560400.00	-48.97	-7.80	-10.68	-9.93	-9.20	-8.09	-6.93	-2.34	26.29
21564000.00	-97.10	-7.80	-10.68	-9.93	-9.20	-8.09	-6.93	-2.34	26.29
21567600.00	-56.43	-7.80	-10.68	-9.93	-9.20	-8.09	-6.93	-2.34	26.29
21571200.00	-54.35	-7.80	-10.68	-9.93	-9.20	-8.09	-6.93	-2.34	26.29
21574800.00	-9.71	-7.80	-10.68	-9.93	-9.20	-8.09	-6.93	-2.34	26.29
21578400.00	23.25	-7.80	-10.68	-9.93	-9.20	-8.09	-6.93	-2.34	26.29
21582000.00	23.10	-7.80	-10.68	-9.93	-9.20	-8.09	-6.93	-2.34	26.29
21585600.00	28.77	-7.80	-10.68	-9.93	-9.20	-8.09	-6.93	-2.34	26.29
21589200.00	36.31	-7.80	-10.68	-9.93	-9.20	-8.09	-6.93	-2.34	26.29
21592800.00	31.56	-7.80	-10.68	-9.93	-9.20	-8.09	-6.93	-2.34	26.29
21596400.00	32.79	-7.80	-10.68	-9.93	-9.20	-8.09	-6.93	-2.34	26.29
21600000.00	26.41	31.07	-6.86	-3.38	22.02	24.64	34.60	49.56	74.00
21603600.00	22.70	31.07	-6.86	-3.38	22.02	24.64	34.60	49.56	74.00
21607200.00	21.86	31.07	-6.86	-3.38	22.02	24.64	34.60	49.56	74.00
21610800.00	22.87	31.07	-6.86	-3.38	22.02	24.64	34.60	49.56	74.00
21614400.00	26.77	31.07	-6.86	-3.38	22.02	24.64	34.60	49.56	74.00
21618000.00	48.75	31.07	-6.86	-3.38	22.02	24.64	34.60	49.56	74.00
21621600.00	77.69	31.07	-6.86	-3.38	22.02	24.64	34.60	49.56	74.00
21625200.00	119.71	31.07	-6.86	-3.38	22.02	24.64	34.60	49.56	74.00
21628800.00	5.03	31.07	-6.86	-3.38	22.02	24.64	34.60	49.56	74.00
21632400.00	-6.26	31.07	-6.86	-3.38	22.02	24.64	34.60	49.56	74.00
21636000.00	-9.28	31.07	-6.86	-3.38	22.02	24.64	34.60	49.56	74.00
21639600.00	-8.92	31.07	-6.86	-3.38	22.02	24.64	34.60	49.56	74.00
21643200.00	-10.12	31.07	-6.86	-3.38	22.02	24.64	34.60	49.56	74.00
21646800.00	-13.49	31.07	-6.86	-3.38	22.02	24.64	34.60	49.56	74.00
21650400.00	-9.64	31.07	-6.86	-3.38	22.02	24.64	34.60	49.56	74.00
21654000.00	-8.67	31.07	-6.86	-3.38	22.02	24.64	34.60	49.56	74.00
21657600.00	-3.06	31.07	-6.86	-3.38	22.02	24.64	34.60	49.56	74.00
21661200.00	70.08	31.07	-6.86	-3.38	22.02	24.64	34.60	49.56	74.00
21664800.00	92.09	31.07	-6.86	-3.38	22.02	24.64	34.60	49.56	74.00
21668400.00	77.20	31.07	-6.86	-3.38	22.02	24.64	34.60	49.56	74.00
21672000.00	67.99	31.07	-6.86	-3.38	22.02	24.64	34.60	49.56	74.00
21675600.00	56.91	31.07	-6.86	-3.38	22.02	24.64	34.60	49.56	74.00
21679200.00	42.59	31.07	-6.86	-3.38	22.02	24.64	34.60	49.56	74.00
21682800.00	36.55	31.07	-6.86	-3.38	22.02	24.64	34.60	49.56	74.00
21686400.00	47.91	66.46	39.24	40.41	49.95	60.64	68.04	75.20	108.74
21690000.00	49.93	66.46	39.24	40.41	49.95	60.64	68.04	75.20	108.74
21693600.00	40.50	66.46	39.24	40.41	49.95	60.64	68.04	75.20	108.74
21697200.00	39.58	66.46	39.24	40.41	49.95	60.64	68.04	75.20	108.74
21700800.00	50.06	66.46	39.24	40.41	49.95	60.64	68.04	75.20	108.74
21704400.00	58.71	66.46	39.24	40.41	49.95	60.64	68.04	75.20	108.74
21708000.00	68.06	66.46	39.24	40.41	49.95	60.64	68.04	75.20	108.74
21711600.00	69.96	66.46	39.24	40.41	49.95	60.64	68.04	75.20	108.74
21715200.00	62.57	66.46	39.24	40.41	49.95	60.64	68.04	75.20	108.74
21718800.00	23.27	66.46	39.24	40.41	49.95	60.64	68.04	75.20	108.74
21722400.00	38.22	66.46	39.24	40.41	49.95	60.64	68.04	75.20	108.74
21726000.00	67.97	66.46	39.24	40.41	49.95	60.64	68.04	75.20	108.74
21729600.00	20.48	66.46	39.24	40.41	49.95	60.64	68.04	75.20	108.74
21733200.00	9.40	66.46	39.24	40.41	49.95	60.64	68.04	75.20	108.74
21736800.00	10.65	66.46	39.24	40.41	49.95	60.64	68.04	75.20	108.74
21740400.00	17.65	66.46	39.24	40.41	49.95	60.64	68.04	75.20	108.74
21744000.00	72.14	66.46	39.24	40.41	49.95	60.64	68.04	75.20	108.74
21747600.00	164.80	66.46	39.24	40.41	49.95	60.64	68.04	75.20	108.74
21751200.00	147.17	66.46	39.24	40.41	49.95	60.64	68.04	75.20	108.74
21754800.00	112.85	66.46	39.24	40.41	49.95	60.64	68.04	75.20	108.74
21758400.00	102.75	66.46	39.24	40.41	49.95	60.64	68.04	75.20	108.74
21762000.00	103.72	66.46	39.24	40.41	49.95	60.64	68.04	75.20	108.74
21765600.00	102.96	66.46	39.24	40.41	49.95	60.64	68.04	75.20	108.74
21769200.00	113.80	66.46	39.24	40.41	49.95	60.64	68.04	75.20	108.74
21772800.00	112.93	69.11	45.53	56.68	67.50	75.90	85.74	91.40	111.48
21776400.00	111.54	69.11	45.53	56.68	67.50	75.90	85.74	91.40	111.48
21780000.00	111.40	69.11	45.53	56.68	67.50	75.90	85.74	91.40	111.48
21783600.00	91.19	69.11	45.53	56.68	67.50	75.90	85.74	91.40	111.48
21787200.00	87.18	69.11	45.53	56.68	67.50	75.90	85.74	91.40	111.48
21790800.00	79.99	69.11	45.53	56.68	67.50	75.90	85.74	91.40	111.48
21794400.00	93.28	69.11	45.53	56.68	67.50	75.90	85.74	91.40	111.48
21798000.00	104.12	69.11	45.53	56.68	67.50	75.90	85.74	91.40	111.48
21801600.00	159.78	69.11	45.53	56.68	67.50	75.90	85.74	91.40	111.48
21805200.00	126.31	69.11	45.53	56.68	67.50	75.90	85.74	91.40	111.48
21808800.00	89.88	69.11	45.53	56.68	67.50	75.90	85.74	91.40	111.48
21812400.00	57.51	69.11	45.53	56.68	67.50	75.90	85.74	91.40	111.48
21816000.00	21.57	69.11	45.53	56.68	67.50	75.90	85.74	91.40	111.48
21819600.00	-3.07	69.11	45.53	56.68	67.50	75.90	85.74	91.40	111.48
21823200.00	-8.23	69.11	45.53	56.68	67.50	75.90	85.74	91.40	111.48
21826800.00	-10.40	69.11	45.53	56.68	67.50	75.90	85.74	91.40	111.48
21830400.00	-5.10	69.11	45.53	56.68	67.50	75.90	85.74	91.40	111.48
21834000.00	34.66	69.11	45.53	56.68	67.50	75.90	85.74	91.40	111.48
21837600.00	73.76	69.11	45.53	56.68	67.50	75.90	85.74	91.40	111.48
21841200.00	76.74	69.11	45.53	56.68	67.50	75.90	85.74	91.40	111.48
21844800.00	75.06	69.11	45.53	56.68	67.50	75.90	85.74	91.40	111.48
21848400.00	65.94	69.11	45.53	56.68	67.50	75.90	85.74	91.40	111.48
21852000.00	63.35	69.11	45.53	56.68	67.50	75.90	85.74	91.40	111.48
21855600.00	49.15	69.11	45.53	56.68	67.50	75.90	85.74	91.40	111.48
21859200.00	45.15	66.47	36.75	39.41	40.37	46.76	85.49	96.29	121.70
21862800.00	40.34	66.47	36.75	39.41	40.37	46.76	85.49	96.29	121.70
21866400.00	37.43	66.47	36.75	39.41	40.37	46.76	85.49	96.29	121.70
21870000.00	34.70	66.47	36.75	39.41	40.37	46.76	85.49	96.29	121.70
21873600.00	40.50	66.47	36.75	39.41	40.37	46.76	85.49	96.29	121.70
21877200.00	64.11	66.47	36.75	39.41	40.37	46.76	85.49	96.29	121.70
21880800.00	90.83	66.47	36.75	39.41	40.37	46.76	85.49	96.29	121.70
21884400.00	103.37	66.47	36.75	39.41	40.37	46.76	85.49	96.29	121.70
21888000.00	92.13	66.47	36.75	39.41	40.37	46.76	85.49	96.29	121.70
21891600.00	48.36	66.47	36.75	39.41	40.37	46.76	85.49	96.29	121.70
21895200.00	39.80	66.47	36.75	39.41	40.37	46.76	85.49	96.29	121.70
21898800.00	24.33	66.47	36.75	39.41	40.37	46.76	85.49	96.29	121.70
21902400.00	9.86	66.47	36.75	39.41	40.37	46.76	85.49	96.29	121.70
21906000.00	-2.55	66.47	36.75	39.41	40.37	46.76	85.49	96.29	121.70
21909600.00	-5.34	66.47	36.75	39.41	40.37	46.76	85.49	96.29	121.70
21913200.00	14.24	66.47	36.75	39.41	40.37	46.76	85.49	96.29	121.70
21916800.00	39.63	66.47	36.75	39.41	40.37	46.76	85.49	96.29	121.70
21920400.00	125.97	66.47	36.75	39.41	40.37	46.76	85.49	96.29	121.70
21924000.00	140.46	66.47	36.75	39.41	40.37	46.76	85.49	96.29	121.70
21927600.00	144.56	66.47	36.75	39.41	40.37	46.76	85.49	96.29	121.70
21931200.00	148.74	66.47	36.75	39.41	40.37	46.76	85.49	96.29	121.70
21934800.00	116.48	66.47	36.75	39.41	40.37	46.76	85.49	96.29	121.70
21938400.00	95.50	66.47	36.75	39.41	40.37	46.76	85.49	96.29	121.70
21942000.00	106.58	66.47	36.75	39.41	40.37	46.76	85.49	96.29	121.70
21945600.00	100.08	75.61	35.15	69.88	91.33	93.80	98.19	100.26	111.08
21949200.00	93.71	75.61	35.15	69.88	91.33	93.80	98.19	100.26	111.08
21952800.00	98.55	75.61	35.15	69.88	91.33	93.80	98.19	100.26	111.08
21956400.00	93.89	75.61	35.15	69.88	91.33	93.80	98.19	100.26	111.08
21960000.00	91.26	75.61	35.15	69.88	91.33	93.80	98.19	100.26	111.08
21963600.00	103.25	75.61	35.15	69.88	91.33	93.80	98.19	100.26	111.08
21967200.00	131.52	75.61	35.15	69.88	91.33	93.80	98.19	100.26	111.08
21970800.00	98.86	75.61	35.15	69.88	91.33	93.80	98.19	100.26	111.08
21974400.00	74.08	75.61	35.15	69.88	91.33	93.80	98.19	100.26	111.08
21978000.00	39.62	75.61	35.15	69.88	91.33	93.80	98.19	100.26	111.08
21981600.00	2.86	75.61	35.15	69.88	91.33	93.80	98.19	100.26	111.08
21985200.00	4.59	75.61	35.15	69.88	91.33	93.80	98.19	100.26	111.08
21988800.00	4.06	75.61	35.15	69.88	91.33	93.80	98.19	100.26	111.08
21992400.00	3.86	75.61	35.15	69.88	91.33	93.80	98.19	100.26	111.08
21996000.00	21.77	75.61	35.15	69.88	91.33	93.80	98.19	100.26	111.08
21999600.00	18.21	75.61	35.15	69.88	91.33	93.80	98.19	100.26	111.08
22003200.00	73.24	75.61	35.15	69.88	91.33	93.80	98.19	100.26	111.08
22006800.00	91.61	75.61	35.15	69.88	91.33	93.80	98.19	100.26	111.08
22010400.00	101.91	75.61	35.15	69.88	91.33	93.80	98.19	100.26	111.08
22014000.00	104.61	75.61	35.15	69.88	91.33	93.80	98.19	100.26	111.08
22017600.00	96.74	75.61	35.15	69.88	91.33	93.80	98.19	100.26	111.08
22021200.00	116.37	75.61	35.15	69.88	91.33	93.80	98.19	100.26	111.08
22024800.00	118.28	75.61	35.15	69.88	91.33	93.80	98.19	100.26	111.08
22028400.00	131.68	75.61	35.15	69.88	91.33	93.80	98.19	100.26	111.08
22032000.00	131.23	77.85	6.54	35.65	70.21	93.52	117.81	122.57	131.10
22035600.00	122.71	77.85	6.54	35.65	70.21	93.52	117.81	122.57	131.10
22039200.00	118.30	77.85	6.54	35.65	70.21	93.52	117.81	122.57	131.10
22042800.00	122.55	77.85	6.54	35.65	70.21	93.52	117.81	122.57	131.10
22046400.00	118.47	77.85	6.54	35.65	70.21	93.52	117.81	122.57	131.10
22050000.00	115.85	77.85	6.54	35.65	70.21	93.52	117.81	122.57	131.10
22053600.00	147.12	77.85	6.54	35.65	70.21	93.52	117.81	122.57	131.10
22057200.00	79.35	77.85	6.54	35.65	70.21	93.52	117.81	122.57	131.10
22060800.00	8.84	77.85	6.54	35.65	70.21	93.52	117.81	122.57	131.10
22064400.00	-0.35	77.85	6.54	35.65	70.21	93.52	117.81	122.57	131.10
22068000.00	-6.21	77.85	6.54	35.65	70.21	93.52	117.81	122.57	131.10
22071600.00	-6.97	77.85	6.54	35.65	70.21	93.52	117.81	122.57	131.10
22075200.00	-4.60	77.85	6.54	35.65	70.21	93.52	117.81	122.57	131.10
22078800.00	-5.95	77.85	6.54	35.65	70.21	93.52	117.81	122.57	131.10
22082400.00	-4.63	77.85	6.54	35.65	70.21	93.52	117.81	122.57	131.10
22086000.00	38.63	77.85	6.54	35.65	70.21	93.52	117.81	122.57	131.10
22089600.00	47.78	77.85	6.54	35.65	70.21	93.52	117.81	122.57	131.10
22093200.00	128.80	77.85	6.54	35.65	70.21	93.52	117.81	122.57	131.10
22096800.00	175.43	77.85	6.54	35.65	70.21	93.52	117.81	122.57	131.10
22100400.00	156.11	77.85	6.54	35.65	70.21	93.52	117.81	122.57	131.10
22104000.00	130.95	77.85	6.54	35.65	70.21	93.52	117.81	122.57	131.10
22107600.00	96.75	77.85	6.54	35.65	70.21	93.52	117.81	122.57	131.10
22111200.00	90.29	77.85	6.54	35.65	70.21	93.52	117.81	122.57	131.10
22114800.00	67.92	77.85	6.54	35.65	70.21	93.52	117.81	122.57	131.10
22118400.00	55.06	-12.67	-31.94	-18.08	-13.03	-12.52	-8.46	-6.57	2.93
22122000.00	44.79	-12.67	-31.94	-18.08	-13.03	-12.52	-8.46	-6.57	2.93
22125600.00	25.46	-12.67	-31.94	-18.08	-13.03	-12.52	-8.46	-6.57	2.93
22129200.00	5.10	-12.67	-31.94	-18.08	-13.03	-12.52	-8.46	-6.57	2.93
22132800.00	0.28	-12.67	-31.94	-18.08	-13.03	-12.52	-8.46	-6.57	2.93
22136400.00	-2.07	-12.67	-31.94	-18.08	-13.03	-12.52	-8.46	-6.57	2.93
22140000.00	-8.01	-12.67	-31.94	-18.08	-13.03	-12.52	-8.46	-6.57	2.93
22143600.00	-12.02	-12.67	-31.94	-18.08	-13.03	-12.52	-8.46	-6.57	2.93
22147200.00	-15.95	-12.67	-31.94	-18.08	-13.03	-12.52	-8.46	-6.57	2.93
22150800.00	-31.68	-12.67	-31.94	-18.08	-13.03	-12.52	-8.46	-6.57	2.93
22154400.00	-42.55	-12.67	-31.94	-18.08	-13.03	-12.52	-8.46	-6.57	2.93
22158000.00	-53.51	-12.67	-31.94	-18.08	-13.03	-12.52	-8.46	-6.57	2.93
22161600.00	-55.77	-12.67	-31.94	-18.08	-13.03	-12.52	-8.46	-6.57	2.93
22165200.00	-54.59	-12.67	-31.94	-18.08	-13.03	-12.52	-8.46	-6.57	2.93
22168800.00	-43.24	-12.67	-31.94	-18.08	-13.03	-12.52	-8.46	-6.57	2.93
22172400.00	-32.71	-12.67	-31.94	-18.08	-13.03	-12.52	-8.46	-6.57	2.93
22176000.00	-16.57	-12.67	-31.94	-18.08	-13.03	-12.52	-8.46	-6.57	2.93
22179600.00	-1.91	-12.67	-31.94	-18.08	-13.03	-12.52	-8.46	-6.57	2.93
22183200.00	-7.07	-12.67	-31.94	-18.08	-13.03	-12.52	-8.46	-6.57	2.93
22186800.00	-7.71	-12.67	-31.94	-18.08	-13.03	-12.52	-8.46	-6.57	2.93
22190400.00	-10.26	-12.67	-31.94	-18.08	-13.03	-12.52	-8.46	-6.57	2.93
22194000.00	-13.03	-12.67	-31.94	-18.08	-13.03	-12.52	-8.46	-6.57	2.93
22197600.00	-13.03	-12.67	-31.94	-18.08	-13.03	-12.52	-8.46	-6.57	2.93
22201200.00	-13.03	-12.67	-31.94	-18.08	-13.03	-12.52	-8.46	-6.57	2.93
22204800.00	-14.73	1.41	-14.76	-14.12	-12.88	-11.66	-9.68	-6.86	28.83
22208400.00	-14.84	1.41	-14.76	-14.12	-12.88	-11.66	-9.68	-6.86	28.83
22212000.00	-17.52	1.41	-14.76	-14.12	-12.88	-11.66	-9.68	-6.86	28.83
22215600.00	-35.09	1.41	-14.76	-14.12	-12.88	-11.66	-9.68	-6.86	28.83
22219200.00	-44.62	1.41	-14.76	-14.12	-12.88	-11.66	-9.68	-6.86	28.83
22222800.00	-13.02	1.41	-14.76	-14.12	-12.88	-11.66	-9.68	-6.86	28.83
22226400.00	-11.50	1.41	-14.76	-14.12	-12.88	-11.66	-9.68	-6.86	28.83
22230000.00	-9.00	1.41	-14.76	-14.12	-12.88	-11.66	-9.68	-6.86	28.83
22233600.00	-9.54	1.41	-14.76	-14.12	-12.88	-11.66	-9.68	-6.86	28.83
22237200.00	-12.32	1.41	-14.76	-14.12	-12.88	-11.66	-9.68	-6.86	28.83
22240800.00	-13.30	1.41	-14.76	-14.12	-12.88	-11.66	-9.68	-6.86	28.83
22244400.00	-15.36	1.41	-14.76	-14.12	-12.88	-11.66	-9.68	-6.86	28.83
22248000.00	-15.63	1.41	-14.76	-14.12	-12.88	-11.66	-9.68	-6.86	28.83
22251600.00	-14.05	1.41	-14.76	-14.12	-12.88	-11.66	-9.68	-6.86	28.83
22255200.00	-11.83	1.41	-14.76	-14.12	-12.88	-11.66	-9.68	-6.86	28.83
22258800.00	-10.23	1.41	-14.76	-14.12	-12.88	-11.66	-9.68	-6.86	28.83
22262400.00	-7.41	1.41	-14.76	-14.12	-12.88	-11.66	-9.68	-6.86	28.83
22266000.00	-1.92	1.41	-14.76	-14.12	-12.88	-11.66	-9.68	-6.86	28.83
22269600.00	63.50	1.41	-14.76	-14.12	-12.88	-11.66	-9.68	-6.86	28.83
22273200.00	41.88	1.41	-14.76	-14.12	-12.88	-11.66	-9.68	-6.86	28.83
22276800.00	106.44	1.41	-14.76	-14.12	-12.88	-11.66	-9.68	-6.86	28.83
22280400.00	69.70	1.41	-14.76	-14.12	-12.88	-11.66	-9.68	-6.86	28.83
22284000.00	11.45	1.41	-14.76	-14.12	-12.88	-11.66	-9.68	-6.86	28.83
22287600.00	12.89	1.41	-14.76	-14.12	-12.88	-11.66	-9.68	-6.86	28.83
22291200.00	-5.95	2.11	-11.11	-9.76	-6.25	-5.03	-1.47	4.57	33.54
22294800.00	-1.32	2.11	-11.11	-9.76	-6.25	-5.03	-1.47	4.57	33.54
22298400.00	-4.10	2.11	-11.11	-9.76	-6.25	-5.03	-1.47	4.57	33.54
22302000.00	-6.36	2.11	-11.11	-9.76	-6.25	-5.03	-1.47	4.57	33.54
22305600.00	-6.25	2.11	-11.11	-9.76	-6.25	-5.03	-1.47	4.57	33.54
22309200.00	-2.10	2.11	-11.11	-9.76	-6.25	-5.03	-1.47	4.57	33.54
22312800.00	36.94	2.11	-11.11	-9.76	-6.25	-5.03	-1.47	4.57	33.54
22316400.00	29.38	2.11	-11.11	-9.76	-6.25	-5.03	-1.47	4.57	33.54
22320000.00	9.62	2.11	-11.11	-9.76	-6.25	-5.03	-1.47	4.57	33.54
22323600.00	4.01	2.11	-11.11	-9.76	-6.25	-5.03	-1.47	4.57	33.54
22327200.00	-10.75	2.11	-11.11	-9.76	-6.25	-5.03	-1.47	4.57	33.54
22330800.00	-12.19	2.11	-11.11	-9.76	-6.25	-5.03	-1.47	4.57	33.54
22334400.00	-15.43	2.11	-11.11	-9.76	-6.25	-5.03	-1.47	4.57	33.54
22338000.00	-26.90	2.11	-11.11	-9.76	-6.25	-5.03	-1.47	4.57	33.54
22341600.00	-27.00	2.11	-11.11	-9.76	-6.25	-5.03	-1.47	4.57	33.54
22345200.00	-28.53	2.11	-11.11	-9.76	-6.25	-5.03	-1.47	4.57	33.54
22348800.00	-12.21	2.11	-11.11	-9.76	-6.25	-5.03	-1.47	4.57	33.54
22352400.00	-9.65	2.11	-11.11	-9.76	-6.25	-5.03	-1.47	4.57	33.54
22356000.00	42.04	2.11	-11.11	-9.76	-6.25	-5.03	-1.47	4.57	33.54
22359600.00	44.92	2.11	-11.11	-9.76	-6.25	-5.03	-1.47	4.57	33.54
22363200.00	37.81	2.11	-11.11	-9.76	-6.25	-5.03	-1.47	4.57	33.54
22366800.00	22.21	2.11	-11.11	-9.76	-6.25	-5.03	-1.47	4.57	33.54
22370400.00	-1.30	2.11	-11.11	-9.76	-6.25	-5.03	-1.47	4.57	33.54
22374000.00	-6.23	2.11	-11.11	-9.76	-6.25	-5.03	-1.47	4.57	33.54
22377600.00	-6.88	39.29	-5.84	-5.71	-5.24	1.25	22.42	49.19	113.31
22381200.00	-5.70	39.29	-5.84	-5.71	-5.24	1.25	22.42	49.19	113.31
22384800.00	-5.69	39.29	-5.84	-5.71	-5.24	1.25	22.42	49.19	113.31
22388400.00	-5.98	39.29	-5.84	-5.71	-5.24	1.25	22.42	49.19	113.31
22392000.00	-5.80	39.29	-5.84	-5.71	-5.24	1.25	22.42	49.19	113.31
22395600.00	8.72	39.29	-5.84	-5.71	-5.24	1.25	22.42	49.19	113.31
22399200.00	44.98	39.29	-5.84	-5.71	-5.24	1.25	22.42	49.19	113.31
22402800.00	31.48	39.29	-5.84	-5.71	-5.24	1.25	22.42	49.19	113.31
22406400.00	0.87	39.29	-5.84	-5.71	-5.24	1.25	22.42	49.19	113.31
22410000.00	-5.58	39.29	-5.84	-5.71	-5.24	1.25	22.42	49.19	113.31
22413600.00	-8.31	39.29	-5.84	-5.71	-5.24	1.25	22.42	49.19	113.31
22417200.00	-9.28	39.29	-5.84	-5.71	-5.24	1.25	22.42	49.19	113.31
22420800.00	-10.71	39.29	-5.84	-5.71	-5.24	1.25	22.42	49.19	113.31
22424400.00	-8.23	39.29	-5.84	-5.71	-5.24	1.25	22.42	49.19	113.31
22428000.00	-3.88	39.29	-5.84	-5.71	-5.24	1.25	22.42	49.19	113.31
22431600.00	1.63	39.29	-5.84	-5.71	-5.24	1.25	22.42	49.19	113.31
22435200.00	25.85	39.29	-5.84	-5.71	-5.24	1.25	22.42	49.19	113.31
22438800.00	116.20	39.29	-5.84	-5.71	-5.24	1.25	22.42	49.19	113.31
22442400.00	193.35	39.29	-5.84	-5.71	-5.24	1.25	22.42	49.19	113.31
22446000.00	170.84	39.29	-5.84	-5.71	-5.24	1.25	22.42	49.19	113.31
22449600.00	140.87	39.29	-5.84	-5.71	-5.24	1.25	22.42	49.19	113.31
22453200.00	109.77	39.29	-5.84	-5.71	-5.24	1.25	22.42	49.19	113.31
22456800.00	87.25	39.29	-5.84	-5.71	-5.24	1.25	22.42	49.19	113.31
22460400.00	87.08	39.29	-5.84	-5.71	-5.24	1.25	22.42	49.19	113.31
22464000.00	75.74	25.02	-11.91	-6.81	3.11	16.33	45.51	51.91	75.61
22467600.00	81.26	25.02	-11.91	-6.81	3.11	16.33	45.51	51.91	75.61
22471200.00	56.79	25.02	-11.91	-6.81	3.11	16.33	45.51	51.91	75.61
22474800.00	53.84	25.02	-11.91	-6.81	3.11	16.33	45.51	51.91	75.61
22478400.00	46.02	25.02	-11.91	-6.81	3.11	16.33	45.51	51.91	75.61
22482000.00	44.75	25.02	-11.91	-6.81	3.11	16.33	45.51	51.91	75.61
22485600.00	45.70	25.02	-11.91	-6.81	3.11	16.33	45.51	51.91	75.61
22489200.00	25.70	25.02	-11.91	-6.81	3.11	16.33	45.51	51.91	75.61
22492800.00	0.59	25.02	-11.91	-6.81	3.11	16.33	45.51	51.91	75.61
22496400.00	-11.01	25.02	-11.91	-6.81	3.11	16.33	45.51	51.91	75.61
22500000.00	-14.61	25.02	-11.91	-6.81	3.11	16.33	45.51	51.91	75.61
22503600.00	-24.14	25.02	-11.91	-6.81	3.11	16.33	45.51	51.91	75.61
22507200.00	-25.92	25.02	-11.91	-6.81	3.11	16.33	45.51	51.91	75.61
22510800.00	-28.73	25.02	-11.91	-6.81	3.11	16.33	45.51	51.91	75.61
22514400.00	-25.27	25.02	-11.91	-6.81	3.11	16.33	45.51	51.91	75.61
22518000.00	-16.42	25.02	-11.91	-6.81	3.11	16.33	45.51	51.91	75.61
22521600.00	-6.35	25.02	-11.91	-6.81	3.11	16.33	45.51	51.91	75.61
22525200.00	75.44	25.02	-11.91	-6.81	3.11	16.33	45.51	51.91	75.61
22528800.00	103.11	25.02	-11.91	-6.81	3.11	16.33	45.51	51.91	75.61
22532400.00	77.05	25.02	-11.91	-6.81	3.11	16.33	45.51	51.91	75.61
22536000.00	51.69	25.02	-11.91	-6.81	3.11	16.33	45.51	51.91	75.61
22539600.00	6.96	25.02	-11.91	-6.81	3.11	16.33	45.51	51.91	75.61
22543200.00	2.43	25.02	-11.91	-6.81	3.11	16.33	45.51	51.91	75.61
22546800.00	5.85	25.02	-11.91	-6.81	3.11	16.33	45.51	51.91	75.61
22550400.00	7.51	5.70	-8.05	-7.29	-6.15	-3.31	5.82	12.48	27.57
22554000.00	5.45	5.70	-8.05	-7.29	-6.15	-3.31	5.82	12.48	27.57
22557600.00	15.47	5.70	-8.05	-7.29	-6.15	-3.31	5.82	12.48	27.57
22561200.00	53.81	5.70	-8.05	-7.29	-6.15	-3.31	5.82	12.48	27.57
22564800.00	39.54	5.70	-8.05	-7.29	-6.15	-3.31	5.82	12.48	27.57
22568400.00	5.91	5.70	-8.05	-7.29	-6.15	-3.31	5.82	12.48	27.57
22572000.00	31.60	5.70	-8.05	-7.29	-6.15	-3.31	5.82	12.48	27.57
22575600.00	-1.75	5.70	-8.05	-7.29	-6.15	-3.31	5.82	12.48	27.57
22579200.00	-6.44	5.70	-8.05	-7.29	-6.15	-3.31	5.82	12.48	27.57
22582800.00	-6.77	5.70	-8.05	-7.29	-6.15	-3.31	5.82	12.48	27.57
22586400.00	-7.23	5.70	-8.05	-7.29	-6.15	-3.31	5.82	12.48	27.57
22590000.00	-8.55	5.70	-8.05	-7.29	-6.15	-3.31	5.82	12.48	27.57
22593600.00	-10.23	5.70	-8.05	-7.29	-6.15	-3.31	5.82	12.48	27.57
22597200.00	-10.01	5.70	-8.05	-7.29	-6.15	-3.31	5.82	12.48	27.57
22600800.00	-11.38	5.70	-8.05	-7.29	-6.15	-3.31	5.82	12.48	27.57
22604400.00	-7.89	5.70	-8.05	-7.29	-6.15	-3.31	5.82	12.48	27.57
22608000.00	-12.08	5.70	-8.05	-7.29	-6.15	-3.31	5.82	12.48	27.57
22611600.00	-11.22	5.70	-8.05	-7.29	-6.15	-3.31	5.82	12.48	27.57
22615200.00	-4.87	5.70	-8.05	-7.29	-6.15	-3.31	5.82	12.48	27.57
22618800.00	12.30	5.70	-8.05	-7.29	-6.15	-3.31	5.82	12.48	27.57
22622400.00	23.35	5.70	-8.05	-7.29	-6.15	-3.31	5.82	12.48	27.57
22626000.00	31.02	5.70	-8.05	-7.29	-6.15	-3.31	5.82	12.48	27.57
22629600.00	14.14	5.70	-8.05	-7.29	-6.15	-3.31	5.82	12.48	27.57
22633200.00	-5.01	5.70	-8.05	-7.29	-6.15	-3.31	5.82	12.48	27.57
22636800.00	-5.21	8.66	-7.45	-7.21	-6.65	-5.47	-2.65	20.00	40.44
22640400.00	-6.71	8.66	-7.45	-7.21	-6.65	-5.47	-2.65	20.00	40.44
22644000.00	-7.38	8.66	-7.45	-7.21	-6.65	-5.47	-2.65	20.00	40.44
22647600.00	-6.42	8.66	-7.45	-7.21	-6.65	-5.47	-2.65	20.00	40.44
22651200.00	-4.15	8.66	-7.45	-7.21	-6.65	-5.47	-2.65	20.00	40.44
22654800.00	12.98	8.66	-7.45	-7.21	-6.65	-5.47	-2.65	20.00	40.44
22658400.00	18.74	8.66	-7.45	-7.21	-6.65	-5.47	-2.65	20.00	40.44
22662000.00	-2.28	8.66	-7.45	-7.21	-6.65	-5.47	-2.65	20.00	40.44
22665600.00	-5.73	8.66	-7.45	-7.21	-6.65	-5.47	-2.65	20.00	40.44
22669200.00	-7.72	8.66	-7.45	-7.21	-6.65	-5.47	-2.65	20.00	40.44
22672800.00	-11.97	8.66	-7.45	-7.21	-6.65	-5.47	-2.65	20.00	40.44
22676400.00	-7.98	8.66	-7.45	-7.21	-6.65	-5.47	-2.65	20.00	40.44
22680000.00	-7.66	8.66	-7.45	-7.21	-6.65	-5.47	-2.65	20.00	40.44
22683600.00	-7.75	8.66	-7.45	-7.21	-6.65	-5.47	-2.65	20.00	40.44
22687200.00	-7.19	8.66	-7.45	-7.21	-6.65	-5.47	-2.65	20.00	40.44
22690800.00	-6.76	8.66	-7.45	-7.21	-6.65	-5.47	-2.65	20.00	40.44
22694400.00	-7.70	8.66	-7.45	-7.21	-6.65	-5.47	-2.65	20.00	40.44
22698000.00	31.32	8.66	-7.45	-7.21	-6.65	-5.47	-2.65	20.00	40.44
22701600.00	43.29	8.66	-7.45	-7.21	-6.65	-5.47	-2.65	20.00	40.44
22705200.00	40.18	8.66	-7.45	-7.21	-6.65	-5.47	-2.65	20.00	40.44
22708800.00	40.64	8.66	-7.45	-7.21	-6.65	-5.47	-2.65	20.00	40.44
22712400.00	46.56	8.66	-7.45	-7.21	-6.65	-5.47	-2.65	20.00	40.44
22716000.00	41.48	8.66	-7.45	-7.21	-6.65	-5.47	-2.65	20.00	40.44
22719600.00	35.12	8.66	-7.45	-7.21	-6.65	-5.47	-2.65	20.00	40.44
22723200.00	23.32	11.65	-6.04	-5.67	-2.88	10.89	13.53	22.42	33.40
22726800.00	22.32	11.65	-6.04	-5.67	-2.88	10.89	13.53	22.42	33.40
22730400.00	20.72	11.65	-6.04	-5.67	-2.88	10.89	13.53	22.42	33.40
22734000.00	13.67	11.65	-6.04	-5.67	-2.88	10.89	13.53	22.42	33.40
22737600.00	12.99	11.65	-6.04	-5.67	-2.88	10.89	13.53	22.42	33.40
22741200.00	10.94	11.65	-6.04	-5.67	-2.88	10.89	13.53	22.42	33.40
22744800.00	6.70	11.65	-6.04	-5.67	-2.88	10.89	13.53	22.42	33.40
22748400.00	-5.27	11.65	-6.04	-5.67	-2.88	10.89	13.53	22.42	33.40
22752000.00	-5.89	11.65	-6.04	-5.67	-2.88	10.89	13.53	22.42	33.40
22755600.00	-5.64	11.65	-6.04	-5.67	-2.88	10.89	13.53	22.42	33.40
22759200.00	-5.31	11.65	-6.04	-5.67	-2.88	10.89	13.53	22.42	33.40
22762800.00	-6.48	11.65	-6.04	-5.67	-2.88	10.89	13.53	22.42	33.40
22766400.00	-6.48	11.65	-6.04	-5.67	-2.88	10.89	13.53	22.42	33.40
22770000.00	-7.73	11.65	-6.04	-5.67	-2.88	10.89	13.53	22.42	33.40
22773600.00	-8.42	11.65	-6.04	-5.67	-2.88	10.89	13.53	22.42	33.40
22777200.00	-7.56	11.65	-6.04	-5.67	-2.88	10.89	13.53	22.42	33.40
22780800.00	-8.78	11.65	-6.04	-5.67	-2.88	10.89	13.53	22.42	33.40
22784400.00	10.83	11.65	-6.04	-5.67	-2.88	10.89	13.53	22.42	33.40
22788000.00	43.75	11.65	-6.04	-5.67	-2.88	10.89	13.53	22.42	33.40
22791600.00	42.06	11.65	-6.04	-5.67	-2.88	10.89	13.53	22.42	33.40
22795200.00	40.51	11.65	-6.04	-5.67	-2.88	10.89	13.53	22.42	33.40
22798800.00	33.90	11.65	-6.04	-5.67	-2.88	10.89	13.53	22.42	33.40
22802400.00	32.72	11.65	-6.04	-5.67	-2.88	10.89	13.53	22.42	33.40
22806000.00	32.79	11.65	-6.04	-5.67	-2.88	10.89	13.53	22.42	33.40
22809600.00	25.50	32.64	-6.00	0.87	9.27	23.96	30.42	56.62	84.62
22813200.00	25.08	32.64	-6.00	0.87	9.27	23.96	30.42	56.62	84.62
22816800.00	22.84	32.64	-6.00	0.87	9.27	23.96	30.42	56.62	84.62
22820400.00	16.34	32.64	-6.00	0.87	9.27	23.96	30.42	56.62	84.62
22824000.00	31.65	32.64	-6.00	0.87	9.27	23.96	30.42	56.62	84.62
22827600.00	36.83	32.64	-6.00	0.87	9.27	23.96	30.42	56.62	84.62
22831200.00	55.58	32.64	-6.00	0.87	9.27	23.96	30.42	56.62	84.62
22834800.00	7.51	32.64	-6.00	0.87	9.27	23.96	30.42	56.62	84.62
22838400.00	1.63	32.64	-6.00	0.87	9.27	23.96	30.42	56.62	84.62
22842000.00	-6.79	32.64	-6.00	0.87	9.27	23.96	30.42	56.62	84.62
22845600.00	-7.37	32.64	-6.00	0.87	9.27	23.96	30.42	56.62	84.62
22849200.00	-7.83	32.64	-6.00	0.87	9.27	23.96	30.42	56.62	84.62
22852800.00	-7.26	32.64	-6.00	0.87	9.27	23.96	30.42	56.62	84.62
22856400.00	-6.01	32.64	-6.00	0.87	9.27	23.96	30.42	56.62	84.62
22860000.00	-6.00	32.64	-6.00	0.87	9.27	23.96	30.42	56.62	84.62
22863600.00	-6.12	32.64	-6.00	0.87	9.27	23.96	30.42	56.62	84.62
22867200.00	5.71	32.64	-6.00	0.87	9.27	23.96	30.42	56.62	84.62
22870800.00	65.96	32.64	-6.00	0.87	9.27	23.96	30.42	56.62	84.62
22874400.00	81.85	32.64	-6.00	0.87	9.27	23.96	30.42	56.62	84.62
22878000.00	90.36	32.64	-6.00	0.87	9.27	23.96	30.42	56.62	84.62
22881600.00	102.50	32.64	-6.00	0.87	9.27	23.96	30.42	56.62	84.62
22885200.00	92.44	32.64	-6.00	0.87	9.27	23.96	30.42	56.62	84.62
22888800.00	83.05	32.64	-6.00	0.87	9.27	23.96	30.42	56.62	84.62
22892400.00	85.90	32.64	-6.00	0.87	9.27	23.96	30.42	56.62	84.62
22896000.00	84.91	53.05	19.17	37.01	62.06	65.43	67.40	73.94	79.93
22899600.00	82.15	53.05	19.17	37.01	62.06	65.43	67.40	73.94	79.93
22903200.00	67.41	53.05	19.17	37.01	62.06	65.43	67.40	73.94	79.93
22906800.00	67.36	53.05	19.17	37.01	62.06	65.43	67.40	73.94	79.93
22910400.00	74.37	53.05	19.17	37.01	62.06	65.43	67.40	73.94	79.93
22914000.00	89.40	53.05	19.17	37.01	62.06	65.43	67.40	73.94	79.93
22917600.00	100.00	53.05	19.17	37.01	62.06	65.43	67.40	73.94	79.93
22921200.00	77.15	53.05	19.17	37.01	62.06	65.43	67.40	73.94	79.93
22924800.00	60.22	53.05	19.17	37.01	62.06	65.43	67.40	73.94	79.93
22928400.00	13.20	53.05	19.17	37.01	62.06	65.43	67.40	73.94	79.93
22932000.00	15.44	53.05	19.17	37.01	62.06	65.43	67.40	73.94	79.93
22935600.00	38.86	53.05	19.17	37.01	62.06	65.43	67.40	73.94	79.93
22939200.00	12.63	53.05	19.17	37.01	62.06	65.43	67.40	73.94	79.93
22942800.00	1.08	53.05	19.17	37.01	62.06	65.43	67.40	73.94	79.93
22946400.00	-5.56	53.05	19.17	37.01	62.06	65.43	67.40	73.94	79.93
22950000.00	-4.89	53.05	19.17	37.01	62.06	65.43	67.40	73.94	79.93
22953600.00	20.41	53.05	19.17	37.01	62.06	65.43	67.40	73.94	79.93
22957200.00	77.21	53.05	19.17	37.01	62.06	65.43	67.40	73.94	79.93
22960800.00	71.94	53.05	19.17	37.01	62.06	65.43	67.40	73.94	79.93
22964400.00	61.70	53.05	19.17	37.01	62.06	65.43	67.40	73.94	79.93
22968000.00	66.76	53.05	19.17	37.01	62.06	65.43	67.40	73.94	79.93
22971600.00	73.89	53.05	19.17	37.01	62.06	65.43	67.40	73.94	79.93
22975200.00	63.48	53.05	19.17	37.01	62.06	65.43	67.40	73.94	79.93
22978800.00	64.10	53.05	19.17	37.01	62.06	65.43	67.40	73.94	79.93
22982400.00	47.88	50.42	26.57	30.36	37.17	45.88	49.80	67.07	89.87
22986000.00	36.69	50.42	26.57	30.36	37.17	45.88	49.80	67.07	89.87
22989600.00	43.89	50.42	26.57	30.36	37.17	45.88	49.80	67.07	89.87
22993200.00	50.24	50.42	26.57	30.36	37.17	45.88	49.80	67.07	89.87
22996800.00	30.60	50.42	26.57	30.36	37.17	45.88	49.80	67.07	89.87
23000400.00	49.46	50.42	26.57	30.36	37.17	45.88	49.80	67.07	89.87
23004000.00	67.52	50.42	26.57	30.36	37.17	45.88	49.80	67.07	89.87
23007600.00	39.06	50.42	26.57	30.36	37.17	45.88	49.80	67.07	89.87
23011200.00	28.26	50.42	26.57	30.36	37.17	45.88	49.80	67.07	89.87
23014800.00	4.26	50.42	26.57	30.36	37.17	45.88	49.80	67.07	89.87
23018400.00	1.91	50.42	26.57	30.36	37.17	45.88	49.80	67.07	89.87
23022000.00	0.71	50.42	26.57	30.36	37.17	45.88	49.80	67.07	89.87
23025600.00	3.91	50.42	26.57	30.36	37.17	45.88	49.80	67.07	89.87
23029200.00	17.80	50.42	26.57	30.36	37.17	45.88	49.80	67.07	89.87
23032800.00	21.52	50.42	26.57	30.36	37.17	45.88	49.80	67.07	89.87
23036400.00	32.97	50.42	26.57	30.36	37.17	45.88	49.80	67.07	89.87
23040000.00	49.88	50.42	26.57	30.36	37.17	45.88	49.80	67.07	89.87
23043600.00	91.72	50.42	26.57	30.36	37.17	45.88	49.80	67.07	89.87
23047200.00	105.84	50.42	26.57	30.36	37.17	45.88	49.80	67.07	89.87
23050800.00	140.03	50.42	26.57	30.36	37.17	45.88	49.80	67.07	89.87
23054400.00	122.43	50.42	26.57	30.36	37.17	45.88	49.80	67.07	89.87
23058000.00	87.62	50.42	26.57	30.36	37.17	45.88	49.80	67.07	89.87
23061600.00	67.02	50.42	26.57	30.36	37.17	45.88	49.80	67.07	89.87
23065200.00	68.84	50.42	26.57	30.36	37.17	45.88	49.80	67.07	89.87
23068800.00	73.21	30.09	-4.86	1.18	16.71	26.34	35.87	53.45	70.92
23072400.00	50.01	30.09	-4.86	1.18	16.71	26.34	35.87	53.45	70.92
23076000.00	35.97	30.09	-4.86	1.18	16.71	26.34	35.87	53.45	70.92
23079600.00	35.44	30.09	-4.86	1.18	16.71	26.34	35.87	53.45	70.92
23083200.00	27.70	30.09	-4.86	1.18	16.71	26.34	35.87	53.45	70.92
23086800.00	24.98	30.09	-4.86	1.18	16.71	26.34	35.87	53.45	70.92
23090400.00	22.67	30.09	-4.86	1.18	16.71	26.34	35.87	53.45	70.92
23094000.00	1.76	30.09	-4.86	1.18	16.71	26.34	35.87	53.45	70.92
23097600.00	15.23	30.09	-4.86	1.18	16.71	26.34	35.87	53.45	70.92
23101200.00	-4.11	30.09	-4.86	1.18	16.71	26.34	35.87	53.45	70.92
23104800.00	-7.90	30.09	-4.86	1.18	16.71	26.34	35.87	53.45	70.92
23108400.00	-7.87	30.09	-4.86	1.18	16.71	26.34	35.87	53.45	70.92
23112000.00	-8.73	30.09	-4.86	1.18	16.71	26.34	35.87	53.45	70.92
23115600.00	-8.21	30.09	-4.86	1.18	16.71	26.34	35.87	53.45	70.92
23119200.00	-7.35	30.09	-4.86	1.18	16.71	26.34	35.87	53.45	70.92
23122800.00	-7.11	30.09	-4.86	1.18	16.71	26.34	35.87	53.45	70.92
23126400.00	4.89	30.09	-4.86	1.18	16.71	26.34	35.87	53.45	70.92
23130000.00	53.29	30.09	-4.86	1.18	16.71	26.34	35.87	53.45	70.92
23133600.00	73.49	30.09	-4.86	1.18	16.71	26.34	35.87	53.45	70.92
23137200.00	81.50	30.09	-4.86	1.18	16.71	26.34	35.87	53.45	70.92
23140800.00	85.96	30.09	-4.86	1.18	16.71	26.34	35.87	53.45	70.92
23144400.00	68.12	30.09	-4.86	1.18	16.71	26.34	35.87	53.45	70.92
23148000.00	54.84	30.09	-4.86	1.18	16.71	26.34	35.87	53.45	70.92
23151600.00	64.49	30.09	-4.86	1.18	16.71	26.34	35.87	53.45	70.92
23155200.00	82.44	16.89	-8.26	-7.50	-4.42	4.88	21.85	42.20	54.87
23158800.00	68.17	16.89	-8.26	-7.50	-4.42	4.88	21.85	42.20	54.87
23162400.00	32.81	16.89	-8.26	-7.50	-4.42	4.88	21.85	42.20	54.87
23166000.00	13.87	16.89	-8.26	-7.50	-4.42	4.88	21.85	42.20	54.87
23169600.00	-2.62	16.89	-8.26	-7.50	-4.42	4.88	21.85	42.20	54.87
23173200.00	-3.15	16.89	-8.26	-7.50	-4.42	4.88	21.85	42.20	54.87
23176800.00	23.84	16.89	-8.26	-7.50	-4.42	4.88	21.85	42.20	54.87
23180400.00	-4.74	16.89	-8.26	-7.50	-4.42	4.88	21.85	42.20	54.87
23184000.00	-6.61	16.89	-8.26	-7.50	-4.42	4.88	21.85	42.20	54.87
23187600.00	-7.55	16.89	-8.26	-7.50	-4.42	4.88	21.85	42.20	54.87
23191200.00	-10.40	16.89	-8.26	-7.50	-4.42	4.88	21.85	42.20	54.87
23194800.00	-18.26	16.89	-8.26	-7.50	-4.42	4.88	21.85	42.20	54.87
23198400.00	-20.68	16.89	-8.26	-7.50	-4.42	4.88	21.85	42.20	54.87
23202000.00	-16.82	16.89	-8.26	-7.50	-4.42	4.88	21.85	42.20	54.87
23205600.00	-12.69	16.89	-8.26	-7.50	-4.42	4.88	21.85	42.20	54.87
23209200.00	-16.05	16.89	-8.26	-7.50	-4.42	4.88	21.85	42.20	54.87
23212800.00	-7.49	16.89	-8.26	-7.50	-4.42	4.88	21.85	42.20	54.87
23216400.00	12.38	16.89	-8.26	-7.50	-4.42	4.88	21.85	42.20	54.87
23220000.00	41.98	16.89	-8.26	-7.50	-4.42	4.88	21.85	42.20	54.87
23223600.00	46.03	16.89	-8.26	-7.50	-4.42	4.88	21.85	42.20	54.87
23227200.00	57.60	16.89	-8.26	-7.50	-4.42	4.88	21.85	42.20	54.87
23230800.00	57.67	16.89	-8.26	-7.50	-4.42	4.88	21.85	42.20	54.87
23234400.00	51.53	16.89	-8.26	-7.50	-4.42	4.88	21.85	42.20	54.87
23238000.00	44.13	16.89	-8.26	-7.50	-4.42	4.88	21.85	42.20	54.87
23241600.00	73.00	21.97	-11.35	-8.50	-2.02	22.03	42.94	50.55	59.86
23245200.00	56.19	21.97	-11.35	-8.50	-2.02	22.03	42.94	50.55	59.86
23248800.00	71.03	21.97	-11.35	-8.50	-2.02	22.03	42.94	50.55	59.86
23252400.00	90.01	21.97	-11.35	-8.50	-2.02	22.03	42.94	50.55	59.86
23256000.00	52.84	21.97	-11.35	-8.50	-2.02	22.03	42.94	50.55	59.86
23259600.00	50.29	21.97	-11.35	-8.50	-2.02	22.03	42.94	50.55	59.86
23263200.00	30.31	21.97	-11.35	-8.50	-2.02	22.03	42.94	50.55	59.86
23266800.00	-4.85	21.97	-11.35	-8.50	-2.02	22.03	42.94	50.55	59.86
23270400.00	-6.00	21.97	-11.35	-8.50	-2.02	22.03	42.94	50.55	59.86
23274000.00	-8.22	21.97	-11.35	-8.50	-2.02	22.03	42.94	50.55	59.86
23277600.00	-11.03	21.97	-11.35	-8.50	-2.02	22.03	42.94	50.55	59.86
23281200.00	-15.43	21.97	-11.35	-8.50	-2.02	22.03	42.94	50.55	59.86
23284800.00	-24.94	21.97	-11.35	-8.50	-2.02	22.03	42.94	50.55	59.86
23288400.00	-28.04	21.97	-11.35	-8.50	-2.02	22.03	42.94	50.55	59.86
23292000.00	-30.25	21.97	-11.35	-8.50	-2.02	22.03	42.94	50.55	59.86
23295600.00	-22.70	21.97	-11.35	-8.50	-2.02	22.03	42.94	50.55	59.86
23299200.00	-12.32	21.97	-11.35	-8.50	-2.02	22.03	42.94	50.55	59.86
23302800.00	9.31	21.97	-11.35	-8.50	-2.02	22.03	42.94	50.55	59.86
23306400.00	48.05	21.97	-11.35	-8.50	-2.02	22.03	42.94	50.55	59.86
23310000.00	13.76	21.97	-11.35	-8.50	-2.02	22.03	42.94	50.55	59.86
23313600.00	30.89	21.97	-11.35	-8.50	-2.02	22.03	42.94	50.55	59.86
23317200.00	45.96	21.97	-11.35	-8.50	-2.02	22.03	42.94	50.55	59.86
23320800.00	57.87	21.97	-11.35	-8.50	-2.02	22.03	42.94	50.55	59.86
23324400.00	61.49	21.97	-11.35	-8.50	-2.02	22.03	42.94	50.55	59.86
23328000.00	65.95	44.91	-1.45	0.70	24.42	48.50	55.39	66.89	102.04
23331600.00	60.00	44.91	-1.45	0.70	24.42	48.50	55.39	66.89	102.04
23335200.00	44.91	44.91	-1.45	0.70	24.42	48.50	55.39	66.89	102.04
23338800.00	52.79	44.91	-1.45	0.70	24.42	48.50	55.39	66.89	102.04
23342400.00	51.43	44.91	-1.45	0.70	24.42	48.50	55.39	66.89	102.04
23346000.00	56.04	44.91	-1.45	0.70	24.42	48.50	55.39	66.89	102.04
23349600.00	45.57	44.91	-1.45	0.70	24.42	48.50	55.39	66.89	102.04
23353200.00	4.96	44.91	-1.45	0.70	24.42	48.50	55.39	66.89	102.04
23356800.00	0.77	44.91	-1.45	0.70	24.42	48.50	55.39	66.89	102.04
23360400.00	-7.67	44.91	-1.45	0.70	24.42	48.50	55.39	66.89	102.04
23364000.00	-9.19	44.91	-1.45	0.70	24.42	48.50	55.39	66.89	102.04
23367600.00	-9.01	44.91	-1.45	0.70	24.42	48.50	55.39	66.89	102.04
23371200.00	-8.79	44.91	-1.45	0.70	24.42	48.50	55.39	66.89	102.04
23374800.00	-6.67	44.91	-1.45	0.70	24.42	48.50	55.39	66.89	102.04
23378400.00	-5.90	44.91	-1.45	0.70	24.42	48.50	55.39	66.89	102.04
23382000.00	0.03	44.91	-1.45	0.70	24.42	48.50	55.39	66.89	102.04
23385600.00	19.30	44.91	-1.45	0.70	24.42	48.50	55.39	66.89	102.04
23389200.00	100.94	44.91	-1.45	0.70	24.42	48.50	55.39	66.89	102.04
23392800.00	126.07	44.91	-1.45	0.70	24.42	48.50	55.39	66.89	102.04
23396400.00	111.59	44.91	-1.45	0.70	24.42	48.50	55.39	66.89	102.04
23400000.00	114.63	44.91	-1.45	0.70	24.42	48.50	55.39	66.89	102.04
23403600.00	102.93	44.91	-1.45	0.70	24.42	48.50	55.39	66.89	102.04
23407200.00	91.82	44.91	-1.45	0.70	24.42	48.50	55.39	66.89	102.04
23410800.00	75.30	44.91	-1.45	0.70	24.42	48.50	55.39	66.89	102.04
23414400.00	59.11	38.96	-8.59	-5.94	8.87	43.29	52.42	60.53	88.82
23418000.00	52.50	38.96	-8.59	-5.94	8.87	43.29	52.42	60.53	88.82
23421600.00	52.10	38.96	-8.59	-5.94	8.87	43.29	52.42	60.53	88.82
23425200.00	57.72	38.96	-8.59	-5.94	8.87	43.29	52.42	60.53	88.82
23428800.00	38.06	38.96	-8.59	-5.94	8.87	43.29	52.42	60.53	88.82
23432400.00	15.27	38.96	-8.59	-5.94	8.87	43.29	52.42	60.53	88.82
23436000.00	5.33	38.96	-8.59	-5.94	8.87	43.29	52.42	60.53	88.82
23439600.00	-5.66	38.96	-8.59	-5.94	8.87	43.29	52.42	60.53	88.82
23443200.00	-11.38	38.96	-8.59	-5.94	8.87	43.29	52.42	60.53	88.82
23446800.00	-12.13	38.96	-8.59	-5.94	8.87	43.29	52.42	60.53	88.82
23450400.00	-14.93	38.96	-8.59	-5.94	8.87	43.29	52.42	60.53	88.82
23454000.00	-11.48	38.96	-8.59	-5.94	8.87	43.29	52.42	60.53	88.82
23457600.00	-8.90	38.96	-8.59	-5.94	8.87	43.29	52.42	60.53	88.82
23461200.00	-13.61	38.96	-8.59	-5.94	8.87	43.29	52.42	60.53	88.82
23464800.00	-8.49	38.96	-8.59	-5.94	8.87	43.29	52.42	60.53	88.82
23468400.00	7.27	38.96	-8.59	-5.94	8.87	43.29	52.42	60.53	88.82
23472000.00	48.53	38.96	-8.59	-5.94	8.87	43.29	52.42	60.53	88.82
23475600.00	121.09	38.96	-8.59	-5.94	8.87	43.29	52.42	60.53	88.82
23479200.00	111.88	38.96	-8.59	-5.94	8.87	43.29	52.42	60.53	88.82
23482800.00	82.10	38.96	-8.59	-5.94	8.87	43.29	52.42	60.53	88.82
23486400.00	88.66	38.96	-8.59	-5.94	8.87	43.29	52.42	60.53	88.82
23490000.00	88.96	38.96	-8.59	-5.94	8.87	43.29	52.42	60.53	88.82
23493600.00	119.85	38.96	-8.59	-5.94	8.87	43.29	52.42	60.53	88.82
23497200.00	73.29	38.96	-8.59	-5.94	8.87	43.29	52.42	60.53	88.82
23500800.00	57.39	23.43	-5.81	-4.66	3.59	20.12	38.03	51.08	55.22
23504400.00	55.43	23.43	-5.81	-4.66	3.59	20.12	38.03	51.08	55.22
23508000.00	54.96	23.43	-5.81	-4.66	3.59	20.12	38.03	51.08	55.22
23511600.00	51.63	23.43	-5.81	-4.66	3.59	20.12	38.03	51.08	55.22
23515200.00	39.63	23.43	-5.81	-4.66	3.59	20.12	38.03	51.08	55.22
23518800.00	54.27	23.43	-5.81	-4.66	3.59	20.12	38.03	51.08	55.22
23522400.00	18.32	23.43	-5.81	-4.66	3.59	20.12	38.03	51.08	55.22
23526000.00	-0.04	23.43	-5.81	-4.66	3.59	20.12	38.03	51.08	55.22
23529600.00	3.57	23.43	-5.81	-4.66	3.59	20.12	38.03	51.08	55.22
23533200.00	-4.53	23.43	-5.81	-4.66	3.59	20.12	38.03	51.08	55.22
23536800.00	-5.81	23.43	-5.81	-4.66	3.59	20.12	38.03	51.08	55.22
23540400.00	-7.47	23.43	-5.81	-4.66	3.59	20.12	38.03	51.08	55.22
23544000.00	-5.81	23.43	-5.81	-4.66	3.59	20.12	38.03	51.08	55.22
23547600.00	-11.11	23.43	-5.81	-4.66	3.59	20.12	38.03	51.08	55.22
23551200.00	-16.48	23.43	-5.81	-4.66	3.59	20.12	38.03	51.08	55.22
23554800.00	-10.77	23.43	-5.81	-4.66	3.59	20.12	38.03	51.08	55.22
23558400.00	-9.33	23.43	-5.81	-4.66	3.59	20.12	38.03	51.08	55.22
23562000.00	21.92	23.43	-5.81	-4.66	3.59	20.12	38.03	51.08	55.22
23565600.00	72.21	23.43	-5.81	-4.66	3.59	20.12	38.03	51.08	55.22
23569200.00	68.94	23.43	-5.81	-4.66	3.59	20.12	38.03	51.08	55.22
23572800.00	51.02	23.43	-5.81	-4.66	3.59	20.12	38.03	51.08	55.22
23576400.00	49.05	23.43	-5.81	-4.66	3.59	20.12	38.03	51.08	55.22
23580000.00	31.64	23.43	-5.81	-4.66	3.59	20.12	38.03	51.08	55.22
23583600.00	3.70	23.43	-5.81	-4.66	3.59	20.12	38.03	51.08	55.22
23587200.00	4.88	-5.13	-9.23	-9.03	-6.72	-5.94	-5.70	-4.92	-0.13
23590800.00	1.41	-5.13	-9.23	-9.03	-6.72	-5.94	-5.70	-4.92	-0.13
23594400.00	-5.08	-5.13	-9.23	-9.03	-6.72	-5.94	-5.70	-4.92	-0.13
23598000.00	-5.70	-5.13	-9.23	-9.03	-6.72	-5.94	-5.70	-4.92	-0.13
23601600.00	-5.72	-5.13	-9.23	-9.03	-6.72	-5.94	-5.70	-4.92	-0.13
23605200.00	-5.73	-5.13	-9.23	-9.03	-6.72	-5.94	-5.70	-4.92	-0.13
23608800.00	-6.16	-5.13	-9.23	-9.03	-6.72	-5.94	-5.70	-4.92	-0.13
23612400.00	-9.56	-5.13	-9.23	-9.03	-6.72	-5.94	-5.70	-4.92	-0.13
23616000.00	-9.21	-5.13	-9.23	-9.03	-6.72	-5.94	-5.70	-4.92	-0.13
23619600.00	-9.01	-5.13	-9.23	-9.03	-6.72	-5.94	-5.70	-4.92	-0.13
23623200.00	-9.97	-5.13	-9.23	-9.03	-6.72	-5.94	-5.70	-4.92	-0.13
23626800.00	-9.29	-5.13	-9.23	-9.03	-6.72	-5.94	-5.70	-4.92	-0.13
23630400.00	-9.40	-5.13	-9.23	-9.03	-6.72	-5.94	-5.70	-4.92	-0.13
23634000.00	-10.47	-5.13	-9.23	-9.03	-6.72	-5.94	-5.70	-4.92	-0.13
23637600.00	-9.53	-5.13	-9.23	-9.03	-6.72	-5.94	-5.70	-4.92	-0.13
23641200.00	-8.65	-5.13	-9.23	-9.03	-6.72	-5.94	-5.70	-4.92	-0.13
23644800.00	-6.80	-5.13	-9.23	-9.03	-6.72	-5.94	-5.70	-4.92	-0.13
23648400.00	-3.52	-5.13	-9.23	-9.03	-6.72	-5.94	-5.70	-4.92	-0.13
23652000.00	4.87	-5.13	-9.23	-9.03	-6.72	-5.94	-5.70	-4.92	-0.13
23655600.00	-2.02	-5.13	-9.23	-9.03	-6.72	-5.94	-5.70	-4.92	-0.13
23659200.00	6.21	-5.13	-9.23	-9.03	-6.72	-5.94	-5.70	-4.92	-0.13
23662800.00	-3.29	-5.13	-9.23	-9.03	-6.72	-5.94	-5.70	-4.92	-0.13
23666400.00	-6.41	-5.13	-9.23	-9.03	-6.72	-5.94	-5.70	-4.92	-0.13
23670000.00	-5.09	-5.13	-9.23	-9.03	-6.72	-5.94	-5.70	-4.92	-0.13
23673600.00	-1.80	8.75	-9.01	-8.42	-7.73	-7.31	-6.81	-5.77	52.53
23677200.00	-6.21	8.75	-9.01	-8.42	-7.73	-7.31	-6.81	-5.77	52.53
23680800.00	-7.21	8.75	-9.01	-8.42	-7.73	-7.31	-6.81	-5.77	52.53
23684400.00	-8.11	8.75	-9.01	-8.42	-7.73	-7.31	-6.81	-5.77	52.53
23688000.00	-7.46	8.75	-9.01	-8.42	-7.73	-7.31	-6.81	-5.77	52.53
23691600.00	-6.81	8.75	-9.01	-8.42	-7.73	-7.31	-6.81	-5.77	52.53
23695200.00	-6.33	8.75	-9.01	-8.42	-7.73	-7.31	-6.81	-5.77	52.53
23698800.00	-6.81	8.75	-9.01	-8.42	-7.73	-7.31	-6.81	-5.77	52.53
23702400.00	-7.42	8.75	-9.01	-8.42	-7.73	-7.31	-6.81	-5.77	52.53
23706000.00	-9.30	8.75	-9.01	-8.42	-7.73	-7.31	-6.81	-5.77	52.53
23709600.00	-9.01	8.75	-9.01	-8.42	-7.73	-7.31	-6.81	-5.77	52.53
23713200.00	-7.79	8.75	-9.01	-8.42	-7.73	-7.31	-6.81	-5.77	52.53
23716800.00	-9.02	8.75	-9.01	-8.42	-7.73	-7.31	-6.81	-5.77	52.53
23720400.00	-11.10	8.75	-9.01	-8.42	-7.73	-7.31	-6.81	-5.77	52.53
23724000.00	-26.35	8.75	-9.01	-8.42	-7.73	-7.31	-6.81	-5.77	52.53
23727600.00	-16.64	8.75	-9.01	-8.42	-7.73	-7.31	-6.81	-5.77	52.53
23731200.00	-8.36	8.75	-9.01	-8.42	-7.73	-7.31	-6.81	-5.77	52.53
23734800.00	-9.19	8.75	-9.01	-8.42	-7.73	-7.31	-6.81	-5.77	52.53
23738400.00	51.61	8.75	-9.01	-8.42	-7.73	-7.31	-6.81	-5.77	52.53
23742000.00	53.02	8.75	-9.01	-8.42	-7.73	-7.31	-6.81	-5.77	52.53
23745600.00	51.93	8.75	-9.01	-8.42	-7.73	-7.31	-6.81	-5.77	52.53
23749200.00	57.99	8.75	-9.01	-8.42	-7.73	-7.31	-6.81	-5.77	52.53
23752800.00	57.06	8.75	-9.01	-8.42	-7.73	-7.31	-6.81	-5.77	52.53
23756400.00	103.30	8.75	-9.01	-8.42	-7.73	-7.31	-6.81	-5.77	52.53
23760000.00	93.63	41.50	-7.17	-5.14	10.96	23.83	50.28	66.48	104.26
23763600.00	35.23	41.50	-7.17	-5.14	10.96	23.83	50.28	66.48	104.26
23767200.00	54.05	41.50	-7.17	-5.14	10.96	23.83	50.28	66.48	104.26
23770800.00	64.02	41.50	-7.17	-5.14	10.96	23.83	50.28	66.48	104.26
23774400.00	25.53	41.50	-7.17	-5.14	10.96	23.83	50.28	66.48	104.26
23778000.00	22.13	41.50	-7.17	-5.14	10.96	23.83	50.28	66.48	104.26
23781600.00	9.07	41.50	-7.17	-5.14	10.96	23.83	50.28	66.48	104.26
23785200.00	18.54	41.50	-7.17	-5.14	10.96	23.83	50.28	66.48	104.26
23788800.00	-1.35	41.50	-7.17	-5.14	10.96	23.83	50.28	66.48	104.26
23792400.00	-6.93	41.50	-7.17	-5.14	10.96	23.83	50.28	66.48	104.26
23796000.00	-7.89	41.50	-7.17	-5.14	10.96	23.83	50.28	66.48	104.26
23799600.00	-8.11	41.50	-7.17	-5.14	10.96	23.83	50.28	66.48	104.26
23803200.00	-8.63	41.50	-7.17	-5.14	10.96	23.83	50.28	66.48	104.26
23806800.00	-9.18	41.50	-7.17	-5.14	10.96	23.83	50.28	66.48	104.26
23810400.00	-10.31	41.50	-7.17	-5.14	10.96	23.83	50.28	66.48	104.26
23814000.00	-14.79	41.50	-7.17	-5.14	10.96	23.83	50.28	66.48	104.26
23817600.00	-4.94	41.50	-7.17	-5.14	10.96	23.83	50.28	66.48	104.26
23821200.00	65.79	41.50	-7.17	-5.14	10.96	23.83	50.28	66.48	104.26
23824800.00	98.27	41.50	-7.17	-5.14	10.96	23.83	50.28	66.48	104.26
23828400.00	115.98	41.50	-7.17	-5.14	10.96	23.83	50.28	66.48	104.26
23832000.00	124.33	41.50	-7.17	-5.14	10.96	23.83	50.28	66.48	104.26
23835600.00	159.61	41.50	-7.17	-5.14	10.96	23.83	50.28	66.48	104.26
23839200.00	109.16	41.50	-7.17	-5.14	10.96	23.83	50.28	66.48	104.26
23842800.00	72.71	41.50	-7.17	-5.14	10.96	23.83	50.28	66.48	104.26
23846400.00	66.22	17.03	-17.19	-13.32	-8.09	0.45	31.71	58.05	64.87
23850000.00	64.27	17.03	-17.19	-13.32	-8.09	0.45	31.71	58.05	64.87
23853600.00	64.40	17.03	-17.19	-13.32	-8.09	0.45	31.71	58.05	64.87
23857200.00	65.26	17.03	-17.19	-13.32	-8.09	0.45	31.71	58.05	64.87
23860800.00	60.06	17.03	-17.19	-13.32	-8.09	0.45	31.71	58.05	64.87
23864400.00	66.78	17.03	-17.19	-13.32	-8.09	0.45	31.71	58.05	64.87
23868000.00	29.07	17.03	-17.19	-13.32	-8.09	0.45	31.71	58.05	64.87
23871600.00	-8.01	17.03	-17.19	-13.32	-8.09	0.45	31.71	58.05	64.87
23875200.00	-15.73	17.03	-17.19	-13.32	-8.09	0.45	31.71	58.05	64.87
23878800.00	-13.05	17.03	-17.19	-13.32	-8.09	0.45	31.71	58.05	64.87
23882400.00	-28.42	17.03	-17.19	-13.32	-8.09	0.45	31.71	58.05	64.87
23886000.00	-26.03	17.03	-17.19	-13.32	-8.09	0.45	31.71	58.05	64.87
23889600.00	-21.58	17.03	-17.19	-13.32	-8.09	0.45	31.71	58.05	64.87
23893200.00	-31.26	17.03	-17.19	-13.32	-8.09	0.45	31.71	58.05	64.87
23896800.00	-41.19	17.03	-17.19	-13.32	-8.09	0.45	31.71	58.05	64.87
23900400.00	-24.77	17.03	-17.19	-13.32	-8.09	0.45	31.71	58.05	64.87
23904000.00	-0.96	17.03	-17.19	-13.32	-8.09	0.45	31.71	58.05	64.87
23907600.00	49.37	17.03	-17.19	-13.32	-8.09	0.45	31.71	58.05	64.87
23911200.00	78.45	17.03	-17.19	-13.32	-8.09	0.45	31.71	58.05	64.87
23914800.00	57.83	17.03	-17.19	-13.32	-8.09	0.45	31.71	58.05	64.87
23918400.00	32.36	17.03	-17.19	-13.32	-8.09	0.45	31.71	58.05	64.87
23922000.00	1.85	17.03	-17.19	-13.32	-8.09	0.45	31.71	58.05	64.87
23925600.00	-8.11	17.03	-17.19	-13.32	-8.09	0.45	31.71	58.05	64.87
23929200.00	-8.18	17.03	-17.19	-13.32	-8.09	0.45	31.71	58.05	64.87
23932800.00	-7.69	-11.45	-15.05	-12.45	-8.09	-7.87	-7.68	-6.91	-5.79
23936400.00	-8.11	-11.45	-15.05	-12.45	-8.09	-7.87	-7.68	-6.91	-5.79
23940000.00	-10.47	-11.45	-15.05	-12.45	-8.09	-7.87	-7.68	-6.91	-5.79
23943600.00	-7.68	-11.45	-15.05	-12.45	-8.09	-7.87	-7.68	-6.91	-5.79
23947200.00	-8.03	-11.45	-15.05	-12.45	-8.09	-7.87	-7.68	-6.91	-5.79
23950800.00	-7.96	-11.45	-15.05	-12.45	-8.09	-7.87	-7.68	-6.91	-5.79
23954400.00	-7.78	-11.45	-15.05	-12.45	-8.09	-7.87	-7.68	-6.91	-5.79
23958000.00	-12.29	-11.45	-15.05	-12.45	-8.09	-7.87	-7.68	-6.91	-5.79
23961600.00	-20.79	-11.45	-15.05	-12.45	-8.09	-7.87	-7.68	-6.91	-5.79
23965200.00	-33.16	-11.45	-15.05	-12.45	-8.09	-7.87	-7.68	-6.91	-5.79
23968800.00	-24.32	-11.45	-15.05	-12.45	-8.09	-7.87	-7.68	-6.91	-5.79
23972400.00	-18.80	-11.45	-15.05	-12.45	-8.09	-7.87	-7.68	-6.91	-5.79
23976000.00	-25.06	-11.45	-15.05	-12.45	-8.09	-7.87	-7.68	-6.91	-5.79
23979600.00	-22.93	-11.45	-15.05	-12.45	-8.09	-7.87	-7.68	-6.91	-5.79
23983200.00	-13.80	-11.45	-15.05	-12.45	-8.09	-7.87	-7.68	-6.91	-5.79
23986800.00	-7.47	-11.45	-15.05	-12.45	-8.09	-7.87	-7.68	-6.91	-5.79
23990400.00	-6.50	-11.45	-15.05	-12.45	-8.09	-7.87	-7.68	-6.91	-5.79
23994000.00	2.45	-11.45	-15.05	-12.45	-8.09	-7.87	-7.68	-6.91	-5.79
23997600.00	-6.93	-11.45	-15.05	-12.45	-8.09	-7.87	-7.68	-6.91	-5.79
24001200.00	-6.49	-11.45	-15.05	-12.45	-8.09	-7.87	-7.68	-6.91	-5.79
24004800.00	-6.67	-11.45	-15.05	-12.45	-8.09	-7.87	-7.68	-6.91	-5.79
24008400.00	-5.22	-11.45	-15.05	-12.45	-8.09	-7.87	-7.68	-6.91	-5.79
24012000.00	-4.88	-11.45	-15.05	-12.45	-8.09	-7.87	-7.68	-6.91	-5.79
24015600.00	-4.09	-11.45	-15.05	-12.45	-8.09	-7.87	-7.68	-6.91	-5.79
24019200.00	-4.34	33.17	-2.10	-1.13	15.22	20.13	33.43	49.68	85.54
24022800.00	-4.31	33.17	-2.10	-1.13	15.22	20.13	33.43	49.68	85.54
24026400.00	-4.46	33.17	-2.10	-1.13	15.22	20.13	33.43	49.68	85.54
24030000.00	-4.50	33.17	-2.10	-1.13	15.22	20.13	33.43	49.68	85.54
24033600.00	-0.94	33.17	-2.10	-1.13	15.22	20.13	33.43	49.68	85.54
24037200.00	14.98	33.17	-2.10	-1.13	15.22	20.13	33.43	49.68	85.54
24040800.00	17.93	33.17	-2.10	-1.13	15.22	20.13	33.43	49.68	85.54
24044400.00	34.50	33.17	-2.10	-1.13	15.22	20.13	33.43	49.68	85.54
24048000.00	40.59	33.17	-2.10	-1.13	15.22	20.13	33.43	49.68	85.54
24051600.00	16.16	33.17	-2.10	-1.13	15.22	20.13	33.43	49.68	85.54
24055200.00	-1.10	33.17	-2.10	-1.13	15.22	20.13	33.43	49.68	85.54
24058800.00	-1.36	33.17	-2.10	-1.13	15.22	20.13	33.43	49.68	85.54
24062400.00	-6.09	33.17	-2.10	-1.13	15.22	20.13	33.43	49.68	85.54
24066000.00	-6.13	33.17	-2.10	-1.13	15.22	20.13	33.43	49.68	85.54
24069600.00	22.32	33.17	-2.10	-1.13	15.22	20.13	33.43	49.68	85.54
24073200.00	29.16	33.17	-2.10	-1.13	15.22	20.13	33.43	49.68	85.54
24076800.00	47.95	33.17	-2.10	-1.13	15.22	20.13	33.43	49.68	85.54
24080400.00	65.26	33.17	-2.10	-1.13	15.22	20.13	33.43	49.68	85.54
24084000.00	82.97	33.17	-2.10	-1.13	15.22	20.13	33.43	49.68	85.54
24087600.00	83.04	33.17	-2.10	-1.13	15.22	20.13	33.43	49.68	85.54
24091200.00	87.58	33.17	-2.10	-1.13	15.22	20.13	33.43	49.68	85.54
24094800.00	93.83	33.17	-2.10	-1.13	15.22	20.13	33.43	49.68	85.54
24098400.00	95.27	33.17	-2.10	-1.13	15.22	20.13	33.43	49.68	85.54
24102000.00	97.77	33.17	-2.10	-1.13	15.22	20.13	33.43	49.68	85.54
24105600.00	104.23	51.73	-7.14	-5.52	42.02	84.33	93.62	101.41	106.23
24109200.00	101.10	51.73	-7.14	-5.52	42.02	84.33	93.62	101.41	106.23
24112800.00	99.39	51.73	-7.14	-5.52	42.02	84.33	93.62	101.41	106.23
24116400.00	91.58	51.73	-7.14	-5.52	42.02	84.33	93.62	101.41	106.23
24120000.00	106.53	51.73	-7.14	-5.52	42.02	84.33	93.62	101.41	106.23
24123600.00	126.34	51.73	-7.14	-5.52	42.02	84.33	93.62	101.41	106.23
24127200.00	136.75	51.73	-7.14	-5.52	42.02	84.33	93.62	101.41	106.23
24130800.00	77.54	51.73	-7.14	-5.52	42.02	84.33	93.62	101.41	106.23
24134400.00	29.21	51.73	-7.14	-5.52	42.02	84.33	93.62	101.41	106.23
24138000.00	-7.10	51.73	-7.14	-5.52	42.02	84.33	93.62	101.41	106.23
24141600.00	-5.34	51.73	-7.14	-5.52	42.02	84.33	93.62	101.41	106.23
24145200.00	-7.25	51.73	-7.14	-5.52	42.02	84.33	93.62	101.41	106.23
24148800.00	-11.88	51.73	-7.14	-5.52	42.02	84.33	93.62	101.41	106.23
24152400.00	-13.10	51.73	-7.14	-5.52	42.02	84.33	93.62	101.41	106.23
24156000.00	-45.61	51.73	-7.14	-5.52	42.02	84.33	93.62	101.41	106.23
24159600.00	-125.72	51.73	-7.14	-5.52	42.02	84.33	93.62	101.41	106.23
24163200.00	-47.95	51.73	-7.14	-5.52	42.02	84.33	93.62	101.41	106.23
24166800.00	33.14	51.73	-7.14	-5.52	42.02	84.33	93.62	101.41	106.23
24170400.00	81.02	51.73	-7.14	-5.52	42.02	84.33	93.62	101.41	106.23
24174000.00	87.64	51.73	-7.14	-5.52	42.02	84.33	93.62	101.41	106.23
24177600.00	94.13	51.73	-7.14	-5.52	42.02	84.33	93.62	101.41	106.23
24181200.00	105.86	51.73	-7.14	-5.52	42.02	84.33	93.62	101.41	106.23
24184800.00	105.11	51.73	-7.14	-5.52	42.02	84.33	93.62	101.41	106.23
24188400.00	126.01	51.73	-7.14	-5.52	42.02	84.33	93.62	101.41	106.23
24192000.00	175.45	42.69	-10.92	-8.24	3.73	31.35	46.40	59.54	119.85
24195600.00	160.75	42.69	-10.92	-8.24	3.73	31.35	46.40	59.54	119.85
24199200.00	110.38	42.69	-10.92	-8.24	3.73	31.35	46.40	59.54	119.85
24202800.00	101.08	42.69	-10.92	-8.24	3.73	31.35	46.40	59.54	119.85
24206400.00	86.32	42.69	-10.92	-8.24	3.73	31.35	46.40	59.54	119.85
24210000.00	127.60	42.69	-10.92	-8.24	3.73	31.35	46.40	59.54	119.85
24213600.00	141.71	42.69	-10.92	-8.24	3.73	31.35	46.40	59.54	119.85
24217200.00	46.24	42.69	-10.92	-8.24	3.73	31.35	46.40	59.54	119.85
24220800.00	-1.70	42.69	-10.92	-8.24	3.73	31.35	46.40	59.54	119.85
24224400.00	-7.44	42.69	-10.92	-8.24	3.73	31.35	46.40	59.54	119.85
24228000.00	-11.04	42.69	-10.92	-8.24	3.73	31.35	46.40	59.54	119.85
24231600.00	-10.89	42.69	-10.92	-8.24	3.73	31.35	46.40	59.54	119.85
24235200.00	-12.34	42.69	-10.92	-8.24	3.73	31.35	46.40	59.54	119.85
24238800.00	-33.41	42.69	-10.92	-8.24	3.73	31.35	46.40	59.54	119.85
24242400.00	-32.92	42.69	-10.92	-8.24	3.73	31.35	46.40	59.54	119.85
24246000.00	-38.74	42.69	-10.92	-8.24	3.73	31.35	46.40	59.54	119.85
24249600.00	-11.01	42.69	-10.92	-8.24	3.73	31.35	46.40	59.54	119.85
24253200.00	-7.95	42.69	-10.92	-8.24	3.73	31.35	46.40	59.54	119.85
24256800.00	46.44	42.69	-10.92	-8.24	3.73	31.35	46.40	59.54	119.85
24260400.00	56.56	42.69	-10.92	-8.24	3.73	31.35	46.40	59.54	119.85
24264000.00	51.45	42.69	-10.92	-8.24	3.73	31.35	46.40	59.54	119.85
24267600.00	35.06	42.69	-10.92	-8.24	3.73	31.35	46.40	59.54	119.85
24271200.00	27.63	42.69	-10.92	-8.24	3.73	31.35	46.40	59.54	119.85
24274800.00	25.42	42.69	-10.92	-8.24	3.73	31.35	46.40	59.54	119.85
24278400.00	19.49	-0.99	-15.20	-11.65	-7.34	-6.78	-4.20	3.35	27.61
24282000.00	7.25	-0.99	-15.20	-11.65	-7.34	-6.78	-4.20	3.35	27.61
24285600.00	5.54	-0.99	-15.20	-11.65	-7.34	-6.78	-4.20	3.35	27.61
24289200.00	1.91	-0.99	-15.20	-11.65	-7.34	-6.78	-4.20	3.35	27.61
24292800.00	-3.95	-0.99	-15.20	-11.65	-7.34	-6.78	-4.20	3.35	27.61
24296400.00	-6.78	-0.99	-15.20	-11.65	-7.34	-6.78	-4.20	3.35	27.61
24300000.00	-6.79	-0.99	-15.20	-11.65	-7.34	-6.78	-4.20	3.35	27.61
24303600.00	-7.45	-0.99	-15.20	-11.65	-7.34	-6.78	-4.20	3.35	27.61
24307200.00	-11.31	-0.99	-15.20	-11.65	-7.34	-6.78	-4.20	3.35	27.61
24310800.00	-16.60	-0.99	-15.20	-11.65	-7.34	-6.78	-4.20	3.35	27.61
24314400.00	-18.25	-0.99	-15.20	-11.65	-7.34	-6.78	-4.20	3.35	27.61
24318000.00	-14.73	-0.99	-15.20	-11.65	-7.34	-6.78	-4.20	3.35	27.61
24321600.00	-25.53	-0.99	-15.20	-11.65	-7.34	-6.78	-4.20	3.35	27.61
24325200.00	-26.60	-0.99	-15.20	-11.65	-7.34	-6.78	-4.20	3.35	27.61
24328800.00	-25.51	-0.99	-15.20	-11.65	-7.34	-6.78	-4.20	3.35	27.61
24332400.00	-34.23	-0.99	-15.20	-11.65	-7.34	-6.78	-4.20	3.35	27.61
24336000.00	-9.99	-0.99	-15.20	-11.65	-7.34	-6.78	-4.20	3.35	27.61
24339600.00	-5.16	-0.99	-15.20	-11.65	-7.34	-6.78	-4.20	3.35	27.61
24343200.00	38.20	-0.99	-15.20	-11.65	-7.34	-6.78	-4.20	3.35	27.61
24346800.00	44.19	-0.99	-15.20	-11.65	-7.34	-6.78	-4.20	3.35	27.61
24350400.00	42.10	-0.99	-15.20	-11.65	-7.34	-6.78	-4.20	3.35	27.61
24354000.00	34.26	-0.99	-15.20	-11.65	-7.34	-6.78	-4.20	3.35	27.61
24357600.00	3.11	-0.99	-15.20	-11.65	-7.34	-6.78	-4.20	3.35	27.61
24361200.00	-6.90	-0.99	-15.20	-11.65	-7.34	-6.78	-4.20	3.35	27.61
24364800.00	-7.35	-22.05	-37.69	-35.38	-27.14	-11.24	-8.38	-7.57	-6.03
24368400.00	-7.17	-22.05	-37.69	-35.38	-27.14	-11.24	-8.38	-7.57	-6.03
24372000.00	-7.59	-22.05	-37.69	-35.38	-27.14	-11.24	-8.38	-7.57	-6.03
24375600.00	-9.46	-22.05	-37.69	-35.38	-27.14	-11.24	-8.38	-7.57	-6.03
24379200.00	-13.02	-22.05	-37.69	-35.38	-27.14	-11.24	-8.38	-7.57	-6.03
24382800.00	-8.60	-22.05	-37.69	-35.38	-27.14	-11.24	-8.38	-7.57	-6.03
24386400.00	-8.32	-22.05	-37.69	-35.38	-27.14	-11.24	-8.38	-7.57	-6.03
24390000.00	-23.81	-22.05	-37.69	-35.38	-27.14	-11.24	-8.38	-7.57	-6.03
24393600.00	-38.16	-22.05	-37.69	-35.38	-27.14	-11.24	-8.38	-7.57	-6.03
24397200.00	-38.42	-22.05	-37.69	-35.38	-27.14	-11.24	-8.38	-7.57	-6.03
24400800.00	-42.41	-22.05	-37.69	-35.38	-27.14	-11.24	-8.38	-7.57	-6.03
24404400.00	-39.25	-22.05	-37.69	-35.38	-27.14	-11.24	-8.38	-7.57	-6.03
24408000.00	-35.14	-22.05	-37.69	-35.38	-27.14	-11.24	-8.38	-7.57	-6.03
24411600.00	-37.53	-22.05	-37.69	-35.38	-27.14	-11.24	-8.38	-7.57	-6.03
24415200.00	-34.48	-22.05	-37.69	-35.38	-27.14	-11.24	-8.38	-7.57	-6.03
24418800.00	-49.83	-22.05	-37.69	-35.38	-27.14	-11.24	-8.38	-7.57	-6.03
24422400.00	-70.94	-22.05	-37.69	-35.38	-27.14	-11.24	-8.38	-7.57	-6.03
24426000.00	-27.97	-22.05	-37.69	-35.38	-27.14	-11.24	-8.38	-7.57	-6.03
24429600.00	-8.23	-22.05	-37.69	-35.38	-27.14	-11.24	-8.38	-7.57	-6.03
24433200.00	-4.35	-22.05	-37.69	-35.38	-27.14	-11.24	-8.38	-7.57	-6.03
24436800.00	-6.00	-22.05	-37.69	-35.38	-27.14	-11.24	-8.38	-7.57	-6.03
24440400.00	-6.07	-22.05	-37.69	-35.38	-27.14	-11.24	-8.38	-7.57	-6.03
24444000.00	-4.22	-22.05	-37.69	-35.38	-27.14	-11.24	-8.38	-7.57	-6.03
24447600.00	-0.96	-22.05	-37.69	-35.38	-27.14	-11.24	-8.38	-7.57	-6.03
24451200.00	-1.81	4.99	-12.07	-7.38	-5.46	-3.20	-0.06	2.25	38.88
24454800.00	-3.36	4.99	-12.07	-7.38	-5.46	-3.20	-0.06	2.25	38.88
24458400.00	-3.66	4.99	-12.07	-7.38	-5.46	-3.20	-0.06	2.25	38.88
24462000.00	0.38	4.99	-12.07	-7.38	-5.46	-3.20	-0.06	2.25	38.88
24465600.00	2.00	4.99	-12.07	-7.38	-5.46	-3.20	-0.06	2.25	38.88
24469200.00	19.44	4.99	-12.07	-7.38	-5.46	-3.20	-0.06	2.25	38.88
24472800.00	1.85	4.99	-12.07	-7.38	-5.46	-3.20	-0.06	2.25	38.88
24476400.00	-5.90	4.99	-12.07	-7.38	-5.46	-3.20	-0.06	2.25	38.88
24480000.00	-6.90	4.99	-12.07	-7.38	-5.46	-3.20	-0.06	2.25	38.88
24483600.00	-14.06	4.99	-12.07	-7.38	-5.46	-3.20	-0.06	2.25	38.88
24487200.00	-16.90	4.99	-12.07	-7.38	-5.46	-3.20	-0.06	2.25	38.88
24490800.00	-18.13	4.99	-12.07	-7.38	-5.46	-3.20	-0.06	2.25	38.88
24494400.00	-21.70	4.99	-12.07	-7.38	-5.46	-3.20	-0.06	2.25	38.88
24498000.00	-17.20	4.99	-12.07	-7.38	-5.46	-3.20	-0.06	2.25	38.88
24501600.00	-13.07	4.99	-12.07	-7.38	-5.46	-3.20	-0.06	2.25	38.88
24505200.00	-11.73	4.99	-12.07	-7.38	-5.46	-3.20	-0.06	2.25	38.88
24508800.00	-6.77	4.99	-12.07	-7.38	-5.46	-3.20	-0.06	2.25	38.88
24512400.00	-3.04	4.99	-12.07	-7.38	-5.46	-3.20	-0.06	2.25	38.88
24516000.00	4.42	4.99	-12.07	-7.38	-5.46	-3.20	-0.06	2.25	38.88
24519600.00	39.41	4.99	-12.07	-7.38	-5.46	-3.20	-0.06	2.25	38.88
24523200.00	38.23	4.99	-12.07	-7.38	-5.46	-3.20	-0.06	2.25	38.88
24526800.00	46.86	4.99	-12.07	-7.38	-5.46	-3.20	-0.06	2.25	38.88
24530400.00	57.13	4.99	-12.07	-7.38	-5.46	-3.20	-0.06	2.25	38.88
24534000.00	54.41	4.99	-12.07	-7.38	-5.46	-3.20	-0.06	2.25	38.88
24537600.00	35.40	24.92	-7.70	-4.86	13.90	28.42	34.56	52.79	59.05
24541200.00	22.87	24.92	-7.70	-4.86	13.90	28.42	34.56	52.79	59.05
24544800.00	31.18	24.92	-7.70	-4.86	13.90	28.42	34.56	52.79	59.05
24548400.00	26.18	24.92	-7.70	-4.86	13.90	28.42	34.56	52.79	59.05
24552000.00	30.67	24.92	-7.70	-4.86	13.90	28.42	34.56	52.79	59.05
24555600.00	49.36	24.92	-7.70	-4.86	13.90	28.42	34.56	52.79	59.05
24559200.00	53.73	24.92	-7.70	-4.86	13.90	28.42	34.56	52.79	59.05
24562800.00	55.49	24.92	-7.70	-4.86	13.90	28.42	34.56	52.79	59.05
24566400.00	10.37	24.92	-7.70	-4.86	13.90	28.42	34.56	52.79	59.05
24570000.00	-4.59	24.92	-7.70	-4.86	13.90	28.42	34.56	52.79	59.05
24573600.00	-7.28	24.92	-7.70	-4.86	13.90	28.42	34.56	52.79	59.05
24577200.00	-8.97	24.92	-7.70	-4.86	13.90	28.42	34.56	52.79	59.05
24580800.00	-10.62	24.92	-7.70	-4.86	13.90	28.42	34.56	52.79	59.05
24584400.00	-15.18	24.92	-7.70	-4.86	13.90	28.42	34.56	52.79	59.05
24588000.00	-17.89	24.92	-7.70	-4.86	13.90	28.42	34.56	52.79	59.05
24591600.00	-16.06	24.92	-7.70	-4.86	13.90	28.42	34.56	52.79	59.05
24595200.00	-10.95	24.92	-7.70	-4.86	13.90	28.42	34.56	52.79	59.05
24598800.00	11.65	24.92	-7.70	-4.86	13.90	28.42	34.56	52.79	59.05
24602400.00	59.23	24.92	-7.70	-4.86	13.90	28.42	34.56	52.79	59.05
24606000.00	61.74	24.92	-7.70	-4.86	13.90	28.42	34.56	52.79	59.05
24609600.00	64.78	24.92	-7.70	-4.86	13.90	28.42	34.56	52.79	59.05
24613200.00	52.69	24.92	-7.70	-4.86	13.90	28.42	34.56	52.79	59.05
24616800.00	58.83	24.92	-7.70	-4.86	13.90	28.42	34.56	52.79	59.05
24620400.00	65.38	24.92	-7.70	-4.86	13.90	28.42	34.56	52.79	59.05
24624000.00	71.57	60.01	13.55	19.61	65.39	72.46	81.05	89.34	102.47
24627600.00	82.44	60.01	13.55	19.61	65.39	72.46	81.05	89.34	102.47
24631200.00	92.30	60.01	13.55	19.61	65.39	72.46	81.05	89.34	102.47
24634800.00	106.84	60.01	13.55	19.61	65.39	72.46	81.05	89.34	102.47
24638400.00	126.06	60.01	13.55	19.61	65.39	72.46	81.05	89.34	102.47
24642000.00	147.21	60.01	13.55	19.61	65.39	72.46	81.05	89.34	102.47
24645600.00	122.12	60.01	13.55	19.61	65.39	72.46	81.05	89.34	102.47
24649200.00	84.75	60.01	13.55	19.61	65.39	72.46	81.05	89.34	102.47
24652800.00	45.45	60.01	13.55	19.61	65.39	72.46	81.05	89.34	102.47
24656400.00	19.67	60.01	13.55	19.61	65.39	72.46	81.05	89.34	102.47
24660000.00	19.05	60.01	13.55	19.61	65.39	72.46	81.05	89.34	102.47
24663600.00	-2.94	60.01	13.55	19.61	65.39	72.46	81.05	89.34	102.47
24667200.00	-7.71	60.01	13.55	19.61	65.39	72.46	81.05	89.34	102.47
24670800.00	-10.01	60.01	13.55	19.61	65.39	72.46	81.05	89.34	102.47
24674400.00	-8.79	60.01	13.55	19.61	65.39	72.46	81.05	89.34	102.47
24678000.00	-7.66	60.01	13.55	19.61	65.39	72.46	81.05	89.34	102.47
24681600.00	-7.04	60.01	13.55	19.61	65.39	72.46	81.05	89.34	102.47
24685200.00	75.50	60.01	13.55	19.61	65.39	72.46	81.05	89.34	102.47
24688800.00	97.13	60.01	13.55	19.61	65.39	72.46	81.05	89.34	102.47
24692400.00	96.52	60.01	13.55	19.61	65.39	72.46	81.05	89.34	102.47
24696000.00	89.01	60.01	13.55	19.61	65.39	72.46	81.05	89.34	102.47
24699600.00	72.40	60.01	13.55	19.61	65.39	72.46	81.05	89.34	102.47
24703200.00	72.51	60.01	13.55	19.61	65.39	72.46	81.05	89.34	102.47
24706800.00	63.84	60.01	13.55	19.61	65.39	72.46	81.05	89.34	102.47
24710400.00	54.64	43.01	-7.17	-5.71	37.05	42.14	56.77	74.34	100.07
24714000.00	42.87	43.01	-7.17	-5.71	37.05	42.14	56.77	74.34	100.07
24717600.00	36.64	43.01	-7.17	-5.71	37.05	42.14	56.77	74.34	100.07
24721200.00	38.68	43.01	-7.17	-5.71	37.05	42.14	56.77	74.34	100.07
24724800.00	57.30	43.01	-7.17	-5.71	37.05	42.14	56.77	74.34	100.07
24728400.00	73.76	43.01	-7.17	-5.71	37.05	42.14	56.77	74.34	100.07
24732000.00	79.48	43.01	-7.17	-5.71	37.05	42.14	56.77	74.34	100.07
24735600.00	41.41	43.01	-7.17	-5.71	37.05	42.14	56.77	74.34	100.07
24739200.00	-0.60	43.01	-7.17	-5.71	37.05	42.14	56.77	74.34	100.07
24742800.00	-6.92	43.01	-7.17	-5.71	37.05	42.14	56.77	74.34	100.07
24746400.00	-11.05	43.01	-7.17	-5.71	37.05	42.14	56.77	74.34	100.07
24750000.00	-12.75	43.01	-7.17	-5.71	37.05	42.14	56.77	74.34	100.07
24753600.00	-15.36	43.01	-7.17	-5.71	37.05	42.14	56.77	74.34	100.07
24757200.00	-14.26	43.01	-7.17	-5.71	37.05	42.14	56.77	74.34	100.07
24760800.00	-8.80	43.01	-7.17	-5.71	37.05	42.14	56.77	74.34	100.07
24764400.00	-7.92	43.01	-7.17	-5.71	37.05	42.14	56.77	74.34	100.07
24768000.00	-5.58	43.01	-7.17	-5.71	37.05	42.14	56.77	74.34	100.07
24771600.00	62.73	43.01	-7.17	-5.71	37.05	42.14	56.77	74.34	100.07
24775200.00	100.98	43.01	-7.17	-5.71	37.05	42.14	56.77	74.34	100.07
24778800.00	98.93	43.01	-7.17	-5.71	37.05	42.14	56.77	74.34	100.07
24782400.00	98.95	43.01	-7.17	-5.71	37.05	42.14	56.77	74.34	100.07
24786000.00	105.77	43.01	-7.17	-5.71	37.05	42.14	56.77	74.34	100.07
24789600.00	106.14	43.01	-7.17	-5.71	37.05	42.14	56.77	74.34	100.07
24793200.00	117.15	43.01	-7.17	-5.71	37.05	42.14	56.77	74.34	100.07
24796800.00	119.14	63.07	-6.77	-6.39	36.79	84.05	94.26	112.15	130.79
24800400.00	111.82	63.07	-6.77	-6.39	36.79	84.05	94.26	112.15	130.79
24804000.00	102.97	63.07	-6.77	-6.39	36.79	84.05	94.26	112.15	130.79
24807600.00	89.65	63.07	-6.77	-6.39	36.79	84.05	94.26	112.15	130.79
24811200.00	115.18	63.07	-6.77	-6.39	36.79	84.05	94.26	112.15	130.79
24814800.00	135.54	63.07	-6.77	-6.39	36.79	84.05	94.26	112.15	130.79
24818400.00	94.68	63.07	-6.77	-6.39	36.79	84.05	94.26	112.15	130.79
24822000.00	5.56	63.07	-6.77	-6.39	36.79	84.05	94.26	112.15	130.79
24825600.00	-8.89	63.07	-6.77	-6.39	36.79	84.05	94.26	112.15	130.79
24829200.00	-7.77	63.07	-6.77	-6.39	36.79	84.05	94.26	112.15	130.79
24832800.00	-8.72	63.07	-6.77	-6.39	36.79	84.05	94.26	112.15	130.79
24836400.00	-7.05	63.07	-6.77	-6.39	36.79	84.05	94.26	112.15	130.79
24840000.00	-6.36	63.07	-6.77	-6.39	36.79	84.05	94.26	112.15	130.79
24843600.00	-9.49	63.07	-6.77	-6.39	36.79	84.05	94.26	112.15	130.79
24847200.00	-9.21	63.07	-6.77	-6.39	36.79	84.05	94.26	112.15	130.79
24850800.00	-6.67	63.07	-6.77	-6.39	36.79	84.05	94.26	112.15	130.79
24854400.00	31.53	63.07	-6.77	-6.39	36.79	84.05	94.26	112.15	130.79
24858000.00	133.85	63.07	-6.77	-6.39	36.79	84.05	94.26	112.15	130.79
24861600.00	147.86	63.07	-6.77	-6.39	36.79	84.05	94.26	112.15	130.79
24865200.00	134.10	63.07	-6.77	-6.39	36.79	84.05	94.26	112.15	130.79
24868800.00	127.05	63.07	-6.77	-6.39	36.79	84.05	94.26	112.15	130.79
24872400.00	92.57	63.07	-6.77	-6.39	36.79	84.05	94.26	112.15	130.79
24876000.00	78.45	63.07	-6.77	-6.39	36.79	84.05	94.26	112.15	130.79
24879600.00	57.82	63.07	-6.77	-6.39	36.79	84.05	94.26	112.15	130.79
24883200.00	36.95	13.11	-13.03	-12.86	-11.81	-10.48	-8.38	34.15	73.54
24886800.00	8.69	13.11	-13.03	-12.86	-11.81	-10.48	-8.38	34.15	73.54
24890400.00	-9.70	13.11	-13.03	-12.86	-11.81	-10.48	-8.38	34.15	73.54
24894000.00	-13.03	13.11	-13.03	-12.86	-11.81	-10.48	-8.38	34.15	73.54
24897600.00	-13.03	13.11	-13.03	-12.86	-11.81	-10.48	-8.38	34.15	73.54
24901200.00	-11.25	13.11	-13.03	-12.86	-11.81	-10.48	-8.38	34.15	73.54
24904800.00	-9.22	13.11	-13.03	-12.86	-11.81	-10.48	-8.38	34.15	73.54
24908400.00	-15.19	13.11	-13.03	-12.86	-11.81	-10.48	-8.38	34.15	73.54
24912000.00	-11.80	13.11	-13.03	-12.86	-11.81	-10.48	-8.38	34.15	73.54
24915600.00	-15.35	13.11	-13.03	-12.86	-11.81	-10.48	-8.38	34.15	73.54
24919200.00	-15.22	13.11	-13.03	-12.86	-11.81	-10.48	-8.38	34.15	73.54
24922800.00	-12.66	13.11	-13.03	-12.86	-11.81	-10.48	-8.38	34.15	73.54
24926400.00	-11.82	13.11	-13.03	-12.86	-11.81	-10.48	-8.38	34.15	73.54
24930000.00	-12.84	13.11	-13.03	-12.86	-11.81	-10.48	-8.38	34.15	73.54
24933600.00	-54.47	13.11	-13.03	-12.86	-11.81	-10.48	-8.38	34.15	73.54
24937200.00	-23.88	13.11	-13.03	-12.86	-11.81	-10.48	-8.38	34.15	73.54
24940800.00	-8.17	13.11	-13.03	-12.86	-11.81	-10.48	-8.38	34.15	73.54
24944400.00	33.84	13.11	-13.03	-12.86	-11.81	-10.48	-8.38	34.15	73.54
24948000.00	75.94	13.11	-13.03	-12.86	-11.81	-10.48	-8.38	34.15	73.54
24951600.00	79.50	13.11	-13.03	-12.86	-11.81	-10.48	-8.38	34.15	73.54
24955200.00	92.23	13.11	-13.03	-12.86	-11.81	-10.48	-8.38	34.15	73.54
24958800.00	68.32	13.11	-13.03	-12.86	-11.81	-10.48	-8.38	34.15	73.54
24962400.00	70.62	13.11	-13.03	-12.86	-11.81	-10.48	-8.38	34.15	73.54
24966000.00	86.10	13.11	-13.03	-12.86	-11.81	-10.48	-8.38	34.15	73.54
24969600.00	67.45	28.07	-14.55	-11.27	31.66	55.37	67.43	68.02	74.63
24973200.00	67.78	28.07	-14.55	-11.27	31.66	55.37	67.43	68.02	74.63
24976800.00	78.39	28.07	-14.55	-11.27	31.66	55.37	67.43	68.02	74.63
24980400.00	83.69	28.07	-14.55	-11.27	31.66	55.37	67.43	68.02	74.63
24984000.00	88.48	28.07	-14.55	-11.27	31.66	55.37	67.43	68.02	74.63
24987600.00	52.41	28.07	-14.55	-11.27	31.66	55.37	67.43	68.02	74.63
24991200.00	58.32	28.07	-14.55	-11.27	31.66	55.37	67.43	68.02	74.63
24994800.00	31.10	28.07	-14.55	-11.27	31.66	55.37	67.43	68.02	74.63
24998400.00	-5.46	28.07	-14.55	-11.27	31.66	55.37	67.43	68.02	74.63
25002000.00	-11.15	28.07	-14.55	-11.27	31.66	55.37	67.43	68.02	74.63
25005600.00	-12.38	28.07	-14.55	-11.27	31.66	55.37	67.43	68.02	74.63
25009200.00	-25.38	28.07	-14.55	-11.27	31.66	55.37	67.43	68.02	74.63
25012800.00	-28.44	28.07	-14.55	-11.27	31.66	55.37	67.43	68.02	74.63
25016400.00	-37.93	28.07	-14.55	-11.27	31.66	55.37	67.43	68.02	74.63
25020000.00	-108.50	28.07	-14.55	-11.27	31.66	55.37	67.43	68.02	74.63
25023600.00	-21.06	28.07	-14.55	-11.27	31.66	55.37	67.43	68.02	74.63
25027200.00	-62.33	28.07	-14.55	-11.27	31.66	55.37	67.43	68.02	74.63
25030800.00	33.88	28.07	-14.55	-11.27	31.66	55.37	67.43	68.02	74.63
25034400.00	67.50	28.07	-14.55	-11.27	31.66	55.37	67.43	68.02	74.63
25038000.00	67.35	28.07	-14.55	-11.27	31.66	55.37	67.43	68.02	74.63
25041600.00	70.84	28.07	-14.55	-11.27	31.66	55.37	67.43	68.02	74.63
25045200.00	70.19	28.07	-14.55	-11.27	31.66	55.37	67.43	68.02	74.63
25048800.00	72.52	28.07	-14.55	-11.27	31.66	55.37	67.43	68.02	74.63
25052400.00	76.36	28.07	-14.55	-11.27	31.66	55.37	67.43	68.02	74.63
25056000.00	70.89	20.22	-18.37	-14.84	1.88	15.51	41.21	54.79	64.88
25059600.00	56.69	20.22	-18.37	-14.84	1.88	15.51	41.21	54.79	64.88
25063200.00	52.39	20.22	-18.37	-14.84	1.88	15.51	41.21	54.79	64.88
25066800.00	57.53	20.22	-18.37	-14.84	1.88	15.51	41.21	54.79	64.88
25070400.00	57.33	20.22	-18.37	-14.84	1.88	15.51	41.21	54.79	64.88
25074000.00	54.58	20.22	-18.37	-14.84	1.88	15.51	41.21	54.79	64.88
25077600.00	37.90	20.22	-18.37	-14.84	1.88	15.51	41.21	54.79	64.88
25081200.00	-0.43	20.22	-18.37	-14.84	1.88	15.51	41.21	54.79	64.88
25084800.00	-18.45	20.22	-18.37	-14.84	1.88	15.51	41.21	54.79	64.88
25088400.00	-44.09	20.22	-18.37	-14.84	1.88	15.51	41.21	54.79	64.88
25092000.00	-27.12	20.22	-18.37	-14.84	1.88	15.51	41.21	54.79	64.88
25095600.00	-18.34	20.22	-18.37	-14.84	1.88	15.51	41.21	54.79	64.88
25099200.00	-22.71	20.22	-18.37	-14.84	1.88	15.51	41.21	54.79	64.88
25102800.00	-26.25	20.22	-18.37	-14.84	1.88	15.51	41.21	54.79	64.88
25106400.00	-50.62	20.22	-18.37	-14.84	1.88	15.51	41.21	54.79	64.88
25110000.00	-14.45	20.22	-18.37	-14.84	1.88	15.51	41.21	54.79	64.88
25113600.00	11.15	20.22	-18.37	-14.84	1.88	15.51	41.21	54.79	64.88
25117200.00	80.16	20.22	-18.37	-14.84	1.88	15.51	41.21	54.79	64.88
25120800.00	91.09	20.22	-18.37	-14.84	1.88	15.51	41.21	54.79	64.88
25124400.00	72.08	20.22	-18.37	-14.84	1.88	15.51	41.21	54.79	64.88
25128000.00	42.04	20.22	-18.37	-14.84	1.88	15.51	41.21	54.79	64.88
25131600.00	17.50	20.22	-18.37	-14.84	1.88	15.51	41.21	54.79	64.88
25135200.00	13.53	20.22	-18.37	-14.84	1.88	15.51	41.21	54.79	64.88
25138800.00	-7.02	20.22	-18.37	-14.84	1.88	15.51	41.21	54.79	64.88
25142400.00	-8.41	13.08	-12.15	-10.49	-8.31	-7.58	-7.31	51.97	62.37
25146000.00	-10.35	13.08	-12.15	-10.49	-8.31	-7.58	-7.31	51.97	62.37
25149600.00	-7.50	13.08	-12.15	-10.49	-8.31	-7.58	-7.31	51.97	62.37
25153200.00	-7.61	13.08	-12.15	-10.49	-8.31	-7.58	-7.31	51.97	62.37
25156800.00	-7.55	13.08	-12.15	-10.49	-8.31	-7.58	-7.31	51.97	62.37
25160400.00	-7.26	13.08	-12.15	-10.49	-8.31	-7.58	-7.31	51.97	62.37
25164000.00	-7.91	13.08	-12.15	-10.49	-8.31	-7.58	-7.31	51.97	62.37
25167600.00	-13.51	13.08	-12.15	-10.49	-8.31	-7.58	-7.31	51.97	62.37
25171200.00	-26.94	13.08	-12.15	-10.49	-8.31	-7.58	-7.31	51.97	62.37
25174800.00	-18.22	13.08	-12.15	-10.49	-8.31	-7.58	-7.31	51.97	62.37
25178400.00	-16.91	13.08	-12.15	-10.49	-8.31	-7.58	-7.31	51.97	62.37
25182000.00	-17.20	13.08	-12.15	-10.49	-8.31	-7.58	-7.31	51.97	62.37
25185600.00	-17.52	13.08	-12.15	-10.49	-8.31	-7.58	-7.31	51.97	62.37
25189200.00	-11.69	13.08	-12.15	-10.49	-8.31	-7.58	-7.31	51.97	62.37
25192800.00	-9.23	13.08	-12.15	-10.49	-8.31	-7.58	-7.31	51.97	62.37
25196400.00	4.48	13.08	-12.15	-10.49	-8.31	-7.58	-7.31	51.97	62.37
25200000.00	53.48	13.08	-12.15	-10.49	-8.31	-7.58	-7.31	51.97	62.37
25203600.00	58.92	13.08	-12.15	-10.49	-8.31	-7.58	-7.31	51.97	62.37
25207200.00	74.30	13.08	-12.15	-10.49	-8.31	-7.58	-7.31	51.97	62.37
25210800.00	66.17	13.08	-12.15	-10.49	-8.31	-7.58	-7.31	51.97	62.37
25214400.00	51.80	13.08	-12.15	-10.49	-8.31	-7.58	-7.31	51.97	62.37
25218000.00	60.08	13.08	-12.15	-10.49	-8.31	-7.58	-7.31	51.97	62.37
25221600.00	68.35	13.08	-12.15	-10.49	-8.31	-7.58	-7.31	51.97	62.37
25225200.00	64.24	13.08	-12.15	-10.49	-8.31	-7.58	-7.31	51.97	62.37
25228800.00	61.41	76.10	63.05	64.72	66.93	75.63	83.98	85.34	91.05
25232400.00	60.10	76.10	63.05	64.72	66.93	75.63	83.98	85.34	91.05
25236000.00	61.11	76.10	63.05	64.72	66.93	75.63	83.98	85.34	91.05
25239600.00	63.59	76.10	63.05	64.72	66.93	75.63	83.98	85.34	91.05
25243200.00	81.06	76.10	63.05	64.72	66.93	75.63	83.98	85.34	91.05
25246800.00	66.82	76.10	63.05	64.72	66.93	75.63	83.98	85.34	91.05
25250400.00	85.29	76.10	63.05	64.72	66.93	75.63	83.98	85.34	91.05
25254000.00	42.43	76.10	63.05	64.72	66.93	75.63	83.98	85.34	91.05
25257600.00	65.62	76.10	63.05	64.72	66.93	75.63	83.98	85.34	91.05
25261200.00	58.41	76.10	63.05	64.72	66.93	75.63	83.98	85.34	91.05
25264800.00	92.60	76.10	63.05	64.72	66.93	75.63	83.98	85.34	91.05
25268400.00	67.36	76.10	63.05	64.72	66.93	75.63	83.98	85.34	91.05
25272000.00	92.11	76.10	63.05	64.72	66.93	75.63	83.98	85.34	91.05
25275600.00	89.75	76.10	63.05	64.72	66.93	75.63	83.98	85.34	91.05
25279200.00	70.19	76.10	63.05	64.72	66.93	75.63	83.98	85.34	91.05
25282800.00	64.85	76.10	63.05	64.72	66.93	75.63	83.98	85.34	91.05
25286400.00	59.52	76.10	63.05	64.72	66.93	75.63	83.98	85.34	91.05
25290000.00	110.21	76.10	63.05	64.72	66.93	75.63	83.98	85.34	91.05
25293600.00	84.50	76.10	63.05	64.72	66.93	75.63	83.98	85.34	91.05
25297200.00	83.98	76.10	63.05	64.72	66.93	75.63	83.98	85.34	91.05
25300800.00	85.77	76.10	63.05	64.72	66.93	75.63	83.98	85.34	91.05
25304400.00	83.96	76.10	63.05	64.72	66.93	75.63	83.98	85.34	91.05
25308000.00	86.33	76.10	63.05	64.72	66.93	75.63	83.98	85.34	91.05
25311600.00	109.49	76.10	63.05	64.72	66.93	75.63	83.98	85.34	91.05
25315200.00	134.56	86.65	69.12	75.00	76.65	88.86	98.00	117.19	131.88
25318800.00	144.98	86.65	69.12	75.00	76.65	88.86	98.00	117.19	131.88
25322400.00	146.83	86.65	69.12	75.00	76.65	88.86	98.00	117.19	131.88
25326000.00	128.60	86.65	69.12	75.00	76.65	88.86	98.00	117.19	131.88
25329600.00	134.71	86.65	69.12	75.00	76.65	88.86	98.00	117.19	131.88
25333200.00	121.25	86.65	69.12	75.00	76.65	88.86	98.00	117.19	131.88
25336800.00	120.00	86.65	69.12	75.00	76.65	88.86	98.00	117.19	131.88
25340400.00	116.87	86.65	69.12	75.00	76.65	88.86	98.00	117.19	131.88
25344000.00	73.86	86.65	69.12	75.00	76.65	88.86	98.00	117.19	131.88
25347600.00	54.87	86.65	69.12	75.00	76.65	88.86	98.00	117.19	131.88
25351200.00	40.91	86.65	69.12	75.00	76.65	88.86	98.00	117.19	131.88
25354800.00	75.52	86.65	69.12	75.00	76.65	88.86	98.00	117.19	131.88
25358400.00	77.15	86.65	69.12	75.00	76.65	88.86	98.00	117.19	131.88
25362000.00	75.13	86.65	69.12	75.00	76.65	88.86	98.00	117.19	131.88
25365600.00	103.45	86.65	69.12	75.00	76.65	88.86	98.00	117.19	131.88
25369200.00	97.58	86.65	69.12	75.00	76.65	88.86	98.00	117.19	131.88
25372800.00	88.28	86.65	69.12	75.00	76.65	88.86	98.00	117.19	131.88
25376400.00	76.52	86.65	69.12	75.00	76.65	88.86	98.00	117.19	131.88
25380000.00	98.10	86.65	69.12	75.00	76.65	88.86	98.00	117.19	131.88
25383600.00	89.45	86.65	69.12	75.00	76.65	88.86	98.00	117.19	131.88
25387200.00	53.83	86.65	69.12	75.00	76.65	88.86	98.00	117.19	131.88
25390800.00	30.15	86.65	69.12	75.00	76.65	88.86	98.00	117.19	131.88
25394400.00	4.29	86.65	69.12	75.00	76.65	88.86	98.00	117.19	131.88
25398000.00	-7.44	86.65	69.12	75.00	76.65	88.86	98.00	117.19	131.88
25401600.00	-6.94	1.26	-10.59	-10.32	-8.99	-8.50	-7.18	-6.76	43.33
25405200.00	-5.14	1.26	-10.59	-10.32	-8.99	-8.50	-7.18	-6.76	43.33
25408800.00	-7.31	1.26	-10.59	-10.32	-8.99	-8.50	-7.18	-6.76	43.33
25412400.00	-7.07	1.26	-10.59	-10.32	-8.99	-8.50	-7.18	-6.76	43.33
25416000.00	-10.31	1.26	-10.59	-10.32	-8.99	-8.50	-7.18	-6.76	43.33
25419600.00	-8.84	1.26	-10.59	-10.32	-8.99	-8.50	-7.18	-6.76	43.33
25423200.00	-7.14	1.26	-10.59	-10.32	-8.99	-8.50	-7.18	-6.76	43.33
25426800.00	-9.02	1.26	-10.59	-10.32	-8.99	-8.50	-7.18	-6.76	43.33
25430400.00	-8.65	1.26	-10.59	-10.32	-8.99	-8.50	-7.18	-6.76	43.33
25434000.00	-18.20	1.26	-10.59	-10.32	-8.99	-8.50	-7.18	-6.76	43.33
25437600.00	-10.48	1.26	-10.59	-10.32	-8.99	-8.50	-7.18	-6.76	43.33
25441200.00	-9.55	1.26	-10.59	-10.32	-8.99	-8.50	-7.18	-6.76	43.33
25444800.00	-14.12	1.26	-10.59	-10.32	-8.99	-8.50	-7.18	-6.76	43.33
25448400.00	-28.95	1.26	-10.59	-10.32	-8.99	-8.50	-7.18	-6.76	43.33
25452000.00	-10.92	1.26	-10.59	-10.32	-8.99	-8.50	-7.18	-6.76	43.33
25455600.00	-8.34	1.26	-10.59	-10.32	-8.99	-8.50	-7.18	-6.76	43.33
25459200.00	-52.19	1.26	-10.59	-10.32	-8.99	-8.50	-7.18	-6.76	43.33
25462800.00	-22.65	1.26	-10.59	-10.32	-8.99	-8.50	-7.18	-6.76	43.33
25466400.00	8.32	1.26	-10.59	-10.32	-8.99	-8.50	-7.18	-6.76	43.33
25470000.00	44.14	1.26	-10.59	-10.32	-8.99	-8.50	-7.18	-6.76	43.33
25473600.00	45.91	1.26	-10.59	-10.32	-8.99	-8.50	-7.18	-6.76	43.33
25477200.00	42.35	1.26	-10.59	-10.32	-8.99	-8.50	-7.18	-6.76	43.33
25480800.00	60.41	1.26	-10.59	-10.32	-8.99	-8.50	-7.18	-6.76	43.33
25484400.00	74.99	1.26	-10.59	-10.32	-8.99	-8.50	-7.18	-6.76	43.33
25488000.00	100.91	89.40	64.56	71.24	84.85	91.06	95.40	107.48	115.50
25491600.00	109.22	89.40	64.56	71.24	84.85	91.06	95.40	107.48	115.50
25495200.00	116.20	89.40	64.56	71.24	84.85	91.06	95.40	107.48	115.50
25498800.00	110.32	89.40	64.56	71.24	84.85	91.06	95.40	107.48	115.50
25502400.00	114.65	89.40	64.56	71.24	84.85	91.06	95.40	107.48	115.50
25506000.00	107.29	89.40	64.56	71.24	84.85	91.06	95.40	107.48	115.50
25509600.00	87.30	89.40	64.56	71.24	84.85	91.06	95.40	107.48	115.50
25513200.00	241.05	89.40	64.56	71.24	84.85	91.06	95.40	107.48	115.50
25516800.00	158.63	89.40	64.56	71.24	84.85	91.06	95.40	107.48	115.50
25520400.00	164.68	89.40	64.56	71.24	84.85	91.06	95.40	107.48	115.50
25524000.00	24.37	89.40	64.56	71.24	84.85	91.06	95.40	107.48	115.50
25527600.00	44.19	89.40	64.56	71.24	84.85	91.06	95.40	107.48	115.50
25531200.00	37.33	89.40	64.56	71.24	84.85	91.06	95.40	107.48	115.50
25534800.00	0.76	89.40	64.56	71.24	84.85	91.06	95.40	107.48	115.50
25538400.00	5.14	89.40	64.56	71.24	84.85	91.06	95.40	107.48	115.50
25542000.00	45.75	89.40	64.56	71.24	84.85	91.06	95.40	107.48	115.50
25545600.00	79.52	89.40	64.56	71.24	84.85	91.06	95.40	107.48	115.50
25549200.00	93.39	89.40	64.56	71.24	84.85	91.06	95.40	107.48	115.50
25552800.00	94.06	89.40	64.56	71.24	84.85	91.06	95.40	107.48	115.50
25556400.00	95.73	89.40	64.56	71.24	84.85	91.06	95.40	107.48	115.50
25560000.00	88.72	89.40	64.56	71.24	84.85	91.06	95.40	107.48	115.50
25563600.00	70.83	89.40	64.56	71.24	84.85	91.06	95.40	107.48	115.50
25567200.00	71.29	89.40	64.56	71.24	84.85	91.06	95.40	107.48	115.50
25570800.00	84.24	89.40	64.56	71.24	84.85	91.06	95.40	107.48	115.50
25574400.00	91.89	57.09	-1.09	20.32	50.93	84.95	91.33	92.30	96.25
25578000.00	89.07	57.09	-1.09	20.32	50.93	84.95	91.33	92.30	96.25
25581600.00	92.30	57.09	-1.09	20.32	50.93	84.95	91.33	92.30	96.25
25585200.00	92.20	57.09	-1.09	20.32	50.93	84.95	91.33	92.30	96.25
25588800.00	112.70	57.09	-1.09	20.32	50.93	84.95	91.33	92.30	96.25
25592400.00	116.87	57.09	-1.09	20.32	50.93	84.95	91.33	92.30	96.25
25596000.00	92.33	57.09	-1.09	20.32	50.93	84.95	91.33	92.30	96.25
25599600.00	45.08	57.09	-1.09	20.32	50.93	84.95	91.33	92.30	96.25
25603200.00	36.85	57.09	-1.09	20.32	50.93	84.95	91.33	92.30	96.25
25606800.00	-3.27	57.09	-1.09	20.32	50.93	84.95	91.33	92.30	96.25
25610400.00	-7.87	57.09	-1.09	20.32	50.93	84.95	91.33	92.30	96.25
25614000.00	-7.01	57.09	-1.09	20.32	50.93	84.95	91.33	92.30	96.25
25617600.00	-7.97	57.09	-1.09	20.32	50.93	84.95	91.33	92.30	96.25
25621200.00	-12.04	57.09	-1.09	20.32	50.93	84.95	91.33	92.30	96.25
25624800.00	-10.03	57.09	-1.09	20.32	50.93	84.95	91.33	92.30	96.25
25628400.00	-0.37	57.09	-1.09	20.32	50.93	84.95	91.33	92.30	96.25
25632000.00	22.61	57.09	-1.09	20.32	50.93	84.95	91.33	92.30	96.25
25635600.00	74.31	57.09	-1.09	20.32	50.93	84.95	91.33	92.30	96.25
25639200.00	81.35	57.09	-1.09	20.32	50.93	84.95	91.33	92.30	96.25
25642800.00	88.55	57.09	-1.09	20.32	50.93	84.95	91.33	92.30	96.25
25646400.00	94.32	57.09	-1.09	20.32	50.93	84.95	91.33	92.30	96.25
25650000.00	97.83	57.09	-1.09	20.32	50.93	84.95	91.33	92.30	96.25
25653600.00	92.50	57.09	-1.09	20.32	50.93	84.95	91.33	92.30	96.25
25657200.00	98.01	57.09	-1.09	20.32	50.93	84.95	91.33	92.30	96.25
25660800.00	99.07	52.28	23.33	31.25	40.18	55.86	62.78	70.38	95.57
25664400.00	117.71	52.28	23.33	31.25	40.18	55.86	62.78	70.38	95.57
25668000.00	124.50	52.28	23.33	31.25	40.18	55.86	62.78	70.38	95.57
25671600.00	116.52	52.28	23.33	31.25	40.18	55.86	62.78	70.38	95.57
25675200.00	91.30	52.28	23.33	31.25	40.18	55.86	62.78	70.38	95.57
25678800.00	81.93	52.28	23.33	31.25	40.18	55.86	62.78	70.38	95.57
25682400.00	50.75	52.28	23.33	31.25	40.18	55.86	62.78	70.38	95.57
25686000.00	26.67	52.28	23.33	31.25	40.18	55.86	62.78	70.38	95.57
25689600.00	13.29	52.28	23.33	31.25	40.18	55.86	62.78	70.38	95.57
25693200.00	4.10	52.28	23.33	31.25	40.18	55.86	62.78	70.38	95.57
25696800.00	-2.91	52.28	23.33	31.25	40.18	55.86	62.78	70.38	95.57
25700400.00	-6.66	52.28	23.33	31.25	40.18	55.86	62.78	70.38	95.57
25704000.00	-6.13	52.28	23.33	31.25	40.18	55.86	62.78	70.38	95.57
25707600.00	-4.41	52.28	23.33	31.25	40.18	55.86	62.78	70.38	95.57
25711200.00	35.97	52.28	23.33	31.25	40.18	55.86	62.78	70.38	95.57
25714800.00	37.61	52.28	23.33	31.25	40.18	55.86	62.78	70.38	95.57
25718400.00	50.45	52.28	23.33	31.25	40.18	55.86	62.78	70.38	95.57
25722000.00	63.10	52.28	23.33	31.25	40.18	55.86	62.78	70.38	95.57
25725600.00	61.51	52.28	23.33	31.25	40.18	55.86	62.78	70.38	95.57
25729200.00	70.32	52.28	23.33	31.25	40.18	55.86	62.78	70.38	95.57
25732800.00	70.97	52.28	23.33	31.25	40.18	55.86	62.78	70.38	95.57
25736400.00	66.40	52.28	23.33	31.25	40.18	55.86	62.78	70.38	95.57
25740000.00	31.76	52.28	23.33	31.25	40.18	55.86	62.78	70.38	95.57
25743600.00	60.96	52.28	23.33	31.25	40.18	55.86	62.78	70.38	95.57
25747200.00	41.92	-7.71	-21.93	-16.44	-7.17	5.35	15.95	18.89	20.85
25750800.00	24.21	-7.71	-21.93	-16.44	-7.17	5.35	15.95	18.89	20.85
25754400.00	21.19	-7.71	-21.93	-16.44	-7.17	5.35	15.95	18.89	20.85
25758000.00	19.58	-7.71	-21.93	-16.44	-7.17	5.35	15.95	18.89	20.85
25761600.00	19.08	-7.71	-21.93	-16.44	-7.17	5.35	15.95	18.89	20.85
25765200.00	25.86	-7.71	-21.93	-16.44	-7.17	5.35	15.95	18.89	20.85
25768800.00	11.59	-7.71	-21.93	-16.44	-7.17	5.35	15.95	18.89	20.85
25772400.00	-2.67	-7.71	-21.93	-16.44	-7.17	5.35	15.95	18.89	20.85
25776000.00	-8.30	-7.71	-21.93	-16.44	-7.17	5.35	15.95	18.89	20.85
25779600.00	-9.19	-7.71	-21.93	-16.44	-7.17	5.35	15.95	18.89	20.85
25783200.00	-24.65	-7.71	-21.93	-16.44	-7.17	5.35	15.95	18.89	20.85
25786800.00	-41.05	-7.71	-21.93	-16.44	-7.17	5.35	15.95	18.89	20.85
25790400.00	-46.84	-7.71	-21.93	-16.44	-7.17	5.35	15.95	18.89	20.85
25794000.00	-95.90	-7.71	-21.93	-16.44	-7.17	5.35	15.95	18.89	20.85
25797600.00	-80.98	-7.71	-21.93	-16.44	-7.17	5.35	15.95	18.89	20.85
25801200.00	-88.15	-7.71	-21.93	-16.44	-7.17	5.35	15.95	18.89	20.85
25804800.00	-21.03	-7.71	-21.93	-16.44	-7.17	5.35	15.95	18.89	20.85
25808400.00	-15.93	-7.71	-21.93	-16.44	-7.17	5.35	15.95	18.89	20.85
25812000.00	18.87	-7.71	-21.93	-16.44	-7.17	5.35	15.95	18.89	20.85
25815600.00	16.18	-7.71	-21.93	-16.44	-7.17	5.35	15.95	18.89	20.85
25819200.00	20.43	-7.71	-21.93	-16.44	-7.17	5.35	15.95	18.89	20.85
25822800.00	15.56	-7.71	-21.93	-16.44	-7.17	5.35	15.95	18.89	20.85
25826400.00	16.05	-7.71	-21.93	-16.44	-7.17	5.35	15.95	18.89	20.85
25830000.00	-0.90	-7.71	-21.93	-16.44	-7.17	5.35	15.95	18.89	20.85
25833600.00	2.04	22.81	-4.76	-4.29	-1.59	3.50	6.68	23.05	37.31
25837200.00	-1.15	22.81	-4.76	-4.29	-1.59	3.50	6.68	23.05	37.31
25840800.00	-1.70	22.81	-4.76	-4.29	-1.59	3.50	6.68	23.05	37.31
25844400.00	-4.32	22.81	-4.76	-4.29	-1.59	3.50	6.68	23.05	37.31
25848000.00	-2.56	22.81	-4.76	-4.29	-1.59	3.50	6.68	23.05	37.31
25851600.00	37.23	22.81	-4.76	-4.29	-1.59	3.50	6.68	23.05	37.31
25855200.00	39.58	22.81	-4.76	-4.29	-1.59	3.50	6.68	23.05	37.31
25858800.00	267.26	22.81	-4.76	-4.29	-1.59	3.50	6.68	23.05	37.31
25862400.00	110.07	22.81	-4.76	-4.29	-1.59	3.50	6.68	23.05	37.31
25866000.00	7.08	22.81	-4.76	-4.29	-1.59	3.50	6.68	23.05	37.31
25869600.00	-4.29	22.81	-4.76	-4.29	-1.59	3.50	6.68	23.05	37.31
25873200.00	-6.90	22.81	-4.76	-4.29	-1.59	3.50	6.68	23.05	37.31
25876800.00	-6.08	22.81	-4.76	-4.29	-1.59	3.50	6.68	23.05	37.31
25880400.00	-7.40	22.81	-4.76	-4.29	-1.59	3.50	6.68	23.05	37.31
25884000.00	-8.34	22.81	-4.76	-4.29	-1.59	3.50	6.68	23.05	37.31
25887600.00	-9.64	22.81	-4.76	-4.29	-1.59	3.50	6.68	23.05	37.31
25891200.00	-8.23	22.81	-4.76	-4.29	-1.59	3.50	6.68	23.05	37.31
25894800.00	23.47	22.81	-4.76	-4.29	-1.59	3.50	6.68	23.05	37.31
25898400.00	16.84	22.81	-4.76	-4.29	-1.59	3.50	6.68	23.05	37.31
25902000.00	23.00	22.81	-4.76	-4.29	-1.59	3.50	6.68	23.05	37.31
25905600.00	5.05	22.81	-4.76	-4.29	-1.59	3.50	6.68	23.05	37.31
25909200.00	4.97	22.81	-4.76	-4.29	-1.59	3.50	6.68	23.05	37.31
25912800.00	34.14	22.81	-4.76	-4.29	-1.59	3.50	6.68	23.05	37.31
25916400.00	37.38	22.81	-4.76	-4.29	-1.59	3.50	6.68	23.05	37.31
25920000.00	35.46	35.97	-9.10	-8.54	31.34	35.48	45.87	69.21	90.07
25923600.00	54.37	35.97	-9.10	-8.54	31.34	35.48	45.87	69.21	90.07
25927200.00	35.20	35.97	-9.10	-8.54	31.34	35.48	45.87	69.21	90.07
25930800.00	30.37	35.97	-9.10	-8.54	31.34	35.48	45.87	69.21	90.07
25934400.00	46.83	35.97	-9.10	-8.54	31.34	35.48	45.87	69.21	90.07
25938000.00	68.96	35.97	-9.10	-8.54	31.34	35.48	45.87	69.21	90.07
25941600.00	71.44	35.97	-9.10	-8.54	31.34	35.48	45.87	69.21	90.07
25945200.00	42.04	35.97	-9.10	-8.54	31.34	35.48	45.87	69.21	90.07
25948800.00	-5.39	35.97	-9.10	-8.54	31.34	35.48	45.87	69.21	90.07
25952400.00	-8.49	35.97	-9.10	-8.54	31.34	35.48	45.87	69.21	90.07
25956000.00	-9.02	35.97	-9.10	-8.54	31.34	35.48	45.87	69.21	90.07
25959600.00	-9.32	35.97	-9.10	-8.54	31.34	35.48	45.87	69.21	90.07
25963200.00	-12.12	35.97	-9.10	-8.54	31.34	35.48	45.87	69.21	90.07
25966800.00	-19.55	35.97	-9.10	-8.54	31.34	35.48	45.87	69.21	90.07
25970400.00	-13.82	35.97	-9.10	-8.54	31.34	35.48	45.87	69.21	90.07
25974000.00	-10.63	35.97	-9.10	-8.54	31.34	35.48	45.87	69.21	90.07
25977600.00	-19.45	35.97	-9.10	-8.54	31.34	35.48	45.87	69.21	90.07
25981200.00	35.51	35.97	-9.10	-8.54	31.34	35.48	45.87	69.21	90.07
25984800.00	88.09	35.97	-9.10	-8.54	31.34	35.48	45.87	69.21	90.07
25988400.00	92.97	35.97	-9.10	-8.54	31.34	35.48	45.87	69.21	90.07
25992000.00	89.81	35.97	-9.10	-8.54	31.34	35.48	45.87	69.21	90.07
25995600.00	90.28	35.97	-9.10	-8.54	31.34	35.48	45.87	69.21	90.07
25999200.00	91.43	35.97	-9.10	-8.54	31.34	35.48	45.87	69.21	90.07
26002800.00	98.35	35.97	-9.10	-8.54	31.34	35.48	45.87	69.21	90.07
26006400.00	97.05	76.29	11.92	23.11	75.81	102.54	109.57	113.97	140.09
26010000.00	100.95	76.29	11.92	23.11	75.81	102.54	109.57	113.97	140.09
26013600.00	104.13	76.29	11.92	23.11	75.81	102.54	109.57	113.97	140.09
26017200.00	108.33	76.29	11.92	23.11	75.81	102.54	109.57	113.97	140.09
26020800.00	111.41	76.29	11.92	23.11	75.81	102.54	109.57	113.97	140.09
26024400.00	145.10	76.29	11.92	23.11	75.81	102.54	109.57	113.97	140.09
26028000.00	137.71	76.29	11.92	23.11	75.81	102.54	109.57	113.97	140.09
26031600.00	70.49	76.29	11.92	23.11	75.81	102.54	109.57	113.97	140.09
26035200.00	28.01	76.29	11.92	23.11	75.81	102.54	109.57	113.97	140.09
26038800.00	-3.20	76.29	11.92	23.11	75.81	102.54	109.57	113.97	140.09
26042400.00	-5.05	76.29	11.92	23.11	75.81	102.54	109.57	113.97	140.09
26046000.00	3.91	76.29	11.92	23.11	75.81	102.54	109.57	113.97	140.09
26049600.00	-3.78	76.29	11.92	23.11	75.81	102.54	109.57	113.97	140.09
26053200.00	-23.24	76.29	11.92	23.11	75.81	102.54	109.57	113.97	140.09
26056800.00	-0.42	76.29	11.92	23.11	75.81	102.54	109.57	113.97	140.09
26060400.00	14.59	76.29	11.92	23.11	75.81	102.54	109.57	113.97	140.09
26064000.00	24.06	76.29	11.92	23.11	75.81	102.54	109.57	113.97	140.09
26067600.00	121.21	76.29	11.92	23.11	75.81	102.54	109.57	113.97	140.09
26071200.00	167.24	76.29	11.92	23.11	75.81	102.54	109.57	113.97	140.09
26074800.00	142.03	76.29	11.92	23.11	75.81	102.54	109.57	113.97	140.09
26078400.00	144.14	76.29	11.92	23.11	75.81	102.54	109.57	113.97	140.09
26082000.00	123.29	76.29	11.92	23.11	75.81	102.54	109.57	113.97	140.09
26085600.00	109.88	76.29	11.92	23.11	75.81	102.54	109.57	113.97	140.09
26089200.00	113.16	76.29	11.92	23.11	75.81	102.54	109.57	113.97	140.09
26092800.00	109.18	70.91	27.35	45.94	56.28	79.46	97.15	106.98	127.28
26096400.00	106.78	70.91	27.35	45.94	56.28	79.46	97.15	106.98	127.28
26100000.00	102.16	70.91	27.35	45.94	56.28	79.46	97.15	106.98	127.28
26103600.00	108.82	70.91	27.35	45.94	56.28	79.46	97.15	106.98	127.28
26107200.00	119.71	70.91	27.35	45.94	56.28	79.46	97.15	106.98	127.28
26110800.00	150.98	70.91	27.35	45.94	56.28	79.46	97.15	106.98	127.28
26114400.00	87.58	70.91	27.35	45.94	56.28	79.46	97.15	106.98	127.28
26118000.00	47.08	70.91	27.35	45.94	56.28	79.46	97.15	106.98	127.28
26121600.00	-0.81	70.91	27.35	45.94	56.28	79.46	97.15	106.98	127.28
26125200.00	-11.74	70.91	27.35	45.94	56.28	79.46	97.15	106.98	127.28
26128800.00	-9.17	70.91	27.35	45.94	56.28	79.46	97.15	106.98	127.28
26132400.00	-7.48	70.91	27.35	45.94	56.28	79.46	97.15	106.98	127.28
26136000.00	1.17	70.91	27.35	45.94	56.28	79.46	97.15	106.98	127.28
26139600.00	2.33	70.91	27.35	45.94	56.28	79.46	97.15	106.98	127.28
26143200.00	35.69	70.91	27.35	45.94	56.28	79.46	97.15	106.98	127.28
26146800.00	68.76	70.91	27.35	45.94	56.28	79.46	97.15	106.98	127.28
26150400.00	98.87	70.91	27.35	45.94	56.28	79.46	97.15	106.98	127.28
26154000.00	138.64	70.91	27.35	45.94	56.28	79.46	97.15	106.98	127.28
26157600.00	156.05	70.91	27.35	45.94	56.28	79.46	97.15	106.98	127.28
26161200.00	133.47	70.91	27.35	45.94	56.28	79.46	97.15	106.98	127.28
26164800.00	90.24	70.91	27.35	45.94	56.28	79.46	97.15	106.98	127.28
26168400.00	71.34	70.91	27.35	45.94	56.28	79.46	97.15	106.98	127.28
26172000.00	53.17	70.91	27.35	45.94	56.28	79.46	97.15	106.98	127.28
26175600.00	49.04	70.91	27.35	45.94	56.28	79.46	97.15	106.98	127.28
26179200.00	49.43	26.07	-9.01	0.90	29.62	44.88	57.78	75.89	87.88
26182800.00	38.65	26.07	-9.01	0.90	29.62	44.88	57.78	75.89	87.88
26186400.00	40.33	26.07	-9.01	0.90	29.62	44.88	57.78	75.89	87.88
26190000.00	59.23	26.07	-9.01	0.90	29.62	44.88	57.78	75.89	87.88
26193600.00	89.46	26.07	-9.01	0.90	29.62	44.88	57.78	75.89	87.88
26197200.00	125.06	26.07	-9.01	0.90	29.62	44.88	57.78	75.89	87.88
26200800.00	90.37	26.07	-9.01	0.90	29.62	44.88	57.78	75.89	87.88
26204400.00	51.99	26.07	-9.01	0.90	29.62	44.88	57.78	75.89	87.88
26208000.00	27.36	26.07	-9.01	0.90	29.62	44.88	57.78	75.89	87.88
26211600.00	1.89	26.07	-9.01	0.90	29.62	44.88	57.78	75.89	87.88
26215200.00	-8.00	26.07	-9.01	0.90	29.62	44.88	57.78	75.89	87.88
26218800.00	-12.02	26.07	-9.01	0.90	29.62	44.88	57.78	75.89	87.88
26222400.00	-65.87	26.07	-9.01	0.90	29.62	44.88	57.78	75.89	87.88
26226000.00	-150.70	26.07	-9.01	0.90	29.62	44.88	57.78	75.89	87.88
26229600.00	-88.90	26.07	-9.01	0.90	29.62	44.88	57.78	75.89	87.88
26233200.00	-90.14	26.07	-9.01	0.90	29.62	44.88	57.78	75.89	87.88
26236800.00	-19.48	26.07	-9.01	0.90	29.62	44.88	57.78	75.89	87.88
26240400.00	8.00	26.07	-9.01	0.90	29.62	44.88	57.78	75.89	87.88
26244000.00	93.37	26.07	-9.01	0.90	29.62	44.88	57.78	75.89	87.88
26247600.00	85.94	26.07	-9.01	0.90	29.62	44.88	57.78	75.89	87.88
26251200.00	75.70	26.07	-9.01	0.90	29.62	44.88	57.78	75.89	87.88
26254800.00	65.91	26.07	-9.01	0.90	29.62	44.88	57.78	75.89	87.88
26258400.00	77.65	26.07	-9.01	0.90	29.62	44.88	57.78	75.89	87.88
26262000.00	80.42	26.07	-9.01	0.90	29.62	44.88	57.78	75.89	87.88
26265600.00	80.81	27.94	-19.47	-15.59	6.23	44.31	61.27	68.20	77.12
26269200.00	71.03	27.94	-19.47	-15.59	6.23	44.31	61.27	68.20	77.12
26272800.00	69.34	27.94	-19.47	-15.59	6.23	44.31	61.27	68.20	77.12
26276400.00	62.45	27.94	-19.47	-15.59	6.23	44.31	61.27	68.20	77.12
26280000.00	58.01	27.94	-19.47	-15.59	6.23	44.31	61.27	68.20	77.12
26283600.00	60.99	27.94	-19.47	-15.59	6.23	44.31	61.27	68.20	77.12
26287200.00	30.61	27.94	-19.47	-15.59	6.23	44.31	61.27	68.20	77.12
26290800.00	-5.09	27.94	-19.47	-15.59	6.23	44.31	61.27	68.20	77.12
26294400.00	-15.28	27.94	-19.47	-15.59	6.23	44.31	61.27	68.20	77.12
26298000.00	-18.39	27.94	-19.47	-15.59	6.23	44.31	61.27	68.20	77.12
26301600.00	-24.65	27.94	-19.47	-15.59	6.23	44.31	61.27	68.20	77.12
26305200.00	-35.92	27.94	-19.47	-15.59	6.23	44.31	61.27	68.20	77.12
26308800.00	-27.95	27.94	-19.47	-15.59	6.23	44.31	61.27	68.20	77.12
26312400.00	-55.38	27.94	-19.47	-15.59	6.23	44.31	61.27	68.20	77.12
26316000.00	-57.17	27.94	-19.47	-15.59	6.23	44.31	61.27	68.20	77.12
26319600.00	-22.71	27.94	-19.47	-15.59	6.23	44.31	61.27	68.20	77.12
26323200.00	2.41	27.94	-19.47	-15.59	6.23	44.31	61.27	68.20	77.12
26326800.00	68.07	27.94	-19.47	-15.59	6.23	44.31	61.27	68.20	77.12
26330400.00	91.64	27.94	-19.47	-15.59	6.23	44.31	61.27	68.20	77.12
26334000.00	89.66	27.94	-19.47	-15.59	6.23	44.31	61.27	68.20	77.12
26337600.00	92.67	27.94	-19.47	-15.59	6.23	44.31	61.27	68.20	77.12
26341200.00	72.60	27.94	-19.47	-15.59	6.23	44.31	61.27	68.20	77.12
26344800.00	61.34	27.94	-19.47	-15.59	6.23	44.31	61.27	68.20	77.12
26348400.00	21.50	27.94	-19.47	-15.59	6.23	44.31	61.27	68.20	77.12
26352000.00	27.42	9.20	-15.11	-13.20	-6.47	5.64	15.94	28.40	42.25
26355600.00	16.10	9.20	-15.11	-13.20	-6.47	5.64	15.94	28.40	42.25
26359200.00	28.33	9.20	-15.11	-13.20	-6.47	5.64	15.94	28.40	42.25
26362800.00	44.26	9.20	-15.11	-13.20	-6.47	5.64	15.94	28.40	42.25
26366400.00	29.07	9.20	-15.11	-13.20	-6.47	5.64	15.94	28.40	42.25
26370000.00	-3.21	9.20	-15.11	-13.20	-6.47	5.64	15.94	28.40	42.25
26373600.00	-12.09	9.20	-15.11	-13.20	-6.47	5.64	15.94	28.40	42.25
26377200.00	-20.12	9.20	-15.11	-13.20	-6.47	5.64	15.94	28.40	42.25
26380800.00	-27.21	9.20	-15.11	-13.20	-6.47	5.64	15.94	28.40	42.25
26384400.00	-26.48	9.20	-15.11	-13.20	-6.47	5.64	15.94	28.40	42.25
26388000.00	-26.27	9.20	-15.11	-13.20	-6.47	5.64	15.94	28.40	42.25
26391600.00	-21.31	9.20	-15.11	-13.20	-6.47	5.64	15.94	28.40	42.25
26395200.00	-29.58	9.20	-15.11	-13.20	-6.47	5.64	15.94	28.40	42.25
26398800.00	-13.44	9.20	-15.11	-13.20	-6.47	5.64	15.94	28.40	42.25
26402400.00	-13.17	9.20	-15.11	-13.20	-6.47	5.64	15.94	28.40	42.25
26406000.00	-7.28	9.20	-15.11	-13.20	-6.47	5.64	15.94	28.40	42.25
26409600.00	15.27	9.20	-15.11	-13.20	-6.47	5.64	15.94	28.40	42.25
26413200.00	35.66	9.20	-15.11	-13.20	-6.47	5.64	15.94	28.40	42.25
26416800.00	4.16	9.20	-15.11	-13.20	-6.47	5.64	15.94	28.40	42.25
26420400.00	7.13	9.20	-15.11	-13.20	-6.47	5.64	15.94	28.40	42.25
26424000.00	39.79	9.20	-15.11	-13.20	-6.47	5.64	15.94	28.40	42.25
26427600.00	49.27	9.20	-15.11	-13.20	-6.47	5.64	15.94	28.40	42.25
26431200.00	62.99	9.20	-15.11	-13.20	-6.47	5.64	15.94	28.40	42.25
26434800.00	61.43	9.20	-15.11	-13.20	-6.47	5.64	15.94	28.40	42.25
26438400.00	51.58	34.54	4.29	12.83	33.09	42.84	48.35	51.01	64.64
26442000.00	57.36	34.54	4.29	12.83	33.09	42.84	48.35	51.01	64.64
26445600.00	54.08	34.54	4.29	12.83	33.09	42.84	48.35	51.01	64.64
26449200.00	49.37	34.54	4.29	12.83	33.09	42.84	48.35	51.01	64.64
26452800.00	41.32	34.54	4.29	12.83	33.09	42.84	48.35	51.01	64.64
26456400.00	48.57	34.54	4.29	12.83	33.09	42.84	48.35	51.01	64.64
26460000.00	40.72	34.54	4.29	12.83	33.09	42.84	48.35	51.01	64.64
26463600.00	44.36	34.54	4.29	12.83	33.09	42.84	48.35	51.01	64.64
26467200.00	31.18	34.54	4.29	12.83	33.09	42.84	48.35	51.01	64.64
26470800.00	-0.55	34.54	4.29	12.83	33.09	42.84	48.35	51.01	64.64
26474400.00	13.60	34.54	4.29	12.83	33.09	42.84	48.35	51.01	64.64
26478000.00	-9.17	34.54	4.29	12.83	33.09	42.84	48.35	51.01	64.64
26481600.00	-7.80	34.54	4.29	12.83	33.09	42.84	48.35	51.01	64.64
26485200.00	-6.93	34.54	4.29	12.83	33.09	42.84	48.35	51.01	64.64
26488800.00	-6.52	34.54	4.29	12.83	33.09	42.84	48.35	51.01	64.64
26492400.00	-5.10	34.54	4.29	12.83	33.09	42.84	48.35	51.01	64.64
26496000.00	5.90	34.54	4.29	12.83	33.09	42.84	48.35	51.01	64.64
26499600.00	28.94	34.54	4.29	12.83	33.09	42.84	48.35	51.01	64.64
26503200.00	50.94	34.54	4.29	12.83	33.09	42.84	48.35	51.01	64.64
26506800.00	47.49	34.54	4.29	12.83	33.09	42.84	48.35	51.01	64.64
26510400.00	79.53	34.54	4.29	12.83	33.09	42.84	48.35	51.01	64.64
26514000.00	78.19	34.54	4.29	12.83	33.09	42.84	48.35	51.01	64.64
26517600.00	70.59	34.54	4.29	12.83	33.09	42.84	48.35	51.01	64.64
26521200.00	71.29	34.54	4.29	12.83	33.09	42.84	48.35	51.01	64.64
26524800.00	73.98	18.50	-7.15	-6.80	-6.57	-4.11	0.11	8.05	70.80
26528400.00	72.97	18.50	-7.15	-6.80	-6.57	-4.11	0.11	8.05	70.80
26532000.00	59.19	18.50	-7.15	-6.80	-6.57	-4.11	0.11	8.05	70.80
26535600.00	68.16	18.50	-7.15	-6.80	-6.57	-4.11	0.11	8.05	70.80
26539200.00	79.57	18.50	-7.15	-6.80	-6.57	-4.11	0.11	8.05	70.80
26542800.00	115.92	18.50	-7.15	-6.80	-6.57	-4.11	0.11	8.05	70.80
26546400.00	62.09	18.50	-7.15	-6.80	-6.57	-4.11	0.11	8.05	70.80
26550000.00	-0.04	18.50	-7.15	-6.80	-6.57	-4.11	0.11	8.05	70.80
26553600.00	-7.17	18.50	-7.15	-6.80	-6.57	-4.11	0.11	8.05	70.80
26557200.00	-6.75	18.50	-7.15	-6.80	-6.57	-4.11	0.11	8.05	70.80
26560800.00	-9.10	18.50	-7.15	-6.80	-6.57	-4.11	0.11	8.05	70.80
26564400.00	-9.57	18.50	-7.15	-6.80	-6.57	-4.11	0.11	8.05	70.80
26568000.00	-8.97	18.50	-7.15	-6.80	-6.57	-4.11	0.11	8.05	70.80
26571600.00	-7.40	18.50	-7.15	-6.80	-6.57	-4.11	0.11	8.05	70.80
26575200.00	-7.33	18.50	-7.15	-6.80	-6.57	-4.11	0.11	8.05	70.80
26578800.00	-7.14	18.50	-7.15	-6.80	-6.57	-4.11	0.11	8.05	70.80
26582400.00	-6.12	18.50	-7.15	-6.80	-6.57	-4.11	0.11	8.05	70.80
26586000.00	-6.77	18.50	-7.15	-6.80	-6.57	-4.11	0.11	8.05	70.80
26589600.00	-6.69	18.50	-7.15	-6.80	-6.57	-4.11	0.11	8.05	70.80
26593200.00	-3.71	18.50	-7.15	-6.80	-6.57	-4.11	0.11	8.05	70.80
26596800.00	2.37	18.50	-7.15	-6.80	-6.57	-4.11	0.11	8.05	70.80
26600400.00	0.82	18.50	-7.15	-6.80	-6.57	-4.11	0.11	8.05	70.80
26604000.00	-4.52	18.50	-7.15	-6.80	-6.57	-4.11	0.11	8.05	70.80
26607600.00	0.15	18.50	-7.15	-6.80	-6.57	-4.11	0.11	8.05	70.80
26611200.00	2.01	26.25	-7.59	-4.91	-3.92	3.86	11.87	20.62	81.47
26614800.00	-4.22	26.25	-7.59	-4.91	-3.92	3.86	11.87	20.62	81.47
26618400.00	-4.64	26.25	-7.59	-4.91	-3.92	3.86	11.87	20.62	81.47
26622000.00	-2.71	26.25	-7.59	-4.91	-3.92	3.86	11.87	20.62	81.47
26625600.00	19.63	26.25	-7.59	-4.91	-3.92	3.86	11.87	20.62	81.47
26629200.00	29.46	26.25	-7.59	-4.91	-3.92	3.86	11.87	20.62	81.47
26632800.00	5.72	26.25	-7.59	-4.91	-3.92	3.86	11.87	20.62	81.47
26636400.00	9.27	26.25	-7.59	-4.91	-3.92	3.86	11.87	20.62	81.47
26640000.00	12.52	26.25	-7.59	-4.91	-3.92	3.86	11.87	20.62	81.47
26643600.00	-4.42	26.25	-7.59	-4.91	-3.92	3.86	11.87	20.62	81.47
26647200.00	-7.39	26.25	-7.59	-4.91	-3.92	3.86	11.87	20.62	81.47
26650800.00	-8.17	26.25	-7.59	-4.91	-3.92	3.86	11.87	20.62	81.47
26654400.00	-10.56	26.25	-7.59	-4.91	-3.92	3.86	11.87	20.62	81.47
26658000.00	-12.76	26.25	-7.59	-4.91	-3.92	3.86	11.87	20.62	81.47
26661600.00	-13.81	26.25	-7.59	-4.91	-3.92	3.86	11.87	20.62	81.47
26665200.00	-11.61	26.25	-7.59	-4.91	-3.92	3.86	11.87	20.62	81.47
26668800.00	-10.69	26.25	-7.59	-4.91	-3.92	3.86	11.87	20.62	81.47
26672400.00	17.44	26.25	-7.59	-4.91	-3.92	3.86	11.87	20.62	81.47
26676000.00	80.99	26.25	-7.59	-4.91	-3.92	3.86	11.87	20.62	81.47
26679600.00	205.35	26.25	-7.59	-4.91	-3.92	3.86	11.87	20.62	81.47
26683200.00	89.08	26.25	-7.59	-4.91	-3.92	3.86	11.87	20.62	81.47
26686800.00	90.30	26.25	-7.59	-4.91	-3.92	3.86	11.87	20.62	81.47
26690400.00	81.87	26.25	-7.59	-4.91	-3.92	3.86	11.87	20.62	81.47
26694000.00	77.35	26.25	-7.59	-4.91	-3.92	3.86	11.87	20.62	81.47
26697600.00	83.94	39.03	-1.43	2.98	14.62	37.57	57.65	73.51	83.80
26701200.00	83.63	39.03	-1.43	2.98	14.62	37.57	57.65	73.51	83.80
26704800.00	71.29	39.03	-1.43	2.98	14.62	37.57	57.65	73.51	83.80
26708400.00	73.66	39.03	-1.43	2.98	14.62	37.57	57.65	73.51	83.80
26712000.00	88.43	39.03	-1.43	2.98	14.62	37.57	57.65	73.51	83.80
26715600.00	97.27	39.03	-1.43	2.98	14.62	37.57	57.65	73.51	83.80
26719200.00	27.66	39.03	-1.43	2.98	14.62	37.57	57.65	73.51	83.80
26722800.00	-0.23	39.03	-1.43	2.98	14.62	37.57	57.65	73.51	83.80
26726400.00	-6.21	39.03	-1.43	2.98	14.62	37.57	57.65	73.51	83.80
26730000.00	-7.37	39.03	-1.43	2.98	14.62	37.57	57.65	73.51	83.80
26733600.00	-7.04	39.03	-1.43	2.98	14.62	37.57	57.65	73.51	83.80
26737200.00	-5.04	39.03	-1.43	2.98	14.62	37.57	57.65	73.51	83.80
26740800.00	25.69	39.03	-1.43	2.98	14.62	37.57	57.65	73.51	83.80
26744400.00	3.33	39.03	-1.43	2.98	14.62	37.57	57.65	73.51	83.80
26748000.00	-5.78	39.03	-1.43	2.98	14.62	37.57	57.65	73.51	83.80
26751600.00	-5.75	39.03	-1.43	2.98	14.62	37.57	57.65	73.51	83.80
26755200.00	4.41	39.03	-1.43	2.98	14.62	37.57	57.65	73.51	83.80
26758800.00	11.85	39.03	-1.43	2.98	14.62	37.57	57.65	73.51	83.80
26762400.00	47.48	39.03	-1.43	2.98	14.62	37.57	57.65	73.51	83.80
26766000.00	82.82	39.03	-1.43	2.98	14.62	37.57	57.65	73.51	83.80
26769600.00	85.22	39.03	-1.43	2.98	14.62	37.57	57.65	73.51	83.80
26773200.00	73.50	39.03	-1.43	2.98	14.62	37.57	57.65	73.51	83.80
26776800.00	58.12	39.03	-1.43	2.98	14.62	37.57	57.65	73.51	83.80
26780400.00	55.78	39.03	-1.43	2.98	14.62	37.57	57.65	73.51	83.80
26784000.00	66.01	6.41	-6.58	-6.49	-6.07	-5.40	1.20	7.16	21.18
26787600.00	61.20	6.41	-6.58	-6.49	-6.07	-5.40	1.20	7.16	21.18
26791200.00	52.86	6.41	-6.58	-6.49	-6.07	-5.40	1.20	7.16	21.18
26794800.00	21.61	6.41	-6.58	-6.49	-6.07	-5.40	1.20	7.16	21.18
26798400.00	7.04	6.41	-6.58	-6.49	-6.07	-5.40	1.20	7.16	21.18
26802000.00	11.93	6.41	-6.58	-6.49	-6.07	-5.40	1.20	7.16	21.18
26805600.00	20.66	6.41	-6.58	-6.49	-6.07	-5.40	1.20	7.16	21.18
26809200.00	4.90	6.41	-6.58	-6.49	-6.07	-5.40	1.20	7.16	21.18
26812800.00	-7.85	6.41	-6.58	-6.49	-6.07	-5.40	1.20	7.16	21.18
26816400.00	-6.18	6.41	-6.58	-6.49	-6.07	-5.40	1.20	7.16	21.18
26820000.00	-5.56	6.41	-6.58	-6.49	-6.07	-5.40	1.20	7.16	21.18
26823600.00	-6.48	6.41	-6.58	-6.49	-6.07	-5.40	1.20	7.16	21.18
26827200.00	-8.61	6.41	-6.58	-6.49	-6.07	-5.40	1.20	7.16	21.18
26830800.00	-11.70	6.41	-6.58	-6.49	-6.07	-5.40	1.20	7.16	21.18
26834400.00	-12.55	6.41	-6.58	-6.49	-6.07	-5.40	1.20	7.16	21.18
26838000.00	-10.43	6.41	-6.58	-6.49	-6.07	-5.40	1.20	7.16	21.18
26841600.00	-6.57	6.41	-6.58	-6.49	-6.07	-5.40	1.20	7.16	21.18
26845200.00	-2.78	6.41	-6.58	-6.49	-6.07	-5.40	1.20	7.16	21.18
26848800.00	2.20	6.41	-6.58	-6.49	-6.07	-5.40	1.20	7.16	21.18
26852400.00	8.20	6.41	-6.58	-6.49	-6.07	-5.40	1.20	7.16	21.18
26856000.00	-5.24	6.41	-6.58	-6.49	-6.07	-5.40	1.20	7.16	21.18
26859600.00	-5.65	6.41	-6.58	-6.49	-6.07	-5.40	1.20	7.16	21.18
26863200.00	-6.62	6.41	-6.58	-6.49	-6.07	-5.40	1.20	7.16	21.18
26866800.00	-6.43	6.41	-6.58	-6.49	-6.07	-5.40	1.20	7.16	21.18
26870400.00	-6.05	-0.25	-10.00	-9.16	-8.35	-7.17	-5.75	-4.07	18.13
26874000.00	-7.20	-0.25	-10.00	-9.16	-8.35	-7.17	-5.75	-4.07	18.13
26877600.00	-9.08	-0.25	-10.00	-9.16	-8.35	-7.17	-5.75	-4.07	18.13
26881200.00	-8.55	-0.25	-10.00	-9.16	-8.35	-7.17	-5.75	-4.07	18.13
26884800.00	-5.67	-0.25	-10.00	-9.16	-8.35	-7.17	-5.75	-4.07	18.13
26888400.00	2.27	-0.25	-10.00	-9.16	-8.35	-7.17	-5.75	-4.07	18.13
26892000.00	-4.77	-0.25	-10.00	-9.16	-8.35	-7.17	-5.75	-4.07	18.13
26895600.00	-5.40	-0.25	-10.00	-9.16	-8.35	-7.17	-5.75	-4.07	18.13
26899200.00	-7.14	-0.25	-10.00	-9.16	-8.35	-7.17	-5.75	-4.07	18.13
26902800.00	-9.96	-0.25	-10.00	-9.16	-8.35	-7.17	-5.75	-4.07	18.13
26906400.00	-11.07	-0.25	-10.00	-9.16	-8.35	-7.17	-5.75	-4.07	18.13
26910000.00	-13.21	-0.25	-10.00	-9.16	-8.35	-7.17	-5.75	-4.07	18.13
26913600.00	-13.17	-0.25	-10.00	-9.16	-8.35	-7.17	-5.75	-4.07	18.13
26917200.00	-10.67	-0.25	-10.00	-9.16	-8.35	-7.17	-5.75	-4.07	18.13
26920800.00	-10.10	-0.25	-10.00	-9.16	-8.35	-7.17	-5.75	-4.07	18.13
26924400.00	-8.61	-0.25	-10.00	-9.16	-8.35	-7.17	-5.75	-4.07	18.13
26928000.00	-7.57	-0.25	-10.00	-9.16	-8.35	-7.17	-5.75	-4.07	18.13
26931600.00	-12.21	-0.25	-10.00	-9.16	-8.35	-7.17	-5.75	-4.07	18.13
26935200.00	2.71	-0.25	-10.00	-9.16	-8.35	-7.17	-5.75	-4.07	18.13
26938800.00	6.07	-0.25	-10.00	-9.16	-8.35	-7.17	-5.75	-4.07	18.13
26942400.00	36.78	-0.25	-10.00	-9.16	-8.35	-7.17	-5.75	-4.07	18.13
26946000.00	37.07	-0.25	-10.00	-9.16	-8.35	-7.17	-5.75	-4.07	18.13
26949600.00	28.00	-0.25	-10.00	-9.16	-8.35	-7.17	-5.75	-4.07	18.13
26953200.00	31.58	-0.25	-10.00	-9.16	-8.35	-7.17	-5.75	-4.07	18.13
26956800.00	31.33	23.45	-7.20	-6.83	-1.09	24.61	29.90	32.08	69.47
26960400.00	30.27	23.45	-7.20	-6.83	-1.09	24.61	29.90	32.08	69.47
26964000.00	30.39	23.45	-7.20	-6.83	-1.09	24.61	29.90	32.08	69.47
26967600.00	28.41	23.45	-7.20	-6.83	-1.09	24.61	29.90	32.08	69.47
26971200.00	28.03	23.45	-7.20	-6.83	-1.09	24.61	29.90	32.08	69.47
26974800.00	38.84	23.45	-7.20	-6.83	-1.09	24.61	29.90	32.08	69.47
26978400.00	7.87	23.45	-7.20	-6.83	-1.09	24.61	29.90	32.08	69.47
26982000.00	-3.33	23.45	-7.20	-6.83	-1.09	24.61	29.90	32.08	69.47
26985600.00	-7.15	23.45	-7.20	-6.83	-1.09	24.61	29.90	32.08	69.47
26989200.00	-7.33	23.45	-7.20	-6.83	-1.09	24.61	29.90	32.08	69.47
26992800.00	-8.93	23.45	-7.20	-6.83	-1.09	24.61	29.90	32.08	69.47
26996400.00	-9.19	23.45	-7.20	-6.83	-1.09	24.61	29.90	32.08	69.47
27000000.00	-11.28	23.45	-7.20	-6.83	-1.09	24.61	29.90	32.08	69.47
27003600.00	-13.39	23.45	-7.20	-6.83	-1.09	24.61	29.90	32.08	69.47
27007200.00	-10.19	23.45	-7.20	-6.83	-1.09	24.61	29.90	32.08	69.47
27010800.00	-6.80	23.45	-7.20	-6.83	-1.09	24.61	29.90	32.08	69.47
27014400.00	-6.75	23.45	-7.20	-6.83	-1.09	24.61	29.90	32.08	69.47
27018000.00	21.18	23.45	-7.20	-6.83	-1.09	24.61	29.90	32.08	69.47
27021600.00	64.26	23.45	-7.20	-6.83	-1.09	24.61	29.90	32.08	69.47
27025200.00	73.22	23.45	-7.20	-6.83	-1.09	24.61	29.90	32.08	69.47
27028800.00	77.77	23.45	-7.20	-6.83	-1.09	24.61	29.90	32.08	69.47
27032400.00	66.94	23.45	-7.20	-6.83	-1.09	24.61	29.90	32.08	69.47
27036000.00	71.54	23.45	-7.20	-6.83	-1.09	24.61	29.90	32.08	69.47
27039600.00	77.03	23.45	-7.20	-6.83	-1.09	24.61	29.90	32.08	69.47
27043200.00	74.60	27.44	-8.95	-6.78	9.15	68.97	77.63	83.36	91.11
27046800.00	83.24	27.44	-8.95	-6.78	9.15	68.97	77.63	83.36	91.11
27050400.00	84.79	27.44	-8.95	-6.78	9.15	68.97	77.63	83.36	91.11
27054000.00	84.46	27.44	-8.95	-6.78	9.15	68.97	77.63	83.36	91.11
27057600.00	94.14	27.44	-8.95	-6.78	9.15	68.97	77.63	83.36	91.11
27061200.00	99.48	27.44	-8.95	-6.78	9.15	68.97	77.63	83.36	91.11
27064800.00	92.09	27.44	-8.95	-6.78	9.15	68.97	77.63	83.36	91.11
27068400.00	20.04	27.44	-8.95	-6.78	9.15	68.97	77.63	83.36	91.11
27072000.00	-6.59	27.44	-8.95	-6.78	9.15	68.97	77.63	83.36	91.11
27075600.00	-6.48	27.44	-8.95	-6.78	9.15	68.97	77.63	83.36	91.11
27079200.00	-8.49	27.44	-8.95	-6.78	9.15	68.97	77.63	83.36	91.11
27082800.00	-10.34	27.44	-8.95	-6.78	9.15	68.97	77.63	83.36	91.11
27086400.00	-18.10	27.44	-8.95	-6.78	9.15	68.97	77.63	83.36	91.11
27090000.00	-62.90	27.44	-8.95	-6.78	9.15	68.97	77.63	83.36	91.11
27093600.00	-105.17	27.44	-8.95	-6.78	9.15	68.97	77.63	83.36	91.11
27097200.00	-134.86	27.44	-8.95	-6.78	9.15	68.97	77.63	83.36	91.11
27100800.00	-105.43	27.44	-8.95	-6.78	9.15	68.97	77.63	83.36	91.11
27104400.00	6.43	27.44	-8.95	-6.78	9.15	68.97	77.63	83.36	91.11
27108000.00	65.14	27.44	-8.95	-6.78	9.15	68.97	77.63	83.36	91.11
27111600.00	79.31	27.44	-8.95	-6.78	9.15	68.97	77.63	83.36	91.11
27115200.00	91.62	27.44	-8.95	-6.78	9.15	68.97	77.63	83.36	91.11
27118800.00	72.80	27.44	-8.95	-6.78	9.15	68.97	77.63	83.36	91.11
27122400.00	78.39	27.44	-8.95	-6.78	9.15	68.97	77.63	83.36	91.11
27126000.00	90.49	27.44	-8.95	-6.78	9.15	68.97	77.63	83.36	91.11
27129600.00	60.60	26.95	-7.68	-7.23	-4.48	38.31	45.26	54.02	63.45
27133200.00	51.46	26.95	-7.68	-7.23	-4.48	38.31	45.26	54.02	63.45
27136800.00	39.03	26.95	-7.68	-7.23	-4.48	38.31	45.26	54.02	63.45
27140400.00	37.58	26.95	-7.68	-7.23	-4.48	38.31	45.26	54.02	63.45
27144000.00	40.25	26.95	-7.68	-7.23	-4.48	38.31	45.26	54.02	63.45
27147600.00	46.51	26.95	-7.68	-7.23	-4.48	38.31	45.26	54.02	63.45
27151200.00	60.91	26.95	-7.68	-7.23	-4.48	38.31	45.26	54.02	63.45
27154800.00	-5.60	26.95	-7.68	-7.23	-4.48	38.31	45.26	54.02	63.45
27158400.00	-7.46	26.95	-7.68	-7.23	-4.48	38.31	45.26	54.02	63.45
27162000.00	-7.21	26.95	-7.68	-7.23	-4.48	38.31	45.26	54.02	63.45
27165600.00	-8.47	26.95	-7.68	-7.23	-4.48	38.31	45.26	54.02	63.45
27169200.00	-10.37	26.95	-7.68	-7.23	-4.48	38.31	45.26	54.02	63.45
27172800.00	-8.35	26.95	-7.68	-7.23	-4.48	38.31	45.26	54.02	63.45
27176400.00	-10.04	26.95	-7.68	-7.23	-4.48	38.31	45.26	54.02	63.45
27180000.00	-9.90	26.95	-7.68	-7.23	-4.48	38.31	45.26	54.02	63.45
27183600.00	-9.65	26.95	-7.68	-7.23	-4.48	38.31	45.26	54.02	63.45
27187200.00	-6.99	26.95	-7.68	-7.23	-4.48	38.31	45.26	54.02	63.45
27190800.00	0.02	26.95	-7.68	-7.23	-4.48	38.31	45.26	54.02	63.45
27194400.00	59.09	26.95	-7.68	-7.23	-4.48	38.31	45.26	54.02	63.45
27198000.00	73.68	26.95	-7.68	-7.23	-4.48	38.31	45.26	54.02	63.45
27201600.00	76.74	26.95	-7.68	-7.23	-4.48	38.31	45.26	54.02	63.45
27205200.00	65.53	26.95	-7.68	-7.23	-4.48	38.31	45.26	54.02	63.45
27208800.00	53.45	26.95	-7.68	-7.23	-4.48	38.31	45.26	54.02	63.45
27212400.00	66.09	26.95	-7.68	-7.23	-4.48	38.31	45.26	54.02	63.45
27216000.00	71.35	37.23	-10.18	-8.82	-1.15	41.36	65.54	69.92	90.18
27219600.00	66.46	37.23	-10.18	-8.82	-1.15	41.36	65.54	69.92	90.18
27223200.00	69.76	37.23	-10.18	-8.82	-1.15	41.36	65.54	69.92	90.18
27226800.00	67.96	37.23	-10.18	-8.82	-1.15	41.36	65.54	69.92	90.18
27230400.00	86.72	37.23	-10.18	-8.82	-1.15	41.36	65.54	69.92	90.18
27234000.00	103.68	37.23	-10.18	-8.82	-1.15	41.36	65.54	69.92	90.18
27237600.00	24.86	37.23	-10.18	-8.82	-1.15	41.36	65.54	69.92	90.18
27241200.00	-4.41	37.23	-10.18	-8.82	-1.15	41.36	65.54	69.92	90.18
27244800.00	-8.67	37.23	-10.18	-8.82	-1.15	41.36	65.54	69.92	90.18
27248400.00	-9.72	37.23	-10.18	-8.82	-1.15	41.36	65.54	69.92	90.18
27252000.00	-12.80	37.23	-10.18	-8.82	-1.15	41.36	65.54	69.92	90.18
27255600.00	-14.34	37.23	-10.18	-8.82	-1.15	41.36	65.54	69.92	90.18
27259200.00	-16.41	37.23	-10.18	-8.82	-1.15	41.36	65.54	69.92	90.18
27262800.00	-17.99	37.23	-10.18	-8.82	-1.15	41.36	65.54	69.92	90.18
27266400.00	-14.79	37.23	-10.18	-8.82	-1.15	41.36	65.54	69.92	90.18
27270000.00	-11.57	37.23	-10.18	-8.82	-1.15	41.36	65.54	69.92	90.18
27273600.00	-8.72	37.23	-10.18	-8.82	-1.15	41.36	65.54	69.92	90.18
27277200.00	11.91	37.23	-10.18	-8.82	-1.15	41.36	65.54	69.92	90.18
27280800.00	75.19	37.23	-10.18	-8.82	-1.15	41.36	65.54	69.92	90.18
27284400.00	103.37	37.23	-10.18	-8.82	-1.15	41.36	65.54	69.92	90.18
27288000.00	118.90	37.23	-10.18	-8.82	-1.15	41.36	65.54	69.92	90.18
27291600.00	93.01	37.23	-10.18	-8.82	-1.15	41.36	65.54	69.92	90.18
27295200.00	57.86	37.23	-10.18	-8.82	-1.15	41.36	65.54	69.92	90.18
27298800.00	61.87	37.23	-10.18	-8.82	-1.15	41.36	65.54	69.92	90.18
27302400.00	56.76	26.04	-2.82	-2.12	0.50	10.22	43.00	56.08	63.59
27306000.00	6.83	26.04	-2.82	-2.12	0.50	10.22	43.00	56.08	63.59
27309600.00	-1.08	26.04	-2.82	-2.12	0.50	10.22	43.00	56.08	63.59
27313200.00	-2.73	26.04	-2.82	-2.12	0.50	10.22	43.00	56.08	63.59
27316800.00	0.23	26.04	-2.82	-2.12	0.50	10.22	43.00	56.08	63.59
27320400.00	13.60	26.04	-2.82	-2.12	0.50	10.22	43.00	56.08	63.59
27324000.00	-2.05	26.04	-2.82	-2.12	0.50	10.22	43.00	56.08	63.59
27327600.00	-3.26	26.04	-2.82	-2.12	0.50	10.22	43.00	56.08	63.59
27331200.00	-4.96	26.04	-2.82	-2.12	0.50	10.22	43.00	56.08	63.59
27334800.00	-3.07	26.04	-2.82	-2.12	0.50	10.22	43.00	56.08	63.59
27338400.00	1.57	26.04	-2.82	-2.12	0.50	10.22	43.00	56.08	63.59
27342000.00	-3.74	26.04	-2.82	-2.12	0.50	10.22	43.00	56.08	63.59
27345600.00	-12.30	26.04	-2.82	-2.12	0.50	10.22	43.00	56.08	63.59
27349200.00	-6.52	26.04	-2.82	-2.12	0.50	10.22	43.00	56.08	63.59
27352800.00	38.18	26.04	-2.82	-2.12	0.50	10.22	43.00	56.08	63.59
27356400.00	80.69	26.04	-2.82	-2.12	0.50	10.22	43.00	56.08	63.59
27360000.00	61.86	26.04	-2.82	-2.12	0.50	10.22	43.00	56.08	63.59
27363600.00	65.01	26.04	-2.82	-2.12	0.50	10.22	43.00	56.08	63.59
27367200.00	44.21	26.04	-2.82	-2.12	0.50	10.22	43.00	56.08	63.59
27370800.00	47.71	26.04	-2.82	-2.12	0.50	10.22	43.00	56.08	63.59
27374400.00	57.27	26.04	-2.82	-2.12	0.50	10.22	43.00	56.08	63.59
27378000.00	56.01	26.04	-2.82	-2.12	0.50	10.22	43.00	56.08	63.59
27381600.00	67.00	26.04	-2.82	-2.12	0.50	10.22	43.00	56.08	63.59
27385200.00	67.71	26.04	-2.82	-2.12	0.50	10.22	43.00	56.08	63.59
27388800.00	62.72	40.27	-5.50	-0.85	23.73	57.26	62.47	70.58	75.54
27392400.00	61.45	40.27	-5.50	-0.85	23.73	57.26	62.47	70.58	75.54
27396000.00	53.85	40.27	-5.50	-0.85	23.73	57.26	62.47	70.58	75.54
27399600.00	60.66	40.27	-5.50	-0.85	23.73	57.26	62.47	70.58	75.54
27403200.00	73.52	40.27	-5.50	-0.85	23.73	57.26	62.47	70.58	75.54
27406800.00	75.65	40.27	-5.50	-0.85	23.73	57.26	62.47	70.58	75.54
27410400.00	64.61	40.27	-5.50	-0.85	23.73	57.26	62.47	70.58	75.54
27414000.00	8.53	40.27	-5.50	-0.85	23.73	57.26	62.47	70.58	75.54
27417600.00	-11.02	40.27	-5.50	-0.85	23.73	57.26	62.47	70.58	75.54
27421200.00	-7.30	40.27	-5.50	-0.85	23.73	57.26	62.47	70.58	75.54
27424800.00	-7.12	40.27	-5.50	-0.85	23.73	57.26	62.47	70.58	75.54
27428400.00	-5.30	40.27	-5.50	-0.85	23.73	57.26	62.47	70.58	75.54
27432000.00	21.06	40.27	-5.50	-0.85	23.73	57.26	62.47	70.58	75.54
27435600.00	-7.45	40.27	-5.50	-0.85	23.73	57.26	62.47	70.58	75.54
27439200.00	-7.06	40.27	-5.50	-0.85	23.73	57.26	62.47	70.58	75.54
27442800.00	-6.10	40.27	-5.50	-0.85	23.73	57.26	62.47	70.58	75.54
27446400.00	-0.35	40.27	-5.50	-0.85	23.73	57.26	62.47	70.58	75.54
27450000.00	34.40	40.27	-5.50	-0.85	23.73	57.26	62.47	70.58	75.54
27453600.00	75.40	40.27	-5.50	-0.85	23.73	57.26	62.47	70.58	75.54
27457200.00	70.27	40.27	-5.50	-0.85	23.73	57.26	62.47	70.58	75.54
27460800.00	73.35	40.27	-5.50	-0.85	23.73	57.26	62.47	70.58	75.54
27464400.00	91.34	40.27	-5.50	-0.85	23.73	57.26	62.47	70.58	75.54
27468000.00	92.45	40.27	-5.50	-0.85	23.73	57.26	62.47	70.58	75.54
27471600.00	99.02	40.27	-5.50	-0.85	23.73	57.26	62.47	70.58	75.54
27475200.00	115.91	46.25	-7.17	-5.75	20.32	47.25	53.98	63.25	109.42
27478800.00	150.51	46.25	-7.17	-5.75	20.32	47.25	53.98	63.25	109.42
27482400.00	140.70	46.25	-7.17	-5.75	20.32	47.25	53.98	63.25	109.42
27486000.00	105.96	46.25	-7.17	-5.75	20.32	47.25	53.98	63.25	109.42
27489600.00	94.97	46.25	-7.17	-5.75	20.32	47.25	53.98	63.25	109.42
27493200.00	112.25	46.25	-7.17	-5.75	20.32	47.25	53.98	63.25	109.42
27496800.00	69.55	46.25	-7.17	-5.75	20.32	47.25	53.98	63.25	109.42
27500400.00	43.14	46.25	-7.17	-5.75	20.32	47.25	53.98	63.25	109.42
27504000.00	5.44	46.25	-7.17	-5.75	20.32	47.25	53.98	63.25	109.42
27507600.00	-7.69	46.25	-7.17	-5.75	20.32	47.25	53.98	63.25	109.42
27511200.00	-8.06	46.25	-7.17	-5.75	20.32	47.25	53.98	63.25	109.42
27514800.00	-10.22	46.25	-7.17	-5.75	20.32	47.25	53.98	63.25	109.42
27518400.00	-8.00	46.25	-7.17	-5.75	20.32	47.25	53.98	63.25	109.42
27522000.00	-8.51	46.25	-7.17	-5.75	20.32	47.25	53.98	63.25	109.42
27525600.00	-7.04	46.25	-7.17	-5.75	20.32	47.25	53.98	63.25	109.42
27529200.00	-5.61	46.25	-7.17	-5.75	20.32	47.25	53.98	63.25	109.42
27532800.00	-7.55	46.25	-7.17	-5.75	20.32	47.25	53.98	63.25	109.42
27536400.00	14.62	46.25	-7.17	-5.75	20.32	47.25	53.98	63.25	109.42
27540000.00	46.95	46.25	-7.17	-5.75	20.32	47.25	53.98	63.25	109.42
27543600.00	47.54	46.25	-7.17	-5.75	20.32	47.25	53.98	63.25	109.42
27547200.00	48.48	46.25	-7.17	-5.75	20.32	47.25	53.98	63.25	109.42
27550800.00	55.36	46.25	-7.17	-5.75	20.32	47.25	53.98	63.25	109.42
27554400.00	62.55	46.25	-7.17	-5.75	20.32	47.25	53.98	63.25	109.42
27558000.00	58.72	46.25	-7.17	-5.75	20.32	47.25	53.98	63.25	109.42
27561600.00	50.03	0.17	-12.97	-12.65	-9.76	-4.98	-3.71	-3.54	29.08
27565200.00	45.14	0.17	-12.97	-12.65	-9.76	-4.98	-3.71	-3.54	29.08
27568800.00	36.62	0.17	-12.97	-12.65	-9.76	-4.98	-3.71	-3.54	29.08
27572400.00	35.30	0.17	-12.97	-12.65	-9.76	-4.98	-3.71	-3.54	29.08
27576000.00	21.49	0.17	-12.97	-12.65	-9.76	-4.98	-3.71	-3.54	29.08
27579600.00	5.72	0.17	-12.97	-12.65	-9.76	-4.98	-3.71	-3.54	29.08
27583200.00	-12.72	0.17	-12.97	-12.65	-9.76	-4.98	-3.71	-3.54	29.08
27586800.00	-13.73	0.17	-12.97	-12.65	-9.76	-4.98	-3.71	-3.54	29.08
27590400.00	-22.94	0.17	-12.97	-12.65	-9.76	-4.98	-3.71	-3.54	29.08
27594000.00	-18.31	0.17	-12.97	-12.65	-9.76	-4.98	-3.71	-3.54	29.08
27597600.00	-19.56	0.17	-12.97	-12.65	-9.76	-4.98	-3.71	-3.54	29.08
27601200.00	-19.10	0.17	-12.97	-12.65	-9.76	-4.98	-3.71	-3.54	29.08
27604800.00	-14.65	0.17	-12.97	-12.65	-9.76	-4.98	-3.71	-3.54	29.08
27608400.00	-12.64	0.17	-12.97	-12.65	-9.76	-4.98	-3.71	-3.54	29.08
27612000.00	-10.28	0.17	-12.97	-12.65	-9.76	-4.98	-3.71	-3.54	29.08
27615600.00	-11.06	0.17	-12.97	-12.65	-9.76	-4.98	-3.71	-3.54	29.08
27619200.00	-7.69	0.17	-12.97	-12.65	-9.76	-4.98	-3.71	-3.54	29.08
27622800.00	-5.88	0.17	-12.97	-12.65	-9.76	-4.98	-3.71	-3.54	29.08
27626400.00	-3.63	0.17	-12.97	-12.65	-9.76	-4.98	-3.71	-3.54	29.08
27630000.00	-3.68	0.17	-12.97	-12.65	-9.76	-4.98	-3.71	-3.54	29.08
27633600.00	-4.09	0.17	-12.97	-12.65	-9.76	-4.98	-3.71	-3.54	29.08
27637200.00	-3.82	0.17	-12.97	-12.65	-9.76	-4.98	-3.71	-3.54	29.08
27640800.00	-3.66	0.17	-12.97	-12.65	-9.76	-4.98	-3.71	-3.54	29.08
27644400.00	-2.76	0.17	-12.97	-12.65	-9.76	-4.98	-3.71	-3.54	29.08
27648000.00	-3.37	-3.79	-6.60	-6.48	-5.89	-4.89	-3.96	-3.44	0.61
27651600.00	-3.93	-3.79	-6.60	-6.48	-5.89	-4.89	-3.96	-3.44	0.61
27655200.00	-5.33	-3.79	-6.60	-6.48	-5.89	-4.89	-3.96	-3.44	0.61
27658800.00	-4.45	-3.79	-6.60	-6.48	-5.89	-4.89	-3.96	-3.44	0.61
27662400.00	-3.68	-3.79	-6.60	-6.48	-5.89	-4.89	-3.96	-3.44	0.61
27666000.00	3.11	-3.79	-6.60	-6.48	-5.89	-4.89	-3.96	-3.44	0.61
27669600.00	-1.82	-3.79	-6.60	-6.48	-5.89	-4.89	-3.96	-3.44	0.61
27673200.00	-5.92	-3.79	-6.60	-6.48	-5.89	-4.89	-3.96	-3.44	0.61
27676800.00	-6.53	-3.79	-6.60	-6.48	-5.89	-4.89	-3.96	-3.44	0.61
27680400.00	-6.83	-3.79	-6.60	-6.48	-5.89	-4.89	-3.96	-3.44	0.61
27684000.00	-6.47	-3.79	-6.60	-6.48	-5.89	-4.89	-3.96	-3.44	0.61
27687600.00	-6.81	-3.79	-6.60	-6.48	-5.89	-4.89	-3.96	-3.44	0.61
27691200.00	-6.47	-3.79	-6.60	-6.48	-5.89	-4.89	-3.96	-3.44	0.61
27694800.00	-8.08	-3.79	-6.60	-6.48	-5.89	-4.89	-3.96	-3.44	0.61
27698400.00	-7.19	-3.79	-6.60	-6.48	-5.89	-4.89	-3.96	-3.44	0.61
27702000.00	-5.78	-3.79	-6.60	-6.48	-5.89	-4.89	-3.96	-3.44	0.61
27705600.00	-4.05	-3.79	-6.60	-6.48	-5.89	-4.89	-3.96	-3.44	0.61
27709200.00	-6.95	-3.79	-6.60	-6.48	-5.89	-4.89	-3.96	-3.44	0.61
27712800.00	-7.11	-3.79	-6.60	-6.48	-5.89	-4.89	-3.96	-3.44	0.61
27716400.00	-3.44	-3.79	-6.60	-6.48	-5.89	-4.89	-3.96	-3.44	0.61
27720000.00	0.89	-3.79	-6.60	-6.48	-5.89	-4.89	-3.96	-3.44	0.61
27723600.00	2.40	-3.79	-6.60	-6.48	-5.89	-4.89	-3.96	-3.44	0.61
27727200.00	0.25	-3.79	-6.60	-6.48	-5.89	-4.89	-3.96	-3.44	0.61
27730800.00	6.49	-3.79	-6.60	-6.48	-5.89	-4.89	-3.96	-3.44	0.61
27734400.00	4.57	21.19	-7.97	-7.39	-2.92	8.84	27.85	56.09	88.96
27738000.00	13.11	21.19	-7.97	-7.39	-2.92	8.84	27.85	56.09	88.96
27741600.00	28.60	21.19	-7.97	-7.39	-2.92	8.84	27.85	56.09	88.96
27745200.00	69.98	21.19	-7.97	-7.39	-2.92	8.84	27.85	56.09	88.96
27748800.00	103.08	21.19	-7.97	-7.39	-2.92	8.84	27.85	56.09	88.96
27752400.00	150.01	21.19	-7.97	-7.39	-2.92	8.84	27.85	56.09	88.96
27756000.00	136.13	21.19	-7.97	-7.39	-2.92	8.84	27.85	56.09	88.96
27759600.00	105.31	21.19	-7.97	-7.39	-2.92	8.84	27.85	56.09	88.96
27763200.00	2.47	21.19	-7.97	-7.39	-2.92	8.84	27.85	56.09	88.96
27766800.00	-4.27	21.19	-7.97	-7.39	-2.92	8.84	27.85	56.09	88.96
27770400.00	-7.67	21.19	-7.97	-7.39	-2.92	8.84	27.85	56.09	88.96
27774000.00	-7.36	21.19	-7.97	-7.39	-2.92	8.84	27.85	56.09	88.96
27777600.00	-8.89	21.19	-7.97	-7.39	-2.92	8.84	27.85	56.09	88.96
27781200.00	-24.23	21.19	-7.97	-7.39	-2.92	8.84	27.85	56.09	88.96
27784800.00	-109.14	21.19	-7.97	-7.39	-2.92	8.84	27.85	56.09	88.96
27788400.00	-139.66	21.19	-7.97	-7.39	-2.92	8.84	27.85	56.09	88.96
27792000.00	-48.62	21.19	-7.97	-7.39	-2.92	8.84	27.85	56.09	88.96
27795600.00	-10.91	21.19	-7.97	-7.39	-2.92	8.84	27.85	56.09	88.96
27799200.00	-6.19	21.19	-7.97	-7.39	-2.92	8.84	27.85	56.09	88.96
27802800.00	24.86	21.19	-7.97	-7.39	-2.92	8.84	27.85	56.09	88.96
27806400.00	50.20	21.19	-7.97	-7.39	-2.92	8.84	27.85	56.09	88.96
27810000.00	55.68	21.19	-7.97	-7.39	-2.92	8.84	27.85	56.09	88.96
27813600.00	59.73	21.19	-7.97	-7.39	-2.92	8.84	27.85	56.09	88.96
27817200.00	71.69	21.19	-7.97	-7.39	-2.92	8.84	27.85	56.09	88.96
27820800.00	75.19	19.88	-9.51	-9.17	-4.94	16.04	31.29	43.17	57.81
27824400.00	66.19	19.88	-9.51	-9.17	-4.94	16.04	31.29	43.17	57.81
27828000.00	42.24	19.88	-9.51	-9.17	-4.94	16.04	31.29	43.17	57.81
27831600.00	39.35	19.88	-9.51	-9.17	-4.94	16.04	31.29	43.17	57.81
27835200.00	51.54	19.88	-9.51	-9.17	-4.94	16.04	31.29	43.17	57.81
27838800.00	61.94	19.88	-9.51	-9.17	-4.94	16.04	31.29	43.17	57.81
27842400.00	30.25	19.88	-9.51	-9.17	-4.94	16.04	31.29	43.17	57.81
27846000.00	16.88	19.88	-9.51	-9.17	-4.94	16.04	31.29	43.17	57.81
27849600.00	-6.21	19.88	-9.51	-9.17	-4.94	16.04	31.29	43.17	57.81
27853200.00	-9.48	19.88	-9.51	-9.17	-4.94	16.04	31.29	43.17	57.81
27856800.00	-10.20	19.88	-9.51	-9.17	-4.94	16.04	31.29	43.17	57.81
27860400.00	-9.60	19.88	-9.51	-9.17	-4.94	16.04	31.29	43.17	57.81
27864000.00	-8.83	19.88	-9.51	-9.17	-4.94	16.04	31.29	43.17	57.81
27867600.00	-13.85	19.88	-9.51	-9.17	-4.94	16.04	31.29	43.17	57.81
27871200.00	-23.32	19.88	-9.51	-9.17	-4.94	16.04	31.29	43.17	57.81
27874800.00	-21.04	19.88	-9.51	-9.17	-4.94	16.04	31.29	43.17	57.81
27878400.00	-14.04	19.88	-9.51	-9.17	-4.94	16.04	31.29	43.17	57.81
27882000.00	-9.13	19.88	-9.51	-9.17	-4.94	16.04	31.29	43.17	57.81
27885600.00	0.12	19.88	-9.51	-9.17	-4.94	16.04	31.29	43.17	57.81
27889200.00	15.21	19.88	-9.51	-9.17	-4.94	16.04	31.29	43.17	57.81
27892800.00	31.55	19.88	-9.51	-9.17	-4.94	16.04	31.29	43.17	57.81
27896400.00	67.44	19.88	-9.51	-9.17	-4.94	16.04	31.29	43.17	57.81
27900000.00	52.25	19.88	-9.51	-9.17	-4.94	16.04	31.29	43.17	57.81
27903600.00	52.77	19.88	-9.51	-9.17	-4.94	16.04	31.29	43.17	57.81
27907200.00	53.94	11.48	-8.73	-7.89	-6.81	14.80	24.68	33.14	53.48
27910800.00	60.80	11.48	-8.73	-7.89	-6.81	14.80	24.68	33.14	53.48
27914400.00	51.98	11.48	-8.73	-7.89	-6.81	14.80	24.68	33.14	53.48
27918000.00	54.88	11.48	-8.73	-7.89	-6.81	14.80	24.68	33.14	53.48
27921600.00	52.92	11.48	-8.73	-7.89	-6.81	14.80	24.68	33.14	53.48
27925200.00	55.28	11.48	-8.73	-7.89	-6.81	14.80	24.68	33.14	53.48
27928800.00	28.05	11.48	-8.73	-7.89	-6.81	14.80	24.68	33.14	53.48
27932400.00	-6.92	11.48	-8.73	-7.89	-6.81	14.80	24.68	33.14	53.48
27936000.00	-23.92	11.48	-8.73	-7.89	-6.81	14.80	24.68	33.14	53.48
27939600.00	-6.34	11.48	-8.73	-7.89	-6.81	14.80	24.68	33.14	53.48
27943200.00	-7.37	11.48	-8.73	-7.89	-6.81	14.80	24.68	33.14	53.48
27946800.00	-8.28	11.48	-8.73	-7.89	-6.81	14.80	24.68	33.14	53.48
27950400.00	-7.85	11.48	-8.73	-7.89	-6.81	14.80	24.68	33.14	53.48
27954000.00	-10.09	11.48	-8.73	-7.89	-6.81	14.80	24.68	33.14	53.48
27957600.00	-17.30	11.48	-8.73	-7.89	-6.81	14.80	24.68	33.14	53.48
27961200.00	-27.56	11.48	-8.73	-7.89	-6.81	14.80	24.68	33.14	53.48
27964800.00	-94.79	11.48	-8.73	-7.89	-6.81	14.80	24.68	33.14	53.48
27968400.00	-15.36	11.48	-8.73	-7.89	-6.81	14.80	24.68	33.14	53.48
27972000.00	12.25	11.48	-8.73	-7.89	-6.81	14.80	24.68	33.14	53.48
27975600.00	33.11	11.48	-8.73	-7.89	-6.81	14.80	24.68	33.14	53.48
27979200.00	33.38	11.48	-8.73	-7.89	-6.81	14.80	24.68	33.14	53.48
27982800.00	25.35	11.48	-8.73	-7.89	-6.81	14.80	24.68	33.14	53.48
27986400.00	17.34	11.48	-8.73	-7.89	-6.81	14.80	24.68	33.14	53.48
27990000.00	22.00	11.48	-8.73	-7.89	-6.81	14.80	24.68	33.14	53.48
27993600.00	8.49	-6.67	-29.75	-29.09	-5.83	-2.29	0.81	5.05	16.58
27997200.00	5.64	-6.67	-29.75	-29.09	-5.83	-2.29	0.81	5.05	16.58
28000800.00	3.40	-6.67	-29.75	-29.09	-5.83	-2.29	0.81	5.05	16.58
28004400.00	-1.15	-6.67	-29.75	-29.09	-5.83	-2.29	0.81	5.05	16.58
28008000.00	1.09	-6.67	-29.75	-29.09	-5.83	-2.29	0.81	5.05	16.58
28011600.00	4.99	-6.67	-29.75	-29.09	-5.83	-2.29	0.81	5.05	16.58
28015200.00	-3.42	-6.67	-29.75	-29.09	-5.83	-2.29	0.81	5.05	16.58
28018800.00	-19.54	-6.67	-29.75	-29.09	-5.83	-2.29	0.81	5.05	16.58
28022400.00	-62.86	-6.67	-29.75	-29.09	-5.83	-2.29	0.81	5.05	16.58
28026000.00	-29.03	-6.67	-29.75	-29.09	-5.83	-2.29	0.81	5.05	16.58
28029600.00	-29.94	-6.67	-29.75	-29.09	-5.83	-2.29	0.81	5.05	16.58
28033200.00	-34.90	-6.67	-29.75	-29.09	-5.83	-2.29	0.81	5.05	16.58
28036800.00	-36.73	-6.67	-29.75	-29.09	-5.83	-2.29	0.81	5.05	16.58
28040400.00	-39.54	-6.67	-29.75	-29.09	-5.83	-2.29	0.81	5.05	16.58
28044000.00	-44.16	-6.67	-29.75	-29.09	-5.83	-2.29	0.81	5.05	16.58
28047600.00	-29.69	-6.67	-29.75	-29.09	-5.83	-2.29	0.81	5.05	16.58
28051200.00	-5.88	-6.67	-29.75	-29.09	-5.83	-2.29	0.81	5.05	16.58
28054800.00	7.20	-6.67	-29.75	-29.09	-5.83	-2.29	0.81	5.05	16.58
28058400.00	52.97	-6.67	-29.75	-29.09	-5.83	-2.29	0.81	5.05	16.58
28062000.00	41.39	-6.67	-29.75	-29.09	-5.83	-2.29	0.81	5.05	16.58
28065600.00	34.37	-6.67	-29.75	-29.09	-5.83	-2.29	0.81	5.05	16.58
28069200.00	23.20	-6.67	-29.75	-29.09	-5.83	-2.29	0.81	5.05	16.58
28072800.00	-0.28	-6.67	-29.75	-29.09	-5.83	-2.29	0.81	5.05	16.58
28076400.00	-5.66	-6.67	-29.75	-29.09	-5.83	-2.29	0.81	5.05	16.58
28080000.00	-5.32	35.53	-0.69	0.06	1.78	10.47	27.18	59.72	100.41
28083600.00	-2.81	35.53	-0.69	0.06	1.78	10.47	27.18	59.72	100.41
28087200.00	-5.14	35.53	-0.69	0.06	1.78	10.47	27.18	59.72	100.41
28090800.00	-5.30	35.53	-0.69	0.06	1.78	10.47	27.18	59.72	100.41
28094400.00	-2.00	35.53	-0.69	0.06	1.78	10.47	27.18	59.72	100.41
28098000.00	-0.26	35.53	-0.69	0.06	1.78	10.47	27.18	59.72	100.41
28101600.00	-5.62	35.53	-0.69	0.06	1.78	10.47	27.18	59.72	100.41
28105200.00	17.65	35.53	-0.69	0.06	1.78	10.47	27.18	59.72	100.41
28108800.00	14.51	35.53	-0.69	0.06	1.78	10.47	27.18	59.72	100.41
28112400.00	2.14	35.53	-0.69	0.06	1.78	10.47	27.18	59.72	100.41
28116000.00	0.10	35.53	-0.69	0.06	1.78	10.47	27.18	59.72	100.41
28119600.00	1.11	35.53	-0.69	0.06	1.78	10.47	27.18	59.72	100.41
28123200.00	1.69	35.53	-0.69	0.06	1.78	10.47	27.18	59.72	100.41
28126800.00	6.43	35.53	-0.69	0.06	1.78	10.47	27.18	59.72	100.41
28130400.00	29.56	35.53	-0.69	0.06	1.78	10.47	27.18	59.72	100.41
28134000.00	74.24	35.53	-0.69	0.06	1.78	10.47	27.18	59.72	100.41
28137600.00	112.81	35.53	-0.69	0.06	1.78	10.47	27.18	59.72	100.41
28141200.00	92.77	35.53	-0.69	0.06	1.78	10.47	27.18	59.72	100.41
28144800.00	95.82	35.53	-0.69	0.06	1.78	10.47	27.18	59.72	100.41
28148400.00	104.17	35.53	-0.69	0.06	1.78	10.47	27.18	59.72	100.41
28152000.00	110.13	35.53	-0.69	0.06	1.78	10.47	27.18	59.72	100.41
28155600.00	125.08	35.53	-0.69	0.06	1.78	10.47	27.18	59.72	100.41
28159200.00	58.10	35.53	-0.69	0.06	1.78	10.47	27.18	59.72	100.41
28162800.00	32.91	35.53	-0.69	0.06	1.78	10.47	27.18	59.72	100.41
28166400.00	83.89	44.65	-8.56	-6.79	-1.47	54.10	75.58	83.95	98.75
28170000.00	105.76	44.65	-8.56	-6.79	-1.47	54.10	75.58	83.95	98.75
28173600.00	112.37	44.65	-8.56	-6.79	-1.47	54.10	75.58	83.95	98.75
28177200.00	90.17	44.65	-8.56	-6.79	-1.47	54.10	75.58	83.95	98.75
28180800.00	144.92	44.65	-8.56	-6.79	-1.47	54.10	75.58	83.95	98.75
28184400.00	109.41	44.65	-8.56	-6.79	-1.47	54.10	75.58	83.95	98.75
28188000.00	46.86	44.65	-8.56	-6.79	-1.47	54.10	75.58	83.95	98.75
28191600.00	-9.92	44.65	-8.56	-6.79	-1.47	54.10	75.58	83.95	98.75
28195200.00	-11.69	44.65	-8.56	-6.79	-1.47	54.10	75.58	83.95	98.75
28198800.00	-12.11	44.65	-8.56	-6.79	-1.47	54.10	75.58	83.95	98.75
28202400.00	-11.06	44.65	-8.56	-6.79	-1.47	54.10	75.58	83.95	98.75
28206000.00	-5.21	44.65	-8.56	-6.79	-1.47	54.10	75.58	83.95	98.75
28209600.00	-5.43	44.65	-8.56	-6.79	-1.47	54.10	75.58	83.95	98.75
28213200.00	-6.64	44.65	-8.56	-6.79	-1.47	54.10	75.58	83.95	98.75
28216800.00	-8.16	44.65	-8.56	-6.79	-1.47	54.10	75.58	83.95	98.75
28220400.00	-17.74	44.65	-8.56	-6.79	-1.47	54.10	75.58	83.95	98.75
28224000.00	-9.74	44.65	-8.56	-6.79	-1.47	54.10	75.58	83.95	98.75
28227600.00	13.49	44.65	-8.56	-6.79	-1.47	54.10	75.58	83.95	98.75
28231200.00	61.34	44.65	-8.56	-6.79	-1.47	54.10	75.58	83.95	98.75
28234800.00	86.85	44.65	-8.56	-6.79	-1.47	54.10	75.58	83.95	98.75
28238400.00	81.30	44.65	-8.56	-6.79	-1.47	54.10	75.58	83.95	98.75
28242000.00	76.47	44.65	-8.56	-6.79	-1.47	54.10	75.58	83.95	98.75
28245600.00	72.04	44.65	-8.56	-6.79	-1.47	54.10	75.58	83.95	98.75
28249200.00	84.48	44.65	-8.56	-6.79	-1.47	54.10	75.58	83.95	98.75
28252800.00	80.76	22.26	-5.25	-5.20	1.79	5.38	13.71	42.13	67.08
28256400.00	72.30	22.26	-5.25	-5.20	1.79	5.38	13.71	42.13	67.08
28260000.00	62.74	22.26	-5.25	-5.20	1.79	5.38	13.71	42.13	67.08
28263600.00	59.47	22.26	-5.25	-5.20	1.79	5.38	13.71	42.13	67.08
28267200.00	70.62	22.26	-5.25	-5.20	1.79	5.38	13.71	42.13	67.08
28270800.00	85.82	22.26	-5.25	-5.20	1.79	5.38	13.71	42.13	67.08
28274400.00	42.01	22.26	-5.25	-5.20	1.79	5.38	13.71	42.13	67.08
28278000.00	-4.31	22.26	-5.25	-5.20	1.79	5.38	13.71	42.13	67.08
28281600.00	-5.37	22.26	-5.25	-5.20	1.79	5.38	13.71	42.13	67.08
28285200.00	-5.20	22.26	-5.25	-5.20	1.79	5.38	13.71	42.13	67.08
28288800.00	-5.43	22.26	-5.25	-5.20	1.79	5.38	13.71	42.13	67.08
28292400.00	-6.55	22.26	-5.25	-5.20	1.79	5.38	13.71	42.13	67.08
28296000.00	-7.96	22.26	-5.25	-5.20	1.79	5.38	13.71	42.13	67.08
28299600.00	-6.88	22.26	-5.25	-5.20	1.79	5.38	13.71	42.13	67.08
28303200.00	-6.85	22.26	-5.25	-5.20	1.79	5.38	13.71	42.13	67.08
28306800.00	-5.21	22.26	-5.25	-5.20	1.79	5.38	13.71	42.13	67.08
28310400.00	1.35	22.26	-5.25	-5.20	1.79	5.38	13.71	42.13	67.08
28314000.00	43.13	22.26	-5.25	-5.20	1.79	5.38	13.71	42.13	67.08
28317600.00	32.24	22.26	-5.25	-5.20	1.79	5.38	13.71	42.13	67.08
28321200.00	15.13	22.26	-5.25	-5.20	1.79	5.38	13.71	42.13	67.08
28324800.00	3.56	22.26	-5.25	-5.20	1.79	5.38	13.71	42.13	67.08
28328400.00	8.01	22.26	-5.25	-5.20	1.79	5.38	13.71	42.13	67.08
28332000.00	7.11	22.26	-5.25	-5.20	1.79	5.38	13.71	42.13	67.08
28335600.00	3.66	22.26	-5.25	-5.20	1.79	5.38	13.71	42.13	67.08
28339200.00	0.62	12.48	-14.50	-10.59	-6.21	-1.18	12.04	17.87	70.87
28342800.00	7.93	12.48	-14.50	-10.59	-6.21	-1.18	12.04	17.87	70.87
28346400.00	13.47	12.48	-14.50	-10.59	-6.21	-1.18	12.04	17.87	70.87
28350000.00	20.50	12.48	-14.50	-10.59	-6.21	-1.18	12.04	17.87	70.87
28353600.00	17.58	12.48	-14.50	-10.59	-6.21	-1.18	12.04	17.87	70.87
28357200.00	13.07	12.48	-14.50	-10.59	-6.21	-1.18	12.04	17.87	70.87
28360800.00	-2.97	12.48	-14.50	-10.59	-6.21	-1.18	12.04	17.87	70.87
28364400.00	-7.46	12.48	-14.50	-10.59	-6.21	-1.18	12.04	17.87	70.87
28368000.00	-12.00	12.48	-14.50	-10.59	-6.21	-1.18	12.04	17.87	70.87
28371600.00	-10.43	12.48	-14.50	-10.59	-6.21	-1.18	12.04	17.87	70.87
28375200.00	-23.14	12.48	-14.50	-10.59	-6.21	-1.18	12.04	17.87	70.87
28378800.00	-32.09	12.48	-14.50	-10.59	-6.21	-1.18	12.04	17.87	70.87
28382400.00	-27.52	12.48	-14.50	-10.59	-6.21	-1.18	12.04	17.87	70.87
28386000.00	-30.23	12.48	-14.50	-10.59	-6.21	-1.18	12.04	17.87	70.87
28389600.00	-46.16	12.48	-14.50	-10.59	-6.21	-1.18	12.04	17.87	70.87
28393200.00	-22.00	12.48	-14.50	-10.59	-6.21	-1.18	12.04	17.87	70.87
28396800.00	-6.95	12.48	-14.50	-10.59	-6.21	-1.18	12.04	17.87	70.87
28400400.00	-3.29	12.48	-14.50	-10.59	-6.21	-1.18	12.04	17.87	70.87
28404000.00	46.30	12.48	-14.50	-10.59	-6.21	-1.18	12.04	17.87	70.87
28407600.00	65.98	12.48	-14.50	-10.59	-6.21	-1.18	12.04	17.87	70.87
28411200.00	74.87	12.48	-14.50	-10.59	-6.21	-1.18	12.04	17.87	70.87
28414800.00	83.27	12.48	-14.50	-10.59	-6.21	-1.18	12.04	17.87	70.87
28418400.00	85.58	12.48	-14.50	-10.59	-6.21	-1.18	12.04	17.87	70.87
28422000.00	94.59	12.48	-14.50	-10.59	-6.21	-1.18	12.04	17.87	70.87
28425600.00	58.63	-4.36	-19.25	-13.84	-9.76	-5.25	-2.57	-1.74	11.87
28429200.00	44.30	-4.36	-19.25	-13.84	-9.76	-5.25	-2.57	-1.74	11.87
28432800.00	14.78	-4.36	-19.25	-13.84	-9.76	-5.25	-2.57	-1.74	11.87
28436400.00	15.12	-4.36	-19.25	-13.84	-9.76	-5.25	-2.57	-1.74	11.87
28440000.00	2.90	-4.36	-19.25	-13.84	-9.76	-5.25	-2.57	-1.74	11.87
28443600.00	-2.17	-4.36	-19.25	-13.84	-9.76	-5.25	-2.57	-1.74	11.87
28447200.00	-4.02	-4.36	-19.25	-13.84	-9.76	-5.25	-2.57	-1.74	11.87
28450800.00	-6.76	-4.36	-19.25	-13.84	-9.76	-5.25	-2.57	-1.74	11.87
28454400.00	-6.49	-4.36	-19.25	-13.84	-9.76	-5.25	-2.57	-1.74	11.87
28458000.00	-10.51	-4.36	-19.25	-13.84	-9.76	-5.25	-2.57	-1.74	11.87
28461600.00	-18.07	-4.36	-19.25	-13.84	-9.76	-5.25	-2.57	-1.74	11.87
28465200.00	-22.79	-4.36	-19.25	-13.84	-9.76	-5.25	-2.57	-1.74	11.87
28468800.00	-26.70	-4.36	-19.25	-13.84	-9.76	-5.25	-2.57	-1.74	11.87
28472400.00	-28.16	-4.36	-19.25	-13.84	-9.76	-5.25	-2.57	-1.74	11.87
28476000.00	-30.73	-4.36	-19.25	-13.84	-9.76	-5.25	-2.57	-1.74	11.87
28479600.00	-23.07	-4.36	-19.25	-13.84	-9.76	-5.25	-2.57	-1.74	11.87
28483200.00	-38.57	-4.36	-19.25	-13.84	-9.76	-5.25	-2.57	-1.74	11.87
28486800.00	-13.37	-4.36	-19.25	-13.84	-9.76	-5.25	-2.57	-1.74	11.87
28490400.00	-11.65	-4.36	-19.25	-13.84	-9.76	-5.25	-2.57	-1.74	11.87
28494000.00	-2.34	-4.36	-19.25	-13.84	-9.76	-5.25	-2.57	-1.74	11.87
28497600.00	-3.09	-4.36	-19.25	-13.84	-9.76	-5.25	-2.57	-1.74	11.87
28501200.00	-2.44	-4.36	-19.25	-13.84	-9.76	-5.25	-2.57	-1.74	11.87
28504800.00	2.15	-4.36	-19.25	-13.84	-9.76	-5.25	-2.57	-1.74	11.87
28508400.00	8.33	-4.36	-19.25	-13.84	-9.76	-5.25	-2.57	-1.74	11.87
28512000.00	5.44	23.09	-9.83	-6.94	-3.44	5.41	11.35	21.39	94.12
28515600.00	12.12	23.09	-9.83	-6.94	-3.44	5.41	11.35	21.39	94.12
28519200.00	5.38	23.09	-9.83	-6.94	-3.44	5.41	11.35	21.39	94.12
28522800.00	20.49	23.09	-9.83	-6.94	-3.44	5.41	11.35	21.39	94.12
28526400.00	19.15	23.09	-9.83	-6.94	-3.44	5.41	11.35	21.39	94.12
28530000.00	29.53	23.09	-9.83	-6.94	-3.44	5.41	11.35	21.39	94.12
28533600.00	8.26	23.09	-9.83	-6.94	-3.44	5.41	11.35	21.39	94.12
28537200.00	-1.29	23.09	-9.83	-6.94	-3.44	5.41	11.35	21.39	94.12
28540800.00	-6.67	23.09	-9.83	-6.94	-3.44	5.41	11.35	21.39	94.12
28544400.00	-9.32	23.09	-9.83	-6.94	-3.44	5.41	11.35	21.39	94.12
28548000.00	-13.04	23.09	-9.83	-6.94	-3.44	5.41	11.35	21.39	94.12
28551600.00	-14.57	23.09	-9.83	-6.94	-3.44	5.41	11.35	21.39	94.12
28555200.00	-17.72	23.09	-9.83	-6.94	-3.44	5.41	11.35	21.39	94.12
28558800.00	-18.22	23.09	-9.83	-6.94	-3.44	5.41	11.35	21.39	94.12
28562400.00	-24.26	23.09	-9.83	-6.94	-3.44	5.41	11.35	21.39	94.12
28566000.00	-11.34	23.09	-9.83	-6.94	-3.44	5.41	11.35	21.39	94.12
28569600.00	-4.82	23.09	-9.83	-6.94	-3.44	5.41	11.35	21.39	94.12
28573200.00	-3.98	23.09	-9.83	-6.94	-3.44	5.41	11.35	21.39	94.12
28576800.00	72.43	23.09	-9.83	-6.94	-3.44	5.41	11.35	21.39	94.12
28580400.00	100.49	23.09	-9.83	-6.94	-3.44	5.41	11.35	21.39	94.12
28584000.00	96.24	23.09	-9.83	-6.94	-3.44	5.41	11.35	21.39	94.12
28587600.00	91.53	23.09	-9.83	-6.94	-3.44	5.41	11.35	21.39	94.12
28591200.00	99.69	23.09	-9.83	-6.94	-3.44	5.41	11.35	21.39	94.12
28594800.00	118.66	23.09	-9.83	-6.94	-3.44	5.41	11.35	21.39	94.12
28598400.00	148.08	53.76	-4.46	6.41	25.98	55.67	58.77	66.81	121.48
28602000.00	172.88	53.76	-4.46	6.41	25.98	55.67	58.77	66.81	121.48
28605600.00	164.32	53.76	-4.46	6.41	25.98	55.67	58.77	66.81	121.48
28609200.00	109.90	53.76	-4.46	6.41	25.98	55.67	58.77	66.81	121.48
28612800.00	130.96	53.76	-4.46	6.41	25.98	55.67	58.77	66.81	121.48
28616400.00	85.08	53.76	-4.46	6.41	25.98	55.67	58.77	66.81	121.48
28620000.00	19.49	53.76	-4.46	6.41	25.98	55.67	58.77	66.81	121.48
28623600.00	18.04	53.76	-4.46	6.41	25.98	55.67	58.77	66.81	121.48
28627200.00	-7.65	53.76	-4.46	6.41	25.98	55.67	58.77	66.81	121.48
28630800.00	-7.27	53.76	-4.46	6.41	25.98	55.67	58.77	66.81	121.48
28634400.00	-5.79	53.76	-4.46	6.41	25.98	55.67	58.77	66.81	121.48
28638000.00	-8.20	53.76	-4.46	6.41	25.98	55.67	58.77	66.81	121.48
28641600.00	-7.51	53.76	-4.46	6.41	25.98	55.67	58.77	66.81	121.48
28645200.00	-6.55	53.76	-4.46	6.41	25.98	55.67	58.77	66.81	121.48
28648800.00	-4.02	53.76	-4.46	6.41	25.98	55.67	58.77	66.81	121.48
28652400.00	7.57	53.76	-4.46	6.41	25.98	55.67	58.77	66.81	121.48
28656000.00	58.90	53.76	-4.46	6.41	25.98	55.67	58.77	66.81	121.48
28659600.00	73.44	53.76	-4.46	6.41	25.98	55.67	58.77	66.81	121.48
28663200.00	51.94	53.76	-4.46	6.41	25.98	55.67	58.77	66.81	121.48
28666800.00	60.84	53.76	-4.46	6.41	25.98	55.67	58.77	66.81	121.48
28670400.00	66.08	53.76	-4.46	6.41	25.98	55.67	58.77	66.81	121.48
28674000.00	57.45	53.76	-4.46	6.41	25.98	55.67	58.77	66.81	121.48
28677600.00	53.89	53.76	-4.46	6.41	25.98	55.67	58.77	66.81	121.48
28681200.00	58.28	53.76	-4.46	6.41	25.98	55.67	58.77	66.81	121.48
28684800.00	60.01	20.25	-8.72	-7.60	-1.14	13.34	28.31	36.47	59.95
28688400.00	53.93	20.25	-8.72	-7.60	-1.14	13.34	28.31	36.47	59.95
28692000.00	35.17	20.25	-8.72	-7.60	-1.14	13.34	28.31	36.47	59.95
28695600.00	32.45	20.25	-8.72	-7.60	-1.14	13.34	28.31	36.47	59.95
28699200.00	27.01	20.25	-8.72	-7.60	-1.14	13.34	28.31	36.47	59.95
28702800.00	25.72	20.25	-8.72	-7.60	-1.14	13.34	28.31	36.47	59.95
28706400.00	0.96	20.25	-8.72	-7.60	-1.14	13.34	28.31	36.47	59.95
28710000.00	-1.43	20.25	-8.72	-7.60	-1.14	13.34	28.31	36.47	59.95
28713600.00	0.01	20.25	-8.72	-7.60	-1.14	13.34	28.31	36.47	59.95
28717200.00	-8.68	20.25	-8.72	-7.60	-1.14	13.34	28.31	36.47	59.95
28720800.00	-10.65	20.25	-8.72	-7.60	-1.14	13.34	28.31	36.47	59.95
28724400.00	-8.82	20.25	-8.72	-7.60	-1.14	13.34	28.31	36.47	59.95
28728000.00	-10.83	20.25	-8.72	-7.60	-1.14	13.34	28.31	36.47	59.95
28731600.00	-11.54	20.25	-8.72	-7.60	-1.14	13.34	28.31	36.47	59.95
28735200.00	-11.72	20.25	-8.72	-7.60	-1.14	13.34	28.31	36.47	59.95
28738800.00	-10.08	20.25	-8.72	-7.60	-1.14	13.34	28.31	36.47	59.95
28742400.00	-7.47	20.25	-8.72	-7.60	-1.14	13.34	28.31	36.47	59.95
28746000.00	-3.38	20.25	-8.72	-7.60	-1.14	13.34	28.31	36.47	59.95
28749600.00	28.64	20.25	-8.72	-7.60	-1.14	13.34	28.31	36.47	59.95
28753200.00	48.17	20.25	-8.72	-7.60	-1.14	13.34	28.31	36.47	59.95
28756800.00	59.89	20.25	-8.72	-7.60	-1.14	13.34	28.31	36.47	59.95
28760400.00	61.09	20.25	-8.72	-7.60	-1.14	13.34	28.31	36.47	59.95
28764000.00	67.99	20.25	-8.72	-7.60	-1.14	13.34	28.31	36.47	59.95
28767600.00	69.67	20.25	-8.72	-7.60	-1.14	13.34	28.31	36.47	59.95
28771200.00	51.05	-4.12	-24.76	-12.52	-7.34	-4.74	-2.83	0.32	34.15
28774800.00	50.23	-4.12	-24.76	-12.52	-7.34	-4.74	-2.83	0.32	34.15
28778400.00	52.76	-4.12	-24.76	-12.52	-7.34	-4.74	-2.83	0.32	34.15
28782000.00	40.27	-4.12	-24.76	-12.52	-7.34	-4.74	-2.83	0.32	34.15
28785600.00	26.67	-4.12	-24.76	-12.52	-7.34	-4.74	-2.83	0.32	34.15
28789200.00	19.32	-4.12	-24.76	-12.52	-7.34	-4.74	-2.83	0.32	34.15
28792800.00	2.57	-4.12	-24.76	-12.52	-7.34	-4.74	-2.83	0.32	34.15
28796400.00	-5.49	-4.12	-24.76	-12.52	-7.34	-4.74	-2.83	0.32	34.15
28800000.00	-10.49	-4.12	-24.76	-12.52	-7.34	-4.74	-2.83	0.32	34.15
28803600.00	-11.21	-4.12	-24.76	-12.52	-7.34	-4.74	-2.83	0.32	34.15
28807200.00	-24.30	-4.12	-24.76	-12.52	-7.34	-4.74	-2.83	0.32	34.15
28810800.00	-40.68	-4.12	-24.76	-12.52	-7.34	-4.74	-2.83	0.32	34.15
28814400.00	-52.71	-4.12	-24.76	-12.52	-7.34	-4.74	-2.83	0.32	34.15
28818000.00	-58.12	-4.12	-24.76	-12.52	-7.34	-4.74	-2.83	0.32	34.15
28821600.00	-50.24	-4.12	-24.76	-12.52	-7.34	-4.74	-2.83	0.32	34.15
28825200.00	-38.20	-4.12	-24.76	-12.52	-7.34	-4.74	-2.83	0.32	34.15
28828800.00	-26.14	-4.12	-24.76	-12.52	-7.34	-4.74	-2.83	0.32	34.15
28832400.00	-7.81	-4.12	-24.76	-12.52	-7.34	-4.74	-2.83	0.32	34.15
28836000.00	-5.28	-4.12	-24.76	-12.52	-7.34	-4.74	-2.83	0.32	34.15
28839600.00	-2.80	-4.12	-24.76	-12.52	-7.34	-4.74	-2.83	0.32	34.15
28843200.00	-1.10	-4.12	-24.76	-12.52	-7.34	-4.74	-2.83	0.32	34.15
28846800.00	0.07	-4.12	-24.76	-12.52	-7.34	-4.74	-2.83	0.32	34.15
28850400.00	-2.99	-4.12	-24.76	-12.52	-7.34	-4.74	-2.83	0.32	34.15
28854000.00	-4.20	-4.12	-24.76	-12.52	-7.34	-4.74	-2.83	0.32	34.15
28857600.00	-4.01	5.67	-10.14	-9.60	-7.07	-4.21	-3.46	-2.87	60.62
28861200.00	-4.60	5.67	-10.14	-9.60	-7.07	-4.21	-3.46	-2.87	60.62
28864800.00	-3.24	5.67	-10.14	-9.60	-7.07	-4.21	-3.46	-2.87	60.62
28868400.00	-4.36	5.67	-10.14	-9.60	-7.07	-4.21	-3.46	-2.87	60.62
28872000.00	-3.10	5.67	-10.14	-9.60	-7.07	-4.21	-3.46	-2.87	60.62
28875600.00	1.04	5.67	-10.14	-9.60	-7.07	-4.21	-3.46	-2.87	60.62
28879200.00	-3.33	5.67	-10.14	-9.60	-7.07	-4.21	-3.46	-2.87	60.62
28882800.00	-4.06	5.67	-10.14	-9.60	-7.07	-4.21	-3.46	-2.87	60.62
28886400.00	-7.69	5.67	-10.14	-9.60	-7.07	-4.21	-3.46	-2.87	60.62
28890000.00	-9.37	5.67	-10.14	-9.60	-7.07	-4.21	-3.46	-2.87	60.62
28893600.00	-10.52	5.67	-10.14	-9.60	-7.07	-4.21	-3.46	-2.87	60.62
28897200.00	-10.01	5.67	-10.14	-9.60	-7.07	-4.21	-3.46	-2.87	60.62
28900800.00	-12.21	5.67	-10.14	-9.60	-7.07	-4.21	-3.46	-2.87	60.62
28904400.00	-9.56	5.67	-10.14	-9.60	-7.07	-4.21	-3.46	-2.87	60.62
28908000.00	-23.46	5.67	-10.14	-9.60	-7.07	-4.21	-3.46	-2.87	60.62
28911600.00	-39.64	5.67	-10.14	-9.60	-7.07	-4.21	-3.46	-2.87	60.62
28915200.00	-24.87	5.67	-10.14	-9.60	-7.07	-4.21	-3.46	-2.87	60.62
28918800.00	-18.28	5.67	-10.14	-9.60	-7.07	-4.21	-3.46	-2.87	60.62
28922400.00	-0.84	5.67	-10.14	-9.60	-7.07	-4.21	-3.46	-2.87	60.62
28926000.00	56.36	5.67	-10.14	-9.60	-7.07	-4.21	-3.46	-2.87	60.62
28929600.00	64.10	5.67	-10.14	-9.60	-7.07	-4.21	-3.46	-2.87	60.62
28933200.00	69.34	5.67	-10.14	-9.60	-7.07	-4.21	-3.46	-2.87	60.62
28936800.00	64.43	5.67	-10.14	-9.60	-7.07	-4.21	-3.46	-2.87	60.62
28940400.00	74.07	5.67	-10.14	-9.60	-7.07	-4.21	-3.46	-2.87	60.62
28944000.00	71.45	56.17	-4.63	-1.82	15.52	75.57	87.74	92.40	108.28
28947600.00	85.78	56.17	-4.63	-1.82	15.52	75.57	87.74	92.40	108.28
28951200.00	88.23	56.17	-4.63	-1.82	15.52	75.57	87.74	92.40	108.28
28954800.00	93.55	56.17	-4.63	-1.82	15.52	75.57	87.74	92.40	108.28
28958400.00	101.61	56.17	-4.63	-1.82	15.52	75.57	87.74	92.40	108.28
28962000.00	93.61	56.17	-4.63	-1.82	15.52	75.57	87.74	92.40	108.28
28965600.00	163.47	56.17	-4.63	-1.82	15.52	75.57	87.74	92.40	108.28
28969200.00	41.03	56.17	-4.63	-1.82	15.52	75.57	87.74	92.40	108.28
28972800.00	2.66	56.17	-4.63	-1.82	15.52	75.57	87.74	92.40	108.28
28976400.00	-1.52	56.17	-4.63	-1.82	15.52	75.57	87.74	92.40	108.28
28980000.00	-4.51	56.17	-4.63	-1.82	15.52	75.57	87.74	92.40	108.28
28983600.00	-5.19	56.17	-4.63	-1.82	15.52	75.57	87.74	92.40	108.28
28987200.00	-4.99	56.17	-4.63	-1.82	15.52	75.57	87.74	92.40	108.28
28990800.00	-5.60	56.17	-4.63	-1.82	15.52	75.57	87.74	92.40	108.28
28994400.00	-5.55	56.17	-4.63	-1.82	15.52	75.57	87.74	92.40	108.28
28998000.00	-9.23	56.17	-4.63	-1.82	15.52	75.57	87.74	92.40	108.28
29001600.00	-6.21	56.17	-4.63	-1.82	15.52	75.57	87.74	92.40	108.28
29005200.00	9.15	56.17	-4.63	-1.82	15.52	75.57	87.74	92.40	108.28
29008800.00	79.70	56.17	-4.63	-1.82	15.52	75.57	87.74	92.40	108.28
29012400.00	113.73	56.17	-4.63	-1.82	15.52	75.57	87.74	92.40	108.28
29016000.00	145.24	56.17	-4.63	-1.82	15.52	75.57	87.74	92.40	108.28
29019600.00	117.95	56.17	-4.63	-1.82	15.52	75.57	87.74	92.40	108.28
29023200.00	91.46	56.17	-4.63	-1.82	15.52	75.57	87.74	92.40	108.28
29026800.00	92.27	56.17	-4.63	-1.82	15.52	75.57	87.74	92.40	108.28
29030400.00	102.13	43.57	-13.55	-9.19	-4.62	26.78	80.27	91.27	104.91
29034000.00	102.49	43.57	-13.55	-9.19	-4.62	26.78	80.27	91.27	104.91
29037600.00	128.46	43.57	-13.55	-9.19	-4.62	26.78	80.27	91.27	104.91
29041200.00	146.39	43.57	-13.55	-9.19	-4.62	26.78	80.27	91.27	104.91
29044800.00	123.88	43.57	-13.55	-9.19	-4.62	26.78	80.27	91.27	104.91
29048400.00	25.09	43.57	-13.55	-9.19	-4.62	26.78	80.27	91.27	104.91
29052000.00	-4.53	43.57	-13.55	-9.19	-4.62	26.78	80.27	91.27	104.91
29055600.00	-5.74	43.57	-13.55	-9.19	-4.62	26.78	80.27	91.27	104.91
29059200.00	-12.15	43.57	-13.55	-9.19	-4.62	26.78	80.27	91.27	104.91
29062800.00	-18.80	43.57	-13.55	-9.19	-4.62	26.78	80.27	91.27	104.91
29066400.00	-18.30	43.57	-13.55	-9.19	-4.62	26.78	80.27	91.27	104.91
29070000.00	-17.96	43.57	-13.55	-9.19	-4.62	26.78	80.27	91.27	104.91
29073600.00	-17.75	43.57	-13.55	-9.19	-4.62	26.78	80.27	91.27	104.91
29077200.00	-22.97	43.57	-13.55	-9.19	-4.62	26.78	80.27	91.27	104.91
29080800.00	-20.37	43.57	-13.55	-9.19	-4.62	26.78	80.27	91.27	104.91
29084400.00	-8.86	43.57	-13.55	-9.19	-4.62	26.78	80.27	91.27	104.91
29088000.00	-4.64	43.57	-13.55	-9.19	-4.62	26.78	80.27	91.27	104.91
29091600.00	28.46	43.57	-13.55	-9.19	-4.62	26.78	80.27	91.27	104.91
29095200.00	76.96	43.57	-13.55	-9.19	-4.62	26.78	80.27	91.27	104.91
29098800.00	90.71	43.57	-13.55	-9.19	-4.62	26.78	80.27	91.27	104.91
29102400.00	96.28	43.57	-13.55	-9.19	-4.62	26.78	80.27	91.27	104.91
29106000.00	106.88	43.57	-13.55	-9.19	-4.62	26.78	80.27	91.27	104.91
29109600.00	88.84	43.57	-13.55	-9.19	-4.62	26.78	80.27	91.27	104.91
29113200.00	81.09	43.57	-13.55	-9.19	-4.62	26.78	80.27	91.27	104.91
29116800.00	29.42	19.81	-6.37	-6.18	-5.42	-4.90	-3.98	26.48	83.06
29120400.00	-2.10	19.81	-6.37	-6.18	-5.42	-4.90	-3.98	26.48	83.06
29124000.00	-5.98	19.81	-6.37	-6.18	-5.42	-4.90	-3.98	26.48	83.06
29127600.00	-6.16	19.81	-6.37	-6.18	-5.42	-4.90	-3.98	26.48	83.06
29131200.00	-4.41	19.81	-6.37	-6.18	-5.42	-4.90	-3.98	26.48	83.06
29134800.00	-4.93	19.81	-6.37	-6.18	-5.42	-4.90	-3.98	26.48	83.06
29138400.00	-7.32	19.81	-6.37	-6.18	-5.42	-4.90	-3.98	26.48	83.06
29142000.00	-5.43	19.81	-6.37	-6.18	-5.42	-4.90	-3.98	26.48	83.06
29145600.00	-6.55	19.81	-6.37	-6.18	-5.42	-4.90	-3.98	26.48	83.06
29149200.00	-7.79	19.81	-6.37	-6.18	-5.42	-4.90	-3.98	26.48	83.06
29152800.00	-8.33	19.81	-6.37	-6.18	-5.42	-4.90	-3.98	26.48	83.06
29156400.00	-7.91	19.81	-6.37	-6.18	-5.42	-4.90	-3.98	26.48	83.06
29160000.00	-6.63	19.81	-6.37	-6.18	-5.42	-4.90	-3.98	26.48	83.06
29163600.00	-4.86	19.81	-6.37	-6.18	-5.42	-4.90	-3.98	26.48	83.06
29167200.00	-3.88	19.81	-6.37	-6.18	-5.42	-4.90	-3.98	26.48	83.06
29170800.00	-5.40	19.81	-6.37	-6.18	-5.42	-4.90	-3.98	26.48	83.06
29174400.00	-6.31	19.81	-6.37	-6.18	-5.42	-4.90	-3.98	26.48	83.06
29178000.00	26.16	19.81	-6.37	-6.18	-5.42	-4.90	-3.98	26.48	83.06
29181600.00	85.69	19.81	-6.37	-6.18	-5.42	-4.90	-3.98	26.48	83.06
29185200.00	90.92	19.81	-6.37	-6.18	-5.42	-4.90	-3.98	26.48	83.06
29188800.00	88.49	19.81	-6.37	-6.18	-5.42	-4.90	-3.98	26.48	83.06
29192400.00	79.84	19.81	-6.37	-6.18	-5.42	-4.90	-3.98	26.48	83.06
29196000.00	75.48	19.81	-6.37	-6.18	-5.42	-4.90	-3.98	26.48	83.06
29199600.00	93.54	19.81	-6.37	-6.18	-5.42	-4.90	-3.98	26.48	83.06
29203200.00	100.32	51.38	1.95	17.96	36.09	56.29	71.64	88.44	102.06
29206800.00	102.09	51.38	1.95	17.96	36.09	56.29	71.64	88.44	102.06
29210400.00	104.99	51.38	1.95	17.96	36.09	56.29	71.64	88.44	102.06
29214000.00	100.94	51.38	1.95	17.96	36.09	56.29	71.64	88.44	102.06
29217600.00	87.12	51.38	1.95	17.96	36.09	56.29	71.64	88.44	102.06
29221200.00	53.60	51.38	1.95	17.96	36.09	56.29	71.64	88.44	102.06
29224800.00	31.71	51.38	1.95	17.96	36.09	56.29	71.64	88.44	102.06
29228400.00	20.61	51.38	1.95	17.96	36.09	56.29	71.64	88.44	102.06
29232000.00	2.91	51.38	1.95	17.96	36.09	56.29	71.64	88.44	102.06
29235600.00	-4.45	51.38	1.95	17.96	36.09	56.29	71.64	88.44	102.06
29239200.00	-8.29	51.38	1.95	17.96	36.09	56.29	71.64	88.44	102.06
29242800.00	-10.62	51.38	1.95	17.96	36.09	56.29	71.64	88.44	102.06
29246400.00	-7.84	51.38	1.95	17.96	36.09	56.29	71.64	88.44	102.06
29250000.00	-3.45	51.38	1.95	17.96	36.09	56.29	71.64	88.44	102.06
29253600.00	-0.94	51.38	1.95	17.96	36.09	56.29	71.64	88.44	102.06
29257200.00	19.63	51.38	1.95	17.96	36.09	56.29	71.64	88.44	102.06
29260800.00	56.39	51.38	1.95	17.96	36.09	56.29	71.64	88.44	102.06
29264400.00	72.54	51.38	1.95	17.96	36.09	56.29	71.64	88.44	102.06
29268000.00	102.02	51.38	1.95	17.96	36.09	56.29	71.64	88.44	102.06
29271600.00	68.01	51.38	1.95	17.96	36.09	56.29	71.64	88.44	102.06
29275200.00	56.19	51.38	1.95	17.96	36.09	56.29	71.64	88.44	102.06
29278800.00	77.18	51.38	1.95	17.96	36.09	56.29	71.64	88.44	102.06
29282400.00	102.69	51.38	1.95	17.96	36.09	56.29	71.64	88.44	102.06
29286000.00	109.86	51.38	1.95	17.96	36.09	56.29	71.64	88.44	102.06
29289600.00	64.76	12.56	-7.26	-6.53	-3.46	0.71	6.24	30.47	47.25
29293200.00	53.22	12.56	-7.26	-6.53	-3.46	0.71	6.24	30.47	47.25
29296800.00	51.16	12.56	-7.26	-6.53	-3.46	0.71	6.24	30.47	47.25
29300400.00	36.00	12.56	-7.26	-6.53	-3.46	0.71	6.24	30.47	47.25
29304000.00	42.46	12.56	-7.26	-6.53	-3.46	0.71	6.24	30.47	47.25
29307600.00	37.84	12.56	-7.26	-6.53	-3.46	0.71	6.24	30.47	47.25
29311200.00	-2.90	12.56	-7.26	-6.53	-3.46	0.71	6.24	30.47	47.25
29314800.00	53.01	12.56	-7.26	-6.53	-3.46	0.71	6.24	30.47	47.25
29318400.00	29.85	12.56	-7.26	-6.53	-3.46	0.71	6.24	30.47	47.25
29322000.00	-1.90	12.56	-7.26	-6.53	-3.46	0.71	6.24	30.47	47.25
29325600.00	-6.49	12.56	-7.26	-6.53	-3.46	0.71	6.24	30.47	47.25
29329200.00	-4.57	12.56	-7.26	-6.53	-3.46	0.71	6.24	30.47	47.25
29332800.00	-6.94	12.56	-7.26	-6.53	-3.46	0.71	6.24	30.47	47.25
29336400.00	-8.32	12.56	-7.26	-6.53	-3.46	0.71	6.24	30.47	47.25
29340000.00	-9.86	12.56	-7.26	-6.53	-3.46	0.71	6.24	30.47	47.25
29343600.00	-20.40	12.56	-7.26	-6.53	-3.46	0.71	6.24	30.47	47.25
29347200.00	-9.32	12.56	-7.26	-6.53	-3.46	0.71	6.24	30.47	47.25
29350800.00	-8.23	12.56	-7.26	-6.53	-3.46	0.71	6.24	30.47	47.25
29354400.00	-10.91	12.56	-7.26	-6.53	-3.46	0.71	6.24	30.47	47.25
29358000.00	-3.59	12.56	-7.26	-6.53	-3.46	0.71	6.24	30.47	47.25
29361600.00	3.31	12.56	-7.26	-6.53	-3.46	0.71	6.24	30.47	47.25
29365200.00	5.67	12.56	-7.26	-6.53	-3.46	0.71	6.24	30.47	47.25
29368800.00	6.38	12.56	-7.26	-6.53	-3.46	0.71	6.24	30.47	47.25
29372400.00	11.16	12.56	-7.26	-6.53	-3.46	0.71	6.24	30.47	47.25
29376000.00	8.89	-2.90	-60.41	-43.45	-27.92	7.61	12.80	19.78	79.01
29379600.00	14.59	-2.90	-60.41	-43.45	-27.92	7.61	12.80	19.78	79.01
29383200.00	6.33	-2.90	-60.41	-43.45	-27.92	7.61	12.80	19.78	79.01
29386800.00	13.78	-2.90	-60.41	-43.45	-27.92	7.61	12.80	19.78	79.01
29390400.00	18.94	-2.90	-60.41	-43.45	-27.92	7.61	12.80	19.78	79.01
29394000.00	27.30	-2.90	-60.41	-43.45	-27.92	7.61	12.80	19.78	79.01
29397600.00	3.78	-2.90	-60.41	-43.45	-27.92	7.61	12.80	19.78	79.01
29401200.00	-35.85	-2.90	-60.41	-43.45	-27.92	7.61	12.80	19.78	79.01
29404800.00	-82.10	-2.90	-60.41	-43.45	-27.92	7.61	12.80	19.78	79.01
29408400.00	-104.40	-2.90	-60.41	-43.45	-27.92	7.61	12.80	19.78	79.01
29412000.00	-62.92	-2.90	-60.41	-43.45	-27.92	7.61	12.80	19.78	79.01
29415600.00	-38.14	-2.90	-60.41	-43.45	-27.92	7.61	12.80	19.78	79.01
29419200.00	-81.99	-2.90	-60.41	-43.45	-27.92	7.61	12.80	19.78	79.01
29422800.00	-60.40	-2.90	-60.41	-43.45	-27.92	7.61	12.80	19.78	79.01
29426400.00	-41.57	-2.90	-60.41	-43.45	-27.92	7.61	12.80	19.78	79.01
29430000.00	-83.40	-2.90	-60.41	-43.45	-27.92	7.61	12.80	19.78	79.01
29433600.00	-60.42	-2.90	-60.41	-43.45	-27.92	7.61	12.80	19.78	79.01
29437200.00	8.89	-2.90	-60.41	-43.45	-27.92	7.61	12.80	19.78	79.01
29440800.00	57.30	-2.90	-60.41	-43.45	-27.92	7.61	12.80	19.78	79.01
29444400.00	79.60	-2.90	-60.41	-43.45	-27.92	7.61	12.80	19.78	79.01
29448000.00	84.62	-2.90	-60.41	-43.45	-27.92	7.61	12.80	19.78	79.01
29451600.00	90.28	-2.90	-60.41	-43.45	-27.92	7.61	12.80	19.78	79.01
29455200.00	78.30	-2.90	-60.41	-43.45	-27.92	7.61	12.80	19.78	79.01
29458800.00	89.08	-2.90	-60.41	-43.45	-27.92	7.61	12.80	19.78	79.01
29462400.00	96.27	78.54	-7.87	-7.70	-4.94	30.16	53.60	63.71	155.99
29466000.00	134.49	78.54	-7.87	-7.70	-4.94	30.16	53.60	63.71	155.99
29469600.00	173.58	78.54	-7.87	-7.70	-4.94	30.16	53.60	63.71	155.99
29473200.00	212.73	78.54	-7.87	-7.70	-4.94	30.16	53.60	63.71	155.99
29476800.00	192.13	78.54	-7.87	-7.70	-4.94	30.16	53.60	63.71	155.99
29480400.00	842.28	78.54	-7.87	-7.70	-4.94	30.16	53.60	63.71	155.99
29484000.00	28.11	78.54	-7.87	-7.70	-4.94	30.16	53.60	63.71	155.99
29487600.00	0.04	78.54	-7.87	-7.70	-4.94	30.16	53.60	63.71	155.99
29491200.00	-7.68	78.54	-7.87	-7.70	-4.94	30.16	53.60	63.71	155.99
29494800.00	-7.93	78.54	-7.87	-7.70	-4.94	30.16	53.60	63.71	155.99
29498400.00	-7.62	78.54	-7.87	-7.70	-4.94	30.16	53.60	63.71	155.99
29502000.00	-10.07	78.54	-7.87	-7.70	-4.94	30.16	53.60	63.71	155.99
29505600.00	-13.15	78.54	-7.87	-7.70	-4.94	30.16	53.60	63.71	155.99
29509200.00	-9.28	78.54	-7.87	-7.70	-4.94	30.16	53.60	63.71	155.99
29512800.00	-7.85	78.54	-7.87	-7.70	-4.94	30.16	53.60	63.71	155.99
29516400.00	-17.18	78.54	-7.87	-7.70	-4.94	30.16	53.60	63.71	155.99
29520000.00	-31.92	78.54	-7.87	-7.70	-4.94	30.16	53.60	63.71	155.99
29523600.00	-6.18	78.54	-7.87	-7.70	-4.94	30.16	53.60	63.71	155.99
29527200.00	32.22	78.54	-7.87	-7.70	-4.94	30.16	53.60	63.71	155.99
29530800.00	65.40	78.54	-7.87	-7.70	-4.94	30.16	53.60	63.71	155.99
29534400.00	56.89	78.54	-7.87	-7.70	-4.94	30.16	53.60	63.71	155.99
29538000.00	52.24	78.54	-7.87	-7.70	-4.94	30.16	53.60	63.71	155.99
29541600.00	53.94	78.54	-7.87	-7.70	-4.94	30.16	53.60	63.71	155.99
29545200.00	63.52	78.54	-7.87	-7.70	-4.94	30.16	53.60	63.71	155.99
29548800.00	77.84	33.33	-5.32	-4.97	-2.54	39.28	56.59	62.68	85.13
29552400.00	97.58	33.33	-5.32	-4.97	-2.54	39.28	56.59	62.68	85.13
29556000.00	91.29	33.33	-5.32	-4.97	-2.54	39.28	56.59	62.68	85.13
29559600.00	93.83	33.33	-5.32	-4.97	-2.54	39.28	56.59	62.68	85.13
29563200.00	91.09	33.33	-5.32	-4.97	-2.54	39.28	56.59	62.68	85.13
29566800.00	69.70	33.33	-5.32	-4.97	-2.54	39.28	56.59	62.68	85.13
29570400.00	24.05	33.33	-5.32	-4.97	-2.54	39.28	56.59	62.68	85.13
29574000.00	-28.99	33.33	-5.32	-4.97	-2.54	39.28	56.59	62.68	85.13
29577600.00	-17.84	33.33	-5.32	-4.97	-2.54	39.28	56.59	62.68	85.13
29581200.00	-10.27	33.33	-5.32	-4.97	-2.54	39.28	56.59	62.68	85.13
29584800.00	-10.08	33.33	-5.32	-4.97	-2.54	39.28	56.59	62.68	85.13
29588400.00	-9.16	33.33	-5.32	-4.97	-2.54	39.28	56.59	62.68	85.13
29592000.00	-5.44	33.33	-5.32	-4.97	-2.54	39.28	56.59	62.68	85.13
29595600.00	-5.28	33.33	-5.32	-4.97	-2.54	39.28	56.59	62.68	85.13
29599200.00	-4.94	33.33	-5.32	-4.97	-2.54	39.28	56.59	62.68	85.13
29602800.00	-4.37	33.33	-5.32	-4.97	-2.54	39.28	56.59	62.68	85.13
29606400.00	-4.69	33.33	-5.32	-4.97	-2.54	39.28	56.59	62.68	85.13
29610000.00	4.78	33.33	-5.32	-4.97	-2.54	39.28	56.59	62.68	85.13
29613600.00	62.65	33.33	-5.32	-4.97	-2.54	39.28	56.59	62.68	85.13
29617200.00	62.97	33.33	-5.32	-4.97	-2.54	39.28	56.59	62.68	85.13
29620800.00	56.18	33.33	-5.32	-4.97	-2.54	39.28	56.59	62.68	85.13
29624400.00	57.74	33.33	-5.32	-4.97	-2.54	39.28	56.59	62.68	85.13
29628000.00	56.69	33.33	-5.32	-4.97	-2.54	39.28	56.59	62.68	85.13
29631600.00	54.50	33.33	-5.32	-4.97	-2.54	39.28	56.59	62.68	85.13
29635200.00	54.40	34.67	12.53	13.65	23.84	31.04	45.95	52.89	57.55
29638800.00	55.31	34.67	12.53	13.65	23.84	31.04	45.95	52.89	57.55
29642400.00	52.88	34.67	12.53	13.65	23.84	31.04	45.95	52.89	57.55
29646000.00	51.64	34.67	12.53	13.65	23.84	31.04	45.95	52.89	57.55
29649600.00	52.99	34.67	12.53	13.65	23.84	31.04	45.95	52.89	57.55
29653200.00	64.70	34.67	12.53	13.65	23.84	31.04	45.95	52.89	57.55
29656800.00	59.39	34.67	12.53	13.65	23.84	31.04	45.95	52.89	57.55
29660400.00	64.73	34.67	12.53	13.65	23.84	31.04	45.95	52.89	57.55
29664000.00	122.81	34.67	12.53	13.65	23.84	31.04	45.95	52.89	57.55
29667600.00	49.54	34.67	12.53	13.65	23.84	31.04	45.95	52.89	57.55
29671200.00	23.26	34.67	12.53	13.65	23.84	31.04	45.95	52.89	57.55
29674800.00	6.99	34.67	12.53	13.65	23.84	31.04	45.95	52.89	57.55
29678400.00	-11.41	34.67	12.53	13.65	23.84	31.04	45.95	52.89	57.55
29682000.00	13.18	34.67	12.53	13.65	23.84	31.04	45.95	52.89	57.55
29685600.00	4.38	34.67	12.53	13.65	23.84	31.04	45.95	52.89	57.55
29689200.00	2.88	34.67	12.53	13.65	23.84	31.04	45.95	52.89	57.55
29692800.00	10.60	34.67	12.53	13.65	23.84	31.04	45.95	52.89	57.55
29696400.00	18.36	34.67	12.53	13.65	23.84	31.04	45.95	52.89	57.55
29700000.00	1.88	34.67	12.53	13.65	23.84	31.04	45.95	52.89	57.55
29703600.00	13.70	34.67	12.53	13.65	23.84	31.04	45.95	52.89	57.55
29707200.00	26.17	34.67	12.53	13.65	23.84	31.04	45.95	52.89	57.55
29710800.00	31.58	34.67	12.53	13.65	23.84	31.04	45.95	52.89	57.55
29714400.00	30.52	34.67	12.53	13.65	23.84	31.04	45.95	52.89	57.55
29718000.00	31.57	34.67	12.53	13.65	23.84	31.04	45.95	52.89	57.55
29721600.00	33.92	17.44	-12.14	-8.91	-5.19	10.78	19.88	25.43	63.20
29725200.00	24.49	17.44	-12.14	-8.91	-5.19	10.78	19.88	25.43	63.20
29728800.00	22.54	17.44	-12.14	-8.91	-5.19	10.78	19.88	25.43	63.20
29732400.00	20.33	17.44	-12.14	-8.91	-5.19	10.78	19.88	25.43	63.20
29736000.00	18.08	17.44	-12.14	-8.91	-5.19	10.78	19.88	25.43	63.20
29739600.00	16.91	17.44	-12.14	-8.91	-5.19	10.78	19.88	25.43	63.20
29743200.00	4.64	17.44	-12.14	-8.91	-5.19	10.78	19.88	25.43	63.20
29746800.00	-7.89	17.44	-12.14	-8.91	-5.19	10.78	19.88	25.43	63.20
29750400.00	-15.64	17.44	-12.14	-8.91	-5.19	10.78	19.88	25.43	63.20
29754000.00	-17.07	17.44	-12.14	-8.91	-5.19	10.78	19.88	25.43	63.20
29757600.00	-14.18	17.44	-12.14	-8.91	-5.19	10.78	19.88	25.43	63.20
29761200.00	-14.30	17.44	-12.14	-8.91	-5.19	10.78	19.88	25.43	63.20
29764800.00	-11.47	17.44	-12.14	-8.91	-5.19	10.78	19.88	25.43	63.20
29768400.00	-5.49	17.44	-12.14	-8.91	-5.19	10.78	19.88	25.43	63.20
29772000.00	-17.05	17.44	-12.14	-8.91	-5.19	10.78	19.88	25.43	63.20
29775600.00	-17.38	17.44	-12.14	-8.91	-5.19	10.78	19.88	25.43	63.20
29779200.00	-8.62	17.44	-12.14	-8.91	-5.19	10.78	19.88	25.43	63.20
29782800.00	-4.00	17.44	-12.14	-8.91	-5.19	10.78	19.88	25.43	63.20
29786400.00	65.95	17.44	-12.14	-8.91	-5.19	10.78	19.88	25.43	63.20
29790000.00	75.77	17.44	-12.14	-8.91	-5.19	10.78	19.88	25.43	63.20
29793600.00	75.65	17.44	-12.14	-8.91	-5.19	10.78	19.88	25.43	63.20
29797200.00	75.98	17.44	-12.14	-8.91	-5.19	10.78	19.88	25.43	63.20
29800800.00	57.62	17.44	-12.14	-8.91	-5.19	10.78	19.88	25.43	63.20
29804400.00	59.85	17.44	-12.14	-8.91	-5.19	10.78	19.88	25.43	63.20
29808000.00	55.14	43.65	1.92	13.14	21.51	32.55	57.41	78.62	88.56
29811600.00	57.98	43.65	1.92	13.14	21.51	32.55	57.41	78.62	88.56
29815200.00	33.35	43.65	1.92	13.14	21.51	32.55	57.41	78.62	88.56
29818800.00	21.49	43.65	1.92	13.14	21.51	32.55	57.41	78.62	88.56
29822400.00	21.57	43.65	1.92	13.14	21.51	32.55	57.41	78.62	88.56
29826000.00	21.19	43.65	1.92	13.14	21.51	32.55	57.41	78.62	88.56
29829600.00	-2.51	43.65	1.92	13.14	21.51	32.55	57.41	78.62	88.56
29833200.00	-15.27	43.65	1.92	13.14	21.51	32.55	57.41	78.62	88.56
29836800.00	-13.97	43.65	1.92	13.14	21.51	32.55	57.41	78.62	88.56
29840400.00	-5.57	43.65	1.92	13.14	21.51	32.55	57.41	78.62	88.56
29844000.00	-4.41	43.65	1.92	13.14	21.51	32.55	57.41	78.62	88.56
29847600.00	2.23	43.65	1.92	13.14	21.51	32.55	57.41	78.62	88.56
29851200.00	0.98	43.65	1.92	13.14	21.51	32.55	57.41	78.62	88.56
29854800.00	14.35	43.65	1.92	13.14	21.51	32.55	57.41	78.62	88.56
29858400.00	31.75	43.65	1.92	13.14	21.51	32.55	57.41	78.62	88.56
29862000.00	76.67	43.65	1.92	13.14	21.51	32.55	57.41	78.62	88.56
29865600.00	104.60	43.65	1.92	13.14	21.51	32.55	57.41	78.62	88.56
29869200.00	120.79	43.65	1.92	13.14	21.51	32.55	57.41	78.62	88.56
29872800.00	110.96	43.65	1.92	13.14	21.51	32.55	57.41	78.62	88.56
29876400.00	90.28	43.65	1.92	13.14	21.51	32.55	57.41	78.62	88.56
29880000.00	78.50	43.65	1.92	13.14	21.51	32.55	57.41	78.62	88.56
29883600.00	81.34	43.65	1.92	13.14	21.51	32.55	57.41	78.62	88.56
29887200.00	86.45	43.65	1.92	13.14	21.51	32.55	57.41	78.62	88.56
29890800.00	79.70	43.65	1.92	13.14	21.51	32.55	57.41	78.62	88.56
29894400.00	65.64	26.47	-5.34	-5.21	4.93	36.75	47.05	51.14	53.00
29898000.00	51.10	26.47	-5.34	-5.21	4.93	36.75	47.05	51.14	53.00
29901600.00	51.62	26.47	-5.34	-5.21	4.93	36.75	47.05	51.14	53.00
29905200.00	52.95	26.47	-5.34	-5.21	4.93	36.75	47.05	51.14	53.00
29908800.00	53.04	26.47	-5.34	-5.21	4.93	36.75	47.05	51.14	53.00
29912400.00	55.01	26.47	-5.34	-5.21	4.93	36.75	47.05	51.14	53.00
29916000.00	68.29	26.47	-5.34	-5.21	4.93	36.75	47.05	51.14	53.00
29919600.00	24.99	26.47	-5.34	-5.21	4.93	36.75	47.05	51.14	53.00
29923200.00	-0.09	26.47	-5.34	-5.21	4.93	36.75	47.05	51.14	53.00
29926800.00	-5.69	26.47	-5.34	-5.21	4.93	36.75	47.05	51.14	53.00
29930400.00	-4.72	26.47	-5.34	-5.21	4.93	36.75	47.05	51.14	53.00
29934000.00	-5.29	26.47	-5.34	-5.21	4.93	36.75	47.05	51.14	53.00
29937600.00	-6.75	26.47	-5.34	-5.21	4.93	36.75	47.05	51.14	53.00
29941200.00	-8.64	26.47	-5.34	-5.21	4.93	36.75	47.05	51.14	53.00
29944800.00	-7.43	26.47	-5.34	-5.21	4.93	36.75	47.05	51.14	53.00
29948400.00	-5.53	26.47	-5.34	-5.21	4.93	36.75	47.05	51.14	53.00
29952000.00	-5.21	26.47	-5.34	-5.21	4.93	36.75	47.05	51.14	53.00
29955600.00	-5.49	26.47	-5.34	-5.21	4.93	36.75	47.05	51.14	53.00
29959200.00	27.94	26.47	-5.34	-5.21	4.93	36.75	47.05	51.14	53.00
29962800.00	51.46	26.47	-5.34	-5.21	4.93	36.75	47.05	51.14	53.00
29966400.00	47.27	26.47	-5.34	-5.21	4.93	36.75	47.05	51.14	53.00
29970000.00	49.04	26.47	-5.34	-5.21	4.93	36.75	47.05	51.14	53.00
29973600.00	45.56	26.47	-5.34	-5.21	4.93	36.75	47.05	51.14	53.00
29977200.00	46.16	26.47	-5.34	-5.21	4.93	36.75	47.05	51.14	53.00
29980800.00	42.66	2.10	-28.51	-26.44	-6.71	-2.99	18.94	21.83	41.49
29984400.00	40.83	2.10	-28.51	-26.44	-6.71	-2.99	18.94	21.83	41.49
29988000.00	22.98	2.10	-28.51	-26.44	-6.71	-2.99	18.94	21.83	41.49
29991600.00	19.93	2.10	-28.51	-26.44	-6.71	-2.99	18.94	21.83	41.49
29995200.00	21.71	2.10	-28.51	-26.44	-6.71	-2.99	18.94	21.83	41.49
29998800.00	17.21	2.10	-28.51	-26.44	-6.71	-2.99	18.94	21.83	41.49
30002400.00	-1.17	2.10	-28.51	-26.44	-6.71	-2.99	18.94	21.83	41.49
30006000.00	-5.51	2.10	-28.51	-26.44	-6.71	-2.99	18.94	21.83	41.49
30009600.00	-7.00	2.10	-28.51	-26.44	-6.71	-2.99	18.94	21.83	41.49
30013200.00	-12.09	2.10	-28.51	-26.44	-6.71	-2.99	18.94	21.83	41.49
30016800.00	-26.62	2.10	-28.51	-26.44	-6.71	-2.99	18.94	21.83	41.49
30020400.00	-34.20	2.10	-28.51	-26.44	-6.71	-2.99	18.94	21.83	41.49
30024000.00	-39.06	2.10	-28.51	-26.44	-6.71	-2.99	18.94	21.83	41.49
30027600.00	-34.92	2.10	-28.51	-26.44	-6.71	-2.99	18.94	21.83	41.49
30031200.00	-43.64	2.10	-28.51	-26.44	-6.71	-2.99	18.94	21.83	41.49
30034800.00	-39.11	2.10	-28.51	-26.44	-6.71	-2.99	18.94	21.83	41.49
30038400.00	-34.99	2.10	-28.51	-26.44	-6.71	-2.99	18.94	21.83	41.49
30042000.00	-26.42	2.10	-28.51	-26.44	-6.71	-2.99	18.94	21.83	41.49
30045600.00	-4.80	2.10	-28.51	-26.44	-6.71	-2.99	18.94	21.83	41.49
30049200.00	19.37	2.10	-28.51	-26.44	-6.71	-2.99	18.94	21.83	41.49
30052800.00	41.57	2.10	-28.51	-26.44	-6.71	-2.99	18.94	21.83	41.49
30056400.00	41.39	2.10	-28.51	-26.44	-6.71	-2.99	18.94	21.83	41.49
30060000.00	44.31	2.10	-28.51	-26.44	-6.71	-2.99	18.94	21.83	41.49
30063600.00	48.05	2.10	-28.51	-26.44	-6.71	-2.99	18.94	21.83	41.49
30067200.00	50.07	-27.49	-66.13	-54.74	-31.73	2.67	32.32	34.02	45.62
30070800.00	46.24	-27.49	-66.13	-54.74	-31.73	2.67	32.32	34.02	45.62
30074400.00	33.88	-27.49	-66.13	-54.74	-31.73	2.67	32.32	34.02	45.62
30078000.00	31.52	-27.49	-66.13	-54.74	-31.73	2.67	32.32	34.02	45.62
30081600.00	32.53	-27.49	-66.13	-54.74	-31.73	2.67	32.32	34.02	45.62
30085200.00	32.62	-27.49	-66.13	-54.74	-31.73	2.67	32.32	34.02	45.62
30088800.00	2.96	-27.49	-66.13	-54.74	-31.73	2.67	32.32	34.02	45.62
30092400.00	-10.43	-27.49	-66.13	-54.74	-31.73	2.67	32.32	34.02	45.62
30096000.00	-37.05	-27.49	-66.13	-54.74	-31.73	2.67	32.32	34.02	45.62
30099600.00	-60.33	-27.49	-66.13	-54.74	-31.73	2.67	32.32	34.02	45.62
30103200.00	-85.74	-27.49	-66.13	-54.74	-31.73	2.67	32.32	34.02	45.62
30106800.00	-54.11	-27.49	-66.13	-54.74	-31.73	2.67	32.32	34.02	45.62
30110400.00	-83.51	-27.49	-66.13	-54.74	-31.73	2.67	32.32	34.02	45.62
30114000.00	-195.47	-27.49	-66.13	-54.74	-31.73	2.67	32.32	34.02	45.62
30117600.00	-220.14	-27.49	-66.13	-54.74	-31.73	2.67	32.32	34.02	45.62
30121200.00	-161.50	-27.49	-66.13	-54.74	-31.73	2.67	32.32	34.02	45.62
30124800.00	-155.14	-27.49	-66.13	-54.74	-31.73	2.67	32.32	34.02	45.62
30128400.00	-39.63	-27.49	-66.13	-54.74	-31.73	2.67	32.32	34.02	45.62
30132000.00	2.38	-27.49	-66.13	-54.74	-31.73	2.67	32.32	34.02	45.62
30135600.00	47.01	-27.49	-66.13	-54.74	-31.73	2.67	32.32	34.02	45.62
30139200.00	47.70	-27.49	-66.13	-54.74	-31.73	2.67	32.32	34.02	45.62
30142800.00	44.85	-27.49	-66.13	-54.74	-31.73	2.67	32.32	34.02	45.62
30146400.00	35.26	-27.49	-66.13	-54.74	-31.73	2.67	32.32	34.02	45.62
30150000.00	36.33	-27.49	-66.13	-54.74	-31.73	2.67	32.32	34.02	45.62
30153600.00	37.81	4.32	-47.75	-46.73	-15.00	23.72	39.35	41.09	62.85
30157200.00	40.97	4.32	-47.75	-46.73	-15.00	23.72	39.35	41.09	62.85
30160800.00	40.68	4.32	-47.75	-46.73	-15.00	23.72	39.35	41.09	62.85
30164400.00	37.60	4.32	-47.75	-46.73	-15.00	23.72	39.35	41.09	62.85
30168000.00	39.73	4.32	-47.75	-46.73	-15.00	23.72	39.35	41.09	62.85
30171600.00	42.19	4.32	-47.75	-46.73	-15.00	23.72	39.35	41.09	62.85
30175200.00	9.85	4.32	-47.75	-46.73	-15.00	23.72	39.35	41.09	62.85
30178800.00	-50.20	4.32	-47.75	-46.73	-15.00	23.72	39.35	41.09	62.85
30182400.00	-49.27	4.32	-47.75	-46.73	-15.00	23.72	39.35	41.09	62.85
30186000.00	-16.50	4.32	-47.75	-46.73	-15.00	23.72	39.35	41.09	62.85
30189600.00	-48.74	4.32	-47.75	-46.73	-15.00	23.72	39.35	41.09	62.85
30193200.00	-55.62	4.32	-47.75	-46.73	-15.00	23.72	39.35	41.09	62.85
30196800.00	-46.66	4.32	-47.75	-46.73	-15.00	23.72	39.35	41.09	62.85
30200400.00	-74.93	4.32	-47.75	-46.73	-15.00	23.72	39.35	41.09	62.85
30204000.00	-47.42	4.32	-47.75	-46.73	-15.00	23.72	39.35	41.09	62.85
30207600.00	-121.98	4.32	-47.75	-46.73	-15.00	23.72	39.35	41.09	62.85
30211200.00	-18.88	4.32	-47.75	-46.73	-15.00	23.72	39.35	41.09	62.85
30214800.00	-9.00	4.32	-47.75	-46.73	-15.00	23.72	39.35	41.09	62.85
30218400.00	56.81	4.32	-47.75	-46.73	-15.00	23.72	39.35	41.09	62.85
30222000.00	64.43	4.32	-47.75	-46.73	-15.00	23.72	39.35	41.09	62.85
30225600.00	60.91	4.32	-47.75	-46.73	-15.00	23.72	39.35	41.09	62.85
30229200.00	69.96	4.32	-47.75	-46.73	-15.00	23.72	39.35	41.09	62.85
30232800.00	77.31	4.32	-47.75	-46.73	-15.00	23.72	39.35	41.09	62.85
30236400.00	64.64	4.32	-47.75	-46.73	-15.00	23.72	39.35	41.09	62.85
30240000.00	62.98	54.26	-2.80	0.10	36.82	63.10	77.41	86.47	108.59
30243600.00	83.80	54.26	-2.80	0.10	36.82	63.10	77.41	86.47	108.59
30247200.00	77.80	54.26	-2.80	0.10	36.82	63.10	77.41	86.47	108.59
30250800.00	63.22	54.26	-2.80	0.10	36.82	63.10	77.41	86.47	108.59
30254400.00	75.86	54.26	-2.80	0.10	36.82	63.10	77.41	86.47	108.59
30258000.00	86.21	54.26	-2.80	0.10	36.82	63.10	77.41	86.47	108.59
30261600.00	35.18	54.26	-2.80	0.10	36.82	63.10	77.41	86.47	108.59
30265200.00	-8.39	54.26	-2.80	0.10	36.82	63.10	77.41	86.47	108.59
30268800.00	-6.97	54.26	-2.80	0.10	36.82	63.10	77.41	86.47	108.59
30272400.00	-10.03	54.26	-2.80	0.10	36.82	63.10	77.41	86.47	108.59
30276000.00	-4.49	54.26	-2.80	0.10	36.82	63.10	77.41	86.47	108.59
30279600.00	-2.24	54.26	-2.80	0.10	36.82	63.10	77.41	86.47	108.59
30283200.00	2.19	54.26	-2.80	0.10	36.82	63.10	77.41	86.47	108.59
30286800.00	0.36	54.26	-2.80	0.10	36.82	63.10	77.41	86.47	108.59
30290400.00	-6.94	54.26	-2.80	0.10	36.82	63.10	77.41	86.47	108.59
30294000.00	-9.93	54.26	-2.80	0.10	36.82	63.10	77.41	86.47	108.59
30297600.00	43.41	54.26	-2.80	0.10	36.82	63.10	77.41	86.47	108.59
30301200.00	88.89	54.26	-2.80	0.10	36.82	63.10	77.41	86.47	108.59
30304800.00	132.11	54.26	-2.80	0.10	36.82	63.10	77.41	86.47	108.59
30308400.00	152.21	54.26	-2.80	0.10	36.82	63.10	77.41	86.47	108.59
30312000.00	129.54	54.26	-2.80	0.10	36.82	63.10	77.41	86.47	108.59
30315600.00	100.55	54.26	-2.80	0.10	36.82	63.10	77.41	86.47	108.59
30319200.00	107.67	54.26	-2.80	0.10	36.82	63.10	77.41	86.47	108.59
30322800.00	109.35	54.26	-2.80	0.10	36.82	63.10	77.41	86.47	108.59
30326400.00	102.38	65.92	-2.46	17.34	36.86	83.73	89.53	102.54	126.94
30330000.00	100.92	65.92	-2.46	17.34	36.86	83.73	89.53	102.54	126.94
30333600.00	89.87	65.92	-2.46	17.34	36.86	83.73	89.53	102.54	126.94
30337200.00	86.80	65.92	-2.46	17.34	36.86	83.73	89.53	102.54	126.94
30340800.00	88.19	65.92	-2.46	17.34	36.86	83.73	89.53	102.54	126.94
30344400.00	79.90	65.92	-2.46	17.34	36.86	83.73	89.53	102.54	126.94
30348000.00	24.68	65.92	-2.46	17.34	36.86	83.73	89.53	102.54	126.94
30351600.00	-4.91	65.92	-2.46	17.34	36.86	83.73	89.53	102.54	126.94
30355200.00	-7.14	65.92	-2.46	17.34	36.86	83.73	89.53	102.54	126.94
30358800.00	-24.46	65.92	-2.46	17.34	36.86	83.73	89.53	102.54	126.94
30362400.00	-24.35	65.92	-2.46	17.34	36.86	83.73	89.53	102.54	126.94
30366000.00	-4.61	65.92	-2.46	17.34	36.86	83.73	89.53	102.54	126.94
30369600.00	-3.71	65.92	-2.46	17.34	36.86	83.73	89.53	102.54	126.94
30373200.00	19.49	65.92	-2.46	17.34	36.86	83.73	89.53	102.54	126.94
30376800.00	-2.04	65.92	-2.46	17.34	36.86	83.73	89.53	102.54	126.94
30380400.00	26.10	65.92	-2.46	17.34	36.86	83.73	89.53	102.54	126.94
30384000.00	80.66	65.92	-2.46	17.34	36.86	83.73	89.53	102.54	126.94
30387600.00	135.48	65.92	-2.46	17.34	36.86	83.73	89.53	102.54	126.94
30391200.00	178.98	65.92	-2.46	17.34	36.86	83.73	89.53	102.54	126.94
30394800.00	178.38	65.92	-2.46	17.34	36.86	83.73	89.53	102.54	126.94
30398400.00	133.85	65.92	-2.46	17.34	36.86	83.73	89.53	102.54	126.94
30402000.00	118.50	65.92	-2.46	17.34	36.86	83.73	89.53	102.54	126.94
30405600.00	105.19	65.92	-2.46	17.34	36.86	83.73	89.53	102.54	126.94
30409200.00	104.04	65.92	-2.46	17.34	36.86	83.73	89.53	102.54	126.94
30412800.00	108.40	41.65	1.71	18.82	31.84	43.74	59.52	71.80	78.56
30416400.00	86.95	41.65	1.71	18.82	31.84	43.74	59.52	71.80	78.56
30420000.00	71.65	41.65	1.71	18.82	31.84	43.74	59.52	71.80	78.56
30423600.00	61.65	41.65	1.71	18.82	31.84	43.74	59.52	71.80	78.56
30427200.00	51.03	41.65	1.71	18.82	31.84	43.74	59.52	71.80	78.56
30430800.00	46.40	41.65	1.71	18.82	31.84	43.74	59.52	71.80	78.56
30434400.00	41.07	41.65	1.71	18.82	31.84	43.74	59.52	71.80	78.56
30438000.00	31.33	41.65	1.71	18.82	31.84	43.74	59.52	71.80	78.56
30441600.00	33.91	41.65	1.71	18.82	31.84	43.74	59.52	71.80	78.56
30445200.00	20.52	41.65	1.71	18.82	31.84	43.74	59.52	71.80	78.56
30448800.00	-4.18	41.65	1.71	18.82	31.84	43.74	59.52	71.80	78.56
30452400.00	-13.03	41.65	1.71	18.82	31.84	43.74	59.52	71.80	78.56
30456000.00	-7.12	41.65	1.71	18.82	31.84	43.74	59.52	71.80	78.56
30459600.00	-5.72	41.65	1.71	18.82	31.84	43.74	59.52	71.80	78.56
30463200.00	3.58	41.65	1.71	18.82	31.84	43.74	59.52	71.80	78.56
30466800.00	-5.03	41.65	1.71	18.82	31.84	43.74	59.52	71.80	78.56
30470400.00	-3.91	41.65	1.71	18.82	31.84	43.74	59.52	71.80	78.56
30474000.00	26.63	41.65	1.71	18.82	31.84	43.74	59.52	71.80	78.56
30477600.00	71.16	41.65	1.71	18.82	31.84	43.74	59.52	71.80	78.56
30481200.00	79.20	41.65	1.71	18.82	31.84	43.74	59.52	71.80	78.56
30484800.00	78.95	41.65	1.71	18.82	31.84	43.74	59.52	71.80	78.56
30488400.00	73.12	41.65	1.71	18.82	31.84	43.74	59.52	71.80	78.56
30492000.00	74.88	41.65	1.71	18.82	31.84	43.74	59.52	71.80	78.56
30495600.00	78.08	41.65	1.71	18.82	31.84	43.74	59.52	71.80	78.56
30499200.00	81.86	34.87	-11.06	-9.77	23.63	67.91	75.67	81.92	86.95
30502800.00	82.40	34.87	-11.06	-9.77	23.63	67.91	75.67	81.92	86.95
30506400.00	70.38	34.87	-11.06	-9.77	23.63	67.91	75.67	81.92	86.95
30510000.00	67.13	34.87	-11.06	-9.77	23.63	67.91	75.67	81.92	86.95
30513600.00	68.69	34.87	-11.06	-9.77	23.63	67.91	75.67	81.92	86.95
30517200.00	76.99	34.87	-11.06	-9.77	23.63	67.91	75.67	81.92	86.95
30520800.00	138.52	34.87	-11.06	-9.77	23.63	67.91	75.67	81.92	86.95
30524400.00	23.61	34.87	-11.06	-9.77	23.63	67.91	75.67	81.92	86.95
30528000.00	-14.35	34.87	-11.06	-9.77	23.63	67.91	75.67	81.92	86.95
30531600.00	-9.75	34.87	-11.06	-9.77	23.63	67.91	75.67	81.92	86.95
30535200.00	-21.00	34.87	-11.06	-9.77	23.63	67.91	75.67	81.92	86.95
30538800.00	-9.96	34.87	-11.06	-9.77	23.63	67.91	75.67	81.92	86.95
30542400.00	-50.72	34.87	-11.06	-9.77	23.63	67.91	75.67	81.92	86.95
30546000.00	-72.55	34.87	-11.06	-9.77	23.63	67.91	75.67	81.92	86.95
30549600.00	-45.59	34.87	-11.06	-9.77	23.63	67.91	75.67	81.92	86.95
30553200.00	-99.86	34.87	-11.06	-9.77	23.63	67.91	75.67	81.92	86.95
30556800.00	-6.50	34.87	-11.06	-9.77	23.63	67.91	75.67	81.92	86.95
30560400.00	23.69	34.87	-11.06	-9.77	23.63	67.91	75.67	81.92	86.95
30564000.00	84.00	34.87	-11.06	-9.77	23.63	67.91	75.67	81.92	86.95
30567600.00	91.96	34.87	-11.06	-9.77	23.63	67.91	75.67	81.92	86.95
30571200.00	89.30	34.87	-11.06	-9.77	23.63	67.91	75.67	81.92	86.95
30574800.00	79.63	34.87	-11.06	-9.77	23.63	67.91	75.67	81.92	86.95
30578400.00	84.09	34.87	-11.06	-9.77	23.63	67.91	75.67	81.92	86.95
30582000.00	104.96	34.87	-11.06	-9.77	23.63	67.91	75.67	81.92	86.95
30585600.00	117.25	14.65	-16.05	-9.37	-3.07	4.97	7.38	29.78	64.06
30589200.00	91.96	14.65	-16.05	-9.37	-3.07	4.97	7.38	29.78	64.06
30592800.00	74.73	14.65	-16.05	-9.37	-3.07	4.97	7.38	29.78	64.06
30596400.00	70.53	14.65	-16.05	-9.37	-3.07	4.97	7.38	29.78	64.06
30600000.00	56.14	14.65	-16.05	-9.37	-3.07	4.97	7.38	29.78	64.06
30603600.00	32.71	14.65	-16.05	-9.37	-3.07	4.97	7.38	29.78	64.06
30607200.00	9.95	14.65	-16.05	-9.37	-3.07	4.97	7.38	29.78	64.06
30610800.00	6.93	14.65	-16.05	-9.37	-3.07	4.97	7.38	29.78	64.06
30614400.00	-3.01	14.65	-16.05	-9.37	-3.07	4.97	7.38	29.78	64.06
30618000.00	-3.08	14.65	-16.05	-9.37	-3.07	4.97	7.38	29.78	64.06
30621600.00	-15.07	14.65	-16.05	-9.37	-3.07	4.97	7.38	29.78	64.06
30625200.00	-41.72	14.65	-16.05	-9.37	-3.07	4.97	7.38	29.78	64.06
30628800.00	-32.10	14.65	-16.05	-9.37	-3.07	4.97	7.38	29.78	64.06
30632400.00	-21.76	14.65	-16.05	-9.37	-3.07	4.97	7.38	29.78	64.06
30636000.00	-18.98	14.65	-16.05	-9.37	-3.07	4.97	7.38	29.78	64.06
30639600.00	-8.73	14.65	-16.05	-9.37	-3.07	4.97	7.38	29.78	64.06
30643200.00	-30.00	14.65	-16.05	-9.37	-3.07	4.97	7.38	29.78	64.06
30646800.00	-21.76	14.65	-16.05	-9.37	-3.07	4.97	7.38	29.78	64.06
30650400.00	-5.46	14.65	-16.05	-9.37	-3.07	4.97	7.38	29.78	64.06
30654000.00	3.01	14.65	-16.05	-9.37	-3.07	4.97	7.38	29.78	64.06
30657600.00	7.28	14.65	-16.05	-9.37	-3.07	4.97	7.38	29.78	64.06
30661200.00	7.40	14.65	-16.05	-9.37	-3.07	4.97	7.38	29.78	64.06
30664800.00	29.46	14.65	-16.05	-9.37	-3.07	4.97	7.38	29.78	64.06
30668400.00	45.93	14.65	-16.05	-9.37	-3.07	4.97	7.38	29.78	64.06
30672000.00	46.76	0.62	-44.28	-29.57	-16.56	21.21	46.77	49.34	54.56
30675600.00	51.44	0.62	-44.28	-29.57	-16.56	21.21	46.77	49.34	54.56
30679200.00	54.64	0.62	-44.28	-29.57	-16.56	21.21	46.77	49.34	54.56
30682800.00	65.10	0.62	-44.28	-29.57	-16.56	21.21	46.77	49.34	54.56
30686400.00	60.31	0.62	-44.28	-29.57	-16.56	21.21	46.77	49.34	54.56
30690000.00	46.77	0.62	-44.28	-29.57	-16.56	21.21	46.77	49.34	54.56
30693600.00	53.16	0.62	-44.28	-29.57	-16.56	21.21	46.77	49.34	54.56
30697200.00	-3.92	0.62	-44.28	-29.57	-16.56	21.21	46.77	49.34	54.56
30700800.00	-8.79	0.62	-44.28	-29.57	-16.56	21.21	46.77	49.34	54.56
30704400.00	-23.20	0.62	-44.28	-29.57	-16.56	21.21	46.77	49.34	54.56
30708000.00	-43.79	0.62	-44.28	-29.57	-16.56	21.21	46.77	49.34	54.56
30711600.00	-57.86	0.62	-44.28	-29.57	-16.56	21.21	46.77	49.34	54.56
30715200.00	-46.19	0.62	-44.28	-29.57	-16.56	21.21	46.77	49.34	54.56
30718800.00	-45.74	0.62	-44.28	-29.57	-16.56	21.21	46.77	49.34	54.56
30722400.00	-114.77	0.62	-44.28	-29.57	-16.56	21.21	46.77	49.34	54.56
30726000.00	-114.58	0.62	-44.28	-29.57	-16.56	21.21	46.77	49.34	54.56
30729600.00	-112.07	0.62	-44.28	-29.57	-16.56	21.21	46.77	49.34	54.56
30733200.00	-18.50	0.62	-44.28	-29.57	-16.56	21.21	46.77	49.34	54.56
30736800.00	-27.98	0.62	-44.28	-29.57	-16.56	21.21	46.77	49.34	54.56
30740400.00	54.47	0.62	-44.28	-29.57	-16.56	21.21	46.77	49.34	54.56
30744000.00	55.74	0.62	-44.28	-29.57	-16.56	21.21	46.77	49.34	54.56
30747600.00	49.10	0.62	-44.28	-29.57	-16.56	21.21	46.77	49.34	54.56
30751200.00	48.42	0.62	-44.28	-29.57	-16.56	21.21	46.77	49.34	54.56
30754800.00	46.34	0.62	-44.28	-29.57	-16.56	21.21	46.77	49.34	54.56
30758400.00	49.27	-2.95	-40.04	-29.88	-10.29	5.40	17.57	28.34	35.36
30762000.00	45.76	-2.95	-40.04	-29.88	-10.29	5.40	17.57	28.34	35.36
30765600.00	28.06	-2.95	-40.04	-29.88	-10.29	5.40	17.57	28.34	35.36
30769200.00	30.85	-2.95	-40.04	-29.88	-10.29	5.40	17.57	28.34	35.36
30772800.00	40.33	-2.95	-40.04	-29.88	-10.29	5.40	17.57	28.34	35.36
30776400.00	32.10	-2.95	-40.04	-29.88	-10.29	5.40	17.57	28.34	35.36
30780000.00	36.90	-2.95	-40.04	-29.88	-10.29	5.40	17.57	28.34	35.36
30783600.00	-0.88	-2.95	-40.04	-29.88	-10.29	5.40	17.57	28.34	35.36
30787200.00	-28.93	-2.95	-40.04	-29.88	-10.29	5.40	17.57	28.34	35.36
30790800.00	-12.65	-2.95	-40.04	-29.88	-10.29	5.40	17.57	28.34	35.36
30794400.00	-46.32	-2.95	-40.04	-29.88	-10.29	5.40	17.57	28.34	35.36
30798000.00	-48.22	-2.95	-40.04	-29.88	-10.29	5.40	17.57	28.34	35.36
30801600.00	-44.87	-2.95	-40.04	-29.88	-10.29	5.40	17.57	28.34	35.36
30805200.00	-61.32	-2.95	-40.04	-29.88	-10.29	5.40	17.57	28.34	35.36
30808800.00	-60.23	-2.95	-40.04	-29.88	-10.29	5.40	17.57	28.34	35.36
30812400.00	-38.43	-2.95	-40.04	-29.88	-10.29	5.40	17.57	28.34	35.36
30816000.00	-63.50	-2.95	-40.04	-29.88	-10.29	5.40	17.57	28.34	35.36
30819600.00	-28.54	-2.95	-40.04	-29.88	-10.29	5.40	17.57	28.34	35.36
30823200.00	3.64	-2.95	-40.04	-29.88	-10.29	5.40	17.57	28.34	35.36
30826800.00	23.02	-2.95	-40.04	-29.88	-10.29	5.40	17.57	28.34	35.36
30830400.00	18.44	-2.95	-40.04	-29.88	-10.29	5.40	17.57	28.34	35.36
30834000.00	7.16	-2.95	-40.04	-29.88	-10.29	5.40	17.57	28.34	35.36
30837600.00	14.10	-2.95	-40.04	-29.88	-10.29	5.40	17.57	28.34	35.36
30841200.00	33.47	-2.95	-40.04	-29.88	-10.29	5.40	17.57	28.34	35.36
30844800.00	22.46	-8.59	-30.11	-14.09	-7.27	-1.61	0.78	3.63	16.82
30848400.00	21.41	-8.59	-30.11	-14.09	-7.27	-1.61	0.78	3.63	16.82
30852000.00	12.52	-8.59	-30.11	-14.09	-7.27	-1.61	0.78	3.63	16.82
30855600.00	17.15	-8.59	-30.11	-14.09	-7.27	-1.61	0.78	3.63	16.82
30859200.00	19.78	-8.59	-30.11	-14.09	-7.27	-1.61	0.78	3.63	16.82
30862800.00	16.41	-8.59	-30.11	-14.09	-7.27	-1.61	0.78	3.63	16.82
30866400.00	8.49	-8.59	-30.11	-14.09	-7.27	-1.61	0.78	3.63	16.82
30870000.00	3.09	-8.59	-30.11	-14.09	-7.27	-1.61	0.78	3.63	16.82
30873600.00	-5.38	-8.59	-30.11	-14.09	-7.27	-1.61	0.78	3.63	16.82
30877200.00	-7.75	-8.59	-30.11	-14.09	-7.27	-1.61	0.78	3.63	16.82
30880800.00	-12.47	-8.59	-30.11	-14.09	-7.27	-1.61	0.78	3.63	16.82
30884400.00	-28.69	-8.59	-30.11	-14.09	-7.27	-1.61	0.78	3.63	16.82
30888000.00	-39.00	-8.59	-30.11	-14.09	-7.27	-1.61	0.78	3.63	16.82
30891600.00	-35.84	-8.59	-30.11	-14.09	-7.27	-1.61	0.78	3.63	16.82
30895200.00	-72.76	-8.59	-30.11	-14.09	-7.27	-1.61	0.78	3.63	16.82
30898800.00	-34.38	-8.59	-30.11	-14.09	-7.27	-1.61	0.78	3.63	16.82
30902400.00	-35.05	-8.59	-30.11	-14.09	-7.27	-1.61	0.78	3.63	16.82
30906000.00	-45.34	-8.59	-30.11	-14.09	-7.27	-1.61	0.78	3.63	16.82
30909600.00	-10.12	-8.59	-30.11	-14.09	-7.27	-1.61	0.78	3.63	16.82
30913200.00	-1.67	-8.59	-30.11	-14.09	-7.27	-1.61	0.78	3.63	16.82
30916800.00	1.10	-8.59	-30.11	-14.09	-7.27	-1.61	0.78	3.63	16.82
30920400.00	1.91	-8.59	-30.11	-14.09	-7.27	-1.61	0.78	3.63	16.82
30924000.00	-1.56	-8.59	-30.11	-14.09	-7.27	-1.61	0.78	3.63	16.82
30927600.00	-0.53	-8.59	-30.11	-14.09	-7.27	-1.61	0.78	3.63	16.82
30931200.00	-1.66	-54.56	-113.66	-112.27	-56.71	-12.12	-5.26	-4.81	-4.27
30934800.00	-2.14	-54.56	-113.66	-112.27	-56.71	-12.12	-5.26	-4.81	-4.27
30938400.00	-4.63	-54.56	-113.66	-112.27	-56.71	-12.12	-5.26	-4.81	-4.27
30942000.00	-5.13	-54.56	-113.66	-112.27	-56.71	-12.12	-5.26	-4.81	-4.27
30945600.00	-4.81	-54.56	-113.66	-112.27	-56.71	-12.12	-5.26	-4.81	-4.27
30949200.00	-2.69	-54.56	-113.66	-112.27	-56.71	-12.12	-5.26	-4.81	-4.27
30952800.00	-10.03	-54.56	-113.66	-112.27	-56.71	-12.12	-5.26	-4.81	-4.27
30956400.00	-97.94	-54.56	-113.66	-112.27	-56.71	-12.12	-5.26	-4.81	-4.27
30960000.00	-120.85	-54.56	-113.66	-112.27	-56.71	-12.12	-5.26	-4.81	-4.27
30963600.00	-124.67	-54.56	-113.66	-112.27	-56.71	-12.12	-5.26	-4.81	-4.27
30967200.00	-112.19	-54.56	-113.66	-112.27	-56.71	-12.12	-5.26	-4.81	-4.27
30970800.00	-115.82	-54.56	-113.66	-112.27	-56.71	-12.12	-5.26	-4.81	-4.27
30974400.00	-156.85	-54.56	-113.66	-112.27	-56.71	-12.12	-5.26	-4.81	-4.27
30978000.00	-168.51	-54.56	-113.66	-112.27	-56.71	-12.12	-5.26	-4.81	-4.27
30981600.00	-134.38	-54.56	-113.66	-112.27	-56.71	-12.12	-5.26	-4.81	-4.27
30985200.00	-112.94	-54.56	-113.66	-112.27	-56.71	-12.12	-5.26	-4.81	-4.27
30988800.00	-62.57	-54.56	-113.66	-112.27	-56.71	-12.12	-5.26	-4.81	-4.27
30992400.00	-33.29	-54.56	-113.66	-112.27	-56.71	-12.12	-5.26	-4.81	-4.27
30996000.00	-14.22	-54.56	-113.66	-112.27	-56.71	-12.12	-5.26	-4.81	-4.27
30999600.00	-5.77	-54.56	-113.66	-112.27	-56.71	-12.12	-5.26	-4.81	-4.27
31003200.00	-4.33	-54.56	-113.66	-112.27	-56.71	-12.12	-5.26	-4.81	-4.27
31006800.00	-5.04	-54.56	-113.66	-112.27	-56.71	-12.12	-5.26	-4.81	-4.27
31010400.00	-4.76	-54.56	-113.66	-112.27	-56.71	-12.12	-5.26	-4.81	-4.27
31014000.00	-4.22	-54.56	-113.66	-112.27	-56.71	-12.12	-5.26	-4.81	-4.27
31017600.00	-3.73	-47.55	-92.87	-69.12	-43.98	-17.76	-4.40	-4.22	-0.02
31021200.00	-4.54	-47.55	-92.87	-69.12	-43.98	-17.76	-4.40	-4.22	-0.02
31024800.00	-4.22	-47.55	-92.87	-69.12	-43.98	-17.76	-4.40	-4.22	-0.02
31028400.00	-4.23	-47.55	-92.87	-69.12	-43.98	-17.76	-4.40	-4.22	-0.02
31032000.00	-4.19	-47.55	-92.87	-69.12	-43.98	-17.76	-4.40	-4.22	-0.02
31035600.00	-4.36	-47.55	-92.87	-69.12	-43.98	-17.76	-4.40	-4.22	-0.02
31039200.00	-9.39	-47.55	-92.87	-69.12	-43.98	-17.76	-4.40	-4.22	-0.02
31042800.00	-26.13	-47.55	-92.87	-69.12	-43.98	-17.76	-4.40	-4.22	-0.02
31046400.00	-87.84	-47.55	-92.87	-69.12	-43.98	-17.76	-4.40	-4.22	-0.02
31050000.00	-162.05	-47.55	-92.87	-69.12	-43.98	-17.76	-4.40	-4.22	-0.02
31053600.00	-133.17	-47.55	-92.87	-69.12	-43.98	-17.76	-4.40	-4.22	-0.02
31057200.00	-156.61	-47.55	-92.87	-69.12	-43.98	-17.76	-4.40	-4.22	-0.02
31060800.00	-118.67	-47.55	-92.87	-69.12	-43.98	-17.76	-4.40	-4.22	-0.02
31064400.00	-121.01	-47.55	-92.87	-69.12	-43.98	-17.76	-4.40	-4.22	-0.02
31068000.00	-107.94	-47.55	-92.87	-69.12	-43.98	-17.76	-4.40	-4.22	-0.02
31071600.00	-67.04	-47.55	-92.87	-69.12	-43.98	-17.76	-4.40	-4.22	-0.02
31075200.00	-46.69	-47.55	-92.87	-69.12	-43.98	-17.76	-4.40	-4.22	-0.02
31078800.00	-57.44	-47.55	-92.87	-69.12	-43.98	-17.76	-4.40	-4.22	-0.02
31082400.00	-33.15	-47.55	-92.87	-69.12	-43.98	-17.76	-4.40	-4.22	-0.02
31086000.00	3.19	-47.55	-92.87	-69.12	-43.98	-17.76	-4.40	-4.22	-0.02
31089600.00	4.91	-47.55	-92.87	-69.12	-43.98	-17.76	-4.40	-4.22	-0.02
31093200.00	0.30	-47.55	-92.87	-69.12	-43.98	-17.76	-4.40	-4.22	-0.02
31096800.00	-0.40	-47.55	-92.87	-69.12	-43.98	-17.76	-4.40	-4.22	-0.02
31100400.00	3.22	-47.55	-92.87	-69.12	-43.98	-17.76	-4.40	-4.22	-0.02
31104000.00	1.79	-12.16	-48.69	-47.88	-13.60	-2.93	0.92	1.90	34.40
31107600.00	-0.35	-12.16	-48.69	-47.88	-13.60	-2.93	0.92	1.90	34.40
31111200.00	0.64	-12.16	-48.69	-47.88	-13.60	-2.93	0.92	1.90	34.40
31114800.00	1.58	-12.16	-48.69	-47.88	-13.60	-2.93	0.92	1.90	34.40
31118400.00	0.99	-12.16	-48.69	-47.88	-13.60	-2.93	0.92	1.90	34.40
31122000.00	2.92	-12.16	-48.69	-47.88	-13.60	-2.93	0.92	1.90	34.40
31125600.00	-8.54	-12.16	-48.69	-47.88	-13.60	-2.93	0.92	1.90	34.40
31129200.00	-15.52	-12.16	-48.69	-47.88	-13.60	-2.93	0.92	1.90	34.40
31132800.00	-47.81	-12.16	-48.69	-47.88	-13.60	-2.93	0.92	1.90	34.40
31136400.00	-48.49	-12.16	-48.69	-47.88	-13.60	-2.93	0.92	1.90	34.40
31140000.00	-60.13	-12.16	-48.69	-47.88	-13.60	-2.93	0.92	1.90	34.40
31143600.00	-72.89	-12.16	-48.69	-47.88	-13.60	-2.93	0.92	1.90	34.40
31147200.00	-98.92	-12.16	-48.69	-47.88	-13.60	-2.93	0.92	1.90	34.40
31150800.00	-66.01	-12.16	-48.69	-47.88	-13.60	-2.93	0.92	1.90	34.40
31154400.00	-80.22	-12.16	-48.69	-47.88	-13.60	-2.93	0.92	1.90	34.40
31158000.00	-49.28	-12.16	-48.69	-47.88	-13.60	-2.93	0.92	1.90	34.40
31161600.00	-14.87	-12.16	-48.69	-47.88	-13.60	-2.93	0.92	1.90	34.40
31165200.00	-5.51	-12.16	-48.69	-47.88	-13.60	-2.93	0.92	1.90	34.40
31168800.00	36.88	-12.16	-48.69	-47.88	-13.60	-2.93	0.92	1.90	34.40
31172400.00	76.11	-12.16	-48.69	-47.88	-13.60	-2.93	0.92	1.90	34.40
31176000.00	59.54	-12.16	-48.69	-47.88	-13.60	-2.93	0.92	1.90	34.40
31179600.00	36.09	-12.16	-48.69	-47.88	-13.60	-2.93	0.92	1.90	34.40
31183200.00	27.76	-12.16	-48.69	-47.88	-13.60	-2.93	0.92	1.90	34.40
31186800.00	32.33	-12.16	-48.69	-47.88	-13.60	-2.93	0.92	1.90	34.40
31190400.00	25.85	63.55	-5.29	-3.37	-1.81	7.34	12.75	25.98	69.12
31194000.00	18.00	63.55	-5.29	-3.37	-1.81	7.34	12.75	25.98	69.12
31197600.00	13.25	63.55	-5.29	-3.37	-1.81	7.34	12.75	25.98	69.12
31201200.00	10.13	63.55	-5.29	-3.37	-1.81	7.34	12.75	25.98	69.12
31204800.00	10.72	63.55	-5.29	-3.37	-1.81	7.34	12.75	25.98	69.12
31208400.00	4.55	63.55	-5.29	-3.37	-1.81	7.34	12.75	25.98	69.12
31212000.00	-7.47	63.55	-5.29	-3.37	-1.81	7.34	12.75	25.98	69.12
31215600.00	-9.85	63.55	-5.29	-3.37	-1.81	7.34	12.75	25.98	69.12
31219200.00	-23.53	63.55	-5.29	-3.37	-1.81	7.34	12.75	25.98	69.12
31222800.00	-26.84	63.55	-5.29	-3.37	-1.81	7.34	12.75	25.98	69.12
31226400.00	-12.20	63.55	-5.29	-3.37	-1.81	7.34	12.75	25.98	69.12
31230000.00	-6.58	63.55	-5.29	-3.37	-1.81	7.34	12.75	25.98	69.12
31233600.00	-2.78	63.55	-5.29	-3.37	-1.81	7.34	12.75	25.98	69.12
31237200.00	-0.15	63.55	-5.29	-3.37	-1.81	7.34	12.75	25.98	69.12
31240800.00	-2.23	63.55	-5.29	-3.37	-1.81	7.34	12.75	25.98	69.12
31244400.00	-4.86	63.55	-5.29	-3.37	-1.81	7.34	12.75	25.98	69.12
31248000.00	-3.20	63.55	-5.29	-3.37	-1.81	7.34	12.75	25.98	69.12
31251600.00	27.15	63.55	-5.29	-3.37	-1.81	7.34	12.75	25.98	69.12
31255200.00	65.29	63.55	-5.29	-3.37	-1.81	7.34	12.75	25.98	69.12
31258800.00	72.25	63.55	-5.29	-3.37	-1.81	7.34	12.75	25.98	69.12
31262400.00	73.07	63.55	-5.29	-3.37	-1.81	7.34	12.75	25.98	69.12
31266000.00	95.88	63.55	-5.29	-3.37	-1.81	7.34	12.75	25.98	69.12
31269600.00	1174.84	63.55	-5.29	-3.37	-1.81	7.34	12.75	25.98	69.12
31273200.00	34.03	63.55	-5.29	-3.37	-1.81	7.34	12.75	25.98	69.12
31276800.00	17.89	35.02	7.36	8.16	15.02	17.38	18.92	27.80	67.99
31280400.00	16.97	35.02	7.36	8.16	15.02	17.38	18.92	27.80	67.99
31284000.00	14.53	35.02	7.36	8.16	15.02	17.38	18.92	27.80	67.99
31287600.00	17.30	35.02	7.36	8.16	15.02	17.38	18.92	27.80	67.99
31291200.00	21.43	35.02	7.36	8.16	15.02	17.38	18.92	27.80	67.99
31294800.00	17.46	35.02	7.36	8.16	15.02	17.38	18.92	27.80	67.99
31298400.00	-4.21	35.02	7.36	8.16	15.02	17.38	18.92	27.80	67.99
31302000.00	-4.96	35.02	7.36	8.16	15.02	17.38	18.92	27.80	67.99
31305600.00	-5.89	35.02	7.36	8.16	15.02	17.38	18.92	27.80	67.99
31309200.00	-6.16	35.02	7.36	8.16	15.02	17.38	18.92	27.80	67.99
31312800.00	1.01	35.02	7.36	8.16	15.02	17.38	18.92	27.80	67.99
31316400.00	5.84	35.02	7.36	8.16	15.02	17.38	18.92	27.80	67.99
31320000.00	8.19	35.02	7.36	8.16	15.02	17.38	18.92	27.80	67.99
31323600.00	12.52	35.02	7.36	8.16	15.02	17.38	18.92	27.80	67.99
31327200.00	7.87	35.02	7.36	8.16	15.02	17.38	18.92	27.80	67.99
31330800.00	51.24	35.02	7.36	8.16	15.02	17.38	18.92	27.80	67.99
31334400.00	73.83	35.02	7.36	8.16	15.02	17.38	18.92	27.80	67.99
31338000.00	97.52	35.02	7.36	8.16	15.02	17.38	18.92	27.80	67.99
31341600.00	137.39	35.02	7.36	8.16	15.02	17.38	18.92	27.80	67.99
31345200.00	216.71	35.02	7.36	8.16	15.02	17.38	18.92	27.80	67.99
31348800.00	60.86	35.02	7.36	8.16	15.02	17.38	18.92	27.80	67.99
31352400.00	37.22	35.02	7.36	8.16	15.02	17.38	18.92	27.80	67.99
31356000.00	26.76	35.02	7.36	8.16	15.02	17.38	18.92	27.80	67.99
31359600.00	19.17	35.02	7.36	8.16	15.02	17.38	18.92	27.80	67.99
31363200.00	26.71	9.30	-5.66	-4.42	-3.29	2.63	15.23	19.35	32.13
31366800.00	39.52	9.30	-5.66	-4.42	-3.29	2.63	15.23	19.35	32.13
31370400.00	33.58	9.30	-5.66	-4.42	-3.29	2.63	15.23	19.35	32.13
31374000.00	38.25	9.30	-5.66	-4.42	-3.29	2.63	15.23	19.35	32.13
31377600.00	37.81	9.30	-5.66	-4.42	-3.29	2.63	15.23	19.35	32.13
31381200.00	30.34	9.30	-5.66	-4.42	-3.29	2.63	15.23	19.35	32.13
31384800.00	0.45	9.30	-5.66	-4.42	-3.29	2.63	15.23	19.35	32.13
31388400.00	-4.19	9.30	-5.66	-4.42	-3.29	2.63	15.23	19.35	32.13
31392000.00	-5.29	9.30	-5.66	-4.42	-3.29	2.63	15.23	19.35	32.13
31395600.00	-9.61	9.30	-5.66	-4.42	-3.29	2.63	15.23	19.35	32.13
31399200.00	-12.88	9.30	-5.66	-4.42	-3.29	2.63	15.23	19.35	32.13
31402800.00	-8.64	9.30	-5.66	-4.42	-3.29	2.63	15.23	19.35	32.13
31406400.00	-6.98	9.30	-5.66	-4.42	-3.29	2.63	15.23	19.35	32.13
31410000.00	-8.39	9.30	-5.66	-4.42	-3.29	2.63	15.23	19.35	32.13
31413600.00	-6.74	9.30	-5.66	-4.42	-3.29	2.63	15.23	19.35	32.13
31417200.00	-4.32	9.30	-5.66	-4.42	-3.29	2.63	15.23	19.35	32.13
31420800.00	-3.72	9.30	-5.66	-4.42	-3.29	2.63	15.23	19.35	32.13
31424400.00	-1.56	9.30	-5.66	-4.42	-3.29	2.63	15.23	19.35	32.13
31428000.00	5.76	9.30	-5.66	-4.42	-3.29	2.63	15.23	19.35	32.13
31431600.00	18.86	9.30	-5.66	-4.42	-3.29	2.63	15.23	19.35	32.13
31435200.00	18.14	9.30	-5.66	-4.42	-3.29	2.63	15.23	19.35	32.13
31438800.00	17.59	9.30	-5.66	-4.42	-3.29	2.63	15.23	19.35	32.13
31442400.00	4.80	9.30	-5.66	-4.42	-3.29	2.63	15.23	19.35	32.13
31446000.00	23.74	9.30	-5.66	-4.42	-3.29	2.63	15.23	19.35	32.13
31449600.00	6.51	-29.64	-44.54	-41.78	-36.08	-14.98	-4.71	-4.37	-2.37
31453200.00	-3.54	-29.64	-44.54	-41.78	-36.08	-14.98	-4.71	-4.37	-2.37
31456800.00	-4.67	-29.64	-44.54	-41.78	-36.08	-14.98	-4.71	-4.37	-2.37
31460400.00	-4.86	-29.64	-44.54	-41.78	-36.08	-14.98	-4.71	-4.37	-2.37
31464000.00	-4.46	-29.64	-44.54	-41.78	-36.08	-14.98	-4.71	-4.37	-2.37
31467600.00	-4.46	-29.64	-44.54	-41.78	-36.08	-14.98	-4.71	-4.37	-2.37
31471200.00	-7.91	-29.64	-44.54	-41.78	-36.08	-14.98	-4.71	-4.37	-2.37
31474800.00	-29.32	-29.64	-44.54	-41.78	-36.08	-14.98	-4.71	-4.37	-2.37
31478400.00	-41.58	-29.64	-44.54	-41.78	-36.08	-14.98	-4.71	-4.37	-2.37
31482000.00	-49.60	-29.64	-44.54	-41.78	-36.08	-14.98	-4.71	-4.37	-2.37
31485600.00	-43.57	-29.64	-44.54	-41.78	-36.08	-14.98	-4.71	-4.37	-2.37
31489200.00	-50.06	-29.64	-44.54	-41.78	-36.08	-14.98	-4.71	-4.37	-2.37
31492800.00	-37.77	-29.64	-44.54	-41.78	-36.08	-14.98	-4.71	-4.37	-2.37
31496400.00	-38.14	-29.64	-44.54	-41.78	-36.08	-14.98	-4.71	-4.37	-2.37
31500000.00	-47.47	-29.64	-44.54	-41.78	-36.08	-14.98	-4.71	-4.37	-2.37
31503600.00	-106.44	-29.64	-44.54	-41.78	-36.08	-14.98	-4.71	-4.37	-2.37
31507200.00	-150.22	-29.64	-44.54	-41.78	-36.08	-14.98	-4.71	-4.37	-2.37
31510800.00	-69.93	-29.64	-44.54	-41.78	-36.08	-14.98	-4.71	-4.37	-2.37
31514400.00	-22.05	-29.64	-44.54	-41.78	-36.08	-14.98	-4.71	-4.37	-2.37
31518000.00	-2.55	-29.64	-44.54	-41.78	-36.08	-14.98	-4.71	-4.37	-2.37
31521600.00	-2.69	-29.64	-44.54	-41.78	-36.08	-14.98	-4.71	-4.37	-2.37
31525200.00	-2.22	-29.64	-44.54	-41.78	-36.08	-14.98	-4.71	-4.37	-2.37
31528800.00	-1.91	-29.64	-44.54	-41.78	-36.08	-14.98	-4.71	-4.37	-2.37
31532400.00	7.56	-29.64	-44.54	-41.78	-36.08	-14.98	-4.71	-4.37	-2.37
