#1
double initialDate(1,6)   # Meteo initial date
2010 1 1 0 0 0

double ambient(8760,10) # TMY NREL NSRDB time DNI GHI DHI Tamb WindSpeed WindDir RH Preassure DewPoint
0.0	968.00	944.00	128.00	303.35	1.50	211.00	0.16	100600.00	274.75
3600.0	998.00	1069.00	133.00	305.35	1.90	228.00	0.13	100600.00	273.65
7200.0	1012.00	1130.00	135.00	306.95	2.30	230.00	0.11	100500.00	272.75
10800.0	1010.00	1121.00	135.00	308.05	2.80	228.00	0.10	100400.00	272.05
14400.0	993.00	1043.00	133.00	308.55	3.40	223.00	0.09	100400.00	271.25
18000.0	977.00	909.00	119.00	308.45	4.00	217.00	0.09	100400.00	270.85
21600.0	963.00	728.00	92.00	307.55	4.60	211.00	0.09	100400.00	270.65
25200.0	876.00	503.00	81.00	305.75	5.10	206.00	0.11	100400.00	271.05
28800.0	710.00	266.00	64.00	303.05	5.30	201.00	0.13	100500.00	272.15
32400.0	333.00	59.00	31.00	299.85	5.10	196.00	0.19	100600.00	274.45
36000.0	0.00	0.00	0.00	297.55	4.70	187.00	0.27	100600.00	277.35
39600.0	0.00	0.00	0.00	296.35	4.30	175.00	0.33	100600.00	279.45
43200.0	0.00	0.00	0.00	295.55	3.90	161.00	0.37	100700.00	280.45
46800.0	0.00	0.00	0.00	294.75	3.50	146.00	0.39	100600.00	280.45
50400.0	0.00	0.00	0.00	294.15	3.40	130.00	0.38	100600.00	279.55
54000.0	0.00	0.00	0.00	293.65	3.50	117.00	0.36	100600.00	278.25
57600.0	0.00	0.00	0.00	293.15	3.60	108.00	0.35	100500.00	277.35
61200.0	0.00	0.00	0.00	292.45	3.80	101.00	0.36	100600.00	277.15
64800.0	0.00	0.00	0.00	291.75	4.00	95.00	0.38	100600.00	277.35
68400.0	0.00	0.00	0.00	291.95	4.50	91.00	0.40	100600.00	278.05
72000.0	393.00	100.00	46.00	293.95	5.10	87.00	0.37	100700.00	278.65
75600.0	700.00	318.00	81.00	297.75	5.30	81.00	0.28	100700.00	278.15
79200.0	850.00	553.00	101.00	302.25	4.40	67.00	0.19	100700.00	276.65
82800.0	931.00	769.00	114.00	304.65	3.70	55.00	0.14	100700.00	273.55
86400.0	996.00	952.00	113.00	308.55	2.30	28.00	0.10	100600.00	271.95
90000.0	1020.00	1075.00	119.00	310.25	2.00	15.00	0.08	100600.00	271.05
93600.0	1032.00	1134.00	120.00	311.55	1.80	5.00	0.07	100500.00	270.15
97200.0	1036.00	1125.00	114.00	312.45	1.60	179.00	0.06	100400.00	269.35
100800.0	1021.00	1048.00	112.00	312.75	1.20	353.00	0.06	100300.00	268.75
104400.0	992.00	909.00	106.00	312.65	0.90	347.00	0.06	100200.00	268.35
108000.0	943.00	721.00	97.00	312.15	0.50	176.00	0.06	100200.00	268.05
111600.0	861.00	500.00	85.00	311.15	0.50	58.00	0.06	100100.00	267.75
115200.0	702.00	264.00	64.00	308.85	0.70	109.00	0.07	100200.00	267.75
118800.0	334.00	59.00	31.00	305.65	1.00	102.00	0.09	100200.00	268.75
122400.0	0.00	0.00	0.00	302.85	1.40	82.00	0.10	100200.00	268.55
126000.0	0.00	0.00	0.00	301.35	1.90	64.00	0.11	100200.00	268.45
129600.0	0.00	0.00	0.00	300.65	2.90	54.00	0.12	100100.00	268.35
133200.0	0.00	0.00	0.00	300.25	3.80	50.00	0.12	100100.00	268.05
136800.0	0.00	0.00	0.00	299.65	4.00	49.00	0.11	100000.00	267.35
140400.0	0.00	0.00	0.00	298.95	3.80	49.00	0.12	100000.00	266.95
144000.0	0.00	0.00	0.00	298.15	3.60	50.00	0.12	99900.00	266.75
147600.0	0.00	0.00	0.00	297.35	3.30	51.00	0.12	99900.00	266.55
151200.0	0.00	0.00	0.00	296.55	3.10	54.00	0.13	99900.00	266.35
154800.0	0.00	0.00	0.00	297.35	3.70	56.00	0.12	100000.00	266.35
158400.0	458.00	104.00	42.00	300.15	4.80	55.00	0.10	100000.00	266.35
162000.0	754.00	326.00	73.00	304.25	5.10	45.00	0.08	100000.00	266.55
165600.0	885.00	561.00	92.00	308.65	5.20	23.00	0.06	99900.00	266.35
169200.0	955.00	777.00	107.00	310.55	5.40	9.00	0.06	99900.00	266.25
172800.0	992.00	954.00	120.00	313.35	5.60	356.00	0.05	99800.00	266.85
176400.0	1007.00	1072.00	129.00	314.85	5.80	350.00	0.05	99700.00	267.15
180000.0	1008.00	1126.00	136.00	315.95	5.80	344.00	0.05	99600.00	267.35
183600.0	994.00	1110.00	140.00	316.65	5.80	337.00	0.05	99500.00	267.65
187200.0	965.00	1026.00	141.00	316.95	5.70	332.00	0.05	99400.00	268.15
190800.0	913.00	880.00	140.00	316.75	5.40	328.00	0.05	99300.00	268.75
194400.0	832.00	686.00	135.00	316.15	5.00	327.00	0.05	99300.00	269.45
198000.0	710.00	463.00	120.00	315.05	4.40	329.00	0.06	99300.00	270.15
201600.0	492.00	234.00	93.00	312.25	3.00	334.00	0.07	99300.00	270.85
205200.0	120.00	45.00	35.00	308.25	2.10	320.00	0.10	99400.00	272.05
208800.0	0.00	0.00	0.00	305.05	4.30	261.00	0.15	99500.00	275.45
212400.0	0.00	0.00	0.00	301.45	7.20	205.00	0.29	99700.00	281.75
216000.0	0.00	0.00	0.00	298.35	7.70	188.00	0.49	99800.00	286.85
219600.0	0.00	0.00	0.00	297.05	7.30	189.00	0.56	99800.00	287.75
223200.0	0.00	0.00	0.00	296.15	7.70	194.00	0.60	99900.00	288.05
226800.0	0.00	0.00	0.00	295.35	7.80	194.00	0.64	99900.00	288.45
230400.0	0.00	0.00	0.00	294.85	7.40	190.00	0.67	99900.00	288.55
234000.0	0.00	0.00	0.00	294.45	6.90	188.00	0.69	99900.00	288.65
237600.0	0.00	0.00	0.00	294.25	6.90	190.00	0.71	99900.00	288.85
241200.0	0.00	0.00	0.00	294.25	7.20	190.00	0.72	100000.00	289.15
244800.0	1.00	32.00	32.00	295.05	7.60	189.00	0.69	100100.00	289.15
248400.0	0.00	24.00	24.00	296.45	7.80	190.00	0.62	100300.00	288.85
252000.0	65.00	220.00	186.00	298.15	7.80	192.00	0.54	100300.00	288.25
255600.0	138.00	349.00	252.00	298.95	7.80	192.00	0.49	100400.00	287.35
259200.0	758.00	845.00	209.00	301.55	7.60	188.00	0.39	100400.00	286.55
262800.0	742.00	922.00	228.00	303.25	7.30	186.00	0.34	100400.00	285.85
266400.0	593.00	937.00	355.00	304.45	7.30	189.00	0.31	100300.00	285.35
270000.0	699.00	935.00	253.00	304.95	7.60	192.00	0.29	100300.00	285.05
273600.0	818.00	948.00	198.00	304.65	7.90	193.00	0.29	100200.00	284.65
277200.0	786.00	820.00	183.00	303.95	8.10	195.00	0.29	100200.00	284.15
280800.0	726.00	643.00	162.00	302.55	8.50	198.00	0.31	100200.00	283.65
284400.0	492.00	401.00	163.00	300.55	9.00	199.00	0.33	100300.00	283.15
288000.0	145.00	155.00	113.00	298.05	9.10	196.00	0.38	100400.00	282.85
291600.0	42.00	33.00	29.00	295.75	8.80	190.00	0.44	100400.00	282.85
295200.0	0.00	0.00	0.00	294.25	8.40	182.00	0.48	100500.00	282.95
298800.0	0.00	0.00	0.00	293.45	7.90	174.00	0.51	100600.00	282.95
302400.0	0.00	0.00	0.00	293.05	7.40	168.00	0.51	100600.00	282.65
306000.0	0.00	0.00	0.00	292.75	7.00	164.00	0.50	100600.00	282.15
309600.0	0.00	0.00	0.00	292.35	6.70	161.00	0.50	100500.00	281.65
313200.0	0.00	0.00	0.00	291.85	6.40	158.00	0.50	100600.00	281.25
316800.0	0.00	0.00	0.00	291.25	6.30	158.00	0.50	100600.00	280.75
320400.0	0.00	0.00	0.00	290.75	6.30	156.00	0.50	100700.00	280.15
324000.0	0.00	0.00	0.00	290.35	6.50	153.00	0.49	100700.00	279.65
327600.0	0.00	0.00	0.00	290.25	6.70	148.00	0.48	100800.00	279.25
331200.0	0.00	16.00	16.00	290.55	6.90	143.00	0.46	100900.00	278.85
334800.0	4.00	49.00	48.00	291.25	7.10	138.00	0.42	100900.00	278.15
338400.0	1.00	105.00	104.00	292.05	6.90	132.00	0.37	100900.00	277.05
342000.0	2.00	130.00	129.00	292.35	6.80	129.00	0.35	100900.00	276.55
345600.0	13.00	261.00	250.00	292.45	5.50	126.00	0.36	101000.00	277.25
349200.0	8.00	215.00	208.00	292.65	4.70	126.00	0.39	101000.00	278.55
352800.0	11.00	232.00	221.00	293.15	4.20	126.00	0.41	101000.00	279.75
356400.0	10.00	226.00	216.00	293.75	4.00	126.00	0.43	100900.00	280.75
360000.0	3.00	156.00	153.00	294.05	4.30	127.00	0.45	100800.00	281.65
363600.0	0.00	113.00	113.00	294.05	4.70	125.00	0.47	100700.00	282.45
367200.0	1.00	115.00	114.00	294.05	4.70	121.00	0.48	100700.00	282.85
370800.0	0.00	85.00	85.00	293.85	4.40	118.00	0.50	100700.00	283.15
374400.0	0.00	21.00	21.00	293.25	4.00	117.00	0.53	100700.00	283.35
378000.0	0.00	9.00	9.00	292.45	3.70	118.00	0.56	100800.00	283.65
381600.0	0.00	0.00	0.00	291.65	3.60	117.00	0.61	100800.00	284.15
385200.0	0.00	0.00	0.00	290.85	3.60	113.00	0.66	100800.00	284.55
388800.0	0.00	0.00	0.00	290.35	3.40	110.00	0.70	100800.00	284.95
392400.0	0.00	0.00	0.00	289.95	2.90	110.00	0.73	100800.00	285.15
396000.0	0.00	0.00	0.00	289.65	2.60	116.00	0.75	100700.00	285.35
399600.0	0.00	0.00	0.00	289.55	2.70	127.00	0.76	100700.00	285.45
403200.0	0.00	0.00	0.00	289.55	2.90	135.00	0.77	100700.00	285.55
406800.0	0.00	0.00	0.00	289.55	3.10	136.00	0.77	100700.00	285.55
410400.0	0.00	0.00	0.00	289.45	3.20	133.00	0.77	100700.00	285.55
414000.0	0.00	0.00	0.00	289.55	3.10	121.00	0.76	100700.00	285.45
417600.0	0.00	30.00	30.00	290.15	3.00	102.00	0.73	100700.00	285.35
421200.0	355.00	244.00	127.00	291.35	3.00	91.00	0.67	100700.00	285.25
424800.0	33.00	221.00	204.00	293.45	2.80	91.00	0.59	100700.00	285.15
428400.0	12.00	204.00	196.00	294.65	2.50	92.00	0.55	100700.00	285.25
432000.0	677.00	801.00	235.00	298.25	1.30	72.00	0.45	100700.00	285.65
435600.0	602.00	884.00	322.00	300.45	0.90	171.00	0.41	100600.00	286.05
439200.0	941.00	1072.00	149.00	302.05	1.10	271.00	0.38	100500.00	286.25
442800.0	664.00	915.00	267.00	303.45	1.60	244.00	0.35	100400.00	286.15
446400.0	938.00	998.00	137.00	304.35	2.00	230.00	0.32	100300.00	285.85
450000.0	919.00	869.00	123.00	304.55	2.40	220.00	0.31	100300.00	285.55
453600.0	879.00	690.00	106.00	304.15	2.80	211.00	0.31	100200.00	285.15
457200.0	792.00	476.00	91.00	303.25	3.10	204.00	0.32	100200.00	284.75
460800.0	628.00	250.00	69.00	301.55	3.30	199.00	0.35	100300.00	284.55
464400.0	271.00	56.00	33.00	299.35	3.60	197.00	0.39	100400.00	284.45
468000.0	0.00	0.00	0.00	297.35	4.10	192.00	0.43	100400.00	284.15
471600.0	0.00	0.00	0.00	296.05	4.00	181.00	0.46	100500.00	283.85
475200.0	0.00	0.00	0.00	295.15	3.50	169.00	0.48	100500.00	283.75
478800.0	0.00	0.00	0.00	294.55	2.70	154.00	0.50	100400.00	283.85
482400.0	0.00	0.00	0.00	294.05	2.20	138.00	0.54	100400.00	284.45
486000.0	0.00	0.00	0.00	293.65	1.90	122.00	0.58	100300.00	285.05
489600.0	0.00	0.00	0.00	293.25	2.00	107.00	0.61	100300.00	285.55
493200.0	0.00	0.00	0.00	293.05	2.30	95.00	0.63	100300.00	285.85
496800.0	0.00	0.00	0.00	292.75	2.70	87.00	0.64	100300.00	285.95
500400.0	0.00	0.00	0.00	293.25	3.30	84.00	0.62	100300.00	285.95
504000.0	307.00	83.00	45.00	295.45	3.70	79.00	0.54	100400.00	285.85
507600.0	606.00	284.00	86.00	298.85	3.20	68.00	0.44	100400.00	285.95
511200.0	749.00	506.00	115.00	301.65	2.40	56.00	0.38	100400.00	286.05
514800.0	830.00	714.00	137.00	302.65	2.00	51.00	0.35	100400.00	285.75
518400.0	914.00	894.00	131.00	305.35	1.50	24.00	0.30	100400.00	285.45
522000.0	940.00	1016.00	139.00	306.95	1.40	183.00	0.26	100300.00	284.95
525600.0	950.00	1076.00	145.00	308.15	1.30	344.00	0.23	100200.00	284.35
529200.0	946.00	1069.00	146.00	309.05	1.00	321.00	0.21	100200.00	283.75
532800.0	927.00	996.00	145.00	309.45	1.00	284.00	0.20	100100.00	283.15
536400.0	870.00	856.00	150.00	309.45	1.40	243.00	0.20	100000.00	282.65
540000.0	762.00	664.00	157.00	308.95	2.10	220.00	0.20	100000.00	282.35
543600.0	652.00	452.00	135.00	307.95	2.90	209.00	0.21	100000.00	282.25
547200.0	466.00	232.00	97.00	306.15	3.50	202.00	0.23	100100.00	282.25
550800.0	138.00	47.00	35.00	303.65	3.80	195.00	0.27	100100.00	282.35
554400.0	0.00	0.00	0.00	301.75	3.90	183.00	0.30	100200.00	282.55
558000.0	0.00	0.00	0.00	300.55	3.40	165.00	0.31	100300.00	282.05
561600.0	0.00	0.00	0.00	299.65	2.70	144.00	0.31	100300.00	281.05
565200.0	0.00	0.00	0.00	299.05	2.30	120.00	0.30	100200.00	280.35
568800.0	0.00	0.00	0.00	298.55	2.20	102.00	0.31	100200.00	280.35
572400.0	0.00	0.00	0.00	298.15	2.30	92.00	0.33	100100.00	280.65
576000.0	0.00	0.00	0.00	297.95	2.50	87.00	0.34	100100.00	280.95
579600.0	0.00	0.00	0.00	297.65	2.80	85.00	0.34	100100.00	281.05
583200.0	0.00	0.00	0.00	297.35	3.20	87.00	0.35	100200.00	280.95
586800.0	0.00	0.00	0.00	297.75	3.70	91.00	0.33	100300.00	280.65
590400.0	187.00	72.00	49.00	299.65	4.40	92.00	0.29	100300.00	280.15
594000.0	477.00	266.00	111.00	303.15	4.60	87.00	0.23	100400.00	279.75
597600.0	648.00	484.00	147.00	306.55	4.20	78.00	0.23	100400.00	282.45
601200.0	752.00	693.00	172.00	307.75	3.90	75.00	0.23	100400.00	283.65
604800.0	744.00	848.00	228.00	310.25	2.90	66.00	0.20	100300.00	283.85
608400.0	779.00	968.00	242.00	311.65	2.40	59.00	0.19	100200.00	283.65
612000.0	791.00	1026.00	251.00	312.75	2.00	54.00	0.17	100200.00	283.45
615600.0	787.00	1019.00	251.00	313.45	1.60	54.00	0.16	100100.00	283.15
619200.0	761.00	946.00	247.00	313.75	1.40	61.00	0.16	100000.00	282.85
622800.0	687.00	807.00	249.00	313.65	1.30	74.00	0.15	99900.00	282.55
626400.0	560.00	619.00	246.00	313.05	1.50	88.00	0.16	99900.00	282.35
630000.0	446.00	414.00	197.00	312.05	1.90	95.00	0.16	99900.00	282.25
633600.0	278.00	205.00	125.00	309.95	1.70	97.00	0.18	100000.00	282.15
637200.0	64.00	34.00	28.00	307.35	1.70	96.00	0.21	100000.00	282.05
640800.0	0.00	0.00	0.00	305.85	2.80	91.00	0.22	100100.00	281.65
644400.0	0.00	0.00	0.00	304.95	4.10	85.00	0.22	100100.00	280.65
648000.0	0.00	0.00	0.00	304.05	4.70	83.00	0.21	100100.00	279.25
651600.0	0.00	0.00	0.00	303.25	5.00	81.00	0.20	100100.00	277.75
655200.0	0.00	0.00	0.00	302.55	5.00	80.00	0.19	100100.00	276.45
658800.0	0.00	0.00	0.00	301.85	4.80	79.00	0.18	100000.00	275.35
662400.0	0.00	0.00	0.00	301.15	4.70	79.00	0.18	100000.00	274.45
666000.0	0.00	0.00	0.00	300.75	4.60	78.00	0.17	100000.00	273.75
669600.0	0.00	0.00	0.00	300.35	4.60	78.00	0.17	100100.00	273.25
673200.0	0.00	0.00	0.00	300.65	4.90	77.00	0.16	100100.00	272.85
676800.0	143.00	64.00	47.00	302.35	5.30	74.00	0.14	100100.00	272.55
680400.0	412.00	256.00	123.00	305.85	5.40	65.00	0.12	100100.00	272.45
684000.0	592.00	475.00	169.00	309.95	5.10	47.00	0.11	100100.00	275.25
687600.0	704.00	683.00	196.00	311.65	5.00	37.00	0.13	100100.00	278.75
691200.0	734.00	847.00	236.00	314.55	5.00	186.00	0.12	100000.00	279.75
694800.0	778.00	969.00	245.00	315.85	5.40	351.00	0.12	99900.00	280.05
698400.0	816.00	1035.00	236.00	316.85	5.80	343.00	0.11	99800.00	280.35
702000.0	824.00	1032.00	229.00	317.55	5.90	338.00	0.11	99700.00	280.55
705600.0	820.00	964.00	211.00	317.85	5.90	334.00	0.11	99600.00	280.65
709200.0	576.00	761.00	293.00	317.65	5.80	331.00	0.11	99500.00	280.55
712800.0	345.00	524.00	294.00	316.95	5.60	327.00	0.11	99500.00	280.35
716400.0	397.00	378.00	185.00	315.65	5.10	323.00	0.12	99500.00	280.15
720000.0	340.00	216.00	118.00	313.25	3.50	317.00	0.13	99500.00	279.95
723600.0	66.00	38.00	32.00	310.35	2.00	309.00	0.15	99600.00	279.85
727200.0	0.00	0.00	0.00	308.55	1.70	292.00	0.17	99600.00	279.65
730800.0	0.00	0.00	0.00	307.15	3.00	249.00	0.18	99700.00	279.75
734400.0	0.00	0.00	0.00	304.65	5.40	202.00	0.25	99700.00	282.15
738000.0	0.00	0.00	0.00	301.75	6.60	183.00	0.38	99800.00	285.95
741600.0	0.00	0.00	0.00	300.15	6.50	177.00	0.44	99800.00	287.05
745200.0	0.00	0.00	0.00	299.45	6.10	177.00	0.46	99800.00	286.95
748800.0	0.00	0.00	0.00	298.95	5.70	178.00	0.47	99700.00	286.85
752400.0	0.00	0.00	0.00	298.55	5.30	179.00	0.49	99700.00	287.05
756000.0	0.00	0.00	0.00	298.25	4.80	180.00	0.51	99800.00	287.65
759600.0	0.00	0.00	0.00	298.35	4.50	182.00	0.54	99800.00	288.35
763200.0	105.00	51.00	39.00	299.15	4.90	186.00	0.54	99900.00	289.15
766800.0	137.00	127.00	83.00	300.55	5.70	194.00	0.53	100000.00	290.05
770400.0	483.00	429.00	180.00	302.05	6.40	202.00	0.51	100000.00	291.05
774000.0	675.00	657.00	192.00	302.85	6.70	205.00	0.50	100100.00	291.45
777600.0	667.00	797.00	243.00	303.75	7.40	208.00	0.48	100100.00	291.55
781200.0	771.00	942.00	225.00	303.25	8.30	208.00	0.49	100200.00	291.35
784800.0	38.00	409.00	372.00	302.15	8.90	205.00	0.49	100300.00	290.55
788400.0	0.00	83.00	83.00	300.35	9.00	202.00	0.49	100400.00	288.95
792000.0	0.00	99.00	99.00	298.05	8.50	200.00	0.53	100400.00	287.95
795600.0	0.00	72.00	72.00	296.25	7.80	196.00	0.58	100400.00	287.55
799200.0	3.00	143.00	141.00	295.45	7.10	191.00	0.59	100500.00	287.05
802800.0	23.00	149.00	138.00	295.05	6.70	188.00	0.57	100500.00	286.15
806400.0	0.00	23.00	23.00	294.55	6.70	186.00	0.53	100500.00	284.65
810000.0	0.00	5.00	5.00	293.85	6.60	184.00	0.51	100600.00	283.35
813600.0	0.00	0.00	0.00	293.35	6.60	182.00	0.51	100700.00	282.95
817200.0	0.00	0.00	0.00	292.95	6.60	179.00	0.53	100700.00	283.05
820800.0	0.00	0.00	0.00	292.55	6.60	176.00	0.54	100800.00	282.95
824400.0	0.00	0.00	0.00	292.05	6.40	171.00	0.55	100800.00	282.85
828000.0	0.00	0.00	0.00	291.55	6.10	167.00	0.56	100700.00	282.75
831600.0	0.00	0.00	0.00	291.15	5.70	164.00	0.58	100700.00	282.75
835200.0	0.00	0.00	0.00	290.75	5.50	163.00	0.60	100700.00	282.95
838800.0	0.00	0.00	0.00	290.35	5.20	162.00	0.62	100700.00	283.05
842400.0	0.00	0.00	0.00	290.05	5.00	160.00	0.64	100700.00	283.15
846000.0	0.00	0.00	0.00	289.85	5.10	157.00	0.65	100800.00	283.25
849600.0	241.00	66.00	39.00	290.45	5.70	153.00	0.62	100900.00	283.25
853200.0	347.00	221.00	111.00	291.95	6.00	148.00	0.53	100900.00	282.35
856800.0	452.00	414.00	182.00	294.35	5.80	145.00	0.42	100900.00	281.05
860400.0	973.00	759.00	90.00	295.65	5.70	145.00	0.35	100900.00	279.65
864000.0	1019.00	941.00	96.00	299.65	4.90	146.00	0.26	100900.00	278.45
867600.0	1043.00	1067.00	98.00	302.05	4.50	149.00	0.20	100800.00	277.25
871200.0	1055.00	1132.00	100.00	303.95	4.30	156.00	0.17	100700.00	276.05
874800.0	1055.00	1127.00	99.00	305.25	4.30	165.00	0.15	100600.00	275.15
878400.0	1041.00	1052.00	96.00	305.85	4.50	172.00	0.14	100600.00	274.55
882000.0	1012.00	914.00	91.00	305.85	4.80	177.00	0.13	100500.00	274.45
885600.0	965.00	728.00	85.00	305.15	5.20	181.00	0.14	100500.00	274.55
889200.0	881.00	504.00	74.00	303.85	5.50	183.00	0.16	100500.00	274.95
892800.0	727.00	270.00	59.00	301.65	5.60	184.00	0.19	100600.00	275.65
896400.0	359.00	62.00	31.00	298.95	5.40	181.00	0.23	100700.00	276.65
900000.0	0.00	0.00	0.00	296.95	5.30	171.00	0.29	100800.00	277.85
903600.0	0.00	0.00	0.00	295.65	4.90	160.00	0.32	100800.00	278.25
907200.0	0.00	0.00	0.00	294.45	4.40	149.00	0.34	100800.00	278.25
910800.0	0.00	0.00	0.00	293.25	4.10	136.00	0.37	100800.00	278.15
914400.0	0.00	0.00	0.00	292.25	3.80	125.00	0.40	100800.00	278.35
918000.0	0.00	0.00	0.00	291.25	3.60	117.00	0.43	100800.00	278.65
921600.0	0.00	0.00	0.00	290.35	3.60	113.00	0.47	100800.00	278.95
925200.0	0.00	0.00	0.00	289.45	3.70	110.00	0.51	100700.00	279.35
928800.0	0.00	0.00	0.00	288.75	3.90	107.00	0.55	100700.00	279.85
932400.0	0.00	0.00	0.00	288.75	4.30	103.00	0.57	100700.00	280.25
936000.0	447.00	84.00	34.00	290.45	5.10	98.00	0.52	100800.00	280.55
939600.0	760.00	298.00	59.00	293.55	5.20	93.00	0.42	100800.00	280.15
943200.0	897.00	532.00	74.00	297.15	4.30	89.00	0.31	100800.00	279.15
946800.0	971.00	750.00	84.00	298.95	3.80	87.00	0.25	100800.00	277.25
950400.0	1014.00	931.00	91.00	303.35	2.70	88.00	0.17	100700.00	275.75
954000.0	1040.00	1060.00	95.00	305.55	2.40	94.00	0.14	100600.00	275.25
957600.0	1052.00	1125.00	97.00	307.25	2.30	105.00	0.13	100500.00	274.65
961200.0	1051.00	1120.00	96.00	308.35	2.20	116.00	0.11	100400.00	274.05
964800.0	1038.00	1046.00	93.00	308.95	2.30	128.00	0.11	100300.00	273.65
968400.0	1005.00	910.00	93.00	309.05	2.50	139.00	0.10	100200.00	273.35
972000.0	944.00	722.00	93.00	308.65	2.70	149.00	0.10	100100.00	273.15
975600.0	858.00	500.00	81.00	307.55	3.00	155.00	0.11	100100.00	273.05
979200.0	696.00	266.00	64.00	305.15	2.60	156.00	0.13	100200.00	273.15
982800.0	323.00	60.00	32.00	301.85	2.00	148.00	0.16	100200.00	273.55
986400.0	0.00	0.00	0.00	299.75	2.10	130.00	0.19	100300.00	274.15
990000.0	0.00	0.00	0.00	298.45	2.30	111.00	0.22	100300.00	275.05
993600.0	0.00	0.00	0.00	297.35	2.50	96.00	0.24	100300.00	275.65
997200.0	0.00	0.00	0.00	296.55	2.80	84.00	0.26	100300.00	275.85
1000800.0	0.00	0.00	0.00	295.75	2.90	77.00	0.27	100200.00	275.75
1004400.0	0.00	0.00	0.00	294.95	2.70	74.00	0.28	100200.00	275.65
1008000.0	0.00	0.00	0.00	294.25	2.50	72.00	0.29	100100.00	275.55
1011600.0	0.00	0.00	0.00	293.55	2.40	70.00	0.30	100100.00	275.55
1015200.0	0.00	0.00	0.00	293.05	2.30	67.00	0.31	100100.00	275.45
1018800.0	0.00	0.00	0.00	293.75	2.50	65.00	0.30	100200.00	275.55
1022400.0	414.00	80.00	35.00	296.35	3.10	62.00	0.25	100200.00	275.55
1026000.0	738.00	294.00	64.00	300.15	2.70	55.00	0.20	100300.00	275.65
1029600.0	881.00	528.00	80.00	303.55	1.50	131.00	0.17	100300.00	275.65
1033200.0	957.00	746.00	91.00	304.95	1.00	212.00	0.15	100300.00	274.95
1036800.0	1014.00	930.00	92.00	308.15	2.50	213.00	0.12	100200.00	274.25
1040400.0	1038.00	1059.00	97.00	309.65	3.00	211.00	0.10	100100.00	273.85
1044000.0	1054.00	1126.00	97.00	310.85	3.40	210.00	0.10	100000.00	273.55
1047600.0	1062.00	1125.00	91.00	311.45	3.70	208.00	0.09	100000.00	273.25
1051200.0	1048.00	1054.00	92.00	311.65	4.00	206.00	0.09	99900.00	272.95
1054800.0	1019.00	918.00	89.00	311.25	4.20	204.00	0.09	99900.00	272.75
1058400.0	966.00	729.00	85.00	310.45	4.30	201.00	0.09	99900.00	272.75
1062000.0	882.00	506.00	76.00	309.15	4.20	197.00	0.10	99900.00	272.75
1065600.0	727.00	271.00	60.00	306.75	3.40	194.00	0.11	99900.00	272.75
1069200.0	361.00	62.00	31.00	303.65	2.70	193.00	0.14	100000.00	273.05
1072800.0	0.00	0.00	0.00	301.75	3.10	189.00	0.16	100100.00	273.55
1076400.0	0.00	0.00	0.00	300.65	3.60	182.00	0.19	100100.00	274.75
1080000.0	0.00	0.00	0.00	299.35	3.50	172.00	0.24	100100.00	277.05
1083600.0	0.00	0.00	0.00	298.05	2.90	161.00	0.30	100100.00	279.55
1087200.0	0.00	0.00	0.00	297.05	2.30	150.00	0.36	100100.00	280.95
1090800.0	0.00	0.00	0.00	296.35	2.00	138.00	0.38	100100.00	281.45
1094400.0	0.00	0.00	0.00	295.85	1.80	125.00	0.39	100000.00	281.35
1098000.0	0.00	0.00	0.00	295.45	1.70	109.00	0.39	100000.00	281.05
1101600.0	0.00	0.00	0.00	295.15	1.60	94.00	0.39	100100.00	280.65
1105200.0	0.00	0.00	0.00	296.15	1.70	83.00	0.35	100100.00	280.15
1108800.0	323.00	71.00	37.00	299.35	2.40	76.00	0.28	100200.00	279.45
1112400.0	653.00	276.00	74.00	303.55	2.60	69.00	0.21	100200.00	278.65
1116000.0	805.00	505.00	98.00	307.15	1.40	65.00	0.15	100200.00	277.15
1119600.0	888.00	719.00	113.00	308.65	0.60	66.00	0.13	100200.00	275.85
1123200.0	932.00	896.00	127.00	311.25	1.70	227.00	0.11	100100.00	276.35
1126800.0	960.00	1023.00	135.00	312.45	2.70	230.00	0.11	100100.00	276.95
1130400.0	972.00	1086.00	137.00	313.25	3.40	229.00	0.11	100000.00	277.25
1134000.0	969.00	1081.00	138.00	313.55	4.00	225.00	0.11	99900.00	277.45
1137600.0	951.00	1008.00	135.00	313.45	4.40	220.00	0.11	99800.00	277.75
1141200.0	920.00	876.00	128.00	312.95	4.70	215.00	0.12	99800.00	278.05
1144800.0	869.00	693.00	114.00	311.85	4.80	208.00	0.13	99800.00	278.45
1148400.0	773.00	477.00	100.00	310.35	4.80	200.00	0.15	99800.00	279.05
1152000.0	597.00	249.00	76.00	308.05	4.10	189.00	0.17	99800.00	279.75
1155600.0	221.00	53.00	34.00	305.35	3.30	180.00	0.21	99900.00	280.55
1159200.0	0.00	0.00	0.00	303.25	3.20	178.00	0.26	99900.00	281.55
1162800.0	0.00	0.00	0.00	301.85	3.60	179.00	0.31	99900.00	282.95
1166400.0	0.00	0.00	0.00	300.65	4.00	180.00	0.37	99900.00	284.55
1170000.0	0.00	0.00	0.00	299.55	4.10	179.00	0.42	99900.00	285.85
1173600.0	0.00	0.00	0.00	298.55	4.10	178.00	0.47	99900.00	286.55
1177200.0	0.00	0.00	0.00	297.55	4.10	178.00	0.52	99900.00	287.15
1180800.0	0.00	0.00	0.00	296.55	4.10	177.00	0.58	99800.00	287.85
1184400.0	0.00	0.00	0.00	295.85	4.00	174.00	0.63	99800.00	288.45
1188000.0	0.00	0.00	0.00	295.35	3.90	169.00	0.66	99800.00	288.85
1191600.0	0.00	0.00	0.00	295.45	4.00	167.00	0.67	99900.00	289.05
1195200.0	218.00	63.00	41.00	296.85	4.40	167.00	0.61	99900.00	288.95
1198800.0	565.00	261.00	88.00	299.65	4.60	170.00	0.47	100000.00	287.65
1202400.0	742.00	488.00	114.00	302.95	4.40	180.00	0.35	100000.00	286.05
1206000.0	839.00	701.00	130.00	304.55	4.20	187.00	0.29	100000.00	284.75
1209600.0	905.00	882.00	137.00	307.45	4.80	210.00	0.24	100000.00	283.95
1213200.0	933.00	1009.00	147.00	308.25	5.60	214.00	0.22	99900.00	283.65
1216800.0	950.00	1077.00	150.00	308.65	6.20	215.00	0.22	99900.00	283.55
1220400.0	960.00	1079.00	145.00	308.65	6.60	215.00	0.21	99900.00	283.15
1224000.0	953.00	1015.00	140.00	308.35	6.90	213.00	0.20	99800.00	282.25
1227600.0	935.00	889.00	128.00	307.65	7.20	209.00	0.19	99800.00	281.05
1231200.0	888.00	708.00	116.00	306.35	7.40	204.00	0.19	99800.00	279.45
1234800.0	800.00	489.00	99.00	304.25	7.70	200.00	0.20	99900.00	278.65
1238400.0	630.00	257.00	75.00	301.55	7.40	197.00	0.24	99900.00	279.15
1242000.0	259.00	55.00	33.00	298.95	6.70	194.00	0.31	100000.00	280.65
1245600.0	0.00	0.00	0.00	297.15	6.40	189.00	0.40	100100.00	282.75
1249200.0	0.00	0.00	0.00	295.75	6.40	184.00	0.48	100100.00	284.35
1252800.0	0.00	0.00	0.00	294.45	6.40	181.00	0.55	100100.00	285.15
1256400.0	0.00	0.00	0.00	293.25	6.30	180.00	0.61	100200.00	285.55
1260000.0	0.00	0.00	0.00	292.35	6.10	180.00	0.66	100100.00	285.95
1263600.0	0.00	0.00	0.00	291.55	6.00	178.00	0.71	100100.00	286.25
1267200.0	0.00	0.00	0.00	291.05	5.80	175.00	0.73	100100.00	286.25
1270800.0	0.00	0.00	0.00	290.55	5.60	171.00	0.75	100100.00	286.15
1274400.0	0.00	0.00	0.00	290.15	5.30	167.00	0.76	100100.00	286.05
1278000.0	0.00	0.00	0.00	290.05	5.30	164.00	0.76	100200.00	285.85
1281600.0	213.00	60.00	39.00	290.95	5.90	161.00	0.70	100200.00	285.65
1285200.0	544.00	258.00	93.00	292.85	6.20	161.00	0.60	100300.00	284.85
1288800.0	717.00	483.00	124.00	295.15	6.10	163.00	0.49	100300.00	284.05
1292400.0	816.00	697.00	144.00	296.35	5.90	165.00	0.44	100300.00	283.45
1296000.0	857.00	874.00	170.00	299.65	5.60	174.00	0.35	100200.00	282.95
1299600.0	891.00	1003.00	180.00	301.55	5.40	182.00	0.30	100200.00	282.55
1303200.0	922.00	1076.00	178.00	302.75	5.50	190.00	0.27	100100.00	282.05
1306800.0	951.00	1084.00	159.00	303.55	5.70	195.00	0.24	100000.00	281.05
1310400.0	937.00	1016.00	156.00	303.65	6.00	198.00	0.22	100000.00	279.85
1314000.0	898.00	883.00	153.00	303.15	6.30	200.00	0.22	99900.00	278.95
1317600.0	823.00	694.00	145.00	302.15	6.60	200.00	0.22	99900.00	278.45
1321200.0	705.00	472.00	128.00	300.45	6.80	200.00	0.24	100000.00	278.35
1324800.0	502.00	241.00	96.00	298.05	6.80	200.00	0.29	100000.00	279.05
1328400.0	155.00	47.00	34.00	295.55	6.60	199.00	0.38	100100.00	280.65
1332000.0	0.00	0.00	0.00	293.85	6.40	193.00	0.47	100200.00	282.35
1335600.0	0.00	0.00	0.00	292.75	6.00	187.00	0.54	100200.00	283.15
1339200.0	0.00	0.00	0.00	291.75	5.60	180.00	0.58	100200.00	283.45
1342800.0	0.00	0.00	0.00	290.95	5.10	171.00	0.60	100200.00	283.25
1346400.0	0.00	0.00	0.00	290.25	4.60	165.00	0.61	100200.00	282.85
1350000.0	0.00	0.00	0.00	289.55	4.10	160.00	0.63	100100.00	282.55
1353600.0	0.00	0.00	0.00	288.95	3.80	156.00	0.64	100100.00	282.35
1357200.0	0.00	0.00	0.00	288.35	3.60	151.00	0.67	100100.00	282.25
1360800.0	0.00	0.00	0.00	287.85	3.40	146.00	0.69	100100.00	282.25
1364400.0	0.00	0.00	0.00	287.75	3.70	139.00	0.69	100100.00	282.25
1368000.0	183.00	55.00	37.00	289.15	4.40	132.00	0.63	100200.00	282.25
1371600.0	503.00	251.00	99.00	291.55	4.50	130.00	0.52	100200.00	281.55
1375200.0	684.00	478.00	137.00	294.35	3.70	136.00	0.42	100200.00	281.05
1378800.0	789.00	694.00	160.00	295.65	3.20	141.00	0.38	100200.00	280.65
1382400.0	871.00	880.00	165.00	299.25	2.20	182.00	0.29	100100.00	279.85
1386000.0	904.00	1009.00	176.00	301.15	2.20	211.00	0.24	100100.00	279.05
1389600.0	920.00	1075.00	179.00	302.45	2.60	226.00	0.22	100000.00	278.35
1393200.0	920.00	1074.00	180.00	303.35	3.20	229.00	0.20	99900.00	277.75
1396800.0	904.00	1004.00	175.00	303.65	3.70	227.00	0.19	99800.00	277.25
1400400.0	879.00	874.00	159.00	303.45	4.20	224.00	0.18	99800.00	276.85
1404000.0	842.00	696.00	135.00	302.65	4.60	221.00	0.19	99800.00	276.65
1407600.0	744.00	478.00	115.00	301.05	4.90	219.00	0.21	99800.00	276.75
1411200.0	566.00	248.00	85.00	298.75	5.20	218.00	0.25	99900.00	277.25
1414800.0	215.00	51.00	33.00	296.15	5.10	215.00	0.31	99900.00	278.35
1418400.0	0.00	0.00	0.00	294.35	4.90	209.00	0.38	100000.00	279.65
1422000.0	0.00	0.00	0.00	293.15	4.40	202.00	0.44	100000.00	280.75
1425600.0	0.00	0.00	0.00	292.25	3.70	193.00	0.49	100000.00	281.45
1429200.0	0.00	0.00	0.00	291.35	3.00	183.00	0.53	99900.00	281.85
1432800.0	0.00	0.00	0.00	290.55	2.40	168.00	0.57	99900.00	281.95
1436400.0	0.00	0.00	0.00	289.95	2.10	149.00	0.57	99900.00	281.55
1440000.0	0.00	0.00	0.00	289.45	2.00	130.00	0.56	99900.00	280.75
1443600.0	0.00	0.00	0.00	289.55	2.30	113.00	0.52	99800.00	279.65
1447200.0	0.00	0.00	0.00	289.75	2.20	101.00	0.48	99900.00	278.75
1450800.0	0.00	0.00	0.00	290.05	2.30	90.00	0.47	99900.00	278.75
1454400.0	100.00	43.00	34.00	291.05	2.60	80.00	0.44	99900.00	278.65
1458000.0	228.00	183.00	115.00	292.35	2.20	72.00	0.41	99900.00	278.75
1461600.0	323.00	362.00	202.00	294.45	1.70	211.00	0.35	100000.00	278.55
1465200.0	100.00	387.00	320.00	295.85	1.50	355.00	0.29	100000.00	277.15
1468800.0	112.00	503.00	411.00	299.75	2.30	311.00	0.22	99900.00	276.65
1472400.0	19.00	340.00	323.00	300.85	2.50	301.00	0.21	99800.00	276.45
1476000.0	62.00	528.00	468.00	301.25	2.90	283.00	0.20	99800.00	276.35
1479600.0	16.00	312.00	296.00	301.15	3.20	268.00	0.20	99700.00	276.35
1483200.0	362.00	753.00	421.00	301.35	3.50	262.00	0.20	99700.00	276.55
1486800.0	366.00	670.00	372.00	301.85	3.70	260.00	0.20	99700.00	276.85
1490400.0	593.00	608.00	213.00	301.95	3.70	257.00	0.20	99600.00	277.05
1494000.0	249.00	324.00	203.00	301.35	3.40	252.00	0.21	99600.00	277.15
1497600.0	556.00	240.00	80.00	299.25	2.10	240.00	0.24	99600.00	277.15
1501200.0	258.00	53.00	31.00	296.75	1.10	209.00	0.33	99700.00	279.75
1504800.0	0.00	0.00	0.00	295.25	1.10	173.00	0.37	99700.00	280.15
1508400.0	0.00	0.00	0.00	294.25	1.40	156.00	0.40	99700.00	280.25
1512000.0	0.00	0.00	0.00	293.25	1.90	155.00	0.44	99700.00	280.75
1515600.0	0.00	0.00	0.00	292.25	2.40	162.00	0.50	99600.00	281.75
1519200.0	0.00	0.00	0.00	291.35	2.80	171.00	0.57	99600.00	282.65
1522800.0	0.00	0.00	0.00	290.75	3.20	180.00	0.63	99600.00	283.65
1526400.0	0.00	0.00	0.00	290.35	3.60	182.00	0.68	99600.00	284.55
1530000.0	0.00	0.00	0.00	290.05	3.60	180.00	0.72	99600.00	285.05
1533600.0	0.00	0.00	0.00	289.85	3.50	175.00	0.74	99700.00	285.35
1537200.0	0.00	0.00	0.00	290.05	3.70	172.00	0.74	99700.00	285.55
1540800.0	16.00	22.00	21.00	291.25	4.50	173.00	0.69	99800.00	285.55
1544400.0	2.00	64.00	63.00	293.15	5.20	179.00	0.60	99800.00	285.25
1548000.0	177.00	279.00	192.00	294.95	5.20	189.00	0.53	99800.00	285.05
1551600.0	787.00	679.00	150.00	295.75	5.20	193.00	0.50	99900.00	284.75
1555200.0	671.00	785.00	237.00	297.85	5.40	205.00	0.43	99800.00	284.45
1558800.0	611.00	858.00	296.00	298.95	5.60	210.00	0.39	99800.00	284.05
1562400.0	723.00	964.00	261.00	299.65	6.00	213.00	0.35	99700.00	283.25
1566000.0	905.00	1053.00	174.00	299.85	6.50	214.00	0.33	99700.00	282.45
1569600.0	505.00	825.00	362.00	299.45	7.00	213.00	0.33	99700.00	281.95
1573200.0	538.00	677.00	240.00	298.35	7.30	210.00	0.35	99700.00	281.95
1576800.0	809.00	679.00	140.00	297.05	7.40	207.00	0.38	99700.00	281.95
1580400.0	718.00	467.00	117.00	295.55	7.30	203.00	0.41	99800.00	281.85
1584000.0	537.00	241.00	86.00	293.85	6.90	199.00	0.46	99900.00	281.85
1587600.0	181.00	49.00	34.00	292.35	6.30	197.00	0.51	99900.00	282.05
1591200.0	0.00	0.00	0.00	291.55	5.70	196.00	0.56	100000.00	282.65
1594800.0	0.00	0.00	0.00	290.95	5.40	196.00	0.60	100000.00	283.15
1598400.0	0.00	0.00	0.00	290.45	5.20	196.00	0.64	100000.00	283.55
1602000.0	0.00	0.00	0.00	289.95	5.10	196.00	0.68	100000.00	284.05
1605600.0	0.00	0.00	0.00	289.45	4.90	198.00	0.73	100000.00	284.65
1609200.0	0.00	0.00	0.00	289.15	4.70	201.00	0.77	99900.00	285.15
1612800.0	0.00	0.00	0.00	288.85	4.50	204.00	0.80	99900.00	285.55
1616400.0	0.00	0.00	0.00	288.65	4.40	206.00	0.82	99900.00	285.75
1620000.0	0.00	0.00	0.00	288.45	4.30	207.00	0.84	100000.00	285.85
1623600.0	0.00	0.00	0.00	288.55	4.50	207.00	0.84	100000.00	285.85
1627200.0	0.00	4.00	4.00	289.55	5.30	204.00	0.78	100000.00	285.85
1630800.0	0.00	18.00	18.00	291.35	6.10	200.00	0.68	100100.00	285.35
1634400.0	0.00	40.00	40.00	293.25	6.50	199.00	0.58	100100.00	284.85
1638000.0	1.00	106.00	105.00	294.25	6.70	198.00	0.53	100100.00	284.45
1641600.0	0.00	96.00	96.00	296.85	6.90	199.00	0.45	100100.00	284.25
1645200.0	164.00	593.00	442.00	298.25	7.00	201.00	0.41	100000.00	284.05
1648800.0	398.00	824.00	438.00	299.15	7.10	203.00	0.38	100000.00	283.85
1652400.0	629.00	946.00	336.00	299.65	7.00	204.00	0.37	100000.00	283.85
1656000.0	897.00	991.00	169.00	299.75	6.90	205.00	0.37	99900.00	283.85
1659600.0	861.00	860.00	161.00	299.45	6.70	203.00	0.38	99900.00	283.95
1663200.0	798.00	679.00	148.00	298.65	6.50	201.00	0.40	100000.00	283.95
1666800.0	688.00	463.00	128.00	297.35	6.10	198.00	0.43	100000.00	284.15
1670400.0	503.00	238.00	94.00	295.75	5.50	194.00	0.48	100100.00	284.35
1674000.0	161.00	48.00	35.00	294.15	4.70	191.00	0.54	100100.00	284.55
1677600.0	0.00	0.00	0.00	293.05	4.10	187.00	0.59	100200.00	284.95
1681200.0	0.00	0.00	0.00	292.15	3.60	182.00	0.64	100200.00	285.25
1684800.0	0.00	0.00	0.00	291.25	3.30	175.00	0.68	100200.00	285.45
1688400.0	0.00	0.00	0.00	290.55	2.90	167.00	0.72	100200.00	285.55
1692000.0	0.00	0.00	0.00	289.75	2.40	160.00	0.76	100100.00	285.65
1695600.0	0.00	0.00	0.00	289.05	2.00	153.00	0.80	100100.00	285.65
1699200.0	0.00	0.00	0.00	288.35	1.80	146.00	0.84	100100.00	285.65
1702800.0	0.00	0.00	0.00	287.85	1.70	138.00	0.86	100100.00	285.65
1706400.0	0.00	0.00	0.00	287.45	1.60	130.00	0.88	100100.00	285.65
1710000.0	0.00	0.00	0.00	287.85	2.10	117.00	0.86	100100.00	285.55
1713600.0	232.00	53.00	33.00	289.95	2.70	100.00	0.74	100200.00	285.45
1717200.0	601.00	252.00	78.00	293.15	2.30	58.00	0.59	100200.00	285.15
1720800.0	782.00	483.00	100.00	296.55	1.90	180.00	0.45	100200.00	284.05
1724400.0	878.00	702.00	115.00	298.15	2.10	333.00	0.37	100100.00	282.65
1728000.0	829.00	859.00	184.00	301.55	3.10	313.00	0.28	100000.00	281.55
1731600.0	857.00	987.00	201.00	303.25	3.70	308.00	0.25	99900.00	280.95
1735200.0	869.00	1054.00	211.00	304.55	4.20	306.00	0.22	99800.00	280.45
1738800.0	869.00	1053.00	210.00	305.45	4.60	305.00	0.20	99700.00	279.75
1742400.0	857.00	986.00	201.00	306.05	4.90	303.00	0.19	99700.00	279.25
1746000.0	846.00	862.00	175.00	306.15	4.90	302.00	0.18	99600.00	278.65
1749600.0	830.00	690.00	138.00	305.95	4.70	303.00	0.17	99600.00	278.25
1753200.0	742.00	473.00	112.00	305.15	4.30	308.00	0.18	99600.00	277.85
1756800.0	572.00	245.00	81.00	302.65	2.90	315.00	0.20	99600.00	277.75
1760400.0	206.00	49.00	32.00	299.65	1.70	328.00	0.27	99600.00	279.15
1764000.0	0.00	0.00	0.00	298.25	1.70	341.00	0.29	99600.00	279.15
1767600.0	0.00	0.00	0.00	297.95	2.00	351.00	0.29	99500.00	278.65
1771200.0	0.00	0.00	0.00	297.55	2.60	179.00	0.28	99500.00	278.25
1774800.0	0.00	0.00	0.00	297.35	3.50	5.00	0.28	99400.00	277.75
1778400.0	0.00	0.00	0.00	297.65	4.70	8.00	0.27	99300.00	277.45
1782000.0	0.00	0.00	0.00	297.85	5.80	8.00	0.26	99200.00	277.35
1785600.0	0.00	0.00	0.00	297.95	6.20	6.00	0.26	99200.00	277.45
1789200.0	0.00	0.00	0.00	297.85	5.90	6.00	0.27	99200.00	277.65
1792800.0	0.00	0.00	0.00	297.55	5.40	7.00	0.28	99200.00	277.85
1796400.0	0.00	0.00	0.00	297.55	5.20	4.00	0.28	99200.00	277.85
1800000.0	0.00	16.00	16.00	298.15	5.30	181.00	0.27	99300.00	277.95
1803600.0	91.00	121.00	95.00	299.85	6.00	352.00	0.24	99300.00	277.85
1807200.0	169.00	241.00	159.00	302.25	7.20	339.00	0.21	99300.00	277.65
1810800.0	463.00	560.00	252.00	303.35	7.70	334.00	0.19	99200.00	277.55
1814400.0	770.00	822.00	196.00	307.35	8.70	320.00	0.16	99100.00	278.05
1818000.0	841.00	962.00	192.00	308.85	8.70	309.00	0.16	99000.00	279.45
1821600.0	534.00	902.00	384.00	309.65	8.50	293.00	0.17	98900.00	280.55
1825200.0	127.00	570.00	447.00	309.85	8.70	278.00	0.18	98900.00	281.45
1828800.0	163.00	589.00	440.00	308.75	8.70	267.00	0.20	98900.00	282.35
1832400.0	720.00	802.00	218.00	306.75	8.60	260.00	0.24	98900.00	283.25
1836000.0	79.00	332.00	279.00	304.55	8.40	253.00	0.27	99000.00	283.65
1839600.0	393.00	377.00	186.00	302.45	7.90	246.00	0.30	99000.00	283.15
1843200.0	178.00	154.00	103.00	299.95	7.60	238.00	0.34	99100.00	282.75
1846800.0	62.00	36.00	31.00	297.05	7.20	235.00	0.41	99200.00	283.05
1850400.0	0.00	0.00	0.00	295.15	6.40	238.00	0.47	99300.00	283.35
1854000.0	0.00	0.00	0.00	294.35	6.20	244.00	0.48	99400.00	283.15
1857600.0	0.00	0.00	0.00	293.75	6.10	250.00	0.48	99400.00	282.45
1861200.0	0.00	0.00	0.00	293.05	5.80	255.00	0.49	99400.00	282.25
1864800.0	0.00	0.00	0.00	292.45	5.50	259.00	0.52	99400.00	282.45
1868400.0	0.00	0.00	0.00	291.95	5.50	261.00	0.54	99300.00	282.45
1872000.0	0.00	0.00	0.00	291.55	5.50	261.00	0.56	99300.00	282.65
1875600.0	0.00	0.00	0.00	291.25	5.30	263.00	0.59	99300.00	283.15
1879200.0	0.00	0.00	0.00	290.85	5.00	265.00	0.63	99300.00	283.85
1882800.0	0.00	0.00	0.00	290.75	4.90	267.00	0.65	99400.00	284.15
1886400.0	121.00	44.00	34.00	291.35	5.50	265.00	0.64	99500.00	284.45
1890000.0	506.00	232.00	88.00	292.65	6.20	259.00	0.59	99500.00	284.45
1893600.0	716.00	459.00	112.00	294.35	6.40	255.00	0.52	99600.00	284.15
1897200.0	824.00	675.00	128.00	295.15	6.40	253.00	0.49	99600.00	283.95
1900800.0	890.00	858.00	137.00	297.45	6.60	250.00	0.42	99600.00	283.75
1904400.0	803.00	935.00	201.00	298.65	6.80	247.00	0.38	99600.00	283.45
1908000.0	91.00	495.00	407.00	299.75	6.90	244.00	0.35	99600.00	282.95
1911600.0	359.00	769.00	421.00	300.45	7.10	242.00	0.31	99600.00	282.15
1915200.0	294.00	625.00	356.00	300.75	7.10	241.00	0.29	99500.00	281.05
1918800.0	386.00	623.00	310.00	300.55	7.00	239.00	0.27	99600.00	279.85
1922400.0	227.00	412.00	261.00	299.75	6.70	233.00	0.26	99600.00	278.65
1926000.0	406.00	366.00	169.00	298.25	6.50	224.00	0.26	99700.00	277.75
1929600.0	89.00	128.00	103.00	296.15	6.10	212.00	0.29	99800.00	277.45
1933200.0	197.00	49.00	33.00	293.95	5.60	199.00	0.34	99900.00	277.75
1936800.0	0.00	0.00	0.00	292.25	5.20	189.00	0.40	100000.00	278.55
1940400.0	0.00	0.00	0.00	291.05	4.70	185.00	0.46	100100.00	279.45
1944000.0	0.00	0.00	0.00	290.15	4.40	184.00	0.51	100200.00	280.15
1947600.0	0.00	0.00	0.00	289.45	4.10	184.00	0.56	100200.00	280.65
1951200.0	0.00	0.00	0.00	288.75	3.80	186.00	0.60	100200.00	281.15
1954800.0	0.00	0.00	0.00	288.15	3.30	189.00	0.64	100200.00	281.45
1958400.0	0.00	0.00	0.00	287.55	2.80	192.00	0.67	100200.00	281.65
1962000.0	0.00	0.00	0.00	287.05	2.30	194.00	0.70	100200.00	281.85
1965600.0	0.00	0.00	0.00	286.55	1.70	195.00	0.73	100300.00	281.95
1969200.0	0.00	0.00	0.00	286.75	1.70	195.00	0.73	100400.00	282.05
1972800.0	186.00	45.00	31.00	288.55	2.40	191.00	0.65	100500.00	282.05
1976400.0	570.00	240.00	79.00	290.95	2.50	187.00	0.53	100600.00	281.25
1980000.0	769.00	474.00	103.00	293.25	2.00	193.00	0.44	100600.00	280.65
1983600.0	873.00	695.00	117.00	294.35	1.80	200.00	0.39	100600.00	280.05
1987200.0	919.00	877.00	134.00	297.85	2.60	217.00	0.31	100500.00	279.65
1990800.0	957.00	1012.00	138.00	299.85	3.10	220.00	0.27	100500.00	279.55
1994400.0	978.00	1083.00	137.00	301.45	3.50	223.00	0.25	100400.00	279.55
1998000.0	984.00	1085.00	133.00	302.55	3.80	222.00	0.24	100300.00	279.65
2001600.0	974.00	1018.00	128.00	303.05	4.00	219.00	0.23	100300.00	279.55
2005200.0	943.00	887.00	123.00	303.05	4.10	213.00	0.22	100200.00	279.25
2008800.0	880.00	701.00	117.00	302.55	4.10	205.00	0.22	100200.00	278.95
2012400.0	783.00	480.00	101.00	301.45	3.90	195.00	0.23	100200.00	278.65
2016000.0	598.00	247.00	77.00	299.35	3.20	182.00	0.26	100300.00	278.55
2019600.0	198.00	48.00	33.00	296.95	2.50	169.00	0.31	100400.00	278.95
2023200.0	0.00	0.00	0.00	295.35	2.70	161.00	0.35	100400.00	279.45
2026800.0	0.00	0.00	0.00	294.45	3.00	157.00	0.39	100500.00	280.05
2030400.0	0.00	0.00	0.00	293.55	3.20	156.00	0.44	100500.00	280.95
2034000.0	0.00	0.00	0.00	292.65	3.20	152.00	0.49	100500.00	281.85
2037600.0	0.00	0.00	0.00	291.85	3.10	147.00	0.55	100500.00	282.75
2041200.0	0.00	0.00	0.00	291.05	2.90	140.00	0.61	100400.00	283.45
2044800.0	0.00	0.00	0.00	290.35	2.70	131.00	0.65	100400.00	283.75
2048400.0	0.00	0.00	0.00	289.65	2.50	122.00	0.69	100400.00	283.95
2052000.0	0.00	0.00	0.00	289.15	2.40	113.00	0.71	100400.00	284.05
2055600.0	0.00	0.00	0.00	289.35	2.80	105.00	0.70	100500.00	284.05
2059200.0	204.00	45.00	30.00	291.15	3.30	98.00	0.63	100500.00	284.05
2062800.0	602.00	242.00	74.00	294.65	2.90	89.00	0.49	100600.00	283.65
2066400.0	786.00	474.00	97.00	298.45	1.70	51.00	0.35	100600.00	282.15
2070000.0	884.00	694.00	111.00	300.15	1.10	19.00	0.29	100500.00	280.95
2073600.0	928.00	876.00	127.00	303.55	1.40	295.00	0.23	100500.00	280.25
2077200.0	960.00	1008.00	133.00	305.25	2.00	272.00	0.20	100400.00	279.75
2080800.0	982.00	1078.00	129.00	306.45	2.50	254.00	0.18	100300.00	279.25
2084400.0	998.00	1084.00	119.00	307.25	3.10	240.00	0.17	100200.00	278.85
2088000.0	983.00	1014.00	116.00	307.45	3.60	228.00	0.16	100100.00	278.55
2091600.0	954.00	883.00	111.00	307.15	3.90	218.00	0.17	100100.00	278.55
2095200.0	903.00	699.00	100.00	306.25	4.20	209.00	0.18	100100.00	278.75
2098800.0	814.00	480.00	87.00	304.85	4.30	201.00	0.20	100100.00	279.05
2102400.0	648.00	249.00	66.00	302.55	3.80	193.00	0.23	100200.00	279.45
2106000.0	266.00	49.00	29.00	299.95	3.20	187.00	0.28	100200.00	280.25
2109600.0	0.00	0.00	0.00	298.25	3.40	179.00	0.33	100300.00	281.05
2113200.0	0.00	0.00	0.00	297.05	3.80	170.00	0.38	100300.00	281.95
2116800.0	0.00	0.00	0.00	295.95	4.00	163.00	0.43	100300.00	282.95
2120400.0	0.00	0.00	0.00	294.85	3.90	156.00	0.50	100300.00	283.95
2124000.0	0.00	0.00	0.00	293.95	3.50	152.00	0.56	100300.00	284.85
2127600.0	0.00	0.00	0.00	293.05	3.10	148.00	0.62	100300.00	285.55
2131200.0	0.00	0.00	0.00	292.35	2.80	143.00	0.66	100300.00	286.05
2134800.0	0.00	0.00	0.00	291.85	2.70	136.00	0.69	100300.00	286.25
2138400.0	0.00	0.00	0.00	291.35	2.50	128.00	0.72	100300.00	286.25
2142000.0	0.00	0.00	0.00	291.55	2.80	122.00	0.71	100400.00	286.25
2145600.0	240.00	44.00	27.00	293.25	3.40	126.00	0.64	100400.00	286.25
2149200.0	630.00	239.00	65.00	296.75	3.50	142.00	0.51	100500.00	286.15
2152800.0	801.00	469.00	87.00	300.45	3.30	163.00	0.39	100500.00	285.35
2156400.0	891.00	686.00	100.00	302.05	3.00	174.00	0.33	100500.00	284.15
2160000.0	941.00	869.00	111.00	305.65	2.60	202.00	0.25	100500.00	283.45
2163600.0	971.00	1000.00	116.00	307.35	2.70	212.00	0.23	100400.00	283.05
2167200.0	984.00	1070.00	121.00	308.55	3.20	216.00	0.21	100300.00	282.85
2170800.0	984.00	1071.00	121.00	309.15	3.90	214.00	0.20	100200.00	282.65
2174400.0	970.00	1003.00	118.00	309.25	4.50	211.00	0.20	100200.00	282.55
2178000.0	940.00	872.00	112.00	308.75	4.90	208.00	0.20	100100.00	282.55
2181600.0	888.00	690.00	102.00	307.75	5.30	203.00	0.21	100100.00	282.65
2185200.0	800.00	473.00	87.00	306.05	5.50	199.00	0.24	100200.00	282.85
2188800.0	634.00	244.00	66.00	303.65	5.40	195.00	0.28	100200.00	283.15
2192400.0	254.00	48.00	29.00	301.05	5.10	191.00	0.34	100300.00	283.75
2196000.0	0.00	0.00	0.00	299.15	4.80	184.00	0.40	100400.00	284.75
2199600.0	0.00	0.00	0.00	297.75	4.50	173.00	0.47	100400.00	285.85
2203200.0	0.00	0.00	0.00	296.65	4.00	161.00	0.53	100400.00	286.55
2206800.0	0.00	0.00	0.00	295.85	3.50	146.00	0.56	100400.00	286.65
2210400.0	0.00	0.00	0.00	295.25	3.10	132.00	0.57	100300.00	286.45
2214000.0	0.00	0.00	0.00	294.75	2.80	123.00	0.58	100300.00	286.15
2217600.0	0.00	0.00	0.00	294.15	2.60	122.00	0.59	100300.00	286.05
2221200.0	0.00	0.00	0.00	293.55	2.40	124.00	0.62	100300.00	286.15
2224800.0	0.00	0.00	0.00	293.05	2.30	125.00	0.65	100300.00	286.35
2228400.0	0.00	0.00	0.00	293.15	2.60	122.00	0.65	100400.00	286.55
2232000.0	211.00	41.00	27.00	294.85	3.50	116.00	0.59	100400.00	286.65
2235600.0	608.00	234.00	68.00	298.05	3.70	110.00	0.48	100500.00	286.25
2239200.0	784.00	462.00	90.00	301.85	2.60	102.00	0.37	100500.00	285.65
2242800.0	877.00	679.00	104.00	303.75	1.80	96.00	0.30	100500.00	284.35
2246400.0	933.00	863.00	113.00	307.65	1.40	263.00	0.23	100400.00	283.35
2250000.0	964.00	995.00	119.00	309.25	2.00	250.00	0.20	100300.00	282.95
2253600.0	982.00	1064.00	118.00	310.35	2.70	242.00	0.18	100200.00	282.55
2257200.0	988.00	1067.00	114.00	310.85	3.70	231.00	0.18	100200.00	282.35
2260800.0	970.00	997.00	113.00	310.65	4.90	220.00	0.18	100100.00	282.25
2264400.0	936.00	866.00	110.00	309.65	5.70	212.00	0.19	100100.00	282.45
2268000.0	883.00	685.00	101.00	308.15	6.10	204.00	0.21	100100.00	282.75
2271600.0	793.00	469.00	88.00	306.15	6.00	197.00	0.24	100200.00	282.95
2275200.0	625.00	241.00	66.00	303.75	5.60	192.00	0.28	100200.00	283.15
2278800.0	242.00	46.00	28.00	301.25	5.20	188.00	0.33	100300.00	283.55
2282400.0	0.00	0.00	0.00	299.35	5.10	182.00	0.39	100400.00	284.45
2286000.0	0.00	0.00	0.00	297.95	4.90	174.00	0.44	100400.00	285.15
2289600.0	0.00	0.00	0.00	296.95	4.40	165.00	0.48	100400.00	285.45
2293200.0	0.00	0.00	0.00	296.25	3.90	154.00	0.50	100400.00	285.45
2296800.0	0.00	0.00	0.00	295.65	3.40	145.00	0.51	100400.00	285.15
2300400.0	0.00	0.00	0.00	295.15	3.00	138.00	0.51	100300.00	284.55
2304000.0	0.00	0.00	0.00	294.55	2.70	134.00	0.51	100300.00	284.05
2307600.0	0.00	0.00	0.00	293.95	2.60	129.00	0.52	100400.00	283.75
2311200.0	0.00	0.00	0.00	293.45	2.50	125.00	0.53	100400.00	283.55
2314800.0	0.00	0.00	0.00	293.55	2.90	121.00	0.52	100500.00	283.55
2318400.0	244.00	41.00	25.00	295.35	3.60	115.00	0.47	100500.00	283.65
2322000.0	654.00	238.00	61.00	298.85	3.90	111.00	0.37	100600.00	282.95
2325600.0	829.00	472.00	81.00	303.05	3.10	107.00	0.26	100600.00	281.35
2329200.0	920.00	693.00	92.00	305.05	2.50	103.00	0.21	100500.00	280.35
2332800.0	970.00	880.00	102.00	308.75	1.00	148.00	0.17	100500.00	279.95
2336400.0	1000.00	1014.00	107.00	310.55	1.20	212.00	0.15	100400.00	279.25
2340000.0	1013.00	1084.00	109.00	311.75	1.90	222.00	0.13	100300.00	278.65
2343600.0	1014.00	1086.00	109.00	312.55	2.70	217.00	0.12	100200.00	277.95
2347200.0	1001.00	1018.00	106.00	312.75	3.50	211.00	0.11	100200.00	277.35
2350800.0	972.00	888.00	103.00	312.35	4.20	206.00	0.11	100100.00	276.75
2354400.0	921.00	705.00	97.00	311.35	4.70	201.00	0.11	100100.00	276.15
2358000.0	834.00	483.00	83.00	309.65	5.00	198.00	0.12	100200.00	275.55
2361600.0	671.00	250.00	63.00	306.85	4.70	196.00	0.13	100200.00	274.75
2365200.0	276.00	47.00	27.00	303.75	4.20	192.00	0.15	100300.00	274.05
2368800.0	0.00	0.00	0.00	301.75	3.80	180.00	0.16	100400.00	273.55
2372400.0	0.00	0.00	0.00	300.45	3.10	159.00	0.18	100400.00	274.15
2376000.0	0.00	0.00	0.00	299.45	2.60	132.00	0.21	100400.00	275.55
2379600.0	0.00	0.00	0.00	298.85	2.60	106.00	0.23	100300.00	276.35
2383200.0	0.00	0.00	0.00	298.45	3.10	88.00	0.24	100300.00	276.35
2386800.0	0.00	0.00	0.00	298.15	3.60	81.00	0.23	100300.00	275.75
2390400.0	0.00	0.00	0.00	297.65	3.90	80.00	0.22	100300.00	274.85
2394000.0	0.00	0.00	0.00	297.15	4.00	81.00	0.21	100300.00	273.75
2397600.0	0.00	0.00	0.00	296.75	4.00	81.00	0.21	100300.00	272.95
2401200.0	0.00	0.00	0.00	297.05	4.20	81.00	0.20	100400.00	272.65
2404800.0	261.00	40.00	24.00	298.95	4.80	80.00	0.18	100400.00	272.85
2408400.0	673.00	240.00	60.00	302.65	5.10	75.00	0.15	100500.00	273.15
2412000.0	843.00	474.00	78.00	306.65	5.10	68.00	0.12	100500.00	273.35
2415600.0	932.00	698.00	91.00	308.45	5.00	66.00	0.11	100400.00	273.75
2419200.0	991.00	888.00	95.00	311.55	3.80	69.00	0.10	100400.00	274.25
2422800.0	1023.00	1026.00	99.00	313.15	3.40	71.00	0.09	100300.00	274.05
2426400.0	1042.00	1101.00	99.00	314.45	3.10	71.00	0.08	100200.00	273.15
2430000.0	1048.00	1104.00	95.00	315.25	2.90	70.00	0.07	100100.00	272.05
2433600.0	1040.00	1039.00	93.00	315.65	2.80	71.00	0.06	100000.00	271.25
2437200.0	1016.00	908.00	89.00	315.45	2.70	73.00	0.06	100000.00	270.65
2440800.0	970.00	722.00	83.00	314.85	2.80	76.00	0.06	99900.00	270.25
2444400.0	893.00	498.00	71.00	313.55	2.70	77.00	0.07	99900.00	270.25
2448000.0	743.00	260.00	54.00	310.05	2.00	78.00	0.08	99900.00	270.85
2451600.0	367.00	50.00	24.00	306.25	1.80	78.00	0.12	99900.00	273.35
2455200.0	0.00	0.00	0.00	304.75	2.60	74.00	0.13	100000.00	272.95
2458800.0	0.00	0.00	0.00	304.05	3.40	71.00	0.13	100000.00	272.85
2462400.0	0.00	0.00	0.00	303.45	3.90	68.00	0.14	100000.00	272.65
2466000.0	0.00	0.00	0.00	302.75	4.20	67.00	0.14	99900.00	272.35
2469600.0	0.00	0.00	0.00	301.95	4.30	66.00	0.14	99900.00	271.95
2473200.0	0.00	0.00	0.00	301.25	4.40	67.00	0.14	99900.00	271.45
2476800.0	0.00	0.00	0.00	300.65	4.40	67.00	0.14	99800.00	270.85
2480400.0	0.00	0.00	0.00	300.15	4.50	67.00	0.14	99800.00	270.55
2484000.0	0.00	0.00	0.00	299.95	4.60	66.00	0.14	99800.00	270.45
2487600.0	0.00	0.00	0.00	300.25	4.90	64.00	0.14	99800.00	270.55
2491200.0	229.00	36.00	23.00	302.35	5.40	61.00	0.13	99900.00	270.85
2494800.0	614.00	226.00	63.00	306.15	5.80	55.00	0.10	99900.00	271.25
2498400.0	774.00	449.00	87.00	310.35	6.00	46.00	0.09	99900.00	271.75
2502000.0	860.00	663.00	105.00	312.25	6.20	40.00	0.09	99900.00	274.15
2505600.0	878.00	832.00	131.00	315.45	5.30	30.00	0.11	99800.00	278.55
2509200.0	900.00	956.00	142.00	316.85	4.80	26.00	0.12	99700.00	281.75
2512800.0	898.00	1017.00	155.00	317.65	4.50	21.00	0.14	99600.00	283.75
2516400.0	874.00	1008.00	168.00	317.85	4.40	15.00	0.15	99500.00	285.35
2520000.0	399.00	727.00	364.00	317.55	4.40	9.00	0.17	99400.00	286.75
2523600.0	512.00	701.00	289.00	316.65	4.50	6.00	0.19	99400.00	287.95
2527200.0	350.00	512.00	282.00	315.35	4.50	3.00	0.22	99400.00	289.05
2530800.0	188.00	292.00	202.00	313.95	4.30	180.00	0.25	99400.00	290.05
2534400.0	114.00	138.00	107.00	312.25	4.20	355.00	0.29	99400.00	290.95
2538000.0	23.00	26.00	24.00	310.45	4.60	346.00	0.34	99500.00	292.05
2541600.0	0.00	0.00	0.00	308.75	5.00	335.00	0.40	99600.00	293.35
2545200.0	0.00	0.00	0.00	307.35	4.80	329.00	0.47	99700.00	294.45
2548800.0	0.00	0.00	0.00	306.65	4.00	333.00	0.50	99600.00	294.85
2552400.0	0.00	0.00	0.00	306.15	3.20	343.00	0.52	99600.00	295.05
2556000.0	0.00	0.00	0.00	305.95	2.90	176.00	0.52	99500.00	294.95
2559600.0	0.00	0.00	0.00	305.65	3.20	7.00	0.52	99500.00	294.65
2563200.0	0.00	0.00	0.00	305.35	3.60	12.00	0.51	99400.00	294.15
2566800.0	0.00	0.00	0.00	304.85	3.90	12.00	0.51	99500.00	293.75
2570400.0	0.00	0.00	0.00	304.35	4.20	11.00	0.52	99500.00	293.55
2574000.0	0.00	0.00	0.00	304.25	4.80	9.00	0.53	99600.00	293.55
2577600.0	53.00	25.00	22.00	304.85	6.40	181.00	0.51	99700.00	293.65
2581200.0	355.00	183.00	90.00	306.25	8.10	350.00	0.47	99700.00	293.65
2584800.0	331.00	338.00	184.00	307.55	8.50	345.00	0.45	99700.00	293.95
2588400.0	153.00	405.00	306.00	308.25	8.40	345.00	0.44	99700.00	294.35
2592000.0	254.00	589.00	387.00	309.25	8.40	351.00	0.43	99700.00	294.65
2595600.0	287.00	643.00	384.00	309.35	8.50	352.00	0.43	99700.00	294.85
2599200.0	413.00	797.00	401.00	309.25	8.50	350.00	0.43	99600.00	294.85
2602800.0	341.00	802.00	475.00	309.25	8.30	348.00	0.43	99600.00	294.75
2606400.0	515.00	791.00	324.00	309.65	8.00	347.00	0.41	99500.00	294.35
2610000.0	509.00	690.00	281.00	310.15	7.80	346.00	0.38	99500.00	293.75
2613600.0	497.00	579.00	253.00	310.35	7.60	343.00	0.36	99500.00	293.05
2617200.0	346.00	377.00	212.00	309.95	7.20	341.00	0.36	99500.00	292.55
2620800.0	150.00	173.00	132.00	309.05	6.30	339.00	0.37	99500.00	292.25
2624400.0	3.00	15.00	15.00	307.95	5.20	338.00	0.39	99600.00	292.25
2628000.0	0.00	0.00	0.00	307.05	4.30	340.00	0.41	99700.00	292.25
2631600.0	0.00	0.00	0.00	306.35	3.60	347.00	0.43	99700.00	292.05
2635200.0	0.00	0.00	0.00	305.75	3.50	352.00	0.44	99700.00	291.95
2638800.0	0.00	0.00	0.00	305.45	4.00	350.00	0.45	99700.00	291.95
2642400.0	0.00	0.00	0.00	305.05	4.30	346.00	0.46	99700.00	292.15
2646000.0	0.00	0.00	0.00	304.35	4.20	345.00	0.49	99600.00	292.45
2649600.0	0.00	0.00	0.00	303.65	3.80	339.00	0.53	99600.00	292.95
2653200.0	0.00	0.00	0.00	302.95	3.60	326.00	0.57	99700.00	293.65
2656800.0	0.00	0.00	0.00	302.05	3.90	303.00	0.63	99800.00	294.35
2660400.0	0.00	0.00	0.00	300.55	4.60	272.00	0.71	99900.00	294.85
2664000.0	0.00	6.00	6.00	299.05	5.00	239.00	0.78	100000.00	294.95
2667600.0	0.00	29.00	29.00	298.35	4.70	214.00	0.76	100100.00	293.85
2671200.0	10.00	96.00	91.00	298.75	3.80	200.00	0.69	100200.00	292.65
2674800.0	34.00	259.00	237.00	299.15	3.20	196.00	0.65	100200.00	292.25
2678400.0	5.00	175.00	171.00	297.45	4.50	100.00	0.27	100400.00	277.15
2682000.0	41.00	432.00	395.00	298.95	3.70	98.00	0.24	100300.00	277.25
2685600.0	27.00	404.00	378.00	299.85	3.00	99.00	0.23	100300.00	277.35
2689200.0	15.00	296.00	282.00	299.95	2.30	105.00	0.23	100200.00	277.35
2692800.0	9.00	220.00	212.00	299.75	1.90	108.00	0.24	100200.00	277.35
2696400.0	222.00	486.00	308.00	299.35	1.70	108.00	0.24	100200.00	277.45
2700000.0	7.00	182.00	177.00	298.95	1.80	108.00	0.25	100100.00	277.45
2703600.0	227.00	293.00	186.00	298.35	2.00	112.00	0.25	100100.00	277.25
2707200.0	177.00	153.00	105.00	297.25	1.70	116.00	0.26	100200.00	276.95
2710800.0	57.00	27.00	23.00	295.85	1.30	119.00	0.28	100200.00	276.55
2714400.0	0.00	0.00	0.00	294.85	1.30	116.00	0.29	100200.00	276.35
2718000.0	0.00	0.00	0.00	294.25	1.30	107.00	0.30	100300.00	276.15
2721600.0	0.00	0.00	0.00	293.65	1.20	97.00	0.31	100300.00	275.95
2725200.0	0.00	0.00	0.00	293.15	1.20	92.00	0.32	100300.00	275.85
2728800.0	0.00	0.00	0.00	292.65	1.10	93.00	0.32	100200.00	275.85
2732400.0	0.00	0.00	0.00	292.35	1.00	100.00	0.33	100200.00	275.75
2736000.0	0.00	0.00	0.00	292.05	1.00	113.00	0.34	100200.00	275.75
2739600.0	0.00	0.00	0.00	291.95	1.10	122.00	0.34	100200.00	275.75
2743200.0	0.00	0.00	0.00	291.85	1.20	122.00	0.34	100200.00	275.75
2746800.0	0.00	0.00	0.00	292.15	1.50	116.00	0.34	100300.00	275.85
2750400.0	0.00	9.00	9.00	293.25	2.30	106.00	0.32	100300.00	276.15
2754000.0	29.00	83.00	76.00	295.15	3.10	98.00	0.29	100400.00	276.25
2757600.0	102.00	149.00	102.00	297.65	3.60	91.00	0.23	100400.00	275.25
2761200.0	54.00	306.00	271.00	299.05	4.00	88.00	0.21	100400.00	274.85
2764800.0	210.00	544.00	378.00	301.75	4.40	89.00	0.19	100400.00	275.65
2768400.0	556.00	850.00	350.00	303.25	4.50	91.00	0.18	100300.00	276.45
2772000.0	460.00	867.00	428.00	304.65	4.50	92.00	0.17	100300.00	277.05
2775600.0	1003.00	1068.00	108.00	305.75	4.40	92.00	0.17	100200.00	277.45
2779200.0	997.00	1006.00	104.00	306.25	4.30	93.00	0.16	100100.00	277.45
2782800.0	969.00	877.00	101.00	306.15	4.10	96.00	0.16	100100.00	277.25
2786400.0	912.00	694.00	98.00	305.55	4.00	100.00	0.16	100100.00	276.95
2790000.0	824.00	474.00	85.00	304.45	3.80	104.00	0.17	100200.00	276.55
2793600.0	646.00	238.00	64.00	301.95	2.70	105.00	0.19	100200.00	276.25
2797200.0	206.00	39.00	27.00	299.05	1.70	103.00	0.22	100300.00	276.05
2800800.0	0.00	0.00	0.00	297.45	1.70	97.00	0.25	100400.00	276.25
2804400.0	0.00	0.00	0.00	296.55	1.80	91.00	0.28	100400.00	276.85
2808000.0	0.00	0.00	0.00	295.75	1.90	84.00	0.31	100400.00	277.95
2811600.0	0.00	0.00	0.00	294.95	2.00	77.00	0.36	100400.00	279.15
2815200.0	0.00	0.00	0.00	294.35	2.00	73.00	0.39	100400.00	280.15
2818800.0	0.00	0.00	0.00	293.85	2.00	70.00	0.42	100400.00	280.75
2822400.0	0.00	0.00	0.00	293.45	2.00	68.00	0.45	100400.00	281.25
2826000.0	0.00	0.00	0.00	293.15	2.00	67.00	0.47	100400.00	281.75
2829600.0	0.00	0.00	0.00	292.75	2.00	66.00	0.51	100500.00	282.35
2833200.0	0.00	0.00	0.00	293.15	2.20	66.00	0.51	100600.00	282.95
2836800.0	132.00	25.00	19.00	295.25	3.00	65.00	0.47	100700.00	283.35
2840400.0	593.00	215.00	66.00	298.85	3.80	71.00	0.38	100700.00	283.45
2844000.0	786.00	447.00	89.00	301.85	4.30	82.00	0.30	100700.00	282.65
2847600.0	884.00	669.00	104.00	302.95	4.40	87.00	0.27	100700.00	281.85
2851200.0	950.00	859.00	108.00	305.55	4.30	94.00	0.22	100700.00	281.15
2854800.0	985.00	997.00	113.00	306.95	4.10	98.00	0.19	100600.00	280.25
2858400.0	1001.00	1069.00	114.00	308.15	3.80	102.00	0.17	100500.00	279.45
2862000.0	1003.00	1072.00	113.00	308.95	3.70	107.00	0.15	100400.00	278.75
2865600.0	990.00	1005.00	111.00	309.25	3.70	111.00	0.15	100400.00	278.35
2869200.0	962.00	874.00	105.00	309.15	3.80	114.00	0.14	100400.00	277.95
2872800.0	910.00	689.00	96.00	308.55	3.80	116.00	0.15	100400.00	277.65
2876400.0	820.00	468.00	83.00	307.35	3.70	115.00	0.15	100400.00	277.45
2880000.0	647.00	235.00	62.00	304.85	2.70	112.00	0.18	100500.00	277.35
2883600.0	227.00	38.00	25.00	301.95	1.80	106.00	0.21	100500.00	277.35
2887200.0	0.00	0.00	0.00	300.35	2.00	97.00	0.23	100600.00	277.55
2890800.0	0.00	0.00	0.00	299.45	2.20	87.00	0.25	100600.00	277.75
2894400.0	0.00	0.00	0.00	298.55	2.50	80.00	0.27	100700.00	278.05
2898000.0	0.00	0.00	0.00	297.75	2.80	76.00	0.28	100700.00	278.25
2901600.0	0.00	0.00	0.00	296.95	2.80	73.00	0.29	100600.00	278.15
2905200.0	0.00	0.00	0.00	296.25	2.80	71.00	0.31	100600.00	278.05
2908800.0	0.00	0.00	0.00	295.75	2.70	70.00	0.32	100600.00	278.15
2912400.0	0.00	0.00	0.00	295.25	2.60	70.00	0.33	100700.00	278.15
2916000.0	0.00	0.00	0.00	294.75	2.50	71.00	0.34	100700.00	278.35
2919600.0	0.00	0.00	0.00	295.05	2.80	72.00	0.34	100800.00	278.45
2923200.0	160.00	24.00	17.00	297.05	3.60	72.00	0.30	100900.00	278.65
2926800.0	638.00	217.00	58.00	300.85	4.10	72.00	0.24	100900.00	278.75
2930400.0	821.00	450.00	78.00	304.45	3.90	73.00	0.20	100900.00	279.05
2934000.0	914.00	673.00	91.00	305.75	3.90	75.00	0.19	100900.00	278.95
2937600.0	970.00	861.00	97.00	307.85	3.50	73.00	0.16	100900.00	278.65
2941200.0	1000.00	996.00	100.00	309.05	3.20	72.00	0.15	100800.00	278.25
2944800.0	1016.00	1068.00	100.00	309.95	3.00	73.00	0.14	100700.00	277.75
2948400.0	1018.00	1071.00	99.00	310.55	2.70	78.00	0.13	100600.00	277.35
2952000.0	1007.00	1005.00	97.00	310.65	2.60	85.00	0.13	100600.00	277.25
2955600.0	981.00	874.00	91.00	310.45	2.60	94.00	0.13	100500.00	277.15
2959200.0	933.00	691.00	84.00	309.75	2.70	103.00	0.13	100500.00	277.15
2962800.0	845.00	469.00	73.00	308.65	2.70	111.00	0.14	100500.00	277.15
2966400.0	672.00	235.00	57.00	306.05	2.10	118.00	0.16	100500.00	277.15
2970000.0	240.00	37.00	24.00	303.25	1.40	121.00	0.19	100600.00	277.25
2973600.0	0.00	0.00	0.00	301.55	1.50	115.00	0.21	100600.00	277.45
2977200.0	0.00	0.00	0.00	300.35	1.50	97.00	0.23	100600.00	277.75
2980800.0	0.00	0.00	0.00	299.25	1.60	75.00	0.25	100600.00	277.85
2984400.0	0.00	0.00	0.00	298.45	2.00	58.00	0.26	100600.00	277.85
2988000.0	0.00	0.00	0.00	297.85	2.40	50.00	0.27	100600.00	277.55
2991600.0	0.00	0.00	0.00	297.25	2.60	49.00	0.27	100600.00	277.25
2995200.0	0.00	0.00	0.00	296.75	2.50	49.00	0.28	100600.00	277.05
2998800.0	0.00	0.00	0.00	296.45	2.40	49.00	0.28	100600.00	276.85
3002400.0	0.00	0.00	0.00	296.15	2.40	49.00	0.28	100700.00	276.95
3006000.0	0.00	0.00	0.00	296.45	2.50	48.00	0.28	100700.00	277.05
3009600.0	164.00	23.00	17.00	298.65	3.30	47.00	0.25	100800.00	277.25
3013200.0	649.00	215.00	55.00	302.35	3.90	45.00	0.20	100800.00	277.45
3016800.0	827.00	448.00	75.00	305.55	3.50	47.00	0.17	100800.00	277.75
3020400.0	917.00	670.00	88.00	306.85	3.30	51.00	0.16	100800.00	277.55
3024000.0	964.00	857.00	99.00	309.15	2.40	64.00	0.14	100700.00	277.35
3027600.0	992.00	993.00	106.00	310.35	1.90	73.00	0.13	100700.00	277.05
3031200.0	958.00	1051.00	140.00	311.35	1.50	87.00	0.12	100600.00	276.65
3034800.0	1005.00	1067.00	109.00	311.95	1.40	107.00	0.11	100500.00	276.35
3038400.0	990.00	1000.00	109.00	312.25	1.50	124.00	0.11	100400.00	276.25
3042000.0	955.00	866.00	105.00	312.15	1.80	137.00	0.11	100400.00	276.15
3045600.0	894.00	680.00	100.00	311.55	2.20	143.00	0.11	100300.00	276.15
3049200.0	793.00	457.00	87.00	310.45	2.60	146.00	0.12	100300.00	276.25
3052800.0	599.00	224.00	67.00	307.85	2.20	146.00	0.14	100400.00	276.35
3056400.0	155.00	32.00	24.00	305.05	1.80	142.00	0.16	100400.00	276.55
3060000.0	0.00	0.00	0.00	303.35	2.10	129.00	0.18	100500.00	276.75
3063600.0	0.00	0.00	0.00	302.25	2.20	114.00	0.20	100500.00	276.95
3067200.0	0.00	0.00	0.00	301.15	2.10	102.00	0.21	100500.00	277.05
3070800.0	0.00	0.00	0.00	300.15	2.10	96.00	0.23	100500.00	277.15
3074400.0	0.00	0.00	0.00	299.35	2.10	94.00	0.24	100500.00	277.15
3078000.0	0.00	0.00	0.00	298.75	2.40	95.00	0.24	100400.00	277.05
3081600.0	0.00	0.00	0.00	298.15	2.90	95.00	0.26	100400.00	277.15
3085200.0	0.00	0.00	0.00	297.55	3.30	94.00	0.27	100400.00	277.45
3088800.0	0.00	0.00	0.00	296.95	3.30	91.00	0.28	100500.00	277.65
3092400.0	0.00	0.00	0.00	296.95	3.40	86.00	0.29	100500.00	277.85
3096000.0	79.00	19.00	16.00	298.65	3.80	80.00	0.26	100600.00	277.75
3099600.0	523.00	196.00	69.00	302.35	3.60	65.00	0.21	100600.00	277.65
3103200.0	732.00	422.00	94.00	306.35	2.90	36.00	0.16	100600.00	277.45
3106800.0	838.00	641.00	111.00	308.05	2.60	17.00	0.14	100600.00	276.95
3110400.0	915.00	830.00	112.00	311.05	2.40	337.00	0.12	100500.00	276.85
3114000.0	948.00	964.00	118.00	312.35	2.30	317.00	0.11	100500.00	276.85
3117600.0	975.00	1039.00	113.00	313.25	2.20	301.00	0.11	100400.00	276.75
3121200.0	998.00	1047.00	97.00	313.85	2.10	284.00	0.10	100300.00	276.75
3124800.0	983.00	980.00	96.00	313.95	2.00	269.00	0.10	100200.00	276.85
3128400.0	892.00	833.00	124.00	313.65	2.00	255.00	0.11	100200.00	276.95
3132000.0	438.00	500.00	217.00	312.95	2.00	243.00	0.11	100100.00	277.15
3135600.0	810.00	451.00	75.00	311.85	2.00	230.00	0.12	100200.00	277.35
3139200.0	637.00	222.00	56.00	309.65	1.50	218.00	0.14	100200.00	277.65
3142800.0	212.00	32.00	21.00	307.45	1.10	202.00	0.16	100200.00	277.85
3146400.0	0.00	0.00	0.00	306.15	1.30	181.00	0.17	100300.00	277.85
3150000.0	0.00	0.00	0.00	305.05	1.50	158.00	0.18	100300.00	278.05
3153600.0	0.00	0.00	0.00	303.85	1.50	132.00	0.20	100300.00	278.15
3157200.0	0.00	0.00	0.00	302.55	1.40	101.00	0.21	100300.00	278.15
3160800.0	0.00	0.00	0.00	301.55	1.40	67.00	0.22	100200.00	278.05
3164400.0	0.00	0.00	0.00	300.75	1.30	40.00	0.23	100200.00	277.85
3168000.0	0.00	0.00	0.00	300.05	1.30	25.00	0.23	100200.00	277.55
3171600.0	0.00	0.00	0.00	299.45	1.30	18.00	0.24	100200.00	277.15
3175200.0	0.00	0.00	0.00	298.85	1.30	18.00	0.24	100200.00	276.75
3178800.0	0.00	0.00	0.00	298.85	1.40	23.00	0.23	100300.00	276.45
3182400.0	150.00	20.00	15.00	300.95	2.20	25.00	0.20	100400.00	276.15
3186000.0	628.00	204.00	53.00	304.85	3.30	186.00	0.16	100400.00	276.05
3189600.0	808.00	432.00	72.00	308.55	4.20	342.00	0.13	100500.00	275.85
3193200.0	899.00	652.00	85.00	310.35	4.70	336.00	0.12	100500.00	275.75
3196800.0	948.00	836.00	94.00	313.05	4.70	330.00	0.10	100400.00	276.05
3200400.0	976.00	970.00	101.00	314.25	4.50	326.00	0.10	100300.00	276.35
3204000.0	988.00	1041.00	105.00	315.05	4.30	323.00	0.09	100200.00	276.55
3207600.0	785.00	968.00	222.00	315.55	3.90	320.00	0.09	100200.00	276.65
3211200.0	646.00	872.00	292.00	315.55	3.60	319.00	0.09	100100.00	276.75
3214800.0	920.00	842.00	112.00	315.25	3.30	318.00	0.10	100100.00	276.85
3218400.0	866.00	658.00	100.00	314.45	3.10	317.00	0.10	100000.00	276.95
3222000.0	814.00	451.00	75.00	313.25	2.80	315.00	0.11	100100.00	277.05
3225600.0	642.00	221.00	56.00	310.45	1.90	309.00	0.13	100100.00	277.25
3229200.0	178.00	27.00	18.00	307.55	1.20	305.00	0.15	100100.00	277.55
3232800.0	0.00	0.00	0.00	306.35	1.20	321.00	0.17	100200.00	277.75
3236400.0	0.00	0.00	0.00	305.45	1.30	173.00	0.18	100200.00	277.95
3240000.0	0.00	0.00	0.00	304.45	1.80	17.00	0.19	100200.00	278.25
3243600.0	0.00	0.00	0.00	303.65	2.50	21.00	0.20	100300.00	278.55
3247200.0	0.00	0.00	0.00	302.85	2.80	17.00	0.22	100200.00	278.65
3250800.0	0.00	0.00	0.00	301.95	2.70	12.00	0.22	100200.00	278.55
3254400.0	0.00	0.00	0.00	301.15	2.50	7.00	0.23	100200.00	278.25
3258000.0	0.00	0.00	0.00	300.35	2.30	3.00	0.24	100200.00	278.05
3261600.0	0.00	0.00	0.00	299.65	2.10	1.00	0.25	100200.00	278.05
3265200.0	0.00	0.00	0.00	299.65	2.10	1.00	0.25	100300.00	278.15
3268800.0	98.00	18.00	15.00	301.65	2.90	2.00	0.23	100400.00	278.45
3272400.0	568.00	195.00	60.00	305.25	4.00	172.00	0.19	100400.00	278.75
3276000.0	719.00	411.00	92.00	309.25	5.10	335.00	0.16	100500.00	279.35
3279600.0	797.00	622.00	121.00	311.35	5.90	328.00	0.14	100500.00	279.65
3283200.0	768.00	779.00	180.00	314.05	5.80	325.00	0.13	100400.00	279.75
3286800.0	960.00	962.00	109.00	315.15	5.70	324.00	0.12	100300.00	279.75
3290400.0	928.00	1023.00	145.00	315.95	5.50	324.00	0.11	100200.00	279.55
3294000.0	985.00	1038.00	104.00	316.45	5.20	323.00	0.11	100100.00	279.55
3297600.0	970.00	972.00	103.00	316.55	5.10	323.00	0.11	100100.00	279.65
3301200.0	937.00	841.00	99.00	316.15	4.90	323.00	0.11	100000.00	279.75
3304800.0	880.00	658.00	92.00	315.45	4.70	324.00	0.12	100000.00	279.95
3308400.0	779.00	440.00	82.00	314.25	4.30	326.00	0.13	100000.00	280.15
3312000.0	583.00	211.00	62.00	311.85	3.10	331.00	0.15	100000.00	280.25
3315600.0	83.00	21.00	17.00	309.35	2.20	336.00	0.17	100100.00	280.35
3319200.0	0.00	0.00	0.00	308.15	2.30	338.00	0.18	100100.00	280.35
3322800.0	0.00	0.00	0.00	307.25	2.30	335.00	0.19	100200.00	280.45
3326400.0	0.00	0.00	0.00	306.25	2.10	329.00	0.20	100200.00	280.55
3330000.0	0.00	0.00	0.00	305.15	1.90	322.00	0.22	100200.00	280.75
3333600.0	0.00	0.00	0.00	303.95	1.80	318.00	0.24	100200.00	281.05
3337200.0	0.00	0.00	0.00	302.85	1.70	319.00	0.26	100100.00	281.45
3340800.0	0.00	0.00	0.00	301.95	1.80	320.00	0.28	100100.00	281.65
3344400.0	0.00	0.00	0.00	301.25	1.80	320.00	0.29	100200.00	281.65
3348000.0	0.00	0.00	0.00	300.65	1.90	318.00	0.29	100200.00	281.25
3351600.0	0.00	0.00	0.00	300.55	2.10	318.00	0.28	100200.00	280.65
3355200.0	55.00	15.00	14.00	302.25	3.10	319.00	0.25	100300.00	280.05
3358800.0	433.00	170.00	68.00	305.65	4.10	321.00	0.20	100300.00	279.65
3362400.0	580.00	379.00	123.00	310.05	5.10	320.00	0.15	100300.00	279.45
3366000.0	740.00	604.00	141.00	312.45	5.90	318.00	0.14	100300.00	279.65
3369600.0	908.00	818.00	111.00	315.15	6.30	317.00	0.12	100200.00	279.85
3373200.0	938.00	951.00	119.00	316.25	6.20	315.00	0.11	100100.00	279.95
3376800.0	950.00	1022.00	125.00	317.05	6.10	312.00	0.11	100100.00	280.05
3380400.0	946.00	1024.00	128.00	317.35	6.00	310.00	0.11	100000.00	279.95
3384000.0	927.00	958.00	129.00	317.35	5.90	309.00	0.11	99900.00	279.85
3387600.0	869.00	821.00	135.00	316.95	5.70	309.00	0.11	99900.00	279.55
3391200.0	502.00	552.00	230.00	316.05	5.40	309.00	0.11	99800.00	279.25
3394800.0	48.00	196.00	174.00	314.85	4.90	309.00	0.11	99900.00	279.05
3398400.0	513.00	198.00	68.00	312.15	3.20	311.00	0.13	99900.00	278.75
3402000.0	67.00	18.00	15.00	309.25	1.90	316.00	0.15	99900.00	278.45
3405600.0	0.00	0.00	0.00	307.75	1.70	320.00	0.16	99900.00	278.35
3409200.0	0.00	0.00	0.00	306.55	1.60	323.00	0.17	99900.00	278.35
3412800.0	0.00	0.00	0.00	305.55	1.50	325.00	0.18	99900.00	278.45
3416400.0	0.00	0.00	0.00	304.55	1.50	328.00	0.19	99900.00	278.65
3420000.0	0.00	0.00	0.00	303.55	1.60	328.00	0.21	99800.00	278.65
3423600.0	0.00	0.00	0.00	302.55	1.80	327.00	0.22	99800.00	278.45
3427200.0	0.00	0.00	0.00	301.75	2.10	326.00	0.22	99700.00	278.35
3430800.0	0.00	0.00	0.00	301.15	2.50	324.00	0.23	99700.00	278.05
3434400.0	0.00	0.00	0.00	300.65	2.90	320.00	0.23	99800.00	277.75
3438000.0	0.00	0.00	0.00	300.55	3.30	314.00	0.23	99800.00	277.45
3441600.0	41.00	13.00	12.00	301.85	3.90	308.00	0.21	99800.00	277.25
3445200.0	87.00	110.00	90.00	304.85	4.20	299.00	0.17	99900.00	277.25
3448800.0	312.00	298.00	161.00	308.75	4.90	290.00	0.14	99900.00	277.35
3452400.0	321.00	414.00	214.00	310.75	5.70	287.00	0.13	99900.00	277.45
3456000.0	0.00	78.00	78.00	314.55	6.80	281.00	0.11	99900.00	277.75
3459600.0	148.00	543.00	412.00	315.65	7.20	275.00	0.10	99800.00	278.05
3463200.0	390.00	741.00	373.00	315.95	7.40	270.00	0.10	99700.00	278.55
3466800.0	251.00	676.00	439.00	316.05	7.10	270.00	0.11	99600.00	279.45
3470400.0	554.00	822.00	328.00	316.05	6.70	274.00	0.12	99600.00	280.25
3474000.0	46.00	304.00	268.00	315.75	6.20	272.00	0.12	99500.00	280.65
3477600.0	102.00	307.00	242.00	314.45	6.30	247.00	0.13	99500.00	280.85
3481200.0	6.00	89.00	86.00	310.65	7.50	214.00	0.18	99600.00	282.25
3484800.0	0.00	13.00	13.00	305.25	8.10	194.00	0.29	99700.00	285.25
3488400.0	0.00	2.00	2.00	301.25	7.50	189.00	0.42	99800.00	287.45
3492000.0	0.00	0.00	0.00	299.35	7.10	189.00	0.51	99900.00	288.35
3495600.0	0.00	0.00	0.00	298.15	7.00	189.00	0.56	100000.00	288.85
3499200.0	0.00	0.00	0.00	297.25	6.60	186.00	0.60	100000.00	289.25
3502800.0	0.00	0.00	0.00	296.65	6.20	183.00	0.63	99900.00	289.45
3506400.0	0.00	0.00	0.00	296.15	5.90	179.00	0.65	99900.00	289.35
3510000.0	0.00	0.00	0.00	295.55	5.60	175.00	0.67	99900.00	289.15
3513600.0	0.00	0.00	0.00	295.05	5.20	172.00	0.67	99900.00	288.75
3517200.0	0.00	0.00	0.00	294.55	4.80	169.00	0.68	99900.00	288.35
3520800.0	0.00	0.00	0.00	294.25	4.40	168.00	0.67	100000.00	288.05
3524400.0	0.00	0.00	0.00	293.95	4.20	166.00	0.67	100000.00	287.75
3528000.0	37.00	13.00	12.00	294.35	4.10	162.00	0.64	100100.00	287.45
3531600.0	469.00	177.00	69.00	295.55	4.00	160.00	0.58	100100.00	287.15
3535200.0	709.00	403.00	94.00	297.55	3.70	164.00	0.50	100100.00	286.65
3538800.0	829.00	623.00	108.00	298.85	3.50	169.00	0.45	100100.00	286.15
3542400.0	913.00	815.00	108.00	302.65	3.60	196.00	0.34	100000.00	285.35
3546000.0	955.00	954.00	111.00	304.65	4.10	211.00	0.29	100000.00	284.55
3549600.0	979.00	1031.00	110.00	305.75	4.90	219.00	0.26	99900.00	283.95
3553200.0	988.00	1038.00	106.00	306.05	5.60	221.00	0.25	99900.00	283.55
3556800.0	977.00	974.00	104.00	305.65	6.00	219.00	0.25	99800.00	283.25
3560400.0	951.00	846.00	99.00	305.05	5.90	213.00	0.26	99800.00	283.35
3564000.0	902.00	664.00	90.00	304.25	5.70	205.00	0.27	99800.00	283.35
3567600.0	807.00	444.00	79.00	302.75	5.70	199.00	0.30	99800.00	283.35
3571200.0	618.00	212.00	59.00	300.45	5.70	193.00	0.34	99900.00	283.15
3574800.0	132.00	22.00	17.00	297.95	5.70	188.00	0.39	100000.00	283.05
3578400.0	0.00	0.00	0.00	296.05	5.80	184.00	0.43	100000.00	282.95
3582000.0	0.00	0.00	0.00	294.65	5.70	179.00	0.47	100100.00	282.85
3585600.0	0.00	0.00	0.00	293.65	5.50	173.00	0.49	100100.00	282.85
3589200.0	0.00	0.00	0.00	292.75	5.10	167.00	0.53	100100.00	282.95
3592800.0	0.00	0.00	0.00	292.05	4.80	163.00	0.56	100000.00	283.15
3596400.0	0.00	0.00	0.00	291.45	4.40	159.00	0.59	100000.00	283.45
3600000.0	0.00	0.00	0.00	291.15	4.10	155.00	0.61	100000.00	283.55
3603600.0	0.00	0.00	0.00	290.95	3.80	153.00	0.62	100100.00	283.55
3607200.0	0.00	0.00	0.00	290.85	3.40	151.00	0.62	100100.00	283.45
3610800.0	0.00	0.00	0.00	290.75	3.30	149.00	0.62	100200.00	283.45
3614400.0	19.00	6.00	6.00	291.15	3.50	146.00	0.60	100300.00	283.45
3618000.0	0.00	17.00	17.00	292.05	3.80	144.00	0.57	100300.00	283.45
3621600.0	538.00	364.00	131.00	293.55	3.60	140.00	0.51	100400.00	283.25
3625200.0	792.00	618.00	128.00	294.65	3.40	137.00	0.47	100400.00	282.95
3628800.0	594.00	720.00	261.00	297.35	2.30	138.00	0.38	100300.00	282.35
3632400.0	406.00	734.00	376.00	298.55	1.80	149.00	0.34	100200.00	281.65
3636000.0	66.00	510.00	448.00	299.65	1.70	165.00	0.30	100200.00	281.05
3639600.0	167.00	616.00	459.00	300.45	1.80	187.00	0.28	100100.00	280.25
3643200.0	160.00	592.00	450.00	301.05	2.20	204.00	0.25	100000.00	279.55
3646800.0	606.00	733.00	258.00	301.25	2.60	213.00	0.24	100000.00	278.95
3650400.0	592.00	572.00	197.00	300.85	3.10	216.00	0.24	100000.00	278.55
3654000.0	517.00	363.00	130.00	299.85	3.50	215.00	0.25	100000.00	278.45
3657600.0	436.00	182.00	75.00	297.95	3.60	213.00	0.29	100100.00	278.65
3661200.0	117.00	21.00	17.00	295.65	3.70	208.00	0.35	100200.00	279.65
3664800.0	0.00	0.00	0.00	294.05	3.90	199.00	0.44	100200.00	281.35
3668400.0	0.00	0.00	0.00	293.05	3.60	188.00	0.51	100300.00	282.85
3672000.0	0.00	0.00	0.00	292.35	3.10	176.00	0.57	100300.00	283.65
3675600.0	0.00	0.00	0.00	291.85	2.80	163.00	0.60	100200.00	283.95
3679200.0	0.00	0.00	0.00	291.25	2.40	150.00	0.62	100200.00	283.95
3682800.0	0.00	0.00	0.00	290.55	2.00	139.00	0.65	100200.00	283.95
3686400.0	0.00	0.00	0.00	290.05	1.70	128.00	0.66	100100.00	283.75
3690000.0	0.00	0.00	0.00	289.55	1.60	119.00	0.68	100100.00	283.65
3693600.0	0.00	0.00	0.00	289.15	1.50	110.00	0.68	100100.00	283.45
3697200.0	0.00	0.00	0.00	289.35	1.80	99.00	0.66	100200.00	283.15
3700800.0	58.00	9.00	8.00	291.25	2.60	87.00	0.57	100200.00	282.65
3704400.0	588.00	188.00	57.00	295.05	2.50	62.00	0.43	100200.00	281.95
3708000.0	798.00	423.00	79.00	299.05	1.70	197.00	0.30	100200.00	280.35
3711600.0	901.00	649.00	93.00	300.75	1.60	352.00	0.25	100200.00	279.05
3715200.0	967.00	844.00	99.00	304.25	2.40	329.00	0.19	100100.00	278.15
3718800.0	999.00	983.00	105.00	306.05	3.10	319.00	0.17	100100.00	277.55
3722400.0	1021.00	1061.00	104.00	307.45	3.80	309.00	0.15	100000.00	276.85
3726000.0	1031.00	1066.00	97.00	308.35	4.50	301.00	0.13	99900.00	276.05
3729600.0	1019.00	999.00	96.00	308.75	5.10	295.00	0.12	99900.00	275.45
3733200.0	987.00	863.00	92.00	308.75	5.40	291.00	0.12	99800.00	274.95
3736800.0	927.00	672.00	86.00	308.15	5.50	290.00	0.12	99800.00	274.65
3740400.0	822.00	445.00	77.00	307.05	5.30	289.00	0.13	99800.00	274.55
3744000.0	622.00	208.00	58.00	304.45	3.90	290.00	0.15	99900.00	274.65
3747600.0	128.00	20.00	16.00	301.85	2.70	290.00	0.17	99900.00	274.75
3751200.0	0.00	0.00	0.00	300.45	2.60	281.00	0.19	100000.00	275.05
3754800.0	0.00	0.00	0.00	299.25	2.60	255.00	0.21	100000.00	275.45
3758400.0	0.00	0.00	0.00	297.75	2.20	229.00	0.25	100000.00	276.65
3762000.0	0.00	0.00	0.00	296.25	1.60	223.00	0.31	100000.00	278.25
3765600.0	0.00	0.00	0.00	295.25	1.40	231.00	0.35	100000.00	279.05
3769200.0	0.00	0.00	0.00	294.55	1.60	236.00	0.37	100000.00	279.25
3772800.0	0.00	0.00	0.00	293.95	1.70	231.00	0.39	100000.00	279.45
3776400.0	0.00	0.00	0.00	293.35	1.80	221.00	0.41	100000.00	279.85
3780000.0	0.00	0.00	0.00	292.95	2.00	209.00	0.45	100100.00	280.65
3783600.0	0.00	0.00	0.00	292.95	2.70	200.00	0.48	100200.00	281.85
3787200.0	54.00	9.00	8.00	294.25	4.10	196.00	0.49	100300.00	283.35
3790800.0	550.00	179.00	58.00	296.25	5.30	198.00	0.49	100400.00	285.15
3794400.0	745.00	405.00	86.00	298.35	5.70	204.00	0.48	100400.00	286.75
3798000.0	841.00	623.00	106.00	299.35	5.80	206.00	0.48	100500.00	287.45
3801600.0	910.00	811.00	112.00	302.15	5.80	210.00	0.41	100500.00	287.65
3805200.0	935.00	945.00	125.00	303.65	5.80	212.00	0.36	100500.00	287.15
3808800.0	946.00	1017.00	132.00	304.75	5.90	213.00	0.33	100500.00	286.55
3812400.0	946.00	1022.00	135.00	305.25	5.90	212.00	0.31	100400.00	285.95
3816000.0	936.00	959.00	131.00	305.25	5.80	210.00	0.29	100400.00	285.05
3819600.0	915.00	832.00	119.00	304.85	5.40	207.00	0.28	100400.00	284.05
3823200.0	872.00	652.00	103.00	303.85	5.00	203.00	0.27	100400.00	282.75
3826800.0	773.00	432.00	88.00	302.25	4.70	196.00	0.27	100400.00	281.65
3830400.0	568.00	200.00	65.00	299.95	4.20	187.00	0.29	100500.00	280.65
3834000.0	84.00	18.00	16.00	297.55	3.70	178.00	0.32	100500.00	279.95
3837600.0	0.00	0.00	0.00	295.95	3.70	172.00	0.35	100600.00	279.65
3841200.0	0.00	0.00	0.00	294.75	3.60	166.00	0.37	100600.00	279.65
3844800.0	0.00	0.00	0.00	293.75	3.50	160.00	0.40	100600.00	279.75
3848400.0	0.00	0.00	0.00	292.85	3.30	153.00	0.42	100600.00	279.75
3852000.0	0.00	0.00	0.00	292.05	3.20	144.00	0.44	100600.00	279.55
3855600.0	0.00	0.00	0.00	291.35	3.00	133.00	0.45	100500.00	279.35
3859200.0	0.00	0.00	0.00	290.75	2.80	122.00	0.46	100500.00	279.15
3862800.0	0.00	0.00	0.00	290.25	2.70	112.00	0.47	100500.00	278.95
3866400.0	0.00	0.00	0.00	289.75	2.60	103.00	0.48	100500.00	278.65
3870000.0	0.00	0.00	0.00	289.65	2.70	94.00	0.47	100600.00	278.45
3873600.0	59.00	9.00	8.00	291.05	3.20	84.00	0.43	100600.00	278.35
3877200.0	600.00	185.00	54.00	294.45	3.00	70.00	0.34	100600.00	278.25
3880800.0	808.00	419.00	75.00	298.65	1.90	200.00	0.26	100600.00	277.95
3884400.0	906.00	643.00	88.00	300.75	1.30	339.00	0.23	100600.00	278.05
3888000.0	963.00	831.00	94.00	304.75	3.80	257.00	0.19	100600.00	278.65
3891600.0	988.00	966.00	101.00	305.95	4.60	250.00	0.19	100500.00	279.25
3895200.0	1000.00	1037.00	104.00	306.55	5.00	246.00	0.19	100500.00	279.65
3898800.0	1000.00	1039.00	103.00	306.95	5.10	241.00	0.19	100400.00	280.15
3902400.0	983.00	969.00	102.00	307.25	5.20	233.00	0.19	100300.00	280.35
3906000.0	950.00	835.00	97.00	306.95	5.30	221.00	0.19	100200.00	280.25
3909600.0	894.00	650.00	90.00	305.85	5.50	208.00	0.20	100200.00	279.95
3913200.0	795.00	429.00	78.00	303.85	5.80	195.00	0.22	100200.00	279.75
3916800.0	590.00	197.00	58.00	300.75	5.90	186.00	0.27	100300.00	279.95
3920400.0	93.00	17.00	15.00	297.75	5.70	181.00	0.34	100400.00	280.85
3924000.0	0.00	0.00	0.00	295.75	5.40	178.00	0.42	100400.00	282.25
3927600.0	0.00	0.00	0.00	294.45	4.90	174.00	0.48	100400.00	283.15
3931200.0	0.00	0.00	0.00	293.55	4.40	171.00	0.52	100400.00	283.35
3934800.0	0.00	0.00	0.00	292.75	4.00	169.00	0.55	100400.00	283.45
3938400.0	0.00	0.00	0.00	292.15	3.80	167.00	0.57	100400.00	283.65
3942000.0	0.00	0.00	0.00	291.65	3.50	164.00	0.60	100400.00	283.95
3945600.0	0.00	0.00	0.00	291.25	3.20	160.00	0.63	100400.00	284.25
3949200.0	0.00	0.00	0.00	290.85	2.90	155.00	0.67	100400.00	284.65
3952800.0	0.00	0.00	0.00	290.35	2.50	149.00	0.70	100400.00	284.95
3956400.0	0.00	0.00	0.00	290.05	2.40	141.00	0.73	100500.00	285.25
3960000.0	47.00	8.00	8.00	291.15	3.10	134.00	0.69	100500.00	285.45
3963600.0	557.00	174.00	54.00	293.55	3.40	132.00	0.59	100600.00	285.25
3967200.0	775.00	404.00	76.00	296.25	2.90	140.00	0.47	100600.00	284.35
3970800.0	880.00	625.00	88.00	297.65	2.70	147.00	0.40	100600.00	283.35
3974400.0	950.00	818.00	93.00	301.55	2.40	185.00	0.29	100500.00	281.95
3978000.0	981.00	954.00	97.00	303.55	2.60	204.00	0.23	100400.00	280.35
3981600.0	998.00	1028.00	99.00	304.95	2.90	213.00	0.20	100300.00	279.15
3985200.0	999.00	1031.00	98.00	305.75	3.30	218.00	0.18	100200.00	278.15
3988800.0	986.00	963.00	95.00	305.85	4.00	219.00	0.17	100200.00	277.65
3992400.0	956.00	831.00	91.00	305.25	4.60	217.00	0.17	100100.00	277.65
3996000.0	897.00	645.00	85.00	303.95	5.20	213.00	0.19	100200.00	277.95
3999600.0	799.00	424.00	73.00	301.75	5.50	209.00	0.23	100200.00	278.85
4003200.0	603.00	194.00	54.00	298.95	5.40	204.00	0.30	100200.00	280.25
4006800.0	108.00	16.00	14.00	296.75	4.90	198.00	0.39	100300.00	282.05
4010400.0	0.00	0.00	0.00	295.45	4.40	189.00	0.48	100300.00	283.85
4014000.0	0.00	0.00	0.00	294.65	3.90	178.00	0.55	100300.00	285.35
4017600.0	0.00	0.00	0.00	294.15	3.60	167.00	0.60	100300.00	286.35
4021200.0	0.00	0.00	0.00	293.55	3.40	159.00	0.65	100200.00	286.85
4024800.0	0.00	0.00	0.00	292.95	3.20	152.00	0.68	100200.00	287.05
4028400.0	0.00	0.00	0.00	292.45	3.00	142.00	0.70	100100.00	287.05
4032000.0	0.00	0.00	0.00	292.05	3.00	130.00	0.71	100100.00	286.85
4035600.0	0.00	0.00	0.00	291.75	3.00	118.00	0.71	100100.00	286.55
4039200.0	0.00	0.00	0.00	291.55	3.00	107.00	0.70	100100.00	286.15
4042800.0	0.00	0.00	0.00	291.45	3.20	98.00	0.68	100200.00	285.65
4046400.0	62.00	7.00	7.00	292.95	3.90	91.00	0.60	100200.00	285.05
4050000.0	605.00	178.00	50.00	296.25	4.50	79.00	0.46	100300.00	284.15
4053600.0	810.00	409.00	69.00	300.35	4.30	55.00	0.33	100200.00	282.65
4057200.0	684.00	567.00	151.00	302.35	4.00	39.00	0.26	100200.00	280.75
4060800.0	962.00	821.00	89.00	306.05	2.90	15.00	0.19	100100.00	279.85
4064400.0	992.00	957.00	93.00	307.75	2.20	181.00	0.17	100100.00	279.25
4068000.0	1007.00	1031.00	95.00	309.15	1.80	340.00	0.15	100000.00	278.95
4071600.0	982.00	1027.00	112.00	309.95	1.70	308.00	0.15	99900.00	278.75
4075200.0	982.00	964.00	102.00	310.35	2.10	272.00	0.14	99800.00	278.55
4078800.0	965.00	835.00	90.00	310.15	2.60	245.00	0.14	99800.00	278.55
4082400.0	892.00	646.00	92.00	309.35	3.00	229.00	0.15	99800.00	278.65
4086000.0	793.00	424.00	78.00	307.85	3.20	217.00	0.17	99800.00	278.85
4089600.0	512.00	178.00	61.00	304.85	2.80	207.00	0.20	99800.00	279.35
4093200.0	72.00	13.00	12.00	301.95	2.60	194.00	0.25	99900.00	280.35
4096800.0	0.00	0.00	0.00	300.25	2.80	180.00	0.31	100000.00	281.55
4100400.0	0.00	0.00	0.00	298.95	2.50	168.00	0.36	100000.00	282.65
4104000.0	0.00	0.00	0.00	297.95	2.00	153.00	0.39	100000.00	283.25
4107600.0	0.00	0.00	0.00	297.25	1.60	132.00	0.41	100000.00	283.25
4111200.0	0.00	0.00	0.00	296.85	1.40	107.00	0.40	99900.00	282.75
4114800.0	0.00	0.00	0.00	296.55	1.30	78.00	0.39	99800.00	281.85
4118400.0	0.00	0.00	0.00	296.35	1.20	51.00	0.37	99800.00	281.15
4122000.0	0.00	0.00	0.00	296.35	1.30	32.00	0.36	99800.00	280.55
4125600.0	0.00	0.00	0.00	296.25	1.30	22.00	0.35	99800.00	279.95
4129200.0	0.00	0.00	0.00	296.25	1.40	19.00	0.34	99900.00	279.45
4132800.0	0.00	3.00	3.00	298.15	2.10	19.00	0.29	99900.00	278.95
4136400.0	14.00	74.00	71.00	301.45	2.80	14.00	0.23	100000.00	278.65
4140000.0	38.00	149.00	133.00	305.15	2.90	171.00	0.19	100000.00	278.45
4143600.0	481.00	507.00	216.00	307.35	3.00	332.00	0.17	100000.00	278.45
4147200.0	783.00	757.00	162.00	309.75	4.40	276.00	0.15	100000.00	278.95
4150800.0	359.00	717.00	405.00	308.65	6.40	249.00	0.17	100000.00	280.25
4154400.0	208.00	606.00	413.00	305.05	7.50	232.00	0.26	100100.00	283.05
4158000.0	8.00	203.00	196.00	302.25	5.80	218.00	0.38	100100.00	286.45
4161600.0	1.00	104.00	103.00	301.65	3.20	220.00	0.43	100100.00	287.85
4165200.0	0.00	68.00	68.00	302.25	2.10	238.00	0.43	100100.00	288.35
4168800.0	0.00	62.00	62.00	302.75	2.00	246.00	0.42	100100.00	288.55
4172400.0	0.00	77.00	77.00	302.75	2.00	236.00	0.42	100000.00	288.55
4176000.0	34.00	91.00	83.00	301.65	1.60	218.00	0.45	100100.00	288.55
4179600.0	47.00	9.00	8.00	300.25	1.50	194.00	0.48	100100.00	288.45
4183200.0	0.00	0.00	0.00	299.15	2.20	171.00	0.52	100200.00	288.45
4186800.0	0.00	0.00	0.00	298.15	3.00	158.00	0.55	100200.00	288.55
4190400.0	0.00	0.00	0.00	297.25	3.40	149.00	0.58	100100.00	288.65
4194000.0	0.00	0.00	0.00	296.45	3.40	144.00	0.61	100100.00	288.75
4197600.0	0.00	0.00	0.00	295.75	3.30	142.00	0.64	100000.00	288.75
4201200.0	0.00	0.00	0.00	295.05	3.20	142.00	0.68	100000.00	288.95
4204800.0	0.00	0.00	0.00	294.55	3.20	141.00	0.71	100000.00	289.05
4208400.0	0.00	0.00	0.00	294.05	3.20	139.00	0.73	100000.00	289.25
4212000.0	0.00	0.00	0.00	293.65	3.10	135.00	0.75	100000.00	289.25
4215600.0	0.00	0.00	0.00	293.35	3.20	129.00	0.77	100100.00	289.25
4219200.0	46.00	6.00	6.00	294.25	4.00	123.00	0.72	100100.00	289.05
4222800.0	570.00	168.00	50.00	296.45	4.70	123.00	0.60	100200.00	288.35
4226400.0	790.00	399.00	71.00	299.25	4.40	132.00	0.48	100200.00	287.65
4230000.0	895.00	623.00	83.00	300.65	4.20	139.00	0.43	100200.00	287.05
4233600.0	959.00	816.00	90.00	304.05	3.70	155.00	0.34	100100.00	286.25
4237200.0	994.00	955.00	93.00	305.85	3.70	164.00	0.28	100000.00	285.05
4240800.0	1011.00	1031.00	96.00	307.25	3.80	167.00	0.23	100000.00	283.65
4244400.0	1014.00	1036.00	96.00	308.25	3.90	164.00	0.20	99900.00	282.35
4248000.0	1002.00	968.00	93.00	308.75	4.00	159.00	0.19	99800.00	281.45
4251600.0	971.00	835.00	90.00	308.65	4.10	153.00	0.18	99800.00	280.75
4255200.0	915.00	647.00	84.00	308.05	4.20	147.00	0.18	99800.00	280.45
4258800.0	819.00	424.00	72.00	306.65	4.10	141.00	0.19	99800.00	280.35
4262400.0	621.00	189.00	51.00	304.15	3.30	136.00	0.23	99800.00	280.65
4266000.0	72.00	9.00	8.00	301.75	2.80	130.00	0.27	99900.00	281.25
4269600.0	0.00	0.00	0.00	300.55	3.40	123.00	0.31	100000.00	281.95
4273200.0	0.00	0.00	0.00	299.55	3.60	115.00	0.34	100000.00	282.55
4276800.0	0.00	0.00	0.00	298.55	3.50	111.00	0.37	100000.00	283.05
4280400.0	0.00	0.00	0.00	297.55	3.20	109.00	0.41	100000.00	283.35
4284000.0	0.00	0.00	0.00	296.85	2.90	108.00	0.43	100000.00	283.65
4287600.0	0.00	0.00	0.00	296.35	2.70	109.00	0.45	100000.00	283.85
4291200.0	0.00	0.00	0.00	295.75	2.70	111.00	0.47	100000.00	284.15
4294800.0	0.00	0.00	0.00	295.25	2.80	110.00	0.50	100000.00	284.35
4298400.0	0.00	0.00	0.00	295.05	3.10	107.00	0.51	100000.00	284.55
4302000.0	0.00	0.00	0.00	295.05	3.40	104.00	0.51	100000.00	284.65
4305600.0	56.00	6.00	6.00	296.25	3.90	102.00	0.48	100100.00	284.85
4309200.0	394.00	142.00	62.00	299.15	4.80	96.00	0.42	100100.00	285.25
4312800.0	795.00	397.00	69.00	302.25	5.00	85.00	0.38	100100.00	286.55
4316400.0	814.00	595.00	106.00	303.45	4.80	80.00	0.37	100100.00	287.05
4320000.0	658.00	662.00	165.00	306.55	3.70	75.00	0.31	100000.00	287.05
4323600.0	855.00	902.00	163.00	308.55	3.20	73.00	0.27	99900.00	286.95
4327200.0	583.00	898.00	360.00	310.15	2.80	73.00	0.25	99800.00	286.75
4330800.0	449.00	823.00	408.00	310.65	2.50	77.00	0.24	99800.00	286.65
4334400.0	272.00	667.00	430.00	310.55	2.40	87.00	0.24	99700.00	286.35
4338000.0	498.00	674.00	293.00	310.25	2.40	100.00	0.24	99700.00	286.35
4341600.0	37.00	233.00	210.00	309.55	2.70	111.00	0.25	99700.00	286.45
4345200.0	551.00	356.00	121.00	308.25	2.80	119.00	0.27	99700.00	286.65
4348800.0	418.00	158.00	67.00	306.55	2.60	129.00	0.30	99800.00	286.85
4352400.0	30.00	7.00	7.00	305.15	2.50	133.00	0.33	99800.00	287.15
4356000.0	0.00	0.00	0.00	304.35	2.70	127.00	0.36	99900.00	287.55
4359600.0	0.00	0.00	0.00	303.65	2.60	115.00	0.38	99900.00	287.75
4363200.0	0.00	0.00	0.00	303.05	2.40	100.00	0.39	99900.00	287.75
4366800.0	0.00	0.00	0.00	302.55	2.20	82.00	0.40	99900.00	287.45
4370400.0	0.00	0.00	0.00	302.15	2.50	69.00	0.39	99800.00	286.85
4374000.0	0.00	0.00	0.00	301.85	3.00	63.00	0.38	99800.00	286.05
4377600.0	0.00	0.00	0.00	301.55	3.30	63.00	0.36	99800.00	285.25
4381200.0	0.00	0.00	0.00	301.15	3.20	65.00	0.36	99800.00	284.75
4384800.0	0.00	0.00	0.00	300.75	3.10	68.00	0.36	99900.00	284.35
4388400.0	0.00	0.00	0.00	300.45	3.10	68.00	0.35	99900.00	283.95
4392000.0	20.00	4.00	4.00	300.75	3.70	63.00	0.34	99900.00	283.65
4395600.0	128.00	102.00	76.00	302.45	4.70	50.00	0.31	100000.00	283.65
4399200.0	36.00	151.00	136.00	304.55	5.00	35.00	0.29	100000.00	284.55
4402800.0	136.00	318.00	237.00	305.45	4.90	29.00	0.30	100000.00	285.55
4406400.0	70.00	377.00	324.00	306.25	3.80	12.00	0.29	100100.00	285.85
4410000.0	54.00	408.00	361.00	305.85	2.70	175.00	0.30	100100.00	286.25
4413600.0	14.00	277.00	264.00	305.65	1.70	322.00	0.31	100000.00	286.65
4417200.0	198.00	659.00	476.00	305.55	1.40	270.00	0.32	100000.00	286.95
4420800.0	6.00	183.00	178.00	305.25	1.60	222.00	0.33	100000.00	287.25
4424400.0	59.00	354.00	309.00	304.85	1.90	192.00	0.35	99900.00	287.45
4428000.0	103.00	334.00	271.00	304.45	2.20	173.00	0.36	99900.00	287.65
4431600.0	0.00	76.00	76.00	303.85	2.40	165.00	0.37	99900.00	287.65
4435200.0	2.00	44.00	44.00	302.85	2.60	162.00	0.40	100000.00	287.95
4438800.0	0.00	2.00	2.00	301.95	2.80	153.00	0.44	100000.00	288.45
4442400.0	0.00	0.00	0.00	301.45	3.00	138.00	0.46	100000.00	288.85
4446000.0	0.00	0.00	0.00	301.35	3.00	122.00	0.47	100000.00	288.95
4449600.0	0.00	0.00	0.00	301.35	3.10	107.00	0.46	100000.00	288.85
4453200.0	0.00	0.00	0.00	301.45	3.30	95.00	0.45	99900.00	288.45
4456800.0	0.00	0.00	0.00	301.45	3.50	86.00	0.43	99800.00	287.85
4460400.0	0.00	0.00	0.00	301.35	3.80	78.00	0.42	99800.00	287.45
4464000.0	0.00	0.00	0.00	301.25	4.00	69.00	0.42	99700.00	287.15
4467600.0	0.00	0.00	0.00	301.15	4.10	60.00	0.42	99700.00	287.05
4471200.0	0.00	0.00	0.00	300.95	3.90	55.00	0.42	99700.00	286.75
4474800.0	0.00	0.00	0.00	300.65	3.50	55.00	0.42	99800.00	286.55
4478400.0	18.00	4.00	4.00	301.05	3.60	56.00	0.40	99800.00	286.45
4482000.0	233.00	116.00	70.00	302.25	4.70	44.00	0.37	99800.00	286.25
4485600.0	179.00	234.00	161.00	303.45	5.80	28.00	0.34	99900.00	286.15
4489200.0	504.00	507.00	207.00	304.15	6.30	21.00	0.33	99900.00	286.25
4492800.0	342.00	597.00	340.00	305.95	6.50	23.00	0.30	99800.00	286.25
4496400.0	426.00	742.00	376.00	306.95	6.60	27.00	0.28	99700.00	286.15
4500000.0	182.00	645.00	478.00	307.35	6.50	30.00	0.28	99600.00	286.15
4503600.0	426.00	807.00	415.00	307.45	6.30	31.00	0.28	99500.00	286.35
4507200.0	184.00	545.00	386.00	307.85	6.00	32.00	0.28	99500.00	286.75
4510800.0	110.00	411.00	328.00	308.45	5.80	33.00	0.28	99400.00	287.25
4514400.0	304.00	362.00	178.00	308.75	5.60	34.00	0.28	99400.00	287.85
4518000.0	106.00	190.00	145.00	308.25	5.20	35.00	0.30	99300.00	288.25
4521600.0	9.00	44.00	42.00	307.05	4.60	40.00	0.33	99400.00	288.65
4525200.0	0.00	1.00	1.00	305.95	4.80	47.00	0.36	99400.00	288.85
4528800.0	0.00	0.00	0.00	305.15	5.60	51.00	0.37	99400.00	288.95
4532400.0	0.00	0.00	0.00	304.35	5.90	51.00	0.39	99400.00	288.95
4536000.0	0.00	0.00	0.00	303.65	5.70	50.00	0.41	99400.00	288.95
4539600.0	0.00	0.00	0.00	303.05	5.30	48.00	0.42	99400.00	288.95
4543200.0	0.00	0.00	0.00	302.65	5.10	43.00	0.43	99300.00	288.75
4546800.0	0.00	0.00	0.00	302.35	4.90	36.00	0.43	99300.00	288.75
4550400.0	0.00	0.00	0.00	302.15	4.80	30.00	0.44	99300.00	288.65
4554000.0	0.00	0.00	0.00	302.15	4.80	22.00	0.44	99300.00	288.65
4557600.0	0.00	0.00	0.00	302.15	4.90	15.00	0.44	99300.00	288.65
4561200.0	0.00	0.00	0.00	301.85	4.90	11.00	0.44	99400.00	288.55
4564800.0	2.00	3.00	3.00	302.15	5.10	7.00	0.43	99400.00	288.35
4568400.0	323.00	133.00	70.00	303.15	5.90	177.00	0.41	99500.00	288.65
4572000.0	582.00	348.00	112.00	304.55	6.70	346.00	0.38	99600.00	288.75
4575600.0	715.00	562.00	138.00	305.25	6.90	342.00	0.37	99600.00	288.75
4579200.0	882.00	766.00	106.00	307.35	7.10	333.00	0.32	99500.00	288.55
4582800.0	905.00	896.00	120.00	308.65	7.30	328.00	0.30	99500.00	288.45
4586400.0	909.00	963.00	131.00	309.45	7.30	324.00	0.28	99400.00	288.35
4590000.0	898.00	962.00	138.00	309.75	7.30	319.00	0.28	99300.00	288.45
4593600.0	874.00	894.00	140.00	309.55	7.10	314.00	0.28	99300.00	288.45
4597200.0	837.00	766.00	133.00	308.95	6.80	309.00	0.29	99300.00	288.35
4600800.0	776.00	587.00	119.00	307.85	6.40	304.00	0.31	99300.00	288.15
4604400.0	647.00	371.00	102.00	306.15	5.90	299.00	0.33	99300.00	288.05
4608000.0	389.00	150.00	69.00	304.05	5.10	289.00	0.38	99400.00	288.25
4611600.0	6.00	5.00	5.00	301.95	4.60	273.00	0.45	99500.00	288.85
4615200.0	0.00	0.00	0.00	299.95	4.90	258.00	0.53	99600.00	289.75
4618800.0	0.00	0.00	0.00	298.15	5.10	248.00	0.63	99700.00	290.75
4622400.0	0.00	0.00	0.00	296.65	4.80	242.00	0.71	99700.00	291.15
4626000.0	0.00	0.00	0.00	295.65	4.50	239.00	0.75	99700.00	291.05
4629600.0	0.00	0.00	0.00	294.85	4.40	235.00	0.76	99700.00	290.65
4633200.0	0.00	0.00	0.00	294.25	4.40	230.00	0.77	99700.00	290.05
4636800.0	0.00	0.00	0.00	293.75	4.40	224.00	0.77	99700.00	289.65
4640400.0	0.00	0.00	0.00	293.35	4.50	220.00	0.77	99700.00	289.35
4644000.0	0.00	0.00	0.00	293.15	4.50	216.00	0.77	99700.00	289.15
4647600.0	0.00	0.00	0.00	293.05	4.50	214.00	0.78	99800.00	289.15
4651200.0	0.00	0.00	0.00	293.45	4.80	211.00	0.76	99900.00	289.25
4654800.0	353.00	133.00	65.00	294.75	5.20	207.00	0.71	99900.00	289.35
4658400.0	655.00	361.00	98.00	296.65	5.40	205.00	0.63	100000.00	289.25
4662000.0	156.00	252.00	160.00	297.65	5.40	204.00	0.59	100000.00	289.15
4665600.0	589.00	642.00	203.00	300.35	5.30	204.00	0.50	99900.00	289.05
4669200.0	530.00	707.00	254.00	301.85	5.30	206.00	0.45	99900.00	288.95
4672800.0	249.00	615.00	388.00	303.05	5.30	208.00	0.42	99900.00	288.65
4676400.0	772.00	910.00	204.00	303.65	5.40	210.00	0.39	99800.00	288.15
4680000.0	887.00	901.00	138.00	303.75	5.60	210.00	0.37	99800.00	287.55
4683600.0	917.00	796.00	106.00	303.35	5.60	208.00	0.36	99800.00	286.85
4687200.0	863.00	612.00	94.00	302.35	5.50	204.00	0.37	99800.00	286.35
4690800.0	762.00	393.00	78.00	300.75	5.30	199.00	0.40	99900.00	286.05
4694400.0	540.00	164.00	54.00	298.75	4.80	194.00	0.45	99900.00	285.95
4698000.0	32.00	5.00	5.00	297.05	4.20	191.00	0.50	100000.00	286.25
4701600.0	0.00	0.00	0.00	295.95	4.00	190.00	0.56	100100.00	286.65
4705200.0	0.00	0.00	0.00	295.05	4.00	190.00	0.60	100100.00	287.05
4708800.0	0.00	0.00	0.00	294.25	3.90	191.00	0.64	100100.00	287.35
4712400.0	0.00	0.00	0.00	293.55	3.70	191.00	0.68	100100.00	287.55
4716000.0	0.00	0.00	0.00	292.95	3.60	192.00	0.71	100100.00	287.65
4719600.0	0.00	0.00	0.00	292.55	3.50	193.00	0.73	100100.00	287.65
4723200.0	0.00	0.00	0.00	292.25	3.60	193.00	0.74	100100.00	287.65
4726800.0	0.00	0.00	0.00	292.05	3.80	191.00	0.75	100100.00	287.55
4730400.0	0.00	0.00	0.00	291.85	3.90	189.00	0.75	100100.00	287.45
4734000.0	0.00	0.00	0.00	291.55	3.70	183.00	0.77	100200.00	287.55
4737600.0	0.00	0.00	0.00	291.75	3.80	175.00	0.76	100200.00	287.55
4741200.0	79.00	68.00	53.00	292.85	4.10	166.00	0.70	100300.00	287.25
4744800.0	392.00	288.00	131.00	294.65	4.10	161.00	0.60	100300.00	286.55
4748400.0	286.00	398.00	230.00	295.75	4.10	159.00	0.53	100300.00	285.65
4752000.0	639.00	677.00	202.00	299.05	4.20	167.00	0.40	100200.00	284.55
4755600.0	972.00	929.00	100.00	300.65	4.50	172.00	0.34	100200.00	283.55
4759200.0	994.00	1004.00	99.00	301.85	4.90	173.00	0.30	100100.00	282.55
4762800.0	997.00	1007.00	98.00	302.55	5.20	173.00	0.27	100000.00	281.85
4766400.0	985.00	938.00	94.00	302.85	5.50	174.00	0.26	100000.00	281.55
4770000.0	949.00	804.00	93.00	302.65	5.70	175.00	0.26	100000.00	281.35
4773600.0	878.00	615.00	91.00	301.85	5.80	176.00	0.27	100000.00	281.15
4777200.0	764.00	392.00	79.00	300.55	5.70	177.00	0.29	100000.00	281.05
4780800.0	522.00	160.00	55.00	298.55	5.10	182.00	0.32	100100.00	280.95
4784400.0	20.00	5.00	5.00	296.65	4.80	185.00	0.37	100200.00	281.25
4788000.0	0.00	0.00	0.00	295.25	4.80	181.00	0.42	100300.00	281.95
4791600.0	0.00	0.00	0.00	294.15	4.50	172.00	0.47	100400.00	282.35
4795200.0	0.00	0.00	0.00	293.05	4.20	163.00	0.50	100400.00	282.35
4798800.0	0.00	0.00	0.00	292.15	3.80	151.00	0.52	100400.00	282.15
4802400.0	0.00	0.00	0.00	291.25	3.30	142.00	0.53	100300.00	281.65
4806000.0	0.00	0.00	0.00	290.55	2.80	134.00	0.55	100300.00	281.35
4809600.0	0.00	0.00	0.00	289.75	2.50	125.00	0.57	100300.00	281.25
4813200.0	0.00	0.00	0.00	289.05	2.20	118.00	0.59	100300.00	281.15
4816800.0	0.00	0.00	0.00	288.35	2.00	113.00	0.61	100300.00	280.85
4820400.0	0.00	0.00	0.00	287.85	2.10	106.00	0.61	100400.00	280.65
4824000.0	0.00	0.00	0.00	288.75	2.80	101.00	0.57	100400.00	280.25
4827600.0	558.00	154.00	49.00	291.75	3.00	103.00	0.45	100500.00	279.55
4831200.0	800.00	390.00	72.00	295.35	1.90	130.00	0.32	100500.00	277.85
4834800.0	909.00	618.00	85.00	297.15	1.20	156.00	0.26	100500.00	276.85
4838400.0	979.00	813.00	88.00	300.75	1.20	195.00	0.21	100400.00	276.25
4842000.0	1009.00	952.00	94.00	302.85	1.30	209.00	0.17	100300.00	275.35
4845600.0	1028.00	1028.00	94.00	304.65	1.40	212.00	0.14	100300.00	274.05
4849200.0	1036.00	1032.00	90.00	306.05	1.40	211.00	0.12	100200.00	272.65
4852800.0	1024.00	962.00	87.00	306.95	1.50	209.00	0.10	100100.00	271.35
4856400.0	994.00	828.00	86.00	307.25	1.70	207.00	0.09	100100.00	270.55
4860000.0	924.00	634.00	86.00	306.85	1.90	201.00	0.09	100100.00	269.95
4863600.0	820.00	405.00	72.00	305.25	1.80	194.00	0.10	100100.00	269.55
4867200.0	595.00	167.00	50.00	301.95	1.60	184.00	0.12	100100.00	269.95
4870800.0	34.00	5.00	6.00	298.65	1.60	159.00	0.16	100200.00	271.25
4874400.0	0.00	0.00	0.00	296.85	1.70	126.00	0.20	100200.00	272.65
4878000.0	0.00	0.00	0.00	295.55	1.80	101.00	0.22	100300.00	273.15
4881600.0	0.00	0.00	0.00	294.75	1.90	82.00	0.23	100300.00	272.95
4885200.0	0.00	0.00	0.00	294.15	2.30	69.00	0.23	100300.00	272.25
4888800.0	0.00	0.00	0.00	293.75	2.60	62.00	0.22	100200.00	271.35
4892400.0	0.00	0.00	0.00	293.25	2.70	58.00	0.22	100200.00	270.95
4896000.0	0.00	0.00	0.00	292.65	2.70	55.00	0.23	100200.00	271.15
4899600.0	0.00	0.00	0.00	292.35	2.70	52.00	0.25	100200.00	271.85
4903200.0	0.00	0.00	0.00	292.05	2.80	51.00	0.28	100200.00	272.95
4906800.0	0.00	0.00	0.00	292.15	3.20	50.00	0.30	100200.00	274.35
4910400.0	0.00	0.00	0.00	293.65	4.20	49.00	0.30	100200.00	275.85
4914000.0	625.00	157.00	42.00	297.15	5.20	41.00	0.28	100200.00	277.45
4917600.0	843.00	392.00	59.00	301.15	5.70	28.00	0.24	100200.00	278.95
4921200.0	941.00	618.00	69.00	303.05	5.90	23.00	0.23	100200.00	279.65
4924800.0	998.00	810.00	73.00	306.55	5.20	9.00	0.18	100100.00	278.95
4928400.0	1023.00	946.00	78.00	308.45	4.80	178.00	0.15	100100.00	277.85
4932000.0	1033.00	1016.00	81.00	309.85	4.60	347.00	0.13	100000.00	276.85
4935600.0	1034.00	1018.00	80.00	310.85	4.40	338.00	0.11	99900.00	275.75
4939200.0	1024.00	951.00	79.00	311.35	4.30	330.00	0.10	99800.00	274.85
4942800.0	850.00	769.00	137.00	311.15	4.30	323.00	0.10	99800.00	273.95
4946400.0	924.00	625.00	80.00	310.45	4.10	317.00	0.10	99800.00	273.25
4950000.0	684.00	364.00	89.00	308.45	3.10	313.00	0.10	99800.00	272.65
4953600.0	479.00	146.00	54.00	304.95	1.80	312.00	0.12	99800.00	272.15
4957200.0	0.00	0.00	0.00	302.25	1.50	316.00	0.14	99800.00	271.75
4960800.0	0.00	0.00	0.00	301.05	1.50	326.00	0.14	99900.00	271.25
4964400.0	0.00	0.00	0.00	300.05	1.60	335.00	0.14	99900.00	270.85
4968000.0	0.00	0.00	0.00	299.25	1.80	339.00	0.15	99900.00	270.55
4971600.0	0.00	0.00	0.00	298.45	2.00	324.00	0.15	99900.00	270.45
4975200.0	0.00	0.00	0.00	297.15	2.80	273.00	0.20	99900.00	272.95
4978800.0	0.00	0.00	0.00	295.45	4.30	220.00	0.36	100000.00	279.85
4982400.0	0.00	0.00	0.00	294.05	5.40	201.00	0.65	100100.00	287.25
4986000.0	0.00	0.00	0.00	293.25	5.50	199.00	0.76	100100.00	289.05
4989600.0	0.00	0.00	0.00	292.45	5.10	196.00	0.75	100200.00	288.05
4993200.0	0.00	0.00	0.00	291.85	4.50	192.00	0.71	100300.00	286.65
4996800.0	0.00	0.00	0.00	292.25	4.80	191.00	0.65	100300.00	285.65
5000400.0	479.00	141.00	54.00	293.85	5.70	191.00	0.55	100400.00	284.45
5004000.0	751.00	371.00	77.00	295.85	6.00	193.00	0.43	100400.00	282.75
5007600.0	875.00	598.00	90.00	296.85	6.10	193.00	0.37	100500.00	281.55
5011200.0	949.00	794.00	96.00	299.85	6.20	196.00	0.30	100500.00	280.65
5014800.0	872.00	897.00	160.00	301.45	6.40	198.00	0.26	100400.00	280.15
5018400.0	995.00	1007.00	109.00	302.55	6.60	199.00	0.24	100400.00	280.05
5022000.0	988.00	1005.00	112.00	302.95	6.80	199.00	0.24	100300.00	280.35
5025600.0	968.00	933.00	112.00	302.85	6.70	198.00	0.25	100300.00	280.85
5029200.0	930.00	795.00	107.00	302.15	6.60	196.00	0.27	100300.00	281.45
5032800.0	868.00	606.00	97.00	301.05	6.40	195.00	0.30	100300.00	281.85
5036400.0	747.00	380.00	82.00	299.25	6.10	194.00	0.34	100400.00	282.35
5040000.0	487.00	148.00	56.00	297.05	5.60	194.00	0.41	100500.00	283.05
5043600.0	0.00	0.00	0.00	295.25	5.30	193.00	0.48	100600.00	283.75
5047200.0	0.00	0.00	0.00	294.15	5.30	188.00	0.53	100600.00	284.25
5050800.0	0.00	0.00	0.00	293.45	5.30	180.00	0.55	100600.00	284.35
5054400.0	0.00	0.00	0.00	292.95	5.10	172.00	0.56	100600.00	283.95
5058000.0	0.00	0.00	0.00	292.45	4.80	165.00	0.56	100600.00	283.55
5061600.0	0.00	0.00	0.00	291.95	4.40	158.00	0.57	100600.00	283.25
5065200.0	0.00	0.00	0.00	291.45	4.10	152.00	0.59	100600.00	283.35
5068800.0	0.00	0.00	0.00	290.85	3.80	145.00	0.61	100500.00	283.45
5072400.0	0.00	0.00	0.00	290.25	3.70	138.00	0.64	100500.00	283.45
5076000.0	0.00	0.00	0.00	289.85	3.60	129.00	0.66	100500.00	283.45
5079600.0	0.00	0.00	0.00	289.55	3.50	120.00	0.67	100600.00	283.55
5083200.0	0.00	0.00	0.00	289.85	4.10	114.00	0.66	100600.00	283.65
5086800.0	312.00	116.00	60.00	291.25	4.80	107.00	0.60	100700.00	283.55
5090400.0	461.00	302.00	122.00	293.75	4.70	100.00	0.49	100700.00	282.75
5094000.0	800.00	572.00	109.00	295.25	4.60	96.00	0.41	100700.00	281.65
5097600.0	911.00	770.00	101.00	311.85	5.00	29.00	0.12	100600.00	277.75
5101200.0	946.00	905.00	107.00	313.25	4.50	29.00	0.11	100500.00	277.65
5104800.0	963.00	977.00	109.00	314.15	4.00	33.00	0.11	100400.00	277.65
5108400.0	967.00	979.00	107.00	314.55	3.60	40.00	0.11	100400.00	277.65
5112000.0	955.00	910.00	102.00	314.55	3.40	48.00	0.11	100300.00	277.75
5115600.0	927.00	778.00	94.00	314.15	3.40	54.00	0.11	100200.00	277.85
5119200.0	876.00	593.00	82.00	313.15	3.40	57.00	0.12	100200.00	277.85
5122800.0	771.00	373.00	68.00	311.55	3.10	58.00	0.13	100300.00	277.95
5126400.0	541.00	146.00	46.00	308.45	2.40	56.00	0.15	100400.00	277.95
5130000.0	0.00	0.00	0.00	306.15	2.40	51.00	0.17	100400.00	277.85
5133600.0	0.00	0.00	0.00	305.45	3.30	45.00	0.18	100500.00	277.85
5137200.0	0.00	0.00	0.00	304.75	3.90	40.00	0.19	100500.00	278.05
5140800.0	0.00	0.00	0.00	304.05	4.30	37.00	0.20	100500.00	278.55
5144400.0	0.00	0.00	0.00	303.35	4.50	36.00	0.21	100500.00	278.95
5148000.0	0.00	0.00	0.00	302.65	4.50	35.00	0.23	100500.00	279.15
5151600.0	0.00	0.00	0.00	301.95	4.30	36.00	0.24	100500.00	279.35
5155200.0	0.00	0.00	0.00	301.25	4.10	37.00	0.25	100400.00	279.55
5158800.0	0.00	0.00	0.00	300.65	3.80	38.00	0.26	100500.00	279.85
5162400.0	0.00	0.00	0.00	300.05	3.70	39.00	0.28	100500.00	280.05
5166000.0	0.00	0.00	0.00	299.65	3.60	39.00	0.29	100500.00	280.35
5169600.0	0.00	0.00	0.00	300.55	4.20	38.00	0.28	100500.00	280.65
5173200.0	444.00	130.00	51.00	303.45	4.60	31.00	0.24	100600.00	280.85
5176800.0	596.00	328.00	97.00	307.25	4.50	16.00	0.20	100600.00	281.25
5180400.0	866.00	583.00	84.00	309.15	4.40	7.00	0.18	100600.00	281.25
5184000.0	892.00	761.00	109.00	311.75	3.60	349.00	0.15	100500.00	280.95
5187600.0	948.00	902.00	105.00	313.05	3.10	336.00	0.14	100500.00	280.75
5191200.0	961.00	971.00	108.00	313.95	2.50	322.00	0.13	100400.00	280.45
5194800.0	963.00	972.00	106.00	314.55	2.00	304.00	0.13	100300.00	280.25
5198400.0	944.00	900.00	104.00	314.65	1.60	283.00	0.12	100300.00	280.05
5202000.0	794.00	734.00	151.00	314.35	1.30	258.00	0.12	100200.00	279.85
5205600.0	820.00	576.00	100.00	313.65	1.20	234.00	0.13	100200.00	279.55
5209200.0	690.00	356.00	86.00	312.25	1.10	213.00	0.13	100300.00	279.45
5212800.0	388.00	129.00	59.00	310.05	0.80	188.00	0.15	100300.00	279.45
5216400.0	0.00	0.00	0.00	308.15	0.80	144.00	0.17	100300.00	279.45
5220000.0	0.00	0.00	0.00	306.65	1.00	94.00	0.18	100400.00	279.35
5223600.0	0.00	0.00	0.00	305.35	1.30	57.00	0.19	100400.00	279.25
5227200.0	0.00	0.00	0.00	304.25	2.10	37.00	0.21	100400.00	279.35
5230800.0	0.00	0.00	0.00	303.25	3.10	28.00	0.23	100400.00	279.65
5234400.0	0.00	0.00	0.00	302.35	3.80	24.00	0.24	100400.00	279.75
5238000.0	0.00	0.00	0.00	301.75	4.00	20.00	0.25	100400.00	279.75
5241600.0	0.00	0.00	0.00	301.25	4.00	17.00	0.25	100400.00	279.75
5245200.0	0.00	0.00	0.00	300.85	3.90	14.00	0.26	100400.00	279.65
5248800.0	0.00	0.00	0.00	300.25	3.60	13.00	0.27	100500.00	279.85
5252400.0	0.00	0.00	0.00	299.55	3.00	14.00	0.29	100600.00	280.15
5256000.0	0.00	0.00	0.00	300.35	3.30	15.00	0.28	100700.00	280.45
5259600.0	422.00	127.00	53.00	303.35	4.20	10.00	0.24	100700.00	280.65
5263200.0	683.00	346.00	83.00	307.15	5.00	179.00	0.19	100800.00	280.55
5266800.0	806.00	564.00	101.00	309.05	5.50	354.00	0.17	100800.00	280.05
5270400.0	876.00	750.00	112.00	312.05	5.10	337.00	0.14	100800.00	279.75
5274000.0	907.00	881.00	120.00	313.35	4.70	326.00	0.13	100700.00	279.75
5277600.0	920.00	950.00	126.00	314.35	4.30	319.00	0.12	100600.00	279.75
5281200.0	920.00	950.00	126.00	314.85	3.70	314.00	0.12	100500.00	279.65
5284800.0	514.00	727.00	295.00	314.85	3.10	307.00	0.12	100400.00	279.55
5288400.0	801.00	728.00	143.00	314.25	2.50	296.00	0.12	100400.00	279.45
5292000.0	782.00	559.00	108.00	313.45	1.90	280.00	0.12	100300.00	279.25
5295600.0	578.00	325.00	101.00	312.05	1.30	254.00	0.14	100400.00	279.35
5299200.0	444.00	130.00	51.00	309.15	1.40	219.00	0.16	100400.00	279.75
5302800.0	0.00	0.00	0.00	306.15	2.10	193.00	0.22	100500.00	281.35
5306400.0	0.00	0.00	0.00	303.95	2.90	187.00	0.29	100600.00	284.15
5310000.0	0.00	0.00	0.00	301.95	3.00	185.00	0.38	100700.00	286.35
5313600.0	0.00	0.00	0.00	300.55	2.40	185.00	0.44	100700.00	287.35
5317200.0	0.00	0.00	0.00	299.65	1.70	191.00	0.48	100700.00	287.75
5320800.0	0.00	0.00	0.00	298.85	1.30	197.00	0.51	100700.00	288.05
5324400.0	0.00	0.00	0.00	298.25	1.30	198.00	0.54	100600.00	288.45
5328000.0	0.00	0.00	0.00	297.75	1.30	198.00	0.58	100600.00	288.95
5331600.0	0.00	0.00	0.00	297.35	1.30	193.00	0.61	100600.00	289.35
5335200.0	0.00	0.00	0.00	296.95	1.20	183.00	0.63	100700.00	289.65
5338800.0	0.00	0.00	0.00	296.85	1.10	168.00	0.64	100700.00	289.75
5342400.0	0.00	0.00	0.00	297.65	1.30	154.00	0.61	100800.00	289.65
5346000.0	426.00	125.00	52.00	299.95	1.10	87.00	0.52	100800.00	289.25
5349600.0	655.00	337.00	87.00	303.25	1.50	177.00	0.38	100900.00	287.65
5353200.0	589.00	501.00	164.00	305.15	2.30	328.00	0.29	100900.00	285.05
5356800.0	404.00	593.00	300.00	309.45	4.10	320.00	0.20	100800.00	283.05
5360400.0	362.00	684.00	381.00	311.05	4.40	311.00	0.17	100800.00	282.05
5364000.0	362.00	742.00	419.00	312.05	4.20	303.00	0.16	100700.00	281.65
5367600.0	599.00	834.00	299.00	312.55	4.00	296.00	0.15	100600.00	281.55
5371200.0	469.00	730.00	338.00	312.65	3.80	291.00	0.15	100500.00	281.45
5374800.0	197.00	429.00	286.00	312.25	3.90	283.00	0.15	100400.00	281.35
5378400.0	459.00	448.00	185.00	311.05	4.50	273.00	0.16	100400.00	281.35
5382000.0	164.00	215.00	152.00	308.95	5.10	262.00	0.19	100500.00	281.75
5385600.0	0.00	18.00	18.00	306.65	4.60	249.00	0.23	100600.00	282.55
5389200.0	0.00	0.00	0.00	304.75	3.80	235.00	0.27	100600.00	283.45
5392800.0	0.00	0.00	0.00	303.35	3.00	218.00	0.31	100700.00	284.25
5396400.0	0.00	0.00	0.00	302.15	2.30	197.00	0.34	100600.00	284.75
5400000.0	0.00	0.00	0.00	300.85	1.70	177.00	0.37	100600.00	285.05
5403600.0	0.00	0.00	0.00	299.75	1.30	190.00	0.40	100500.00	285.25
5407200.0	0.00	0.00	0.00	299.05	1.30	228.00	0.43	100600.00	285.65
5410800.0	0.00	0.00	0.00	298.25	1.70	247.00	0.47	100600.00	286.45
5414400.0	0.00	0.00	0.00	297.55	2.00	246.00	0.52	100500.00	287.15
5418000.0	0.00	0.00	0.00	296.95	1.90	235.00	0.56	100600.00	287.85
5421600.0	0.00	0.00	0.00	296.35	1.40	226.00	0.60	100600.00	288.15
5425200.0	0.00	0.00	0.00	295.85	0.90	225.00	0.62	100600.00	288.35
5428800.0	0.00	0.00	0.00	296.35	1.40	234.00	0.61	100600.00	288.45
5432400.0	254.00	98.00	55.00	298.15	2.70	248.00	0.55	100600.00	288.45
5436000.0	663.00	334.00	82.00	300.05	3.90	252.00	0.49	100600.00	288.45
5439600.0	380.00	422.00	206.00	300.95	4.50	251.00	0.46	100600.00	288.45
5443200.0	113.00	426.00	344.00	302.05	4.60	261.00	0.44	100600.00	288.55
5446800.0	382.00	683.00	365.00	303.25	3.80	278.00	0.41	100500.00	288.55
5450400.0	909.00	932.00	123.00	305.15	3.80	287.00	0.35	100400.00	288.05
5454000.0	906.00	931.00	125.00	306.35	4.50	279.00	0.32	100300.00	287.35
5457600.0	880.00	860.00	127.00	306.35	5.00	264.00	0.31	100200.00	286.85
5461200.0	595.00	661.00	230.00	305.95	5.20	249.00	0.30	100200.00	286.45
5464800.0	711.00	531.00	127.00	305.25	5.30	234.00	0.30	100200.00	285.65
5468400.0	544.00	312.00	106.00	303.55	5.40	217.00	0.31	100300.00	284.65
5472000.0	3.00	51.00	50.00	300.85	5.80	200.00	0.36	100300.00	284.55
5475600.0	0.00	0.00	0.00	298.05	6.30	189.00	0.46	100400.00	285.55
5479200.0	0.00	0.00	0.00	295.95	6.70	188.00	0.55	100500.00	286.55
5482800.0	0.00	0.00	0.00	294.65	6.90	191.00	0.62	100600.00	287.15
5486400.0	0.00	0.00	0.00	293.65	7.10	193.00	0.68	100600.00	287.65
5490000.0	0.00	0.00	0.00	292.65	7.10	192.00	0.74	100600.00	287.95
5493600.0	0.00	0.00	0.00	291.85	7.00	190.00	0.76	100600.00	287.55
5497200.0	0.00	0.00	0.00	291.15	7.00	189.00	0.75	100600.00	286.75
5500800.0	0.00	0.00	0.00	290.55	6.90	187.00	0.73	100600.00	285.85
5504400.0	0.00	0.00	0.00	290.15	6.80	186.00	0.71	100700.00	285.05
5508000.0	0.00	0.00	0.00	289.85	6.60	187.00	0.69	100800.00	284.15
5511600.0	0.00	0.00	0.00	289.75	6.30	185.00	0.64	100800.00	283.05
5515200.0	0.00	0.00	0.00	289.85	6.30	183.00	0.59	100900.00	281.85
5518800.0	194.00	91.00	59.00	290.55	6.60	182.00	0.53	101000.00	280.85
5522400.0	422.00	284.00	125.00	292.25	7.00	182.00	0.45	101000.00	280.15
5526000.0	386.00	442.00	223.00	293.25	7.20	182.00	0.40	101100.00	279.45
5529600.0	625.00	670.00	219.00	295.85	7.00	184.00	0.33	101100.00	278.85
5533200.0	842.00	864.00	165.00	297.05	6.90	188.00	0.30	101000.00	278.35
5536800.0	967.00	973.00	115.00	298.05	6.80	191.00	0.27	101000.00	277.85
5540400.0	971.00	973.00	112.00	298.65	6.80	193.00	0.25	100900.00	277.25
5544000.0	954.00	902.00	110.00	298.65	6.80	194.00	0.25	100900.00	277.05
5547600.0	919.00	766.00	104.00	298.15	6.70	193.00	0.25	100900.00	276.95
5551200.0	856.00	577.00	93.00	297.15	6.60	192.00	0.27	100900.00	277.05
5554800.0	736.00	353.00	77.00	295.55	6.20	189.00	0.31	100900.00	277.55
5558400.0	473.00	127.00	49.00	293.85	5.50	187.00	0.35	101000.00	277.95
5562000.0	0.00	0.00	0.00	292.55	4.70	185.00	0.39	101000.00	278.35
5565600.0	0.00	0.00	0.00	291.65	4.30	180.00	0.42	101100.00	278.75
5569200.0	0.00	0.00	0.00	290.85	3.90	172.00	0.45	101100.00	278.95
5572800.0	0.00	0.00	0.00	290.15	3.50	161.00	0.48	101100.00	279.05
5576400.0	0.00	0.00	0.00	289.45	3.30	147.00	0.50	101100.00	279.05
5580000.0	0.00	0.00	0.00	288.95	3.30	133.00	0.50	101100.00	278.75
5583600.0	0.00	0.00	0.00	288.25	3.40	121.00	0.52	101100.00	278.45
5587200.0	0.00	0.00	0.00	287.65	3.50	113.00	0.52	101100.00	278.15
5590800.0	0.00	0.00	0.00	287.05	3.60	108.00	0.54	101100.00	277.85
5594400.0	0.00	0.00	0.00	286.55	3.90	105.00	0.54	101100.00	277.65
5598000.0	0.00	0.00	0.00	286.15	4.20	102.00	0.55	101100.00	277.45
5601600.0	0.00	0.00	0.00	286.65	4.60	98.00	0.52	101200.00	277.15
5605200.0	526.00	132.00	46.00	288.75	4.90	91.00	0.44	101200.00	276.65
5608800.0	791.00	365.00	69.00	291.85	4.20	78.00	0.34	101300.00	275.85
5612400.0	908.00	593.00	81.00	293.45	3.70	69.00	0.30	101300.00	275.35
5616000.0	968.00	784.00	89.00	297.45	3.10	40.00	0.23	101100.00	274.85
5619600.0	1001.00	922.00	94.00	299.55	3.00	24.00	0.19	101000.00	273.95
5623200.0	978.00	980.00	115.00	301.45	3.00	8.00	0.16	100900.00	272.95
5626800.0	575.00	838.00	330.00	302.85	3.00	173.00	0.13	100800.00	271.95
5630400.0	487.00	729.00	327.00	303.75	3.10	341.00	0.12	100700.00	271.25
5634000.0	729.00	701.00	179.00	303.85	3.10	327.00	0.12	100600.00	271.05
5637600.0	715.00	528.00	127.00	303.25	3.10	311.00	0.12	100600.00	270.85
5641200.0	642.00	319.00	81.00	301.55	2.30	301.00	0.13	100600.00	270.85
5644800.0	410.00	111.00	45.00	299.15	1.30	297.00	0.15	100600.00	271.05
5648400.0	0.00	0.00	0.00	297.75	1.00	297.00	0.17	100600.00	271.15
5652000.0	0.00	0.00	0.00	297.35	1.00	308.00	0.17	100700.00	271.25
5655600.0	0.00	0.00	0.00	296.65	1.00	331.00	0.18	100700.00	271.05
5659200.0	0.00	0.00	0.00	295.85	1.10	347.00	0.19	100700.00	270.85
5662800.0	0.00	0.00	0.00	295.15	1.20	350.00	0.19	100700.00	270.65
5666400.0	0.00	0.00	0.00	294.65	1.20	350.00	0.20	100600.00	270.55
5670000.0	0.00	0.00	0.00	294.35	1.20	176.00	0.20	100600.00	270.45
5673600.0	0.00	0.00	0.00	293.95	1.30	5.00	0.20	100600.00	270.25
5677200.0	0.00	0.00	0.00	293.15	1.40	10.00	0.21	100600.00	270.05
5680800.0	0.00	0.00	0.00	292.35	1.60	11.00	0.21	100600.00	269.75
5684400.0	0.00	0.00	0.00	291.85	1.70	11.00	0.22	100600.00	269.55
5688000.0	0.00	0.00	0.00	293.15	2.60	10.00	0.20	100700.00	269.35
5691600.0	284.00	98.00	52.00	296.25	3.50	183.00	0.16	100700.00	269.15
5695200.0	582.00	309.00	93.00	299.65	3.50	341.00	0.13	100700.00	269.55
5698800.0	751.00	534.00	113.00	301.35	3.50	326.00	0.14	100800.00	271.15
5702400.0	818.00	714.00	129.00	303.35	3.20	309.00	0.13	100700.00	272.05
5706000.0	469.00	717.00	330.00	304.75	3.10	299.00	0.13	100700.00	272.65
5709600.0	479.00	783.00	361.00	306.45	3.20	286.00	0.12	100600.00	273.35
5713200.0	201.00	611.00	434.00	307.85	3.60	273.00	0.12	100600.00	274.45
5716800.0	84.00	458.00	389.00	308.55	4.10	262.00	0.13	100500.00	275.95
5720400.0	76.00	377.00	323.00	308.35	4.40	254.00	0.14	100500.00	277.25
5724000.0	77.00	231.00	188.00	307.55	4.30	244.00	0.16	100500.00	278.35
5727600.0	29.00	143.00	132.00	306.15	4.20	224.00	0.19	100500.00	279.55
5731200.0	98.00	72.00	57.00	303.55	4.70	200.00	0.24	100600.00	280.95
5734800.0	0.00	0.00	0.00	300.95	5.40	186.00	0.31	100700.00	282.35
5738400.0	0.00	0.00	0.00	299.35	5.00	175.00	0.36	100800.00	283.25
5742000.0	0.00	0.00	0.00	298.55	3.90	166.00	0.38	100800.00	283.45
5745600.0	0.00	0.00	0.00	298.25	3.10	158.00	0.39	100800.00	283.35
5749200.0	0.00	0.00	0.00	297.95	2.50	149.00	0.39	100800.00	283.25
5752800.0	0.00	0.00	0.00	297.45	1.90	138.00	0.40	100800.00	283.15
5756400.0	0.00	0.00	0.00	296.75	1.50	126.00	0.41	100700.00	282.95
5760000.0	0.00	0.00	0.00	296.35	1.20	112.00	0.42	100700.00	282.85
5763600.0	0.00	0.00	0.00	296.15	1.10	101.00	0.43	100700.00	282.85
5767200.0	0.00	0.00	0.00	295.85	1.10	93.00	0.44	100700.00	282.95
5770800.0	0.00	0.00	0.00	295.75	1.00	87.00	0.44	100800.00	283.05
5774400.0	0.00	0.00	0.00	296.65	1.00	86.00	0.42	100800.00	283.15
5778000.0	398.00	110.00	47.00	298.85	1.10	142.00	0.37	100900.00	283.25
5781600.0	460.00	283.00	113.00	301.65	1.60	217.00	0.32	100900.00	283.45
5785200.0	629.00	498.00	147.00	303.15	2.20	237.00	0.30	100900.00	283.55
5788800.0	864.00	720.00	104.00	306.15	3.70	251.00	0.24	100900.00	283.35
5792400.0	904.00	852.00	109.00	307.85	4.40	251.00	0.22	100800.00	283.15
5796000.0	865.00	905.00	146.00	309.15	4.80	248.00	0.21	100700.00	283.25
5799600.0	938.00	923.00	100.00	310.05	4.90	244.00	0.20	100600.00	283.55
5803200.0	810.00	824.00	160.00	310.35	4.70	238.00	0.20	100500.00	283.85
5806800.0	427.00	580.00	277.00	310.05	4.40	231.00	0.21	100500.00	284.05
5810400.0	488.00	456.00	186.00	309.25	4.20	221.00	0.22	100400.00	284.25
5814000.0	581.00	300.00	89.00	307.55	4.20	205.00	0.25	100500.00	284.55
5817600.0	408.00	105.00	43.00	304.95	4.20	187.00	0.30	100500.00	285.25
5821200.0	0.00	0.00	0.00	302.35	4.30	176.00	0.37	100600.00	286.25
5824800.0	0.00	0.00	0.00	300.65	4.10	169.00	0.44	100700.00	287.35
5828400.0	0.00	0.00	0.00	299.55	3.40	163.00	0.49	100700.00	288.15
5832000.0	0.00	0.00	0.00	298.55	2.60	157.00	0.54	100700.00	288.55
5835600.0	0.00	0.00	0.00	297.75	1.90	152.00	0.57	100700.00	288.85
5839200.0	0.00	0.00	0.00	297.25	1.50	144.00	0.60	100700.00	289.05
5842800.0	0.00	0.00	0.00	296.95	1.20	128.00	0.61	100600.00	289.15
5846400.0	0.00	0.00	0.00	296.45	1.00	105.00	0.63	100600.00	289.15
5850000.0	0.00	0.00	0.00	295.85	1.00	83.00	0.65	100500.00	289.05
5853600.0	0.00	0.00	0.00	295.65	1.00	66.00	0.65	100500.00	288.85
5857200.0	0.00	0.00	0.00	295.45	1.00	54.00	0.65	100500.00	288.65
5860800.0	0.00	0.00	0.00	296.65	1.40	41.00	0.60	100600.00	288.45
5864400.0	136.00	74.00	53.00	299.65	1.60	182.00	0.49	100600.00	288.25
5868000.0	448.00	273.00	109.00	303.35	2.30	300.00	0.38	100700.00	287.45
5871600.0	352.00	397.00	201.00	305.45	3.20	268.00	0.29	100700.00	285.45
5875200.0	656.00	660.00	194.00	308.85	5.20	248.00	0.23	100600.00	284.45
5878800.0	849.00	832.00	137.00	310.15	5.80	242.00	0.22	100500.00	284.65
5882400.0	886.00	905.00	130.00	311.05	6.10	238.00	0.21	100500.00	284.95
5886000.0	582.00	774.00	266.00	311.25	6.30	233.00	0.21	100400.00	284.95
5889600.0	216.00	506.00	330.00	310.75	6.50	227.00	0.21	100300.00	285.15
5893200.0	390.00	563.00	288.00	309.85	6.10	223.00	0.23	100300.00	285.55
5896800.0	664.00	495.00	131.00	308.95	5.70	224.00	0.25	100300.00	285.95
5900400.0	489.00	273.00	98.00	307.55	5.10	221.00	0.27	100300.00	286.05
5904000.0	206.00	77.00	47.00	305.65	4.40	210.00	0.31	100300.00	286.25
5907600.0	0.00	0.00	0.00	303.55	4.40	198.00	0.36	100400.00	286.75
5911200.0	0.00	0.00	0.00	301.55	4.70	190.00	0.43	100400.00	287.65
5914800.0	0.00	0.00	0.00	299.75	4.60	185.00	0.50	100400.00	288.65
5918400.0	0.00	0.00	0.00	298.25	4.20	183.00	0.58	100400.00	289.45
5922000.0	0.00	0.00	0.00	297.35	3.80	186.00	0.63	100400.00	289.85
5925600.0	0.00	0.00	0.00	296.85	3.50	199.00	0.66	100400.00	290.25
5929200.0	0.00	0.00	0.00	296.35	2.70	213.00	0.70	100400.00	290.65
5932800.0	0.00	0.00	0.00	296.15	2.00	219.00	0.72	100400.00	290.95
5936400.0	0.00	0.00	0.00	296.05	1.70	226.00	0.73	100400.00	291.05
5940000.0	0.00	0.00	0.00	295.85	1.50	239.00	0.74	100400.00	291.15
5943600.0	0.00	0.00	0.00	295.65	1.30	250.00	0.75	100400.00	291.15
5947200.0	0.00	0.00	0.00	295.95	1.70	250.00	0.74	100400.00	291.25
5950800.0	341.00	101.00	49.00	296.95	2.50	242.00	0.70	100500.00	291.25
5954400.0	88.00	138.00	106.00	298.15	2.80	236.00	0.64	100500.00	291.05
5958000.0	321.00	374.00	196.00	298.95	3.00	234.00	0.60	100500.00	290.65
5961600.0	51.00	268.00	232.00	301.85	4.00	242.00	0.49	100500.00	290.05
5965200.0	51.00	400.00	358.00	303.45	4.60	246.00	0.43	100400.00	289.45
5968800.0	353.00	707.00	399.00	304.65	4.90	244.00	0.38	100300.00	288.75
5972400.0	183.00	576.00	417.00	305.45	5.20	238.00	0.35	100200.00	288.25
5976000.0	309.00	617.00	366.00	305.75	5.70	231.00	0.34	100100.00	287.75
5979600.0	755.00	679.00	150.00	305.45	6.00	225.00	0.33	100100.00	287.35
5983200.0	832.00	534.00	81.00	304.35	6.00	220.00	0.34	100100.00	286.85
5986800.0	714.00	319.00	66.00	302.55	5.70	213.00	0.37	100100.00	286.35
5990400.0	434.00	102.00	40.00	300.25	5.20	201.00	0.41	100200.00	286.05
5994000.0	0.00	0.00	0.00	298.05	5.00	189.00	0.47	100300.00	285.95
5997600.0	0.00	0.00	0.00	296.25	5.20	184.00	0.52	100400.00	286.05
6001200.0	0.00	0.00	0.00	294.65	5.30	185.00	0.57	100400.00	286.05
6004800.0	0.00	0.00	0.00	293.35	5.20	187.00	0.62	100400.00	285.95
6008400.0	0.00	0.00	0.00	292.35	4.90	188.00	0.66	100400.00	285.95
6012000.0	0.00	0.00	0.00	291.65	4.30	190.00	0.70	100400.00	286.15
6015600.0	0.00	0.00	0.00	291.25	4.10	194.00	0.72	100400.00	286.25
6019200.0	0.00	0.00	0.00	290.85	4.10	198.00	0.73	100400.00	286.05
6022800.0	0.00	0.00	0.00	290.55	3.90	199.00	0.74	100400.00	286.05
6026400.0	0.00	0.00	0.00	290.25	3.40	198.00	0.76	100500.00	286.15
6030000.0	0.00	0.00	0.00	290.05	3.00	197.00	0.78	100500.00	286.25
6033600.0	0.00	0.00	0.00	290.65	3.50	194.00	0.76	100500.00	286.45
6037200.0	284.00	95.00	52.00	292.15	4.30	191.00	0.69	100600.00	286.35
6040800.0	652.00	324.00	88.00	294.15	4.70	190.00	0.58	100600.00	285.75
6044400.0	795.00	544.00	106.00	295.25	4.70	191.00	0.52	100600.00	285.15
6048000.0	907.00	738.00	99.00	298.05	4.70	195.00	0.42	100600.00	284.55
6051600.0	892.00	850.00	125.00	299.65	4.80	198.00	0.37	100600.00	283.95
6055200.0	828.00	890.00	171.00	300.85	5.00	200.00	0.33	100500.00	283.15
6058800.0	960.00	934.00	102.00	301.45	5.10	202.00	0.30	100400.00	282.45
6062400.0	940.00	861.00	101.00	301.55	5.30	203.00	0.29	100400.00	282.05
6066000.0	902.00	724.00	95.00	301.05	5.40	201.00	0.30	100400.00	282.05
6069600.0	838.00	536.00	83.00	299.85	5.50	198.00	0.33	100400.00	282.35
6073200.0	707.00	316.00	69.00	298.15	5.30	195.00	0.38	100500.00	282.95
6076800.0	408.00	98.00	42.00	296.05	5.00	190.00	0.45	100600.00	283.45
6080400.0	0.00	0.00	0.00	294.45	4.60	186.00	0.51	100600.00	284.05
6084000.0	0.00	0.00	0.00	293.35	4.40	179.00	0.56	100700.00	284.25
6087600.0	0.00	0.00	0.00	292.55	4.20	171.00	0.57	100700.00	284.05
6091200.0	0.00	0.00	0.00	291.85	4.00	161.00	0.57	100700.00	283.35
6094800.0	0.00	0.00	0.00	291.25	3.70	151.00	0.57	100600.00	282.65
6098400.0	0.00	0.00	0.00	290.65	3.50	140.00	0.57	100600.00	282.05
6102000.0	0.00	0.00	0.00	290.15	3.30	129.00	0.57	100600.00	281.55
6105600.0	0.00	0.00	0.00	289.75	3.20	116.00	0.56	100600.00	281.15
6109200.0	0.00	0.00	0.00	289.45	3.20	105.00	0.56	100600.00	280.85
6112800.0	0.00	0.00	0.00	289.15	3.30	96.00	0.56	100600.00	280.55
6116400.0	0.00	0.00	0.00	288.75	3.30	90.00	0.57	100600.00	280.35
6120000.0	0.00	0.00	0.00	289.25	3.60	86.00	0.55	100700.00	280.15
6123600.0	435.00	108.00	44.00	291.15	3.90	80.00	0.48	100700.00	280.05
6127200.0	716.00	328.00	71.00	294.05	3.10	69.00	0.40	100800.00	279.95
6130800.0	592.00	477.00	153.00	295.75	2.40	61.00	0.37	100800.00	280.25
6134400.0	873.00	722.00	109.00	299.95	1.60	322.00	0.29	100700.00	280.75
6138000.0	493.00	713.00	314.00	301.75	2.30	286.00	0.26	100700.00	280.55
6141600.0	525.00	792.00	338.00	302.35	2.80	268.00	0.24	100600.00	280.05
6145200.0	529.00	780.00	323.00	302.05	3.10	253.00	0.24	100500.00	279.65
6148800.0	105.00	424.00	340.00	301.55	3.40	238.00	0.25	100500.00	279.55
6152400.0	460.00	566.00	247.00	301.35	3.60	227.00	0.25	100400.00	279.65
6156000.0	755.00	510.00	105.00	301.05	3.60	219.00	0.26	100400.00	279.85
6159600.0	711.00	314.00	69.00	299.75	3.30	208.00	0.28	100500.00	280.05
6163200.0	220.00	74.00	45.00	297.35	2.70	186.00	0.34	100500.00	280.45
6166800.0	0.00	0.00	0.00	295.55	2.80	162.00	0.40	100600.00	281.25
6170400.0	0.00	0.00	0.00	294.75	3.10	143.00	0.43	100600.00	281.95
6174000.0	0.00	0.00	0.00	293.85	2.80	129.00	0.47	100600.00	282.15
6177600.0	0.00	0.00	0.00	292.85	2.40	121.00	0.49	100600.00	282.05
6181200.0	0.00	0.00	0.00	292.05	2.30	112.00	0.51	100600.00	281.75
6184800.0	0.00	0.00	0.00	291.45	2.20	100.00	0.52	100500.00	281.35
6188400.0	0.00	0.00	0.00	290.95	2.20	89.00	0.52	100500.00	281.05
6192000.0	0.00	0.00	0.00	290.55	2.10	81.00	0.52	100400.00	280.65
6195600.0	0.00	0.00	0.00	290.15	2.00	75.00	0.52	100500.00	280.35
6199200.0	0.00	0.00	0.00	289.75	1.80	68.00	0.53	100500.00	280.15
6202800.0	0.00	0.00	0.00	289.35	1.70	61.00	0.53	100500.00	279.95
6206400.0	0.00	0.00	0.00	290.35	2.30	55.00	0.49	100600.00	279.75
6210000.0	479.00	111.00	42.00	293.35	2.60	44.00	0.41	100600.00	279.65
6213600.0	756.00	335.00	66.00	297.15	1.80	175.00	0.32	100700.00	279.55
6217200.0	874.00	557.00	81.00	299.25	1.30	313.00	0.28	100700.00	279.45
6220800.0	941.00	746.00	88.00	302.45	2.30	273.00	0.22	100600.00	278.65
6224400.0	974.00	880.00	94.00	303.95	3.00	260.00	0.18	100500.00	277.35
6228000.0	985.00	947.00	98.00	304.95	3.70	249.00	0.16	100500.00	276.15
6231600.0	981.00	942.00	98.00	305.45	4.20	237.00	0.15	100400.00	275.35
6235200.0	960.00	866.00	97.00	305.45	4.60	226.00	0.14	100300.00	274.75
6238800.0	922.00	726.00	91.00	304.85	4.90	214.00	0.15	100300.00	274.85
6242400.0	856.00	536.00	81.00	303.65	5.10	204.00	0.16	100300.00	275.35
6246000.0	723.00	313.00	67.00	301.45	4.90	193.00	0.20	100300.00	276.25
6249600.0	417.00	93.00	39.00	298.65	4.40	186.00	0.25	100400.00	277.45
6253200.0	0.00	0.00	0.00	296.25	4.10	181.00	0.33	100500.00	279.15
6256800.0	0.00	0.00	0.00	294.85	4.10	177.00	0.41	100500.00	281.05
6260400.0	0.00	0.00	0.00	293.75	3.90	172.00	0.49	100600.00	282.65
6264000.0	0.00	0.00	0.00	292.75	3.60	165.00	0.55	100600.00	283.65
6267600.0	0.00	0.00	0.00	291.95	3.40	155.00	0.59	100600.00	283.95
6271200.0	0.00	0.00	0.00	291.15	3.20	143.00	0.62	100500.00	283.75
6274800.0	0.00	0.00	0.00	290.55	3.10	130.00	0.62	100500.00	283.35
6278400.0	0.00	0.00	0.00	290.05	3.20	119.00	0.62	100500.00	282.75
6282000.0	0.00	0.00	0.00	289.65	3.40	111.00	0.61	100500.00	282.25
6285600.0	0.00	0.00	0.00	289.25	3.70	108.00	0.61	100500.00	281.95
6289200.0	0.00	0.00	0.00	288.85	3.90	107.00	0.63	100600.00	281.85
6292800.0	0.00	0.00	0.00	289.05	4.20	105.00	0.63	100600.00	282.15
6296400.0	488.00	109.00	39.00	291.15	4.50	102.00	0.56	100700.00	282.45
6300000.0	768.00	336.00	65.00	294.65	4.20	97.00	0.42	100700.00	281.35
6303600.0	887.00	559.00	78.00	296.65	3.90	93.00	0.32	100700.00	279.15
6307200.0	955.00	749.00	84.00	301.35	2.40	69.00	0.20	100700.00	276.35
6310800.0	988.00	883.00	89.00	303.05	1.90	68.00	0.17	100600.00	275.35
6314400.0	1005.00	952.00	89.00	304.35	1.60	71.00	0.15	100600.00	274.55
6318000.0	1012.00	950.00	83.00	305.15	1.30	74.00	0.14	100500.00	273.95
6321600.0	998.00	877.00	82.00	305.55	1.00	98.00	0.13	100400.00	273.35
6325200.0	968.00	740.00	77.00	305.35	1.10	146.00	0.12	100300.00	272.85
6328800.0	907.00	548.00	70.00	304.65	1.70	176.00	0.13	100300.00	272.55
6332400.0	788.00	322.00	57.00	302.65	1.90	183.00	0.14	100400.00	272.45
6336000.0	495.00	96.00	35.00	299.45	1.90	183.00	0.17	100400.00	272.85
6339600.0	0.00	0.00	0.00	296.95	2.20	169.00	0.23	100500.00	274.35
6343200.0	0.00	0.00	0.00	295.65	2.30	147.00	0.28	100600.00	276.25
6346800.0	0.00	0.00	0.00	294.65	2.30	122.00	0.32	100600.00	277.35
6350400.0	0.00	0.00	0.00	293.85	2.50	102.00	0.35	100600.00	277.95
6354000.0	0.00	0.00	0.00	293.25	3.00	89.00	0.36	100600.00	277.75
6357600.0	0.00	0.00	0.00	292.65	3.40	81.00	0.36	100600.00	277.25
6361200.0	0.00	0.00	0.00	292.05	3.50	79.00	0.36	100600.00	276.55
6364800.0	0.00	0.00	0.00	291.55	3.50	79.00	0.35	100600.00	275.95
6368400.0	0.00	0.00	0.00	291.15	3.60	79.00	0.35	100600.00	275.45
6372000.0	0.00	0.00	0.00	290.85	3.50	79.00	0.34	100600.00	274.95
6375600.0	0.00	0.00	0.00	290.45	3.40	79.00	0.34	100600.00	274.75
6379200.0	0.00	0.00	0.00	291.35	3.80	80.00	0.32	100600.00	274.65
6382800.0	544.00	112.00	36.00	294.05	4.20	79.00	0.27	100700.00	274.65
6386400.0	804.00	339.00	57.00	297.95	3.70	80.00	0.22	100700.00	274.75
6390000.0	914.00	562.00	69.00	300.15	3.40	81.00	0.19	100700.00	274.45
6393600.0	964.00	749.00	81.00	303.45	1.70	125.00	0.15	100600.00	273.85
6397200.0	995.00	882.00	85.00	305.05	1.60	151.00	0.13	100600.00	273.25
6400800.0	1008.00	950.00	88.00	306.25	1.70	166.00	0.12	100500.00	272.85
6404400.0	1006.00	947.00	89.00	306.95	2.10	173.00	0.11	100400.00	272.35
6408000.0	987.00	869.00	86.00	307.25	2.50	175.00	0.10	100400.00	271.95
6411600.0	951.00	730.00	83.00	306.95	2.80	175.00	0.10	100300.00	271.65
6415200.0	885.00	538.00	75.00	306.15	3.00	174.00	0.11	100300.00	271.45
6418800.0	758.00	312.00	61.00	303.95	2.40	174.00	0.12	100400.00	271.45
6422400.0	449.00	89.00	36.00	300.45	1.70	169.00	0.15	100500.00	271.55
6426000.0	0.00	0.00	0.00	297.95	1.70	152.00	0.18	100500.00	271.85
6429600.0	0.00	0.00	0.00	296.65	1.70	128.00	0.20	100600.00	272.45
6433200.0	0.00	0.00	0.00	295.65	1.70	106.00	0.22	100600.00	272.85
6436800.0	0.00	0.00	0.00	294.75	1.60	90.00	0.24	100500.00	273.15
6440400.0	0.00	0.00	0.00	294.15	1.70	80.00	0.26	100500.00	273.75
6444000.0	0.00	0.00	0.00	293.65	1.90	77.00	0.28	100500.00	274.55
6447600.0	0.00	0.00	0.00	293.35	2.00	78.00	0.30	100400.00	275.55
6451200.0	0.00	0.00	0.00	293.05	2.20	79.00	0.34	100400.00	276.65
6454800.0	0.00	0.00	0.00	292.85	2.30	78.00	0.37	100400.00	277.75
6458400.0	0.00	0.00	0.00	292.55	2.30	76.00	0.40	100400.00	278.65
6462000.0	0.00	0.00	0.00	292.35	2.30	74.00	0.43	100500.00	279.45
6465600.0	0.00	0.00	0.00	293.45	2.90	73.00	0.42	100600.00	280.05
6469200.0	465.00	103.00	39.00	296.35	3.60	73.00	0.36	100600.00	280.65
6472800.0	743.00	325.00	66.00	300.25	3.30	73.00	0.29	100600.00	281.05
6476400.0	863.00	545.00	82.00	302.45	2.90	74.00	0.24	100700.00	280.05
6480000.0	915.00	728.00	96.00	305.75	1.60	103.00	0.17	100600.00	277.95
6483600.0	949.00	860.00	103.00	307.05	1.10	131.00	0.15	100600.00	276.75
6487200.0	965.00	927.00	105.00	308.05	1.10	165.00	0.13	100500.00	276.05
6490800.0	966.00	924.00	104.00	308.65	1.40	190.00	0.13	100400.00	275.65
6494400.0	948.00	850.00	102.00	308.85	1.90	200.00	0.12	100400.00	275.35
6498000.0	912.00	711.00	94.00	308.45	2.40	202.00	0.12	100300.00	275.05
6501600.0	844.00	521.00	83.00	307.65	2.70	200.00	0.13	100300.00	274.85
6505200.0	711.00	299.00	67.00	305.45	2.20	195.00	0.14	100400.00	274.85
6508800.0	396.00	82.00	37.00	302.15	1.50	187.00	0.17	100400.00	274.85
6512400.0	0.00	0.00	0.00	299.85	1.50	170.00	0.20	100500.00	275.05
6516000.0	0.00	0.00	0.00	298.75	1.60	147.00	0.22	100500.00	275.35
6519600.0	0.00	0.00	0.00	297.85	1.70	124.00	0.24	100500.00	275.75
6523200.0	0.00	0.00	0.00	297.05	1.80	102.00	0.26	100500.00	276.35
6526800.0	0.00	0.00	0.00	296.45	1.80	83.00	0.29	100500.00	277.25
6530400.0	0.00	0.00	0.00	295.95	1.90	71.00	0.31	100400.00	278.15
6534000.0	0.00	0.00	0.00	295.55	1.90	67.00	0.34	100400.00	278.85
6537600.0	0.00	0.00	0.00	295.15	1.80	66.00	0.36	100400.00	279.35
6541200.0	0.00	0.00	0.00	294.85	1.70	66.00	0.37	100500.00	279.55
6544800.0	0.00	0.00	0.00	294.45	1.60	66.00	0.38	100500.00	279.65
6548400.0	0.00	0.00	0.00	294.15	1.60	67.00	0.39	100500.00	279.75
6552000.0	0.00	0.00	0.00	295.35	2.00	66.00	0.37	100600.00	279.95
6555600.0	455.00	100.00	39.00	298.45	2.90	64.00	0.31	100600.00	280.15
6559200.0	738.00	320.00	65.00	302.15	3.30	51.00	0.25	100700.00	280.45
6562800.0	860.00	538.00	79.00	304.15	3.00	39.00	0.22	100700.00	280.25
6566400.0	928.00	724.00	86.00	307.05	2.00	185.00	0.18	100600.00	279.35
6570000.0	958.00	854.00	93.00	308.35	1.50	323.00	0.16	100500.00	278.45
6573600.0	972.00	920.00	95.00	309.35	1.60	282.00	0.14	100400.00	277.85
6577200.0	974.00	916.00	93.00	309.95	2.00	261.00	0.13	100300.00	277.45
6580800.0	957.00	842.00	91.00	310.15	2.20	251.00	0.13	100200.00	277.15
6584400.0	920.00	704.00	86.00	309.85	2.30	243.00	0.13	100200.00	276.95
6588000.0	849.00	515.00	78.00	309.05	2.30	235.00	0.13	100200.00	276.65
6591600.0	709.00	293.00	65.00	306.95	1.80	223.00	0.15	100200.00	276.55
6595200.0	370.00	77.00	36.00	304.25	1.40	203.00	0.17	100200.00	276.65
6598800.0	0.00	0.00	0.00	302.55	1.80	182.00	0.20	100300.00	277.35
6602400.0	0.00	0.00	0.00	301.35	2.40	169.00	0.24	100300.00	278.75
6606000.0	0.00	0.00	0.00	299.55	2.50	164.00	0.30	100400.00	280.65
6609600.0	0.00	0.00	0.00	298.05	2.50	162.00	0.37	100400.00	282.55
6613200.0	0.00	0.00	0.00	297.15	2.20	160.00	0.43	100300.00	283.85
6616800.0	0.00	0.00	0.00	296.45	1.90	155.00	0.47	100300.00	284.55
6620400.0	0.00	0.00	0.00	295.95	1.70	141.00	0.49	100300.00	284.85
6624000.0	0.00	0.00	0.00	295.85	1.50	122.00	0.49	100300.00	284.75
6627600.0	0.00	0.00	0.00	295.85	1.20	103.00	0.48	100300.00	284.35
6631200.0	0.00	0.00	0.00	295.85	1.00	71.00	0.48	100300.00	284.35
6634800.0	0.00	0.00	0.00	295.85	0.90	192.00	0.49	100400.00	284.65
6638400.0	0.00	0.00	0.00	295.95	0.90	316.00	0.50	100400.00	285.05
6642000.0	315.00	86.00	44.00	296.95	1.40	293.00	0.49	100500.00	285.65
6645600.0	650.00	299.00	76.00	298.75	1.80	286.00	0.44	100500.00	285.65
6649200.0	786.00	511.00	93.00	299.85	2.00	284.00	0.39	100500.00	284.95
6652800.0	628.00	624.00	194.00	303.95	3.00	291.00	0.29	100500.00	283.85
6656400.0	568.00	716.00	266.00	306.25	3.60	285.00	0.23	100500.00	282.55
6660000.0	913.00	882.00	110.00	307.65	3.90	274.00	0.21	100400.00	282.25
6663600.0	910.00	878.00	112.00	308.35	3.90	262.00	0.20	100300.00	282.35
6667200.0	891.00	804.00	108.00	308.55	3.80	251.00	0.20	100200.00	282.45
6670800.0	853.00	670.00	100.00	308.25	3.70	241.00	0.21	100100.00	282.65
6674400.0	783.00	486.00	87.00	307.25	3.60	230.00	0.22	100100.00	282.75
6678000.0	643.00	273.00	69.00	305.35	3.30	215.00	0.25	100100.00	282.75
6681600.0	316.00	68.00	35.00	302.65	3.10	198.00	0.29	100200.00	282.65
6685200.0	0.00	0.00	0.00	300.35	3.30	183.00	0.33	100300.00	282.95
6688800.0	0.00	0.00	0.00	298.85	3.40	175.00	0.38	100300.00	283.55
6692400.0	0.00	0.00	0.00	297.45	3.30	174.00	0.43	100400.00	284.35
6696000.0	0.00	0.00	0.00	296.35	3.30	175.00	0.50	100400.00	285.35
6699600.0	0.00	0.00	0.00	295.25	3.30	175.00	0.57	100300.00	286.35
6703200.0	0.00	0.00	0.00	294.45	3.10	173.00	0.63	100300.00	287.15
6706800.0	0.00	0.00	0.00	293.65	2.80	169.00	0.68	100300.00	287.75
6710400.0	0.00	0.00	0.00	293.05	2.40	165.00	0.72	100300.00	288.05
6714000.0	0.00	0.00	0.00	292.55	2.00	159.00	0.75	100300.00	288.15
6717600.0	0.00	0.00	0.00	292.15	1.70	155.00	0.77	100300.00	288.05
6721200.0	0.00	0.00	0.00	291.85	1.50	152.00	0.77	100300.00	287.95
6724800.0	0.00	0.00	0.00	292.55	1.90	149.00	0.73	100400.00	287.75
6728400.0	414.00	92.00	38.00	294.95	2.60	149.00	0.62	100400.00	287.45
6732000.0	710.00	305.00	64.00	298.35	2.40	155.00	0.49	100500.00	286.85
6735600.0	835.00	520.00	79.00	300.25	2.10	159.00	0.40	100500.00	285.55
6739200.0	904.00	702.00	86.00	305.35	1.60	245.00	0.26	100400.00	283.25
6742800.0	938.00	831.00	92.00	307.15	2.30	256.00	0.21	100400.00	281.55
6746400.0	957.00	899.00	94.00	308.15	2.90	248.00	0.19	100300.00	280.95
6750000.0	960.00	896.00	92.00	308.55	3.60	240.00	0.18	100200.00	280.55
6753600.0	947.00	823.00	87.00	308.35	4.20	232.00	0.18	100100.00	280.45
6757200.0	911.00	687.00	83.00	307.55	4.60	225.00	0.19	100100.00	280.55
6760800.0	843.00	499.00	73.00	306.15	4.80	217.00	0.21	100100.00	280.85
6764400.0	711.00	281.00	59.00	303.75	4.80	208.00	0.25	100200.00	281.45
6768000.0	382.00	70.00	32.00	300.85	4.40	197.00	0.31	100200.00	282.45
6771600.0	0.00	0.00	0.00	298.65	3.90	186.00	0.40	100300.00	284.05
6775200.0	0.00	0.00	0.00	297.25	3.60	180.00	0.48	100400.00	285.55
6778800.0	0.00	0.00	0.00	296.25	3.40	177.00	0.55	100400.00	286.85
6782400.0	0.00	0.00	0.00	295.65	3.30	175.00	0.60	100400.00	287.75
6786000.0	0.00	0.00	0.00	295.15	2.90	173.00	0.65	100400.00	288.25
6789600.0	0.00	0.00	0.00	294.45	2.40	170.00	0.69	100300.00	288.55
6793200.0	0.00	0.00	0.00	293.85	2.00	168.00	0.72	100300.00	288.75
6796800.0	0.00	0.00	0.00	293.35	1.90	166.00	0.75	100300.00	288.95
6800400.0	0.00	0.00	0.00	292.95	1.80	163.00	0.78	100300.00	289.05
6804000.0	0.00	0.00	0.00	292.65	1.90	161.00	0.80	100300.00	289.15
6807600.0	0.00	0.00	0.00	292.35	1.90	157.00	0.81	100300.00	289.05
6811200.0	0.00	0.00	0.00	293.15	2.40	146.00	0.75	100400.00	288.75
6814800.0	358.00	85.00	40.00	295.35	3.00	141.00	0.63	100400.00	288.15
6818400.0	446.00	250.00	100.00	298.55	2.80	149.00	0.49	100400.00	287.15
6822000.0	788.00	508.00	94.00	300.55	2.60	155.00	0.39	100500.00	285.35
6825600.0	627.00	618.00	193.00	305.35	1.70	231.00	0.26	100400.00	283.25
6829200.0	560.00	710.00	270.00	306.95	2.30	261.00	0.22	100300.00	282.45
6832800.0	934.00	889.00	106.00	308.05	2.70	257.00	0.21	100200.00	282.25
6836400.0	524.00	752.00	315.00	308.45	2.80	251.00	0.20	100100.00	282.05
6840000.0	594.00	708.00	249.00	307.95	3.20	241.00	0.20	100100.00	281.95
6843600.0	815.00	654.00	117.00	307.15	3.70	234.00	0.21	100100.00	282.05
6847200.0	481.00	404.00	163.00	306.25	4.10	228.00	0.23	100100.00	282.25
6850800.0	294.00	200.00	109.00	304.15	4.30	221.00	0.26	100100.00	282.65
6854400.0	281.00	61.00	34.00	301.45	4.50	213.00	0.32	100200.00	283.45
6858000.0	0.00	0.00	0.00	299.35	4.50	201.00	0.40	100300.00	284.75
6861600.0	0.00	0.00	0.00	297.85	4.10	188.00	0.48	100300.00	286.05
6865200.0	0.00	0.00	0.00	296.75	3.40	178.00	0.55	100300.00	287.15
6868800.0	0.00	0.00	0.00	295.95	2.90	174.00	0.60	100300.00	287.95
6872400.0	0.00	0.00	0.00	295.25	2.60	175.00	0.65	100300.00	288.45
6876000.0	0.00	0.00	0.00	294.65	2.30	174.00	0.69	100200.00	288.85
6879600.0	0.00	0.00	0.00	294.25	2.00	169.00	0.71	100200.00	288.95
6883200.0	0.00	0.00	0.00	293.95	1.80	161.00	0.72	100200.00	288.85
6886800.0	0.00	0.00	0.00	293.75	1.60	151.00	0.71	100100.00	288.45
6890400.0	0.00	0.00	0.00	293.65	1.50	143.00	0.69	100100.00	287.95
6894000.0	0.00	0.00	0.00	293.65	1.40	133.00	0.66	100100.00	287.25
6897600.0	0.00	0.00	0.00	294.35	1.40	116.00	0.61	100200.00	286.55
6901200.0	296.00	76.00	39.00	296.15	1.80	94.00	0.52	100200.00	285.95
6904800.0	682.00	295.00	67.00	298.55	1.70	62.00	0.44	100200.00	285.35
6908400.0	708.00	482.00	112.00	299.95	1.40	42.00	0.39	100200.00	284.85
6912000.0	612.00	609.00	196.00	305.75	2.10	316.00	0.26	100200.00	283.65
6915600.0	922.00	813.00	92.00	307.95	2.90	298.00	0.21	100100.00	282.35
6919200.0	934.00	875.00	96.00	308.85	3.50	287.00	0.19	100000.00	281.75
6922800.0	820.00	834.00	153.00	308.85	4.00	275.00	0.18	99900.00	281.35
6926400.0	889.00	787.00	104.00	308.15	4.20	262.00	0.19	99900.00	281.05
6930000.0	883.00	660.00	82.00	307.35	4.10	248.00	0.20	99800.00	280.95
6933600.0	550.00	416.00	143.00	306.75	3.90	235.00	0.20	99800.00	281.05
6937200.0	463.00	224.00	84.00	305.15	3.00	223.00	0.23	99900.00	281.25
6940800.0	13.00	32.00	31.00	302.75	1.80	209.00	0.26	100000.00	281.45
6944400.0	0.00	0.00	0.00	301.15	1.50	194.00	0.29	100000.00	281.75
6948000.0	0.00	0.00	0.00	300.45	1.50	180.00	0.32	100100.00	282.25
6951600.0	0.00	0.00	0.00	299.95	1.40	168.00	0.34	100100.00	282.75
6955200.0	0.00	0.00	0.00	299.55	1.20	159.00	0.36	100100.00	283.35
6958800.0	0.00	0.00	0.00	299.35	1.00	147.00	0.37	100000.00	283.65
6962400.0	0.00	0.00	0.00	299.35	0.90	128.00	0.37	100000.00	283.75
6966000.0	0.00	0.00	0.00	299.35	0.70	111.00	0.37	100000.00	283.65
6969600.0	0.00	0.00	0.00	299.25	0.40	146.00	0.37	99900.00	283.55
6973200.0	0.00	0.00	0.00	298.75	0.50	214.00	0.38	99900.00	283.55
6976800.0	0.00	0.00	0.00	297.85	0.80	234.00	0.40	100000.00	283.65
6980400.0	0.00	0.00	0.00	296.95	1.00	223.00	0.43	100000.00	283.65
6984000.0	0.00	0.00	0.00	297.15	1.20	211.00	0.43	100100.00	283.85
6987600.0	238.00	69.00	40.00	298.75	1.80	207.00	0.39	100100.00	283.85
6991200.0	349.00	229.00	113.00	301.35	2.80	220.00	0.34	100200.00	284.05
6994800.0	68.00	216.00	181.00	302.85	3.30	231.00	0.33	100200.00	284.85
6998400.0	12.00	179.00	171.00	305.05	4.60	240.00	0.30	100200.00	285.15
7002000.0	32.00	268.00	243.00	305.75	5.10	239.00	0.28	100100.00	285.25
7005600.0	16.00	267.00	254.00	306.15	5.20	236.00	0.28	100100.00	285.25
7009200.0	2.00	140.00	138.00	306.45	5.30	234.00	0.27	100000.00	285.25
7012800.0	124.00	414.00	319.00	306.35	5.60	233.00	0.28	100000.00	285.25
7016400.0	2.00	104.00	103.00	304.95	5.90	232.00	0.30	100000.00	285.45
7020000.0	0.00	47.00	47.00	302.35	5.70	229.00	0.37	100100.00	286.05
7023600.0	0.00	58.00	58.00	299.95	4.40	223.00	0.45	100200.00	287.25
7027200.0	0.00	18.00	18.00	298.75	2.50	215.00	0.51	100300.00	287.85
7030800.0	0.00	0.00	0.00	298.25	1.10	187.00	0.53	100300.00	287.95
7034400.0	0.00	0.00	0.00	297.85	0.40	121.00	0.53	100300.00	287.85
7038000.0	0.00	0.00	0.00	297.45	0.40	57.00	0.55	100300.00	287.85
7041600.0	0.00	0.00	0.00	296.95	0.40	27.00	0.57	100300.00	287.95
7045200.0	0.00	0.00	0.00	296.55	0.40	185.00	0.58	100300.00	287.85
7048800.0	0.00	0.00	0.00	296.15	0.50	339.00	0.59	100200.00	287.85
7052400.0	0.00	0.00	0.00	295.85	0.60	166.00	0.61	100200.00	287.95
7056000.0	0.00	0.00	0.00	295.55	0.80	38.00	0.62	100100.00	287.95
7059600.0	0.00	0.00	0.00	295.55	1.10	63.00	0.62	100000.00	287.95
7063200.0	0.00	0.00	0.00	295.45	1.30	45.00	0.62	100000.00	287.85
7066800.0	0.00	0.00	0.00	295.35	1.30	25.00	0.62	100000.00	287.85
7070400.0	0.00	0.00	0.00	295.45	1.50	8.00	0.62	100100.00	287.95
7074000.0	0.00	26.00	26.00	295.95	2.00	181.00	0.61	100200.00	288.25
7077600.0	60.00	136.00	116.00	297.25	2.60	355.00	0.57	100200.00	288.35
7081200.0	3.00	136.00	134.00	298.05	3.00	351.00	0.53	100200.00	287.75
7084800.0	25.00	268.00	251.00	299.85	4.80	333.00	0.46	100200.00	287.35
7088400.0	64.00	376.00	326.00	300.05	6.10	326.00	0.45	100100.00	287.35
7092000.0	88.00	469.00	396.00	299.35	6.80	324.00	0.49	100100.00	287.95
7095600.0	59.00	415.00	366.00	298.55	6.90	325.00	0.54	100000.00	288.75
7099200.0	12.00	236.00	227.00	298.25	6.70	325.00	0.57	100000.00	289.15
7102800.0	104.00	336.00	269.00	298.25	6.40	322.00	0.57	99900.00	289.15
7106400.0	9.00	147.00	143.00	298.35	5.80	317.00	0.55	99900.00	288.85
7110000.0	36.00	75.00	64.00	298.15	4.80	315.00	0.55	99900.00	288.55
7113600.0	0.00	9.00	9.00	297.65	3.70	310.00	0.55	99900.00	288.25
7117200.0	0.00	0.00	0.00	297.15	3.60	287.00	0.57	100000.00	288.25
7120800.0	0.00	0.00	0.00	296.35	4.30	256.00	0.60	100000.00	288.25
7124400.0	0.00	0.00	0.00	295.35	5.00	239.00	0.63	100100.00	287.95
7128000.0	0.00	0.00	0.00	294.15	5.20	234.00	0.64	100100.00	287.15
7131600.0	0.00	0.00	0.00	293.05	4.90	232.00	0.63	100100.00	285.95
7135200.0	0.00	0.00	0.00	292.05	4.20	231.00	0.64	100100.00	285.05
7138800.0	0.00	0.00	0.00	291.15	3.70	232.00	0.67	100100.00	285.05
7142400.0	0.00	0.00	0.00	290.45	3.90	233.00	0.72	100100.00	285.45
7146000.0	0.00	0.00	0.00	289.75	4.20	232.00	0.74	100200.00	285.25
7149600.0	0.00	0.00	0.00	288.95	4.20	231.00	0.73	100200.00	284.25
7153200.0	0.00	0.00	0.00	288.25	3.80	232.00	0.72	100300.00	283.25
7156800.0	0.00	0.00	0.00	288.25	4.00	233.00	0.69	100400.00	282.75
7160400.0	152.00	72.00	54.00	289.25	5.00	231.00	0.62	100500.00	282.05
7164000.0	325.00	222.00	116.00	290.85	5.60	228.00	0.52	100600.00	280.95
7167600.0	598.00	462.00	155.00	291.65	5.80	227.00	0.47	100600.00	280.15
7171200.0	538.00	578.00	220.00	294.15	6.00	223.00	0.38	100600.00	279.45
7174800.0	491.00	662.00	283.00	295.55	6.20	219.00	0.34	100600.00	278.85
7178400.0	907.00	879.00	132.00	296.65	6.20	216.00	0.31	100500.00	278.45
7182000.0	915.00	875.00	126.00	297.35	6.20	214.00	0.29	100500.00	278.25
7185600.0	899.00	799.00	119.00	297.65	6.20	212.00	0.28	100400.00	278.05
7189200.0	853.00	659.00	112.00	297.35	6.20	209.00	0.28	100400.00	277.95
7192800.0	761.00	467.00	100.00	296.35	6.10	204.00	0.30	100500.00	278.05
7196400.0	583.00	248.00	79.00	294.65	5.70	198.00	0.34	100600.00	278.25
7200000.0	173.00	47.00	34.00	292.75	5.00	189.00	0.39	100700.00	278.65
7203600.0	0.00	0.00	0.00	291.25	4.30	181.00	0.45	100800.00	279.25
7207200.0	0.00	0.00	0.00	290.35	3.80	177.00	0.50	100900.00	279.85
7210800.0	0.00	0.00	0.00	289.55	3.40	176.00	0.54	101000.00	280.25
7214400.0	0.00	0.00	0.00	288.85	3.00	176.00	0.57	101000.00	280.45
7218000.0	0.00	0.00	0.00	288.15	2.50	177.00	0.60	101000.00	280.55
7221600.0	0.00	0.00	0.00	287.55	2.20	177.00	0.63	101000.00	280.65
7225200.0	0.00	0.00	0.00	287.05	2.10	175.00	0.65	101000.00	280.65
7228800.0	0.00	0.00	0.00	286.55	1.90	170.00	0.67	101000.00	280.65
7232400.0	0.00	0.00	0.00	286.05	1.70	164.00	0.69	101000.00	280.55
7236000.0	0.00	0.00	0.00	285.55	1.50	159.00	0.71	101000.00	280.45
7239600.0	0.00	0.00	0.00	285.15	1.40	156.00	0.72	101100.00	280.35
7243200.0	0.00	0.00	0.00	285.85	1.80	152.00	0.68	101100.00	280.25
7246800.0	314.00	73.00	37.00	288.35	3.00	154.00	0.58	101200.00	280.15
7250400.0	517.00	246.00	79.00	291.05	3.80	159.00	0.47	101300.00	279.85
7254000.0	576.00	438.00	143.00	292.25	3.90	160.00	0.43	101300.00	279.65
7257600.0	908.00	694.00	92.00	295.05	3.60	162.00	0.36	101200.00	279.45
7261200.0	949.00	823.00	94.00	296.75	3.40	166.00	0.32	101200.00	279.35
7264800.0	967.00	887.00	94.00	298.15	3.20	171.00	0.30	101100.00	279.25
7268400.0	969.00	881.00	92.00	299.15	3.20	178.00	0.28	101000.00	279.15
7272000.0	953.00	805.00	89.00	299.65	3.40	184.00	0.26	100900.00	278.85
7275600.0	916.00	666.00	83.00	299.45	3.70	188.00	0.26	100900.00	278.65
7279200.0	847.00	476.00	72.00	298.55	4.00	191.00	0.28	100900.00	278.55
7282800.0	701.00	256.00	57.00	296.65	3.90	195.00	0.31	100900.00	278.75
7286400.0	310.00	49.00	27.00	294.05	3.70	196.00	0.38	101000.00	279.45
7290000.0	0.00	0.00	0.00	292.25	3.80	189.00	0.47	101100.00	280.85
7293600.0	0.00	0.00	0.00	291.35	3.50	177.00	0.54	101200.00	281.95
7297200.0	0.00	0.00	0.00	290.65	3.10	166.00	0.58	101200.00	282.45
7300800.0	0.00	0.00	0.00	289.95	2.70	152.00	0.62	101200.00	282.65
7304400.0	0.00	0.00	0.00	289.35	2.50	137.00	0.63	101100.00	282.45
7308000.0	0.00	0.00	0.00	288.85	2.60	122.00	0.62	101100.00	281.85
7311600.0	0.00	0.00	0.00	288.45	2.90	111.00	0.61	101100.00	281.15
7315200.0	0.00	0.00	0.00	288.05	3.20	102.00	0.60	101000.00	280.55
7318800.0	0.00	0.00	0.00	287.65	3.50	98.00	0.61	101000.00	280.25
7322400.0	0.00	0.00	0.00	287.15	3.60	95.00	0.62	101100.00	280.15
7326000.0	0.00	0.00	0.00	286.75	3.60	93.00	0.65	101100.00	280.45
7329600.0	0.00	0.00	0.00	287.05	3.90	91.00	0.66	101200.00	280.85
7333200.0	456.00	83.00	32.00	289.15	4.20	87.00	0.58	101200.00	280.95
7336800.0	761.00	300.00	56.00	293.05	3.80	73.00	0.44	101200.00	280.45
7340400.0	883.00	518.00	69.00	295.45	3.40	63.00	0.32	101200.00	278.05
7344000.0	946.00	699.00	75.00	298.85	1.80	60.00	0.25	101100.00	277.35
7347600.0	977.00	827.00	80.00	300.45	1.20	63.00	0.22	101000.00	277.05
7351200.0	991.00	890.00	82.00	301.75	0.60	92.00	0.20	101000.00	276.75
7354800.0	989.00	883.00	82.00	302.65	0.50	135.00	0.18	100800.00	276.25
7358400.0	972.00	806.00	79.00	303.15	0.70	163.00	0.17	100700.00	275.85
7362000.0	853.00	640.00	101.00	303.05	1.20	185.00	0.17	100700.00	275.55
7365600.0	862.00	473.00	66.00	302.35	1.60	194.00	0.18	100700.00	275.45
7369200.0	662.00	242.00	57.00	300.35	1.40	188.00	0.20	100700.00	275.35
7372800.0	336.00	47.00	24.00	297.45	1.20	175.00	0.24	100700.00	275.55
7376400.0	0.00	0.00	0.00	295.45	1.30	152.00	0.28	100800.00	276.15
7380000.0	0.00	0.00	0.00	294.35	1.40	128.00	0.31	100800.00	276.75
7383600.0	0.00	0.00	0.00	293.25	1.40	105.00	0.34	100800.00	277.15
7387200.0	0.00	0.00	0.00	292.25	1.50	83.00	0.37	100700.00	277.15
7390800.0	0.00	0.00	0.00	291.95	1.60	62.00	0.36	100700.00	276.85
7394400.0	0.00	0.00	0.00	291.65	1.90	47.00	0.35	100600.00	276.05
7398000.0	0.00	0.00	0.00	290.85	2.10	40.00	0.35	100600.00	275.25
7401600.0	0.00	0.00	0.00	290.15	2.20	36.00	0.35	100500.00	274.45
7405200.0	0.00	0.00	0.00	289.45	2.20	33.00	0.35	100500.00	273.95
7408800.0	0.00	0.00	0.00	288.95	2.10	30.00	0.35	100600.00	273.55
7412400.0	0.00	0.00	0.00	288.65	2.10	28.00	0.35	100600.00	273.25
7416000.0	0.00	0.00	0.00	289.45	2.60	26.00	0.33	100600.00	273.05
7419600.0	443.00	81.00	33.00	291.75	3.50	25.00	0.28	100700.00	272.95
7423200.0	751.00	297.00	58.00	295.15	3.90	189.00	0.23	100700.00	273.05
7426800.0	874.00	514.00	72.00	297.05	3.90	355.00	0.21	100700.00	273.25
7430400.0	938.00	695.00	79.00	300.85	3.60	332.00	0.17	100600.00	273.75
7434000.0	971.00	825.00	86.00	302.35	3.40	327.00	0.16	100500.00	274.05
7437600.0	984.00	889.00	90.00	303.35	3.20	323.00	0.15	100400.00	273.85
7441200.0	982.00	881.00	90.00	304.05	3.10	315.00	0.14	100300.00	273.55
7444800.0	965.00	804.00	87.00	304.45	3.10	306.00	0.13	100200.00	273.15
7448400.0	926.00	662.00	81.00	304.25	3.00	300.00	0.13	100200.00	272.75
7452000.0	850.00	470.00	72.00	303.45	2.80	296.00	0.13	100100.00	272.45
7455600.0	694.00	247.00	56.00	300.95	1.90	296.00	0.15	100100.00	272.35
7459200.0	278.00	42.00	24.00	297.95	1.20	302.00	0.18	100200.00	272.35
7462800.0	0.00	0.00	0.00	296.45	1.30	317.00	0.20	100200.00	272.45
7466400.0	0.00	0.00	0.00	295.45	1.30	332.00	0.22	100200.00	272.55
7470000.0	0.00	0.00	0.00	294.65	1.40	344.00	0.23	100200.00	272.45
7473600.0	0.00	0.00	0.00	294.15	1.50	353.00	0.23	100100.00	272.35
7477200.0	0.00	0.00	0.00	293.75	1.70	357.00	0.23	100100.00	272.15
7480800.0	0.00	0.00	0.00	293.65	1.90	359.00	0.23	100000.00	271.95
7484400.0	0.00	0.00	0.00	293.55	2.30	358.00	0.23	100000.00	271.85
7488000.0	0.00	0.00	0.00	293.45	2.70	356.00	0.23	99900.00	271.75
7491600.0	0.00	0.00	0.00	293.35	3.00	354.00	0.23	99900.00	271.65
7495200.0	0.00	0.00	0.00	293.25	3.30	350.00	0.23	99900.00	271.55
7498800.0	0.00	0.00	0.00	292.95	3.40	345.00	0.23	99900.00	271.35
7502400.0	0.00	0.00	0.00	292.85	3.60	336.00	0.23	100000.00	271.25
7506000.0	197.00	53.00	32.00	293.95	4.10	316.00	0.21	100000.00	271.15
7509600.0	2.00	54.00	53.00	296.15	4.90	287.00	0.20	100000.00	272.05
7513200.0	6.00	101.00	98.00	297.25	5.30	273.00	0.24	100100.00	275.75
7516800.0	838.00	657.00	110.00	298.65	6.40	245.00	0.32	100100.00	280.75
7520400.0	546.00	655.00	241.00	298.95	7.00	236.00	0.39	100100.00	284.05
7524000.0	470.00	673.00	293.00	299.05	7.40	230.00	0.40	100000.00	284.45
7527600.0	554.00	669.00	225.00	298.95	7.70	222.00	0.36	100000.00	283.05
7531200.0	798.00	736.00	147.00	298.45	7.80	216.00	0.33	100000.00	281.25
7534800.0	802.00	624.00	124.00	297.35	8.20	213.00	0.32	100000.00	279.65
7538400.0	691.00	434.00	114.00	295.35	8.50	210.00	0.34	100100.00	278.95
7542000.0	264.00	163.00	92.00	292.95	8.10	207.00	0.40	100200.00	279.05
7545600.0	46.00	25.00	22.00	290.95	7.30	205.00	0.45	100400.00	279.05
7549200.0	0.00	0.00	0.00	289.85	7.00	206.00	0.47	100500.00	278.65
7552800.0	0.00	0.00	0.00	288.95	7.10	207.00	0.48	100600.00	278.25
7556400.0	0.00	0.00	0.00	288.05	6.90	207.00	0.50	100600.00	277.95
7560000.0	0.00	0.00	0.00	287.35	6.80	206.00	0.52	100600.00	277.75
7563600.0	0.00	0.00	0.00	286.95	6.80	205.00	0.53	100600.00	277.65
7567200.0	0.00	0.00	0.00	286.45	6.70	203.00	0.54	100700.00	277.55
7570800.0	0.00	0.00	0.00	286.05	6.20	200.00	0.56	100600.00	277.55
7574400.0	0.00	0.00	0.00	285.85	5.60	198.00	0.58	100600.00	277.85
7578000.0	0.00	0.00	0.00	285.75	5.20	196.00	0.59	100600.00	278.15
7581600.0	0.00	0.00	0.00	285.55	5.00	195.00	0.61	100700.00	278.35
7585200.0	0.00	0.00	0.00	285.45	4.80	193.00	0.62	100700.00	278.35
7588800.0	0.00	0.00	0.00	285.45	4.70	191.00	0.62	100800.00	278.45
7592400.0	0.00	12.00	12.00	286.35	5.30	190.00	0.59	100900.00	278.55
7596000.0	0.00	40.00	40.00	288.05	5.90	191.00	0.52	100900.00	278.35
7599600.0	99.00	253.00	204.00	288.85	6.00	193.00	0.49	100900.00	278.15
7603200.0	171.00	384.00	273.00	291.25	5.90	200.00	0.41	100900.00	278.05
7606800.0	228.00	520.00	348.00	292.55	6.00	203.00	0.38	100900.00	277.95
7610400.0	382.00	654.00	347.00	293.55	6.10	206.00	0.36	100900.00	277.85
7614000.0	608.00	731.00	246.00	294.05	6.20	207.00	0.35	100800.00	277.95
7617600.0	320.00	506.00	271.00	294.05	6.20	208.00	0.35	100800.00	278.05
7621200.0	867.00	628.00	92.00	293.65	6.20	207.00	0.36	100800.00	278.15
7624800.0	794.00	443.00	79.00	292.75	6.00	205.00	0.39	100800.00	278.35
7628400.0	625.00	227.00	61.00	291.25	5.50	202.00	0.43	100800.00	278.75
7632000.0	181.00	34.00	24.00	289.75	4.70	200.00	0.50	100900.00	279.25
7635600.0	0.00	0.00	0.00	288.95	4.20	199.00	0.55	101000.00	279.95
7639200.0	0.00	0.00	0.00	288.45	4.10	197.00	0.59	101000.00	280.55
7642800.0	0.00	0.00	0.00	288.15	4.00	197.00	0.62	101100.00	281.05
7646400.0	0.00	0.00	0.00	287.95	3.70	198.00	0.64	101100.00	281.35
7650000.0	0.00	0.00	0.00	287.85	3.50	201.00	0.67	101100.00	281.75
7653600.0	0.00	0.00	0.00	287.65	3.20	207.00	0.69	101100.00	282.15
7657200.0	0.00	0.00	0.00	287.35	2.70	213.00	0.72	101100.00	282.55
7660800.0	0.00	0.00	0.00	287.05	2.10	217.00	0.75	101000.00	282.85
7664400.0	0.00	0.00	0.00	286.85	1.70	223.00	0.77	101000.00	283.05
7668000.0	0.00	0.00	0.00	286.75	1.70	230.00	0.79	101100.00	283.25
7671600.0	0.00	0.00	0.00	286.75	1.90	235.00	0.80	101100.00	283.45
7675200.0	0.00	0.00	0.00	287.05	2.20	237.00	0.80	101200.00	283.65
7678800.0	217.00	63.00	41.00	288.15	2.80	233.00	0.75	101300.00	283.95
7682400.0	569.00	262.00	86.00	289.95	3.20	225.00	0.68	101300.00	284.05
7686000.0	623.00	441.00	132.00	290.85	3.40	220.00	0.63	101300.00	283.85
7689600.0	261.00	403.00	234.00	293.25	3.50	214.00	0.54	101300.00	283.75
7693200.0	224.00	497.00	329.00	294.85	3.70	211.00	0.48	101300.00	283.55
7696800.0	404.00	639.00	316.00	296.35	3.90	209.00	0.43	101200.00	283.25
7700400.0	738.00	762.00	176.00	297.15	4.10	207.00	0.41	101100.00	283.05
7704000.0	826.00	736.00	133.00	297.45	4.20	204.00	0.39	101100.00	282.75
7707600.0	711.00	574.00	137.00	297.25	4.40	200.00	0.39	101000.00	282.55
7711200.0	645.00	398.00	105.00	296.45	4.50	197.00	0.41	101100.00	282.45
7714800.0	443.00	193.00	78.00	294.85	4.10	194.00	0.45	101100.00	282.55
7718400.0	142.00	27.00	20.00	292.95	3.40	192.00	0.52	101200.00	282.85
7722000.0	0.00	0.00	0.00	291.55	3.20	189.00	0.59	101200.00	283.55
7725600.0	0.00	0.00	0.00	290.85	3.40	183.00	0.65	101300.00	284.25
7729200.0	0.00	0.00	0.00	290.45	3.30	174.00	0.68	101300.00	284.65
7732800.0	0.00	0.00	0.00	290.05	3.10	166.00	0.70	101300.00	284.75
7736400.0	0.00	0.00	0.00	289.65	2.80	158.00	0.72	101300.00	284.75
7740000.0	0.00	0.00	0.00	289.05	2.50	150.00	0.75	101200.00	284.65
7743600.0	0.00	0.00	0.00	288.25	2.10	142.00	0.79	101200.00	284.65
7747200.0	0.00	0.00	0.00	287.45	1.90	134.00	0.83	101200.00	284.75
7750800.0	0.00	0.00	0.00	287.05	1.90	126.00	0.85	101200.00	284.75
7754400.0	0.00	0.00	0.00	286.75	2.00	119.00	0.87	101300.00	284.75
7758000.0	0.00	0.00	0.00	286.35	2.00	112.00	0.89	101300.00	284.65
7761600.0	0.00	0.00	0.00	286.75	2.50	105.00	0.86	101400.00	284.65
7765200.0	306.00	66.00	36.00	288.75	3.20	103.00	0.75	101400.00	284.55
7768800.0	660.00	271.00	68.00	291.85	2.70	106.00	0.61	101500.00	284.25
7772400.0	804.00	482.00	85.00	293.35	2.00	110.00	0.53	101500.00	283.45
7776000.0	889.00	658.00	87.00	295.45	2.00	239.00	0.49	101600.00	284.45
7779600.0	930.00	785.00	92.00	296.95	2.50	242.00	0.44	101500.00	284.05
7783200.0	948.00	846.00	93.00	298.05	2.90	239.00	0.40	101500.00	283.65
7786800.0	946.00	836.00	91.00	298.75	3.30	231.00	0.37	101400.00	283.15
7790400.0	927.00	758.00	87.00	298.85	3.70	222.00	0.36	101400.00	282.85
7794000.0	887.00	619.00	80.00	298.45	3.80	214.00	0.37	101400.00	282.65
7797600.0	810.00	432.00	69.00	297.45	3.70	204.00	0.39	101400.00	282.55
7801200.0	645.00	216.00	52.00	295.45	3.10	194.00	0.44	101400.00	282.65
7804800.0	198.00	26.00	17.00	293.25	2.50	184.00	0.54	101500.00	283.75
7808400.0	0.00	0.00	0.00	292.05	2.60	177.00	0.60	101500.00	284.25
7812000.0	0.00	0.00	0.00	291.25	2.60	173.00	0.65	101600.00	284.75
7815600.0	0.00	0.00	0.00	290.45	2.30	170.00	0.71	101600.00	285.25
7819200.0	0.00	0.00	0.00	289.65	2.00	169.00	0.76	101600.00	285.55
7822800.0	0.00	0.00	0.00	289.05	1.80	169.00	0.81	101600.00	285.85
7826400.0	0.00	0.00	0.00	288.55	1.80	169.00	0.85	101600.00	286.05
7830000.0	0.00	0.00	0.00	288.15	1.80	168.00	0.88	101600.00	286.25
7833600.0	0.00	0.00	0.00	287.85	1.90	166.00	0.91	101600.00	286.45
7837200.0	0.00	0.00	0.00	287.55	1.80	163.00	0.93	101500.00	286.55
7840800.0	0.00	0.00	0.00	287.25	1.70	158.00	0.95	101500.00	286.65
7844400.0	0.00	0.00	0.00	286.85	1.50	154.00	0.98	101600.00	286.65
7848000.0	0.00	0.00	0.00	287.35	1.60	151.00	0.94	101600.00	286.55
7851600.0	351.00	62.00	29.00	289.55	2.30	156.00	0.82	101700.00	286.55
7855200.0	681.00	266.00	59.00	292.35	2.50	170.00	0.68	101700.00	286.35
7858800.0	817.00	473.00	74.00	293.55	2.40	179.00	0.61	101700.00	285.85
7862400.0	33.00	329.00	308.00	296.25	2.40	212.00	0.50	101700.00	285.35
7866000.0	917.00	770.00	91.00	297.75	2.80	221.00	0.45	101600.00	285.05
7869600.0	936.00	831.00	91.00	298.85	3.20	220.00	0.41	101600.00	284.65
7873200.0	936.00	822.00	89.00	299.45	3.50	217.00	0.38	101500.00	284.15
7876800.0	920.00	747.00	85.00	299.55	3.90	212.00	0.37	101400.00	283.65
7880400.0	880.00	609.00	78.00	299.05	4.20	206.00	0.37	101400.00	283.35
7884000.0	791.00	422.00	72.00	297.95	4.20	199.00	0.39	101400.00	283.05
7887600.0	624.00	209.00	53.00	295.85	3.50	193.00	0.44	101500.00	283.15
7891200.0	174.00	23.00	16.00	293.55	2.80	189.00	0.53	101500.00	283.75
7894800.0	0.00	0.00	0.00	292.25	3.00	188.00	0.60	101600.00	284.35
7898400.0	0.00	0.00	0.00	291.45	3.20	185.00	0.65	101700.00	284.85
7902000.0	0.00	0.00	0.00	290.65	3.30	179.00	0.70	101700.00	285.35
7905600.0	0.00	0.00	0.00	289.85	3.20	169.00	0.76	101700.00	285.75
7909200.0	0.00	0.00	0.00	289.15	2.90	158.00	0.81	101700.00	286.05
7912800.0	0.00	0.00	0.00	288.35	2.40	148.00	0.87	101600.00	286.35
7916400.0	0.00	0.00	0.00	287.75	2.00	137.00	0.91	101600.00	286.45
7920000.0	0.00	0.00	0.00	287.35	1.80	128.00	0.94	101600.00	286.55
7923600.0	0.00	0.00	0.00	287.05	1.80	121.00	0.96	101600.00	286.45
7927200.0	0.00	0.00	0.00	286.85	1.80	115.00	0.97	101700.00	286.45
7930800.0	0.00	0.00	0.00	286.55	1.80	110.00	0.98	101700.00	286.35
7934400.0	0.00	0.00	0.00	287.05	2.30	106.00	0.94	101800.00	286.25
7938000.0	352.00	61.00	29.00	289.15	3.20	104.00	0.82	101800.00	286.15
7941600.0	688.00	265.00	58.00	292.35	3.20	104.00	0.66	101900.00	285.95
7945200.0	824.00	474.00	73.00	293.95	2.90	103.00	0.57	101900.00	285.25
7948800.0	878.00	646.00	89.00	297.25	1.50	113.00	0.44	101800.00	284.35
7952400.0	915.00	770.00	95.00	298.75	1.10	144.00	0.39	101700.00	283.85
7956000.0	931.00	830.00	97.00	299.85	1.30	179.00	0.36	101600.00	283.45
7959600.0	929.00	820.00	96.00	300.55	1.70	194.00	0.34	101600.00	283.15
7963200.0	909.00	742.00	93.00	300.75	2.20	197.00	0.33	101500.00	282.95
7966800.0	865.00	603.00	86.00	300.45	2.70	198.00	0.33	101500.00	282.85
7970400.0	783.00	417.00	74.00	299.55	3.00	198.00	0.35	101500.00	282.85
7974000.0	604.00	203.00	56.00	297.65	3.00	197.00	0.39	101600.00	282.95
7977600.0	136.00	20.00	15.00	295.25	2.80	190.00	0.49	101600.00	284.05
7981200.0	0.00	0.00	0.00	293.55	2.90	174.00	0.55	101700.00	284.35
7984800.0	0.00	0.00	0.00	292.55	3.00	152.00	0.58	101800.00	284.25
7988400.0	0.00	0.00	0.00	291.75	3.20	132.00	0.59	101800.00	283.75
7992000.0	0.00	0.00	0.00	290.95	3.40	116.00	0.58	101800.00	282.65
7995600.0	0.00	0.00	0.00	290.25	3.60	106.00	0.55	101800.00	281.25
7999200.0	0.00	0.00	0.00	289.75	3.70	100.00	0.52	101800.00	279.85
8002800.0	0.00	0.00	0.00	289.25	3.70	97.00	0.49	101800.00	278.75
8006400.0	0.00	0.00	0.00	288.85	3.70	94.00	0.47	101800.00	277.65
8010000.0	0.00	0.00	0.00	288.35	3.60	93.00	0.46	101800.00	277.05
8013600.0	0.00	0.00	0.00	287.75	3.40	92.00	0.47	101800.00	276.55
8017200.0	0.00	0.00	0.00	287.25	3.30	91.00	0.47	101900.00	276.25
8020800.0	0.00	0.00	0.00	287.25	3.60	89.00	0.46	101900.00	275.95
8024400.0	362.00	61.00	28.00	288.85	4.10	87.00	0.41	102000.00	275.75
8028000.0	708.00	268.00	58.00	292.25	4.20	82.00	0.33	102000.00	275.55
8031600.0	844.00	480.00	72.00	294.35	4.10	80.00	0.28	102000.00	275.05
8035200.0	891.00	653.00	90.00	297.95	2.60	87.00	0.25	102000.00	276.45
8038800.0	928.00	777.00	96.00	299.45	2.00	96.00	0.24	101900.00	277.65
8042400.0	946.00	839.00	99.00	300.65	1.80	106.00	0.23	101800.00	277.85
8046000.0	942.00	829.00	99.00	301.35	1.70	117.00	0.22	101800.00	277.45
8049600.0	920.00	749.00	96.00	301.55	1.80	131.00	0.20	101700.00	276.75
8053200.0	875.00	608.00	89.00	301.35	2.00	142.00	0.20	101600.00	276.15
8056800.0	790.00	418.00	76.00	300.45	2.10	148.00	0.20	101700.00	275.65
8060400.0	613.00	203.00	56.00	297.65	1.70	151.00	0.24	101700.00	276.05
8064000.0	118.00	18.00	15.00	294.55	1.50	147.00	0.37	101800.00	279.25
8067600.0	0.00	0.00	0.00	292.95	1.80	134.00	0.38	101800.00	278.55
8071200.0	0.00	0.00	0.00	291.95	1.90	115.00	0.41	101900.00	278.45
8074800.0	0.00	0.00	0.00	291.25	2.10	99.00	0.42	101900.00	278.25
8078400.0	0.00	0.00	0.00	290.95	2.50	89.00	0.42	101900.00	277.95
8082000.0	0.00	0.00	0.00	290.55	3.00	83.00	0.41	101900.00	277.35
8085600.0	0.00	0.00	0.00	290.15	3.30	79.00	0.41	101800.00	276.85
8089200.0	0.00	0.00	0.00	289.75	3.30	77.00	0.41	101800.00	276.45
8092800.0	0.00	0.00	0.00	289.25	3.20	74.00	0.41	101800.00	276.25
8096400.0	0.00	0.00	0.00	288.75	3.00	71.00	0.42	101800.00	276.05
8100000.0	0.00	0.00	0.00	288.35	2.80	69.00	0.43	101800.00	275.85
8103600.0	0.00	0.00	0.00	288.05	2.70	69.00	0.43	101800.00	275.75
8107200.0	0.00	0.00	0.00	288.35	2.90	70.00	0.42	101900.00	275.55
8110800.0	5.00	31.00	30.00	290.35	3.50	71.00	0.37	101900.00	275.45
8114400.0	50.00	145.00	130.00	293.65	3.60	70.00	0.29	101900.00	275.15
8118000.0	94.00	307.00	262.00	295.45	3.20	69.00	0.26	102000.00	275.15
8121600.0	107.00	442.00	375.00	299.75	2.20	67.00	0.19	101900.00	274.35
8125200.0	170.00	588.00	464.00	300.95	1.90	60.00	0.17	101800.00	274.05
8128800.0	132.00	601.00	499.00	301.65	1.90	49.00	0.17	101700.00	274.05
8132400.0	155.00	615.00	495.00	301.95	2.00	38.00	0.17	101600.00	274.15
8136000.0	114.00	517.00	437.00	301.85	2.10	28.00	0.17	101600.00	274.45
8139600.0	121.00	421.00	350.00	301.45	2.10	21.00	0.18	101500.00	274.85
8143200.0	106.00	276.00	231.00	300.45	1.60	17.00	0.20	101500.00	275.35
8146800.0	67.00	119.00	104.00	298.45	1.00	16.00	0.29	101600.00	279.15
8150400.0	1.00	7.00	7.00	296.85	0.90	20.00	0.35	101600.00	280.65
8154000.0	0.00	0.00	0.00	296.05	1.00	26.00	0.35	101700.00	279.85
8157600.0	0.00	0.00	0.00	295.45	1.00	34.00	0.36	101700.00	279.75
8161200.0	0.00	0.00	0.00	294.75	1.00	41.00	0.38	101700.00	279.95
8164800.0	0.00	0.00	0.00	294.05	1.10	48.00	0.40	101700.00	280.05
8168400.0	0.00	0.00	0.00	293.55	1.10	52.00	0.41	101600.00	280.05
8172000.0	0.00	0.00	0.00	293.15	1.10	55.00	0.42	101600.00	280.15
8175600.0	0.00	0.00	0.00	292.95	1.20	60.00	0.43	101500.00	280.05
8179200.0	0.00	0.00	0.00	292.75	1.20	65.00	0.43	101500.00	280.05
8182800.0	0.00	0.00	0.00	292.55	1.20	70.00	0.44	101500.00	280.05
8186400.0	0.00	0.00	0.00	292.45	1.30	73.00	0.44	101500.00	280.05
8190000.0	0.00	0.00	0.00	292.35	1.50	75.00	0.45	101500.00	280.15
8193600.0	0.00	0.00	0.00	292.45	1.60	74.00	0.45	101500.00	280.35
8197200.0	0.00	21.00	21.00	293.75	2.30	71.00	0.42	101500.00	280.65
8200800.0	13.00	95.00	91.00	295.55	2.80	66.00	0.38	101500.00	280.75
8204400.0	411.00	391.00	195.00	296.35	2.90	63.00	0.37	101500.00	280.95
8208000.0	719.00	593.00	143.00	300.05	2.50	29.00	0.31	101500.00	281.75
8211600.0	759.00	711.00	159.00	301.55	2.40	9.00	0.30	101400.00	282.65
8215200.0	774.00	765.00	166.00	302.25	2.30	178.00	0.30	101400.00	283.15
8218800.0	860.00	776.00	117.00	302.65	2.00	354.00	0.30	101300.00	283.55
8222400.0	840.00	700.00	111.00	302.85	1.50	357.00	0.30	101200.00	283.55
8226000.0	795.00	565.00	101.00	302.65	1.00	191.00	0.30	101200.00	283.45
8229600.0	709.00	384.00	84.00	302.05	0.80	44.00	0.31	101200.00	283.25
8233200.0	519.00	179.00	60.00	300.25	0.80	76.00	0.34	101200.00	283.35
8236800.0	58.00	13.00	11.00	298.05	1.00	88.00	0.44	101300.00	284.95
8240400.0	0.00	0.00	0.00	296.65	1.20	87.00	0.45	101300.00	284.15
8244000.0	0.00	0.00	0.00	295.75	1.30	82.00	0.47	101400.00	284.05
8247600.0	0.00	0.00	0.00	295.05	1.40	74.00	0.50	101400.00	284.15
8251200.0	0.00	0.00	0.00	294.25	1.30	65.00	0.53	101400.00	284.35
8254800.0	0.00	0.00	0.00	293.65	1.30	57.00	0.56	101400.00	284.55
8258400.0	0.00	0.00	0.00	292.95	1.20	49.00	0.59	101400.00	284.75
8262000.0	0.00	0.00	0.00	292.35	1.20	41.00	0.62	101400.00	285.05
8265600.0	0.00	0.00	0.00	291.75	1.10	36.00	0.66	101300.00	285.35
8269200.0	0.00	0.00	0.00	291.25	1.10	32.00	0.69	101300.00	285.45
8272800.0	0.00	0.00	0.00	290.75	1.20	30.00	0.72	101400.00	285.65
8276400.0	0.00	0.00	0.00	290.45	1.20	28.00	0.73	101400.00	285.75
8280000.0	0.00	0.00	0.00	290.75	1.20	24.00	0.72	101500.00	285.75
8283600.0	231.00	49.00	30.00	292.75	1.70	18.00	0.64	101600.00	285.85
8287200.0	587.00	240.00	70.00	296.25	1.90	174.00	0.52	101600.00	285.95
8290800.0	734.00	440.00	92.00	298.25	1.60	333.00	0.44	101600.00	285.15
8294400.0	795.00	607.00	113.00	302.05	1.40	282.00	0.33	101600.00	284.25
8298000.0	837.00	726.00	121.00	303.25	1.40	263.00	0.30	101500.00	283.95
8301600.0	854.00	783.00	125.00	303.85	1.50	248.00	0.29	101400.00	283.65
8305200.0	850.00	773.00	126.00	304.15	1.50	231.00	0.27	101400.00	283.25
8308800.0	168.00	568.00	451.00	304.25	1.70	216.00	0.26	101300.00	282.85
8312400.0	777.00	560.00	110.00	303.95	1.90	202.00	0.26	101300.00	282.45
8316000.0	708.00	381.00	85.00	303.25	2.00	190.00	0.26	101300.00	281.95
8319600.0	509.00	176.00	61.00	300.95	1.70	183.00	0.30	101400.00	281.85
8323200.0	0.00	0.00	0.00	298.35	1.60	179.00	0.38	101500.00	283.25
8326800.0	0.00	0.00	0.00	297.05	2.00	171.00	0.38	101500.00	281.85
8330400.0	0.00	0.00	0.00	296.35	2.30	160.00	0.38	101600.00	281.15
8334000.0	0.00	0.00	0.00	295.65	2.30	147.00	0.39	101600.00	281.05
8337600.0	0.00	0.00	0.00	294.95	2.10	133.00	0.41	101600.00	281.25
8341200.0	0.00	0.00	0.00	294.35	1.70	118.00	0.44	101600.00	281.65
8344800.0	0.00	0.00	0.00	293.75	1.40	101.00	0.47	101600.00	282.05
8348400.0	0.00	0.00	0.00	293.45	1.30	79.00	0.48	101600.00	282.35
8352000.0	0.00	0.00	0.00	293.35	1.20	53.00	0.50	101500.00	282.75
8355600.0	0.00	0.00	0.00	293.25	1.20	29.00	0.52	101600.00	283.35
8359200.0	0.00	0.00	0.00	293.15	1.10	13.00	0.55	101600.00	283.95
8362800.0	0.00	0.00	0.00	293.05	1.10	181.00	0.57	101700.00	284.45
8366400.0	0.00	0.00	0.00	293.15	1.10	352.00	0.57	101700.00	284.55
8370000.0	0.00	17.00	17.00	294.35	1.70	346.00	0.54	101800.00	284.75
8373600.0	576.00	235.00	70.00	296.85	2.10	337.00	0.46	101800.00	284.65
8377200.0	732.00	436.00	92.00	298.35	2.10	330.00	0.40	101800.00	283.95
8380800.0	151.00	468.00	375.00	302.35	2.40	311.00	0.30	101800.00	283.15
8384400.0	882.00	731.00	97.00	303.85	2.40	297.00	0.27	101800.00	283.05
8388000.0	897.00	787.00	100.00	304.65	2.30	280.00	0.26	101700.00	282.85
8391600.0	891.00	777.00	102.00	304.95	2.30	262.00	0.25	101600.00	282.65
8395200.0	864.00	699.00	101.00	304.85	2.30	244.00	0.25	101500.00	282.25
8398800.0	807.00	560.00	96.00	304.25	2.40	228.00	0.25	101500.00	281.85
8402400.0	717.00	377.00	80.00	303.25	2.50	212.00	0.26	101500.00	281.65
8406000.0	514.00	171.00	58.00	301.15	2.30	198.00	0.29	101600.00	281.65
8409600.0	0.00	0.00	0.00	298.75	2.40	184.00	0.36	101700.00	282.55
8413200.0	0.00	0.00	0.00	297.15	3.00	169.00	0.38	101700.00	281.95
8416800.0	0.00	0.00	0.00	295.75	3.10	154.00	0.40	101800.00	281.65
8420400.0	0.00	0.00	0.00	294.55	2.90	143.00	0.43	101800.00	281.65
8424000.0	0.00	0.00	0.00	293.45	2.60	133.00	0.47	101800.00	281.75
8427600.0	0.00	0.00	0.00	292.55	2.40	122.00	0.50	101700.00	281.85
8431200.0	0.00	0.00	0.00	291.95	2.40	112.00	0.51	101700.00	281.75
8434800.0	0.00	0.00	0.00	291.45	2.40	103.00	0.52	101700.00	281.45
8438400.0	0.00	0.00	0.00	290.95	2.40	95.00	0.52	101700.00	281.05
8442000.0	0.00	0.00	0.00	290.45	2.20	89.00	0.53	101700.00	280.95
8445600.0	0.00	0.00	0.00	290.05	1.90	82.00	0.54	101700.00	280.95
8449200.0	0.00	0.00	0.00	289.65	1.60	75.00	0.56	101700.00	280.95
8452800.0	0.00	0.00	0.00	289.95	1.60	67.00	0.55	101800.00	281.05
8456400.0	285.00	48.00	26.00	292.15	2.20	61.00	0.49	101800.00	281.35
8460000.0	652.00	244.00	59.00	295.75	2.10	35.00	0.40	101800.00	281.55
8463600.0	797.00	448.00	75.00	297.75	1.50	12.00	0.36	101800.00	281.75
8467200.0	832.00	613.00	101.00	301.75	1.60	300.00	0.28	101800.00	281.65
8470800.0	872.00	733.00	108.00	303.25	1.70	281.00	0.25	101700.00	281.35
8474400.0	889.00	789.00	112.00	304.25	2.00	263.00	0.23	101600.00	281.05
8478000.0	892.00	779.00	108.00	304.55	2.40	248.00	0.22	101500.00	280.55
8481600.0	868.00	702.00	106.00	304.35	2.90	234.00	0.22	101500.00	279.95
8485200.0	815.00	563.00	98.00	303.65	3.20	223.00	0.22	101400.00	279.35
8488800.0	730.00	380.00	81.00	302.35	3.50	212.00	0.22	101400.00	278.85
8492400.0	529.00	171.00	57.00	299.75	3.30	203.00	0.26	101500.00	278.65
8496000.0	0.00	0.00	0.00	296.95	3.30	195.00	0.32	101600.00	279.45
8499600.0	0.00	0.00	0.00	295.25	3.70	185.00	0.37	101600.00	280.05
8503200.0	0.00	0.00	0.00	293.95	3.60	174.00	0.44	101700.00	281.35
8506800.0	0.00	0.00	0.00	292.95	3.20	162.00	0.50	101700.00	282.35
8510400.0	0.00	0.00	0.00	291.95	2.50	149.00	0.55	101700.00	282.95
8514000.0	0.00	0.00	0.00	291.15	2.00	130.00	0.58	101600.00	282.85
8517600.0	0.00	0.00	0.00	290.65	1.70	109.00	0.58	101600.00	282.45
8521200.0	0.00	0.00	0.00	290.35	1.50	88.00	0.58	101600.00	282.15
8524800.0	0.00	0.00	0.00	290.25	1.40	72.00	0.57	101500.00	281.85
8528400.0	0.00	0.00	0.00	290.25	1.40	61.00	0.57	101500.00	281.65
8532000.0	0.00	0.00	0.00	290.25	1.50	56.00	0.56	101600.00	281.55
8535600.0	0.00	0.00	0.00	290.15	1.50	53.00	0.56	101600.00	281.45
8539200.0	0.00	0.00	0.00	290.45	1.60	54.00	0.54	101700.00	281.25
8542800.0	269.00	46.00	26.00	292.65	2.30	55.00	0.47	101700.00	281.15
8546400.0	641.00	242.00	62.00	296.45	2.50	46.00	0.37	101700.00	281.05
8550000.0	789.00	447.00	81.00	298.35	2.00	36.00	0.32	101700.00	280.35
8553600.0	871.00	621.00	89.00	302.65	1.20	328.00	0.22	101600.00	278.65
8557200.0	907.00	741.00	96.00	303.95	1.20	296.00	0.19	101600.00	277.75
8560800.0	921.00	798.00	99.00	304.75	1.40	270.00	0.18	101500.00	277.45
8564400.0	917.00	786.00	99.00	305.15	1.70	249.00	0.17	101400.00	277.05
8568000.0	892.00	706.00	96.00	305.05	1.90	234.00	0.17	101300.00	276.65
8571600.0	842.00	566.00	89.00	304.55	2.10	220.00	0.17	101300.00	276.35
8575200.0	760.00	381.00	73.00	303.45	2.30	210.00	0.17	101300.00	276.05
8578800.0	563.00	171.00	52.00	300.65	2.10	202.00	0.21	101400.00	276.45
8582400.0	0.00	0.00	0.00	297.75	2.20	191.00	0.28	101400.00	278.05
8586000.0	0.00	0.00	0.00	296.25	2.80	176.00	0.30	101500.00	277.75
8589600.0	0.00	0.00	0.00	295.25	2.70	160.00	0.34	101500.00	278.75
8593200.0	0.00	0.00	0.00	294.25	2.20	140.00	0.39	101500.00	279.75
8596800.0	0.00	0.00	0.00	293.45	1.80	115.00	0.42	101500.00	280.25
8600400.0	0.00	0.00	0.00	292.85	1.70	91.00	0.44	101500.00	280.25
8604000.0	0.00	0.00	0.00	292.35	1.80	73.00	0.44	101500.00	279.95
8607600.0	0.00	0.00	0.00	291.95	1.90	64.00	0.44	101500.00	279.65
8611200.0	0.00	0.00	0.00	291.65	2.00	61.00	0.44	101500.00	279.25
8614800.0	0.00	0.00	0.00	291.25	1.90	60.00	0.44	101500.00	278.85
8618400.0	0.00	0.00	0.00	290.85	1.70	58.00	0.44	101500.00	278.45
8622000.0	0.00	0.00	0.00	290.45	1.60	55.00	0.44	101500.00	278.15
8625600.0	0.00	0.00	0.00	290.65	1.50	53.00	0.42	101600.00	277.85
8629200.0	252.00	44.00	26.00	292.95	2.20	54.00	0.36	101600.00	277.65
8632800.0	624.00	237.00	63.00	296.85	2.70	52.00	0.28	101600.00	277.25
8636400.0	775.00	440.00	82.00	298.75	2.50	50.00	0.25	101700.00	277.05
8640000.0	825.00	605.00	104.00	303.15	1.60	32.00	0.19	101600.00	276.85
8643600.0	865.00	724.00	112.00	304.45	1.00	61.00	0.17	101500.00	276.95
8647200.0	881.00	780.00	116.00	305.25	0.80	108.00	0.17	101500.00	277.05
8650800.0	890.00	771.00	108.00	305.65	0.80	138.00	0.16	101400.00	277.05
8654400.0	866.00	691.00	104.00	305.65	1.10	147.00	0.16	101300.00	276.95
8658000.0	815.00	552.00	95.00	305.25	1.40	148.00	0.17	101300.00	276.85
8661600.0	718.00	368.00	80.00	304.15	1.50	147.00	0.17	101300.00	276.75
8665200.0	514.00	161.00	55.00	301.45	1.20	148.00	0.22	101300.00	277.65
8668800.0	0.00	0.00	0.00	298.45	1.30	144.00	0.29	101400.00	279.25
8672400.0	0.00	0.00	0.00	296.95	1.60	127.00	0.30	101500.00	278.55
8676000.0	0.00	0.00	0.00	295.95	1.80	104.00	0.32	101500.00	278.35
8679600.0	0.00	0.00	0.00	295.05	2.10	85.00	0.33	101500.00	278.15
8683200.0	0.00	0.00	0.00	294.45	2.40	74.00	0.34	101500.00	277.85
8686800.0	0.00	0.00	0.00	293.85	2.60	70.00	0.34	101500.00	277.35
8690400.0	0.00	0.00	0.00	293.25	2.70	68.00	0.34	101500.00	276.95
8694000.0	0.00	0.00	0.00	292.65	2.60	64.00	0.34	101500.00	276.55
8697600.0	0.00	0.00	0.00	292.05	2.50	61.00	0.34	101400.00	276.15
8701200.0	0.00	0.00	0.00	291.55	2.40	59.00	0.35	101400.00	275.85
8704800.0	0.00	0.00	0.00	291.05	2.50	56.00	0.35	101400.00	275.65
8708400.0	0.00	0.00	0.00	290.65	2.50	52.00	0.36	101500.00	275.65
8712000.0	0.00	0.00	0.00	290.85	2.80	48.00	0.37	101500.00	275.95
8715600.0	235.00	41.00	25.00	292.75	3.50	44.00	0.34	101600.00	276.45
8719200.0	604.00	231.00	65.00	296.35	3.80	36.00	0.28	101600.00	276.95
8722800.0	756.00	432.00	86.00	298.35	3.80	31.00	0.25	101600.00	277.15
8726400.0	828.00	601.00	101.00	303.05	3.80	17.00	0.19	101500.00	277.05
8730000.0	865.00	717.00	109.00	304.55	3.20	15.00	0.17	101400.00	277.05
8733600.0	884.00	774.00	110.00	305.45	2.30	12.00	0.17	101300.00	277.25
8737200.0	878.00	759.00	109.00	305.75	1.50	178.00	0.17	101300.00	277.55
8740800.0	852.00	680.00	106.00	305.55	1.10	330.00	0.17	101200.00	277.55
8744400.0	801.00	543.00	98.00	304.85	1.00	310.00	0.18	101100.00	277.45
8748000.0	727.00	364.00	76.00	303.65	0.80	304.00	0.19	101100.00	277.35
8751600.0	521.00	158.00	52.00	301.85	0.70	294.00	0.26	101100.00	280.35
8755200.0	0.00	0.00	0.00	300.45	0.70	292.00	0.26	101100.00	279.35
8758800.0	0.00	0.00	0.00	299.55	0.70	317.00	0.27	101100.00	278.95
8762400.0	0.00	0.00	0.00	298.45	0.80	168.00	0.28	101200.00	278.55
8766000.0	0.00	0.00	0.00	297.15	1.10	3.00	0.30	101200.00	278.35
8769600.0	0.00	0.00	0.00	295.65	1.20	3.00	0.32	101100.00	278.35
8773200.0	0.00	0.00	0.00	294.35	1.40	1.00	0.34	101100.00	278.15
8776800.0	0.00	0.00	0.00	293.45	1.70	181.00	0.36	101100.00	277.95
8780400.0	0.00	0.00	0.00	293.45	2.40	181.00	0.36	101100.00	277.95
8784000.0	0.00	0.00	0.00	293.75	3.30	4.00	0.35	101000.00	277.95
8787600.0	0.00	0.00	0.00	293.55	3.50	182.00	0.36	101000.00	278.15
8791200.0	0.00	0.00	0.00	293.25	3.70	360.00	0.37	101000.00	278.25
8794800.0	0.00	0.00	0.00	293.15	3.90	359.00	0.37	101000.00	278.25
8798400.0	0.00	0.00	0.00	292.95	4.10	358.00	0.38	101000.00	278.15
8802000.0	0.00	3.00	3.00	293.55	4.60	356.00	0.36	101100.00	278.15
8805600.0	20.00	103.00	97.00	295.75	5.00	351.00	0.31	101100.00	278.05
8809200.0	45.00	238.00	218.00	297.15	5.10	348.00	0.28	101100.00	277.85
8812800.0	34.00	308.00	288.00	301.65	6.10	326.00	0.21	101100.00	277.35
8816400.0	37.00	389.00	363.00	302.55	6.30	317.00	0.19	101100.00	276.95
8820000.0	65.00	490.00	441.00	302.65	6.10	314.00	0.19	101000.00	276.85
8823600.0	73.00	494.00	440.00	302.65	6.10	312.00	0.19	100900.00	276.85
8827200.0	55.00	411.00	374.00	302.95	6.00	310.00	0.19	100900.00	276.95
8830800.0	51.00	315.00	287.00	303.35	5.60	307.00	0.19	100800.00	277.05
8834400.0	102.00	245.00	205.00	302.85	4.50	306.00	0.19	100800.00	277.15
8838000.0	64.00	97.00	84.00	300.15	2.70	312.00	0.23	100800.00	277.45
8841600.0	0.00	0.00	0.00	297.45	1.80	327.00	0.28	100800.00	278.05
8845200.0	0.00	0.00	0.00	296.55	2.00	338.00	0.30	100800.00	277.95
8848800.0	0.00	0.00	0.00	296.05	2.20	344.00	0.30	100800.00	277.85
8852400.0	0.00	0.00	0.00	295.35	2.40	346.00	0.32	100800.00	277.85
8856000.0	0.00	0.00	0.00	294.65	2.60	345.00	0.33	100800.00	277.95
8859600.0	0.00	0.00	0.00	293.95	2.80	343.00	0.35	100800.00	277.95
8863200.0	0.00	0.00	0.00	293.25	2.90	342.00	0.36	100700.00	277.95
8866800.0	0.00	0.00	0.00	292.35	2.80	340.00	0.38	100700.00	277.95
8870400.0	0.00	0.00	0.00	291.45	2.30	337.00	0.41	100700.00	278.05
8874000.0	0.00	0.00	0.00	290.55	1.70	327.00	0.45	100700.00	278.45
8877600.0	0.00	0.00	0.00	289.95	1.20	315.00	0.49	100700.00	279.15
8881200.0	0.00	0.00	0.00	289.95	1.00	310.00	0.52	100700.00	280.15
8884800.0	0.00	0.00	0.00	290.35	0.80	314.00	0.54	100800.00	281.05
8888400.0	0.00	3.00	3.00	291.85	1.00	313.00	0.52	100800.00	281.85
8892000.0	0.00	15.00	15.00	294.15	1.80	294.00	0.49	100900.00	283.05
8895600.0	16.00	94.00	86.00	295.35	2.20	280.00	0.52	100900.00	285.05
8899200.0	24.00	190.00	176.00	297.65	3.80	278.00	0.48	100900.00	286.15
8902800.0	24.00	253.00	236.00	299.45	4.50	279.00	0.45	100800.00	286.75
8906400.0	29.00	386.00	364.00	301.25	5.10	280.00	0.41	100700.00	286.85
8910000.0	857.00	734.00	107.00	302.25	5.70	278.00	0.38	100600.00	286.55
8913600.0	822.00	654.00	107.00	302.35	6.00	272.00	0.37	100500.00	286.25
8917200.0	757.00	516.00	102.00	301.55	6.00	263.00	0.38	100500.00	285.85
8920800.0	126.00	255.00	206.00	300.25	5.60	250.00	0.40	100500.00	285.55
8924400.0	435.00	140.00	56.00	298.75	4.70	232.00	0.43	100500.00	285.45
8928000.0	0.00	0.00	0.00	297.15	4.00	209.00	0.47	100600.00	285.35
8931600.0	0.00	0.00	0.00	295.75	3.70	189.00	0.52	100700.00	285.45
8935200.0	0.00	0.00	0.00	294.25	3.50	175.00	0.58	100700.00	285.75
8938800.0	0.00	0.00	0.00	292.95	3.20	168.00	0.64	100800.00	286.15
8942400.0	0.00	0.00	0.00	291.95	2.90	164.00	0.70	100800.00	286.45
8946000.0	0.00	0.00	0.00	290.95	2.40	161.00	0.76	100800.00	286.65
8949600.0	0.00	0.00	0.00	290.25	2.10	160.00	0.79	100700.00	286.65
8953200.0	0.00	0.00	0.00	289.55	2.00	160.00	0.81	100700.00	286.45
8956800.0	0.00	0.00	0.00	288.95	1.80	158.00	0.83	100700.00	286.15
8960400.0	0.00	0.00	0.00	288.45	1.70	155.00	0.84	100700.00	285.75
8964000.0	0.00	0.00	0.00	288.05	1.60	151.00	0.84	100700.00	285.55
8967600.0	0.00	0.00	0.00	287.55	1.50	149.00	0.86	100800.00	285.45
8971200.0	0.00	0.00	0.00	287.55	1.60	147.00	0.86	100800.00	285.35
8974800.0	297.00	39.00	20.00	289.15	2.40	148.00	0.77	100900.00	285.35
8978400.0	673.00	229.00	50.00	292.05	2.90	154.00	0.63	100900.00	285.05
8982000.0	817.00	430.00	64.00	293.45	2.90	159.00	0.55	100900.00	284.25
8985600.0	849.00	590.00	86.00	296.35	2.50	183.00	0.45	100900.00	283.75
8989200.0	889.00	707.00	91.00	297.75	2.80	202.00	0.41	100800.00	283.55
8992800.0	904.00	760.00	93.00	298.65	3.50	211.00	0.38	100800.00	283.45
8996400.0	919.00	751.00	83.00	298.95	4.20	210.00	0.38	100700.00	283.55
9000000.0	898.00	672.00	79.00	298.55	4.70	207.00	0.39	100700.00	283.55
9003600.0	854.00	535.00	71.00	297.75	5.00	203.00	0.40	100700.00	283.45
9007200.0	775.00	353.00	57.00	296.45	5.00	198.00	0.43	100700.00	283.25
9010800.0	582.00	150.00	40.00	294.75	4.60	196.00	0.47	100800.00	283.15
9014400.0	0.00	0.00	0.00	292.95	4.20	194.00	0.53	100900.00	283.15
9018000.0	0.00	0.00	0.00	291.85	3.90	189.00	0.58	100900.00	283.55
9021600.0	0.00	0.00	0.00	290.95	3.70	181.00	0.63	101000.00	283.85
9025200.0	0.00	0.00	0.00	290.15	3.50	172.00	0.67	101000.00	283.95
9028800.0	0.00	0.00	0.00	289.55	3.40	161.00	0.69	101000.00	283.95
9032400.0	0.00	0.00	0.00	288.85	3.10	150.00	0.71	101000.00	283.65
9036000.0	0.00	0.00	0.00	288.25	2.80	139.00	0.71	101000.00	283.15
9039600.0	0.00	0.00	0.00	287.75	2.60	128.00	0.71	101000.00	282.55
9043200.0	0.00	0.00	0.00	287.35	2.40	119.00	0.70	101000.00	282.05
9046800.0	0.00	0.00	0.00	287.05	2.20	112.00	0.69	101000.00	281.55
9050400.0	0.00	0.00	0.00	286.75	2.10	106.00	0.69	101000.00	281.25
9054000.0	0.00	0.00	0.00	286.45	2.00	101.00	0.69	101100.00	280.95
9057600.0	0.00	0.00	0.00	286.45	2.00	95.00	0.67	101100.00	280.65
9061200.0	327.00	39.00	19.00	288.05	2.50	88.00	0.60	101200.00	280.45
9064800.0	698.00	230.00	46.00	291.25	2.40	74.00	0.48	101200.00	280.15
9068400.0	834.00	431.00	60.00	292.95	1.90	63.00	0.44	101200.00	280.35
9072000.0	892.00	599.00	72.00	295.95	1.30	172.00	0.37	101200.00	280.65
9075600.0	927.00	716.00	77.00	297.35	1.50	329.00	0.34	101100.00	280.55
9079200.0	942.00	770.00	79.00	298.45	1.80	311.00	0.31	101000.00	280.25
9082800.0	939.00	757.00	78.00	299.05	2.20	287.00	0.29	101000.00	279.95
9086400.0	146.00	500.00	404.00	299.15	2.60	263.00	0.28	100900.00	279.55
9090000.0	241.00	441.00	312.00	298.65	3.00	245.00	0.29	100900.00	279.25
9093600.0	100.00	233.00	195.00	297.45	3.40	229.00	0.30	100900.00	278.95
9097200.0	34.00	78.00	72.00	295.15	3.80	213.00	0.35	101000.00	278.95
9100800.0	0.00	0.00	0.00	292.75	4.00	196.00	0.41	101000.00	279.35
9104400.0	0.00	0.00	0.00	291.35	3.80	182.00	0.47	101100.00	280.05
9108000.0	0.00	0.00	0.00	290.65	3.50	169.00	0.51	101100.00	280.55
9111600.0	0.00	0.00	0.00	290.45	3.10	158.00	0.52	101200.00	280.75
9115200.0	0.00	0.00	0.00	290.05	2.40	150.00	0.53	101100.00	280.45
9118800.0	0.00	0.00	0.00	289.35	1.80	144.00	0.54	101100.00	280.05
9122400.0	0.00	0.00	0.00	288.75	1.60	134.00	0.54	101100.00	279.65
9126000.0	0.00	0.00	0.00	288.35	1.50	121.00	0.54	101100.00	279.15
9129600.0	0.00	0.00	0.00	288.05	1.40	109.00	0.53	101000.00	278.55
9133200.0	0.00	0.00	0.00	287.85	1.30	100.00	0.52	101000.00	278.15
9136800.0	0.00	0.00	0.00	287.55	1.20	93.00	0.52	101000.00	277.75
9140400.0	0.00	0.00	0.00	287.15	1.20	88.00	0.52	101100.00	277.55
9144000.0	0.00	0.00	0.00	286.95	1.20	84.00	0.52	101100.00	277.35
9147600.0	0.00	16.00	16.00	288.75	2.00	79.00	0.46	101100.00	277.15
9151200.0	645.00	223.00	55.00	292.35	2.10	74.00	0.36	101100.00	277.05
9154800.0	798.00	424.00	71.00	294.35	1.60	71.00	0.33	101100.00	277.45
9158400.0	873.00	593.00	80.00	297.75	1.20	268.00	0.27	101100.00	277.85
9162000.0	910.00	710.00	86.00	299.05	1.90	258.00	0.25	101100.00	277.75
9165600.0	925.00	764.00	89.00	299.85	2.50	246.00	0.24	101000.00	277.65
9169200.0	929.00	752.00	84.00	300.25	3.00	236.00	0.23	100900.00	277.35
9172800.0	908.00	673.00	82.00	300.05	3.50	226.00	0.23	100900.00	277.15
9176400.0	856.00	533.00	76.00	299.25	3.90	217.00	0.24	100900.00	277.05
9180000.0	770.00	349.00	62.00	297.85	4.20	211.00	0.26	101000.00	277.15
9183600.0	559.00	143.00	42.00	295.35	4.00	204.00	0.31	101000.00	277.45
9187200.0	0.00	0.00	0.00	292.95	3.70	192.00	0.38	101100.00	278.45
9190800.0	0.00	0.00	0.00	291.55	3.40	178.00	0.45	101200.00	279.65
9194400.0	0.00	0.00	0.00	290.55	3.10	167.00	0.51	101200.00	280.55
9198000.0	0.00	0.00	0.00	289.75	3.00	159.00	0.56	101200.00	280.95
9201600.0	0.00	0.00	0.00	289.15	3.00	147.00	0.58	101200.00	281.05
9205200.0	0.00	0.00	0.00	288.55	2.60	135.00	0.59	101200.00	280.65
9208800.0	0.00	0.00	0.00	287.85	2.30	123.00	0.58	101200.00	279.85
9212400.0	0.00	0.00	0.00	287.45	2.40	112.00	0.57	101200.00	279.05
9216000.0	0.00	0.00	0.00	287.05	2.70	104.00	0.55	101200.00	278.25
9219600.0	0.00	0.00	0.00	286.65	2.90	100.00	0.54	101200.00	277.65
9223200.0	0.00	0.00	0.00	286.35	3.30	97.00	0.54	101200.00	277.25
9226800.0	0.00	0.00	0.00	286.45	3.70	93.00	0.52	101200.00	276.95
9230400.0	0.00	0.00	0.00	286.65	3.80	91.00	0.51	101300.00	276.95
9234000.0	0.00	16.00	16.00	287.55	4.10	88.00	0.49	101300.00	277.15
9237600.0	645.00	221.00	55.00	290.05	4.60	83.00	0.42	101300.00	277.05
9241200.0	795.00	421.00	72.00	291.75	4.70	81.00	0.36	101400.00	276.55
9244800.0	851.00	585.00	88.00	296.75	3.60	63.00	0.27	101400.00	276.75
9248400.0	126.00	504.00	419.00	298.75	2.90	45.00	0.26	101300.00	277.75
9252000.0	177.00	587.00	458.00	299.85	2.60	24.00	0.25	101300.00	278.35
9255600.0	891.00	735.00	98.00	300.25	2.30	187.00	0.25	101200.00	278.35
9259200.0	863.00	653.00	94.00	300.15	1.90	351.00	0.25	101200.00	278.45
9262800.0	276.00	469.00	323.00	299.55	1.50	330.00	0.26	101200.00	278.55
9266400.0	57.00	196.00	175.00	298.25	1.10	301.00	0.28	101200.00	278.55
9270000.0	28.00	72.00	67.00	296.55	0.90	256.00	0.33	101300.00	279.65
9273600.0	0.00	0.00	0.00	295.15	1.10	193.00	0.36	101300.00	279.35
9277200.0	0.00	0.00	0.00	294.15	1.40	137.00	0.38	101400.00	279.25
9280800.0	0.00	0.00	0.00	293.45	2.10	105.00	0.39	101400.00	279.25
9284400.0	0.00	0.00	0.00	292.95	3.00	91.00	0.40	101500.00	279.15
9288000.0	0.00	0.00	0.00	292.35	3.60	87.00	0.41	101500.00	278.95
9291600.0	0.00	0.00	0.00	291.65	3.60	87.00	0.42	101500.00	278.75
9295200.0	0.00	0.00	0.00	290.95	3.30	88.00	0.44	101500.00	278.55
9298800.0	0.00	0.00	0.00	290.35	3.20	89.00	0.45	101500.00	278.35
9302400.0	0.00	0.00	0.00	289.85	3.20	90.00	0.46	101500.00	278.15
9306000.0	0.00	0.00	0.00	289.45	3.40	91.00	0.47	101500.00	278.05
9309600.0	0.00	0.00	0.00	289.25	3.70	91.00	0.47	101500.00	278.05
9313200.0	0.00	0.00	0.00	288.95	3.90	90.00	0.48	101600.00	278.15
9316800.0	0.00	0.00	0.00	288.75	4.30	89.00	0.49	101600.00	278.15
9320400.0	22.00	19.00	18.00	289.05	5.00	86.00	0.48	101700.00	278.25
9324000.0	84.00	138.00	116.00	290.55	5.50	82.00	0.43	101700.00	278.05
9327600.0	69.00	252.00	222.00	291.65	5.60	80.00	0.40	101700.00	277.95
9331200.0	807.00	566.00	98.00	295.05	4.00	80.00	0.33	101700.00	278.05
9334800.0	850.00	682.00	107.00	297.05	2.90	89.00	0.30	101600.00	278.35
9338400.0	868.00	736.00	110.00	298.45	2.40	104.00	0.27	101500.00	278.45
9342000.0	868.00	725.00	109.00	299.25	2.30	116.00	0.26	101500.00	278.15
9345600.0	845.00	647.00	104.00	299.45	2.30	122.00	0.24	101400.00	277.65
9349200.0	792.00	510.00	95.00	299.15	2.40	123.00	0.24	101400.00	277.05
9352800.0	89.00	215.00	183.00	298.05	2.20	122.00	0.25	101400.00	276.55
9356400.0	39.00	74.00	67.00	295.55	1.70	116.00	0.28	101400.00	276.15
9360000.0	0.00	0.00	0.00	293.05	1.80	103.00	0.32	101500.00	276.05
9363600.0	0.00	0.00	0.00	291.85	2.80	91.00	0.32	101600.00	274.85
9367200.0	0.00	0.00	0.00	290.85	3.70	84.00	0.31	101600.00	273.45
9370800.0	0.00	0.00	0.00	289.95	4.10	81.00	0.29	101600.00	272.05
9374400.0	0.00	0.00	0.00	289.25	4.30	78.00	0.28	101600.00	270.95
9378000.0	0.00	0.00	0.00	288.55	4.40	76.00	0.28	101500.00	270.25
9381600.0	0.00	0.00	0.00	287.75	4.10	75.00	0.29	101500.00	270.05
9385200.0	0.00	0.00	0.00	286.85	3.60	72.00	0.31	101500.00	270.15
9388800.0	0.00	0.00	0.00	286.15	3.40	69.00	0.33	101400.00	270.55
9392400.0	0.00	0.00	0.00	285.45	3.50	67.00	0.36	101400.00	270.75
9396000.0	0.00	0.00	0.00	284.95	3.70	67.00	0.37	101400.00	270.75
9399600.0	0.00	0.00	0.00	284.55	3.80	67.00	0.37	101400.00	270.55
9403200.0	0.00	0.00	0.00	284.35	3.60	66.00	0.37	101400.00	270.45
9406800.0	0.00	4.00	4.00	285.25	3.80	64.00	0.35	101500.00	270.25
9410400.0	0.00	28.00	28.00	287.85	4.30	56.00	0.29	101500.00	269.95
9414000.0	23.00	169.00	159.00	289.45	4.80	51.00	0.23	101500.00	268.25
9417600.0	864.00	582.00	84.00	293.15	3.60	46.00	0.17	101400.00	267.45
9421200.0	73.00	440.00	391.00	295.15	2.70	39.00	0.16	101300.00	268.05
9424800.0	910.00	747.00	95.00	296.35	2.10	24.00	0.16	101200.00	268.85
9428400.0	119.00	520.00	436.00	297.05	1.90	186.00	0.15	101100.00	269.35
9432000.0	85.00	427.00	373.00	297.15	2.00	356.00	0.15	101000.00	269.35
9435600.0	23.00	201.00	189.00	296.95	2.20	353.00	0.15	101000.00	269.25
9439200.0	62.00	194.00	172.00	296.15	1.90	352.00	0.16	101000.00	269.25
9442800.0	20.00	64.00	61.00	294.05	1.30	351.00	0.20	100900.00	270.45
9446400.0	0.00	0.00	0.00	292.25	1.20	178.00	0.25	101000.00	271.85
9450000.0	0.00	0.00	0.00	291.45	1.40	12.00	0.25	101000.00	270.95
9453600.0	0.00	0.00	0.00	290.75	1.90	22.00	0.23	100900.00	269.65
9457200.0	0.00	0.00	0.00	290.25	2.60	28.00	0.22	100900.00	268.35
9460800.0	0.00	0.00	0.00	290.05	3.20	27.00	0.21	100900.00	267.65
9464400.0	0.00	0.00	0.00	289.65	3.30	21.00	0.23	100900.00	268.25
9468000.0	0.00	0.00	0.00	289.05	3.50	24.00	0.26	100800.00	269.75
9471600.0	0.00	0.00	0.00	288.55	3.90	37.00	0.30	100700.00	271.15
9475200.0	0.00	0.00	0.00	288.35	4.40	50.00	0.32	100600.00	271.75
9478800.0	0.00	0.00	0.00	288.15	4.30	51.00	0.32	100500.00	271.55
9482400.0	0.00	0.00	0.00	287.35	3.90	37.00	0.34	100500.00	271.95
9486000.0	0.00	0.00	0.00	286.15	4.00	31.00	0.44	100500.00	274.35
9489600.0	0.00	0.00	0.00	285.25	4.00	29.00	0.55	100500.00	276.65
9493200.0	0.00	3.00	3.00	284.65	3.30	184.00	0.66	100700.00	278.55
9496800.0	0.00	8.00	8.00	285.05	3.70	351.00	0.70	100800.00	279.85
9500400.0	10.00	69.00	65.00	285.65	4.50	358.00	0.68	100800.00	280.05
9504000.0	23.00	192.00	179.00	287.65	6.60	342.00	0.58	100700.00	279.55
9507600.0	25.00	209.00	192.00	289.75	6.90	337.00	0.49	100500.00	279.15
9511200.0	76.00	650.00	596.00	292.15	6.70	326.00	0.43	100400.00	279.35
9514800.0	844.00	708.00	116.00	293.95	6.50	312.00	0.40	100300.00	280.05
9518400.0	815.00	628.00	111.00	294.95	6.40	299.00	0.40	100300.00	280.75
9522000.0	741.00	487.00	105.00	294.95	6.00	289.00	0.42	100200.00	281.45
9525600.0	14.00	92.00	87.00	294.05	5.10	281.00	0.47	100300.00	282.45
9529200.0	0.00	29.00	29.00	292.45	3.90	270.00	0.58	100300.00	284.05
9532800.0	0.00	0.00	0.00	291.25	3.60	251.00	0.67	100400.00	285.25
9536400.0	0.00	0.00	0.00	290.45	4.00	236.00	0.71	100500.00	285.15
9540000.0	0.00	0.00	0.00	289.15	3.90	229.00	0.73	100600.00	284.45
9543600.0	0.00	0.00	0.00	287.65	3.20	228.00	0.77	100600.00	283.75
9547200.0	0.00	0.00	0.00	286.45	2.70	229.00	0.80	100700.00	283.15
9550800.0	0.00	0.00	0.00	285.55	2.30	231.00	0.82	100700.00	282.65
9554400.0	0.00	0.00	0.00	285.15	2.00	233.00	0.81	100700.00	282.05
9558000.0	0.00	0.00	0.00	284.85	1.70	236.00	0.80	100600.00	281.65
9561600.0	0.00	0.00	0.00	284.75	1.60	238.00	0.79	100600.00	281.45
9565200.0	0.00	0.00	0.00	284.95	1.50	241.00	0.79	100600.00	281.45
9568800.0	0.00	0.00	0.00	285.05	1.50	244.00	0.79	100600.00	281.65
9572400.0	0.00	0.00	0.00	284.95	1.40	249.00	0.81	100700.00	281.85
9576000.0	0.00	0.00	0.00	284.95	1.30	255.00	0.82	100700.00	282.05
9579600.0	202.00	28.00	18.00	286.15	1.70	265.00	0.77	100800.00	282.25
9583200.0	642.00	209.00	51.00	288.75	2.50	267.00	0.66	100800.00	282.55
9586800.0	801.00	408.00	67.00	290.25	2.80	263.00	0.57	100800.00	281.75
9590400.0	861.00	570.00	80.00	293.35	3.10	262.00	0.44	100800.00	280.95
9594000.0	899.00	684.00	86.00	294.85	3.30	265.00	0.40	100800.00	280.75
9597600.0	911.00	734.00	88.00	295.95	3.50	267.00	0.37	100700.00	280.75
9601200.0	898.00	716.00	90.00	296.55	3.80	267.00	0.37	100700.00	280.95
9604800.0	868.00	634.00	87.00	296.75	4.00	266.00	0.37	100600.00	281.25
9608400.0	814.00	496.00	80.00	296.55	4.10	264.00	0.38	100600.00	281.45
9612000.0	706.00	315.00	67.00	295.65	3.70	262.00	0.40	100700.00	281.65
9615600.0	0.00	28.00	28.00	293.65	2.60	259.00	0.48	100700.00	282.25
9619200.0	0.00	0.00	0.00	291.95	1.90	254.00	0.58	100800.00	283.55
9622800.0	0.00	0.00	0.00	291.35	2.10	248.00	0.61	100900.00	283.75
9626400.0	0.00	0.00	0.00	290.75	2.20	240.00	0.65	101000.00	284.15
9630000.0	0.00	0.00	0.00	289.95	2.10	235.00	0.70	101000.00	284.55
9633600.0	0.00	0.00	0.00	289.05	1.90	230.00	0.76	101000.00	284.95
9637200.0	0.00	0.00	0.00	288.45	1.80	228.00	0.82	101000.00	285.45
9640800.0	0.00	0.00	0.00	288.05	1.80	226.00	0.87	101000.00	286.05
9644400.0	0.00	0.00	0.00	287.75	1.80	223.00	0.92	101000.00	286.65
9648000.0	0.00	0.00	0.00	287.45	1.70	216.00	0.96	101000.00	286.95
9651600.0	0.00	0.00	0.00	287.15	1.70	204.00	0.99	101100.00	287.15
9655200.0	0.00	0.00	0.00	287.05	1.70	191.00	1.00	101100.00	287.05
9658800.0	0.00	0.00	0.00	286.95	1.70	178.00	0.99	101200.00	286.95
9662400.0	0.00	0.00	0.00	286.85	1.70	166.00	0.98	101200.00	286.65
9666000.0	183.00	25.00	18.00	287.95	2.40	157.00	0.89	101300.00	286.35
9669600.0	624.00	204.00	52.00	289.95	2.90	160.00	0.77	101400.00	285.95
9673200.0	793.00	401.00	66.00	290.85	2.90	166.00	0.69	101400.00	285.15
9676800.0	797.00	553.00	102.00	293.25	2.60	198.00	0.56	101400.00	284.35
9680400.0	844.00	667.00	108.00	294.65	2.80	218.00	0.50	101400.00	283.75
9684000.0	862.00	717.00	109.00	295.55	3.20	229.00	0.46	101400.00	283.35
9687600.0	859.00	703.00	108.00	296.05	3.60	230.00	0.43	101300.00	282.95
9691200.0	832.00	622.00	102.00	296.05	3.70	226.00	0.42	101300.00	282.65
9694800.0	776.00	485.00	91.00	295.55	3.60	219.00	0.42	101300.00	282.25
9698400.0	660.00	304.00	75.00	294.45	3.20	208.00	0.45	101300.00	282.05
9702000.0	403.00	110.00	47.00	292.35	2.20	193.00	0.51	101300.00	282.05
9705600.0	0.00	0.00	0.00	290.45	1.60	178.00	0.62	101400.00	283.05
9709200.0	0.00	0.00	0.00	289.65	1.60	167.00	0.64	101500.00	283.05
9712800.0	0.00	0.00	0.00	288.85	1.50	161.00	0.68	101500.00	282.95
9716400.0	0.00	0.00	0.00	288.15	1.40	159.00	0.70	101500.00	282.95
9720000.0	0.00	0.00	0.00	287.65	1.30	159.00	0.73	101600.00	282.85
9723600.0	0.00	0.00	0.00	287.15	1.20	159.00	0.75	101500.00	282.85
9727200.0	0.00	0.00	0.00	286.75	1.10	160.00	0.77	101500.00	282.75
9730800.0	0.00	0.00	0.00	286.35	1.00	161.00	0.78	101500.00	282.75
9734400.0	0.00	0.00	0.00	286.15	1.00	164.00	0.80	101500.00	282.85
9738000.0	0.00	0.00	0.00	285.85	1.00	163.00	0.81	101500.00	282.85
9741600.0	0.00	0.00	0.00	285.65	0.90	153.00	0.83	101600.00	282.95
9745200.0	0.00	0.00	0.00	285.45	0.90	140.00	0.84	101600.00	282.95
9748800.0	0.00	0.00	0.00	285.45	0.80	132.00	0.85	101700.00	283.05
9752400.0	162.00	23.00	17.00	286.65	0.80	131.00	0.79	101800.00	283.15
9756000.0	583.00	195.00	55.00	289.05	0.90	176.00	0.69	101800.00	283.35
9759600.0	745.00	387.00	75.00	290.45	0.90	221.00	0.64	101800.00	283.55
9763200.0	829.00	550.00	84.00	293.25	1.90	261.00	0.52	101800.00	283.15
9766800.0	870.00	661.00	89.00	294.75	2.40	269.00	0.46	101700.00	282.65
9770400.0	890.00	713.00	89.00	295.95	2.90	268.00	0.42	101600.00	282.35
9774000.0	888.00	700.00	88.00	296.55	3.30	261.00	0.39	101600.00	281.95
9777600.0	870.00	621.00	81.00	296.75	3.50	251.00	0.38	101500.00	281.55
9781200.0	831.00	488.00	70.00	296.45	3.50	241.00	0.38	101500.00	281.25
9784800.0	737.00	310.00	57.00	295.45	2.80	232.00	0.39	101500.00	281.05
9788400.0	508.00	113.00	36.00	292.95	1.60	216.00	0.48	101600.00	281.85
9792000.0	0.00	0.00	0.00	290.75	1.10	192.00	0.60	101600.00	282.95
9795600.0	0.00	0.00	0.00	289.85	1.10	166.00	0.62	101700.00	282.65
9799200.0	0.00	0.00	0.00	289.15	1.20	144.00	0.65	101800.00	282.55
9802800.0	0.00	0.00	0.00	288.45	1.20	126.00	0.67	101800.00	282.55
9806400.0	0.00	0.00	0.00	287.85	1.20	114.00	0.70	101800.00	282.55
9810000.0	0.00	0.00	0.00	287.25	1.10	104.00	0.73	101800.00	282.55
9813600.0	0.00	0.00	0.00	286.75	1.10	93.00	0.75	101800.00	282.45
9817200.0	0.00	0.00	0.00	286.35	1.10	81.00	0.76	101700.00	282.25
9820800.0	0.00	0.00	0.00	285.95	1.10	72.00	0.77	101700.00	282.15
9824400.0	0.00	0.00	0.00	285.65	1.10	65.00	0.78	101700.00	281.95
9828000.0	0.00	0.00	0.00	285.25	1.10	58.00	0.80	101800.00	281.95
9831600.0	0.00	0.00	0.00	284.85	1.20	49.00	0.81	101800.00	281.85
9835200.0	0.00	0.00	0.00	284.75	1.20	41.00	0.81	101900.00	281.75
9838800.0	174.00	22.00	16.00	286.55	1.70	34.00	0.72	101900.00	281.85
9842400.0	608.00	197.00	52.00	289.95	2.00	19.00	0.60	102000.00	282.15
9846000.0	767.00	390.00	71.00	291.55	1.90	6.00	0.54	102000.00	282.15
9849600.0	829.00	552.00	89.00	295.65	2.40	298.00	0.41	102000.00	281.85
9853200.0	874.00	666.00	95.00	296.85	2.80	288.00	0.38	102000.00	281.75
9856800.0	893.00	718.00	96.00	297.75	3.10	280.00	0.35	101900.00	281.35
9860400.0	886.00	702.00	96.00	298.15	3.30	273.00	0.33	101800.00	280.95
9864000.0	858.00	622.00	92.00	298.25	3.20	266.00	0.32	101800.00	280.55
9867600.0	804.00	485.00	84.00	297.85	3.00	261.00	0.32	101700.00	280.15
9871200.0	702.00	305.00	67.00	296.55	2.20	258.00	0.34	101700.00	279.95
9874800.0	452.00	108.00	41.00	294.05	1.30	255.00	0.46	101800.00	282.15
9878400.0	0.00	0.00	0.00	292.35	1.10	252.00	0.51	101800.00	282.15
9882000.0	0.00	0.00	0.00	292.05	0.90	252.00	0.50	101900.00	281.45
9885600.0	0.00	0.00	0.00	291.85	0.80	258.00	0.49	101900.00	281.05
9889200.0	0.00	0.00	0.00	291.45	0.60	275.00	0.49	102000.00	280.75
9892800.0	0.00	0.00	0.00	290.95	0.50	315.00	0.50	101900.00	280.45
9896400.0	0.00	0.00	0.00	290.35	0.50	180.00	0.51	101900.00	280.25
9900000.0	0.00	0.00	0.00	289.65	0.70	27.00	0.53	101900.00	280.25
9903600.0	0.00	0.00	0.00	288.95	0.80	41.00	0.56	101900.00	280.25
9907200.0	0.00	0.00	0.00	288.15	1.00	47.00	0.59	101900.00	280.35
9910800.0	0.00	0.00	0.00	287.35	1.00	49.00	0.62	101900.00	280.35
9914400.0	0.00	0.00	0.00	286.65	1.10	49.00	0.65	101900.00	280.35
9918000.0	0.00	0.00	0.00	286.05	1.20	48.00	0.68	102000.00	280.35
9921600.0	0.00	0.00	0.00	285.55	1.20	43.00	0.70	102000.00	280.25
9925200.0	221.00	23.00	15.00	287.05	1.60	36.00	0.63	102000.00	280.25
9928800.0	662.00	202.00	47.00	290.35	2.10	25.00	0.53	102100.00	280.85
9932400.0	817.00	400.00	62.00	291.95	2.30	18.00	0.47	102100.00	280.55
9936000.0	884.00	564.00	74.00	296.65	2.00	318.00	0.34	102000.00	279.85
9939600.0	921.00	678.00	79.00	298.15	2.00	310.00	0.29	102000.00	279.15
9943200.0	935.00	729.00	81.00	299.05	1.90	308.00	0.26	101900.00	278.45
9946800.0	931.00	714.00	81.00	299.55	1.80	308.00	0.24	101800.00	277.65
9950400.0	907.00	633.00	77.00	299.65	1.80	308.00	0.23	101700.00	277.05
9954000.0	855.00	493.00	70.00	299.25	1.70	310.00	0.23	101700.00	276.55
9957600.0	756.00	311.00	58.00	297.75	1.30	313.00	0.24	101700.00	276.25
9961200.0	511.00	110.00	36.00	295.15	1.00	316.00	0.40	101700.00	280.95
9964800.0	0.00	0.00	0.00	293.55	1.10	321.00	0.40	101700.00	279.45
9968400.0	0.00	0.00	0.00	292.95	1.10	325.00	0.40	101700.00	279.15
9972000.0	0.00	0.00	0.00	292.25	1.10	332.00	0.42	101800.00	278.95
9975600.0	0.00	0.00	0.00	291.15	1.20	343.00	0.43	101800.00	278.55
9979200.0	0.00	0.00	0.00	289.95	1.40	175.00	0.44	101700.00	277.75
9982800.0	0.00	0.00	0.00	288.85	1.50	4.00	0.46	101700.00	277.45
9986400.0	0.00	0.00	0.00	288.45	1.70	11.00	0.47	101600.00	277.45
9990000.0	0.00	0.00	0.00	288.75	2.10	13.00	0.47	101600.00	277.45
9993600.0	0.00	0.00	0.00	288.55	2.60	12.00	0.46	101500.00	277.05
9997200.0	0.00	0.00	0.00	287.75	2.80	8.00	0.47	101500.00	276.75
10000800.0	0.00	0.00	0.00	286.65	2.90	5.00	0.49	101500.00	276.25
10004400.0	0.00	0.00	0.00	285.95	3.10	2.00	0.50	101500.00	275.75
10008000.0	0.00	0.00	0.00	285.85	3.50	1.00	0.48	101500.00	275.25
10011600.0	164.00	20.00	15.00	287.05	4.30	1.00	0.43	101500.00	274.85
10015200.0	607.00	193.00	52.00	289.75	4.90	181.00	0.36	101500.00	274.65
10018800.0	768.00	386.00	72.00	291.25	4.80	360.00	0.34	101500.00	275.15
10022400.0	827.00	543.00	87.00	297.05	6.90	337.00	0.23	101400.00	274.55
10026000.0	854.00	650.00	97.00	298.95	7.20	333.00	0.20	101300.00	274.15
10029600.0	859.00	696.00	104.00	300.15	7.00	331.00	0.19	101200.00	274.35
10033200.0	873.00	683.00	93.00	300.85	6.80	328.00	0.18	101200.00	274.55
10036800.0	843.00	603.00	90.00	301.15	6.60	325.00	0.18	101100.00	274.45
10040400.0	776.00	464.00	84.00	300.85	6.10	323.00	0.18	101100.00	274.35
10044000.0	651.00	286.00	70.00	299.25	4.80	325.00	0.19	101100.00	274.15
10047600.0	376.00	95.00	42.00	296.05	3.30	332.00	0.26	101100.00	275.55
10051200.0	0.00	0.00	0.00	293.75	3.10	338.00	0.32	101100.00	276.65
10054800.0	0.00	0.00	0.00	293.25	3.60	342.00	0.31	101100.00	275.85
10058400.0	0.00	0.00	0.00	292.85	4.10	345.00	0.31	101100.00	275.15
10062000.0	0.00	0.00	0.00	292.25	4.40	346.00	0.31	101100.00	274.65
10065600.0	0.00	0.00	0.00	291.45	4.50	349.00	0.31	101100.00	274.15
10069200.0	0.00	0.00	0.00	290.55	4.30	352.00	0.32	101100.00	273.95
10072800.0	0.00	0.00	0.00	289.35	3.60	352.00	0.35	101100.00	273.75
10076400.0	0.00	0.00	0.00	288.05	2.60	347.00	0.38	101100.00	274.05
10080000.0	0.00	0.00	0.00	286.95	2.00	341.00	0.43	101100.00	274.65
10083600.0	0.00	0.00	0.00	286.25	1.70	340.00	0.46	101100.00	275.05
10087200.0	0.00	0.00	0.00	285.85	1.50	343.00	0.48	101200.00	275.25
10090800.0	0.00	0.00	0.00	285.75	1.40	345.00	0.49	101200.00	275.45
10094400.0	0.00	0.00	0.00	285.95	1.40	347.00	0.50	101300.00	275.85
10098000.0	77.00	16.00	14.00	287.45	2.10	348.00	0.46	101300.00	276.15
10101600.0	512.00	176.00	59.00	289.95	2.50	347.00	0.38	101400.00	275.55
10105200.0	691.00	362.00	81.00	291.25	2.30	344.00	0.39	101400.00	277.15
10108800.0	794.00	522.00	87.00	295.65	2.20	312.00	0.38	101400.00	280.65
10112400.0	833.00	631.00	95.00	297.95	2.60	299.00	0.39	101300.00	283.15
10116000.0	848.00	680.00	98.00	299.65	3.00	294.00	0.36	101200.00	283.45
10119600.0	843.00	663.00	96.00	300.85	3.10	289.00	0.33	101200.00	283.45
10123200.0	24.00	236.00	222.00	301.45	3.00	283.00	0.33	101100.00	283.55
10126800.0	112.00	325.00	270.00	301.25	3.00	273.00	0.34	101100.00	283.85
10130400.0	26.00	134.00	126.00	299.85	2.30	256.00	0.37	101100.00	284.25
10134000.0	0.00	5.00	5.00	296.95	1.60	228.00	0.50	101200.00	286.15
10137600.0	0.00	0.00	0.00	294.65	1.80	196.00	0.59	101300.00	286.55
10141200.0	0.00	0.00	0.00	293.85	2.40	176.00	0.63	101400.00	286.75
10144800.0	0.00	0.00	0.00	293.05	3.00	168.00	0.69	101400.00	287.25
10148400.0	0.00	0.00	0.00	292.35	3.10	162.00	0.73	101500.00	287.45
10152000.0	0.00	0.00	0.00	291.85	2.90	147.00	0.75	101400.00	287.45
10155600.0	0.00	0.00	0.00	291.45	2.50	132.00	0.77	101400.00	287.45
10159200.0	0.00	0.00	0.00	291.25	2.30	125.00	0.78	101400.00	287.35
10162800.0	0.00	0.00	0.00	290.85	2.00	125.00	0.79	101400.00	287.35
10166400.0	0.00	0.00	0.00	290.25	1.60	124.00	0.82	101400.00	287.25
10170000.0	0.00	0.00	0.00	289.75	1.40	122.00	0.84	101400.00	287.15
10173600.0	0.00	0.00	0.00	289.45	1.30	120.00	0.86	101500.00	287.15
10177200.0	0.00	0.00	0.00	289.25	1.20	123.00	0.86	101500.00	287.05
10180800.0	0.00	0.00	0.00	289.15	1.20	128.00	0.86	101600.00	286.95
10184400.0	0.00	3.00	3.00	289.75	1.70	125.00	0.83	101700.00	286.95
10188000.0	0.00	25.00	25.00	291.35	2.20	120.00	0.75	101700.00	286.95
10191600.0	0.00	15.00	15.00	292.25	2.30	118.00	0.71	101700.00	286.95
10195200.0	16.00	94.00	85.00	295.75	1.80	110.00	0.57	101700.00	286.95
10198800.0	5.00	63.00	60.00	297.55	1.30	85.00	0.51	101700.00	286.75
10202400.0	8.00	73.00	68.00	298.85	1.20	181.00	0.46	101600.00	286.25
10206000.0	5.00	65.00	61.00	299.45	1.70	292.00	0.42	101500.00	285.75
10209600.0	23.00	159.00	145.00	299.25	2.30	277.00	0.42	101500.00	285.25
10213200.0	22.00	181.00	170.00	298.15	2.90	255.00	0.44	101500.00	285.15
10216800.0	77.00	179.00	154.00	295.95	3.50	233.00	0.53	101600.00	286.05
10220400.0	34.00	55.00	50.00	293.65	3.80	219.00	0.66	101700.00	287.25
10224000.0	0.00	0.00	0.00	292.05	3.70	208.00	0.74	101800.00	287.45
10227600.0	0.00	0.00	0.00	291.25	3.40	193.00	0.79	101800.00	287.65
10231200.0	0.00	0.00	0.00	291.05	3.10	174.00	0.80	101800.00	287.65
10234800.0	0.00	0.00	0.00	290.95	2.60	157.00	0.80	101700.00	287.65
10238400.0	0.00	0.00	0.00	290.75	1.90	145.00	0.81	101700.00	287.65
10242000.0	0.00	0.00	0.00	290.35	1.60	139.00	0.84	101700.00	287.65
10245600.0	0.00	0.00	0.00	289.95	1.50	133.00	0.85	101700.00	287.45
10249200.0	0.00	0.00	0.00	289.75	1.40	120.00	0.85	101700.00	287.35
10252800.0	0.00	0.00	0.00	289.65	1.40	99.00	0.84	101600.00	287.15
10256400.0	0.00	0.00	0.00	289.55	1.50	80.00	0.84	101600.00	286.85
10260000.0	0.00	0.00	0.00	289.55	1.50	66.00	0.81	101600.00	286.35
10263600.0	0.00	0.00	0.00	289.55	1.40	57.00	0.78	101600.00	285.75
10267200.0	0.00	0.00	0.00	289.55	1.30	51.00	0.76	101700.00	285.35
10270800.0	57.00	14.00	13.00	289.85	1.40	52.00	0.74	101800.00	285.35
10274400.0	15.00	80.00	77.00	291.15	1.70	50.00	0.70	101800.00	285.75
10278000.0	38.00	191.00	176.00	292.05	2.00	45.00	0.63	101800.00	284.95
10281600.0	33.00	266.00	247.00	296.75	1.90	178.00	0.43	101800.00	283.65
10285200.0	93.00	430.00	371.00	299.15	2.30	314.00	0.31	101700.00	280.95
10288800.0	56.00	413.00	376.00	299.85	2.90	280.00	0.28	101600.00	279.65
10292400.0	36.00	357.00	333.00	299.35	3.00	259.00	0.29	101500.00	279.95
10296000.0	164.00	453.00	355.00	299.05	3.00	247.00	0.31	101500.00	280.95
10299600.0	119.00	322.00	265.00	298.55	3.40	235.00	0.34	101500.00	281.75
10303200.0	60.00	165.00	146.00	296.95	3.50	219.00	0.40	101600.00	282.85
10306800.0	21.00	49.00	47.00	294.25	2.90	200.00	0.53	101600.00	284.35
10310400.0	0.00	0.00	0.00	292.05	2.70	183.00	0.65	101700.00	285.45
10314000.0	0.00	0.00	0.00	291.05	2.80	172.00	0.71	101800.00	285.95
10317600.0	0.00	0.00	0.00	290.25	2.90	165.00	0.76	101800.00	286.15
10321200.0	0.00	0.00	0.00	289.65	2.80	162.00	0.79	101800.00	286.15
10324800.0	0.00	0.00	0.00	289.05	2.60	158.00	0.82	101800.00	286.15
10328400.0	0.00	0.00	0.00	288.55	2.50	151.00	0.84	101800.00	286.05
10332000.0	0.00	0.00	0.00	288.05	2.40	145.00	0.86	101700.00	285.85
10335600.0	0.00	0.00	0.00	287.75	2.50	144.00	0.87	101700.00	285.75
10339200.0	0.00	0.00	0.00	287.65	2.80	148.00	0.88	101700.00	285.75
10342800.0	0.00	0.00	0.00	287.55	3.00	147.00	0.88	101700.00	285.65
10346400.0	0.00	0.00	0.00	287.15	3.00	145.00	0.89	101700.00	285.55
10350000.0	0.00	0.00	0.00	286.85	3.10	144.00	0.90	101700.00	285.35
10353600.0	0.00	0.00	0.00	286.55	3.30	145.00	0.91	101800.00	285.15
10357200.0	72.00	14.00	12.00	287.25	3.80	145.00	0.85	101800.00	284.95
10360800.0	72.00	111.00	95.00	289.25	4.30	143.00	0.74	101900.00	284.75
10364400.0	105.00	248.00	206.00	290.55	4.50	142.00	0.66	101900.00	284.15
10368000.0	22.00	189.00	177.00	293.05	3.50	15.00	0.23	101200.00	271.65
10371600.0	11.00	206.00	199.00	294.85	3.80	174.00	0.20	101100.00	271.15
10375200.0	134.00	394.00	304.00	295.95	3.80	342.00	0.19	101000.00	271.15
10378800.0	248.00	440.00	276.00	296.45	3.60	335.00	0.19	100900.00	271.25
10382400.0	170.00	363.00	262.00	296.55	3.20	333.00	0.18	100900.00	271.35
10386000.0	100.00	235.00	187.00	296.25	2.60	337.00	0.19	100800.00	271.35
10389600.0	209.00	184.00	118.00	294.85	1.60	346.00	0.21	100800.00	271.45
10393200.0	67.00	52.00	44.00	292.65	1.00	182.00	0.24	100800.00	271.75
10396800.0	0.00	0.00	0.00	291.25	1.20	20.00	0.26	100800.00	271.45
10400400.0	0.00	0.00	0.00	290.25	1.30	32.00	0.27	100800.00	271.35
10404000.0	0.00	0.00	0.00	289.35	1.50	35.00	0.29	100800.00	271.45
10407600.0	0.00	0.00	0.00	288.45	1.90	36.00	0.32	100800.00	271.75
10411200.0	0.00	0.00	0.00	287.85	2.30	37.00	0.34	100800.00	272.35
10414800.0	0.00	0.00	0.00	287.55	2.90	38.00	0.38	100700.00	273.55
10418400.0	0.00	0.00	0.00	287.35	3.30	36.00	0.42	100700.00	274.65
10422000.0	0.00	0.00	0.00	286.95	3.30	33.00	0.45	100600.00	275.45
10425600.0	0.00	0.00	0.00	286.65	3.20	30.00	0.48	100600.00	275.95
10429200.0	0.00	0.00	0.00	286.45	3.30	28.00	0.50	100500.00	276.35
10432800.0	0.00	0.00	0.00	286.15	3.30	26.00	0.52	100500.00	276.65
10436400.0	0.00	0.00	0.00	285.85	3.10	23.00	0.54	100500.00	276.85
10440000.0	0.00	0.00	0.00	285.75	3.10	20.00	0.54	100500.00	276.85
10443600.0	82.00	14.00	12.00	287.25	3.80	17.00	0.49	100500.00	276.75
10447200.0	566.00	177.00	54.00	290.35	4.40	11.00	0.39	100500.00	276.55
10450800.0	555.00	324.00	105.00	291.95	4.40	7.00	0.35	100500.00	276.15
10454400.0	517.00	441.00	165.00	297.15	5.90	339.00	0.24	100500.00	275.45
10458000.0	253.00	434.00	275.00	298.95	5.90	332.00	0.21	100400.00	274.95
10461600.0	336.00	506.00	281.00	299.65	5.70	329.00	0.20	100300.00	274.65
10465200.0	316.00	487.00	279.00	300.15	5.50	328.00	0.19	100200.00	274.55
10468800.0	511.00	488.00	187.00	300.65	5.30	330.00	0.18	100100.00	274.55
10472400.0	325.00	329.00	176.00	300.55	5.20	331.00	0.18	100100.00	274.65
10476000.0	233.00	185.00	112.00	299.45	4.30	334.00	0.20	100100.00	274.55
10479600.0	366.00	83.00	38.00	296.75	3.10	343.00	0.23	100100.00	274.55
10483200.0	0.00	0.00	0.00	294.85	2.90	353.00	0.26	100100.00	274.45
10486800.0	0.00	0.00	0.00	294.15	2.90	357.00	0.27	100100.00	274.55
10490400.0	0.00	0.00	0.00	293.05	2.40	355.00	0.29	100100.00	274.65
10494000.0	0.00	0.00	0.00	292.55	1.70	353.00	0.30	100100.00	274.85
10497600.0	0.00	0.00	0.00	292.55	1.40	179.00	0.31	100100.00	274.95
10501200.0	0.00	0.00	0.00	292.45	1.70	7.00	0.30	100100.00	274.75
10504800.0	0.00	0.00	0.00	292.45	2.30	13.00	0.29	100000.00	274.25
10508400.0	0.00	0.00	0.00	292.35	3.10	13.00	0.29	100000.00	273.95
10512000.0	0.00	0.00	0.00	291.85	3.40	178.00	0.31	100000.00	274.35
10515600.0	0.00	0.00	0.00	291.35	3.30	329.00	0.35	100000.00	275.75
10519200.0	0.00	0.00	0.00	290.75	3.00	303.00	0.43	100100.00	278.15
10522800.0	0.00	0.00	0.00	290.05	2.00	296.00	0.57	100000.00	281.55
10526400.0	0.00	0.00	0.00	289.45	1.60	321.00	0.71	100000.00	284.35
10530000.0	11.00	4.00	4.00	290.15	3.20	342.00	0.74	100100.00	285.45
10533600.0	0.00	8.00	8.00	291.55	5.30	332.00	0.69	100100.00	285.85
10537200.0	0.00	31.00	31.00	291.95	6.00	323.00	0.69	100200.00	286.25
10540800.0	0.00	51.00	51.00	291.95	6.40	305.00	0.71	100200.00	286.65
10544400.0	0.00	131.00	131.00	291.55	6.80	286.00	0.70	100200.00	286.15
10548000.0	3.00	171.00	169.00	290.35	6.50	273.00	0.68	100100.00	284.45
10551600.0	0.00	127.00	127.00	289.55	5.60	275.00	0.63	100100.00	282.65
10555200.0	12.00	144.00	137.00	289.65	4.90	286.00	0.60	100100.00	281.95
10558800.0	0.00	85.00	85.00	290.15	4.50	295.00	0.57	100100.00	281.65
10562400.0	255.00	179.00	100.00	290.35	4.00	302.00	0.54	100200.00	281.15
10566000.0	311.00	75.00	38.00	289.65	3.20	304.00	0.55	100200.00	280.65
10569600.0	0.00	0.00	0.00	288.95	3.40	290.00	0.55	100300.00	280.05
10573200.0	0.00	0.00	0.00	288.55	4.10	270.00	0.54	100400.00	279.35
10576800.0	0.00	0.00	0.00	287.75	4.50	261.00	0.55	100500.00	278.95
10580400.0	0.00	0.00	0.00	286.85	4.40	265.00	0.59	100600.00	279.05
10584000.0	0.00	0.00	0.00	286.05	4.30	272.00	0.65	100600.00	279.65
10587600.0	0.00	0.00	0.00	285.55	4.50	274.00	0.71	100600.00	280.45
10591200.0	0.00	0.00	0.00	285.05	4.40	271.00	0.77	100700.00	281.35
10594800.0	0.00	0.00	0.00	284.55	4.10	265.00	0.82	100700.00	281.65
10598400.0	0.00	0.00	0.00	284.05	3.60	260.00	0.85	100700.00	281.65
10602000.0	0.00	0.00	0.00	283.65	3.30	257.00	0.86	100800.00	281.45
10605600.0	0.00	0.00	0.00	283.35	3.10	253.00	0.86	100800.00	281.25
10609200.0	0.00	0.00	0.00	283.05	2.80	251.00	0.87	100900.00	281.05
10612800.0	0.00	0.00	0.00	282.65	2.30	252.00	0.88	101000.00	280.95
10616400.0	30.00	11.00	10.00	283.65	2.60	252.00	0.82	101100.00	280.85
10620000.0	466.00	165.00	66.00	286.45	3.80	241.00	0.69	101200.00	280.95
10623600.0	692.00	356.00	87.00	288.15	4.50	230.00	0.57	101300.00	279.85
10627200.0	821.00	522.00	89.00	291.05	5.10	219.00	0.44	101300.00	278.55
10630800.0	871.00	634.00	93.00	292.35	5.00	216.00	0.39	101300.00	277.95
10634400.0	805.00	655.00	121.00	293.25	4.80	216.00	0.36	101300.00	277.65
10638000.0	426.00	490.00	213.00	293.75	4.60	216.00	0.34	101200.00	277.35
10641600.0	104.00	266.00	206.00	293.85	4.30	215.00	0.33	101200.00	277.05
10645200.0	419.00	334.00	140.00	293.45	4.00	213.00	0.33	101300.00	276.75
10648800.0	578.00	248.00	72.00	292.25	3.30	208.00	0.36	101300.00	276.75
10652400.0	191.00	58.00	36.00	289.65	2.00	196.00	0.44	101400.00	277.35
10656000.0	0.00	0.00	0.00	287.45	1.30	177.00	0.53	101500.00	278.05
10659600.0	0.00	0.00	0.00	286.55	1.20	160.00	0.57	101500.00	278.35
10663200.0	0.00	0.00	0.00	285.95	1.20	145.00	0.61	101600.00	278.65
10666800.0	0.00	0.00	0.00	285.45	1.10	136.00	0.64	101600.00	278.95
10670400.0	0.00	0.00	0.00	285.05	1.10	130.00	0.67	101600.00	279.15
10674000.0	0.00	0.00	0.00	284.75	1.10	128.00	0.69	101700.00	279.35
10677600.0	0.00	0.00	0.00	284.55	1.00	131.00	0.70	101700.00	279.45
10681200.0	0.00	0.00	0.00	284.15	1.00	138.00	0.73	101700.00	279.55
10684800.0	0.00	0.00	0.00	283.75	1.00	142.00	0.75	101700.00	279.55
10688400.0	0.00	0.00	0.00	283.35	1.10	140.00	0.77	101800.00	279.65
10692000.0	0.00	0.00	0.00	283.15	1.00	134.00	0.79	101800.00	279.75
10695600.0	0.00	0.00	0.00	283.05	1.00	123.00	0.80	101900.00	279.85
10699200.0	0.00	0.00	0.00	282.95	1.00	103.00	0.81	101900.00	279.85
10702800.0	58.00	9.00	8.00	284.15	1.30	80.00	0.74	102000.00	279.85
10706400.0	554.00	169.00	53.00	286.95	1.80	63.00	0.62	102100.00	279.85
10710000.0	742.00	357.00	71.00	288.55	2.00	57.00	0.55	102100.00	279.75
10713600.0	853.00	521.00	74.00	292.45	1.40	183.00	0.41	102000.00	278.95
10717200.0	894.00	631.00	79.00	293.75	1.60	326.00	0.36	102000.00	278.35
10720800.0	911.00	680.00	79.00	294.75	1.70	303.00	0.33	101900.00	277.95
10724400.0	907.00	664.00	79.00	295.35	1.80	283.00	0.31	101900.00	277.65
10728000.0	847.00	575.00	86.00	295.45	1.90	264.00	0.31	101900.00	277.65
10731600.0	828.00	448.00	67.00	295.15	1.90	247.00	0.32	101900.00	277.55
10735200.0	718.00	270.00	53.00	293.85	1.50	231.00	0.34	101900.00	277.65
10738800.0	440.00	82.00	32.00	291.25	1.10	212.00	0.44	101900.00	278.95
10742400.0	0.00	0.00	0.00	289.15	1.10	190.00	0.50	102000.00	278.85
10746000.0	0.00	0.00	0.00	288.05	1.20	168.00	0.54	102000.00	278.85
10749600.0	0.00	0.00	0.00	287.25	1.20	148.00	0.57	102100.00	278.95
10753200.0	0.00	0.00	0.00	286.45	1.20	130.00	0.60	102100.00	278.95
10756800.0	0.00	0.00	0.00	285.75	1.30	116.00	0.63	102000.00	278.95
10760400.0	0.00	0.00	0.00	285.15	1.40	105.00	0.65	102000.00	278.85
10764000.0	0.00	0.00	0.00	284.65	1.40	96.00	0.66	102000.00	278.65
10767600.0	0.00	0.00	0.00	284.25	1.50	90.00	0.66	102000.00	278.15
10771200.0	0.00	0.00	0.00	283.85	1.50	85.00	0.65	101900.00	277.75
10774800.0	0.00	0.00	0.00	283.45	1.60	80.00	0.65	101900.00	277.15
10778400.0	0.00	0.00	0.00	283.05	1.70	75.00	0.64	102000.00	276.65
10782000.0	0.00	0.00	0.00	282.75	1.80	72.00	0.63	102000.00	276.15
10785600.0	0.00	0.00	0.00	282.65	1.80	71.00	0.62	102100.00	275.85
10789200.0	84.00	10.00	9.00	284.25	2.70	67.00	0.56	102100.00	275.75
10792800.0	625.00	174.00	45.00	287.65	3.60	59.00	0.45	102100.00	275.85
10796400.0	799.00	365.00	60.00	289.25	3.80	53.00	0.40	102100.00	275.85
10800000.0	880.00	527.00	69.00	293.75	4.20	32.00	0.30	102000.00	275.55
10803600.0	917.00	637.00	74.00	295.15	3.90	24.00	0.27	101900.00	275.35
10807200.0	931.00	686.00	76.00	296.15	3.50	16.00	0.25	101800.00	275.05
10810800.0	929.00	670.00	74.00	296.75	3.20	11.00	0.23	101700.00	274.65
10814400.0	908.00	591.00	70.00	296.95	3.10	12.00	0.22	101600.00	274.25
10818000.0	856.00	454.00	63.00	296.65	3.10	15.00	0.22	101500.00	273.85
10821600.0	747.00	274.00	51.00	294.85	2.30	17.00	0.24	101500.00	273.55
10825200.0	475.00	83.00	31.00	291.55	1.40	18.00	0.34	101500.00	275.65
10828800.0	0.00	0.00	0.00	289.15	1.40	24.00	0.39	101500.00	275.35
10832400.0	0.00	0.00	0.00	288.25	1.70	33.00	0.40	101400.00	274.75
10836000.0	0.00	0.00	0.00	287.55	2.10	35.00	0.40	101400.00	274.05
10839600.0	0.00	0.00	0.00	286.85	2.30	32.00	0.41	101400.00	273.75
10843200.0	0.00	0.00	0.00	286.35	2.40	28.00	0.42	101400.00	273.85
10846800.0	0.00	0.00	0.00	286.15	2.60	26.00	0.43	101300.00	273.95
10850400.0	0.00	0.00	0.00	286.15	2.90	24.00	0.43	101200.00	274.05
10854000.0	0.00	0.00	0.00	286.15	3.10	22.00	0.44	101200.00	274.15
10857600.0	0.00	0.00	0.00	286.15	3.20	18.00	0.44	101100.00	274.15
10861200.0	0.00	0.00	0.00	285.75	3.10	15.00	0.45	101100.00	274.15
10864800.0	0.00	0.00	0.00	285.15	2.90	12.00	0.47	101000.00	274.15
10868400.0	0.00	0.00	0.00	284.75	2.90	8.00	0.48	101000.00	274.15
10872000.0	0.00	0.00	0.00	284.65	3.30	7.00	0.48	101000.00	274.15
10875600.0	7.00	5.00	5.00	285.35	4.00	7.00	0.46	101000.00	274.25
10879200.0	239.00	117.00	68.00	287.25	4.70	4.00	0.41	101000.00	274.25
10882800.0	244.00	227.00	135.00	288.35	4.90	1.00	0.38	101000.00	274.35
10886400.0	1.00	103.00	102.00	292.15	6.80	339.00	0.29	100900.00	273.85
10890000.0	5.00	126.00	123.00	293.45	7.00	333.00	0.25	100800.00	273.15
10893600.0	11.00	209.00	202.00	294.65	6.80	330.00	0.23	100700.00	272.45
10897200.0	349.00	475.00	252.00	295.85	6.40	326.00	0.20	100600.00	271.95
10900800.0	687.00	524.00	132.00	296.75	6.00	324.00	0.19	100600.00	271.65
10904400.0	750.00	427.00	87.00	296.85	5.40	323.00	0.18	100600.00	271.45
10908000.0	619.00	252.00	70.00	295.25	3.80	326.00	0.20	100600.00	271.25
10911600.0	278.00	69.00	39.00	291.95	2.20	335.00	0.26	100600.00	272.35
10915200.0	0.00	0.00	0.00	289.65	1.80	343.00	0.32	100700.00	272.95
10918800.0	0.00	0.00	0.00	289.05	1.80	335.00	0.35	100800.00	273.65
10922400.0	0.00	0.00	0.00	288.15	1.70	306.00	0.44	100800.00	276.05
10926000.0	0.00	0.00	0.00	287.45	1.50	259.00	0.56	100900.00	278.95
10929600.0	0.00	0.00	0.00	287.45	1.80	216.00	0.70	100900.00	282.15
10933200.0	0.00	0.00	0.00	287.55	2.30	192.00	0.84	100900.00	284.95
10936800.0	0.00	0.00	0.00	287.35	2.50	182.00	0.92	100900.00	286.15
10940400.0	0.00	0.00	0.00	286.85	2.20	174.00	0.96	100900.00	286.35
10944000.0	0.00	0.00	0.00	286.25	1.90	165.00	1.00	101000.00	286.25
10947600.0	0.00	0.00	0.00	285.85	1.80	157.00	1.00	101000.00	285.95
10951200.0	0.00	0.00	0.00	285.55	1.60	151.00	1.00	101000.00	285.65
10954800.0	0.00	0.00	0.00	284.95	1.50	142.00	1.00	101100.00	285.05
10958400.0	0.00	0.00	0.00	284.35	1.40	129.00	1.00	101200.00	284.45
10962000.0	59.00	8.00	7.00	285.35	2.10	117.00	0.97	101200.00	284.95
10965600.0	570.00	163.00	48.00	288.25	2.80	109.00	0.79	101200.00	284.65
10969200.0	761.00	351.00	65.00	289.85	2.80	106.00	0.70	101200.00	284.35
10972800.0	863.00	511.00	67.00	293.55	1.80	72.00	0.52	101200.00	283.45
10976400.0	904.00	620.00	71.00	295.35	1.50	42.00	0.43	101100.00	282.35
10980000.0	921.00	668.00	71.00	296.65	1.40	13.00	0.37	101100.00	281.25
10983600.0	919.00	650.00	67.00	297.55	1.50	168.00	0.33	101000.00	280.15
10987200.0	893.00	571.00	65.00	297.85	1.60	325.00	0.30	101000.00	279.25
10990800.0	839.00	436.00	59.00	297.65	1.70	306.00	0.29	101000.00	278.65
10994400.0	728.00	261.00	49.00	296.05	1.40	283.00	0.31	101000.00	278.35
10998000.0	450.00	75.00	28.00	293.05	1.10	248.00	0.41	101000.00	279.65
11001600.0	0.00	0.00	0.00	290.65	1.20	211.00	0.46	101100.00	279.05
11005200.0	0.00	0.00	0.00	289.35	1.30	179.00	0.51	101100.00	279.45
11008800.0	0.00	0.00	0.00	288.15	1.40	153.00	0.58	101100.00	280.05
11012400.0	0.00	0.00	0.00	287.25	1.50	132.00	0.63	101100.00	280.35
11016000.0	0.00	0.00	0.00	286.75	1.40	116.00	0.64	101100.00	280.25
11019600.0	0.00	0.00	0.00	286.45	1.30	102.00	0.64	101100.00	279.95
11023200.0	0.00	0.00	0.00	286.45	1.20	89.00	0.63	101100.00	279.65
11026800.0	0.00	0.00	0.00	286.85	1.10	76.00	0.60	101000.00	279.25
11030400.0	0.00	0.00	0.00	287.15	1.00	60.00	0.58	101000.00	278.95
11034000.0	0.00	0.00	0.00	287.15	0.90	41.00	0.57	101000.00	278.85
11037600.0	0.00	0.00	0.00	287.15	0.80	18.00	0.57	101000.00	278.75
11041200.0	0.00	0.00	0.00	287.05	0.70	162.00	0.57	101000.00	278.85
11044800.0	0.00	0.00	0.00	286.65	0.80	309.00	0.60	101100.00	279.05
11048400.0	24.00	5.00	5.00	286.95	0.80	298.00	0.60	101100.00	279.45
11052000.0	166.00	59.00	26.00	288.65	1.00	293.00	0.56	101200.00	280.05
11055600.0	527.00	295.00	99.00	289.85	1.30	289.00	0.53	101200.00	280.45
11059200.0	615.00	439.00	125.00	291.85	2.50	279.00	0.48	101100.00	280.75
11062800.0	554.00	509.00	175.00	293.35	3.20	270.00	0.43	101100.00	280.55
11066400.0	220.00	402.00	260.00	294.45	3.50	259.00	0.40	101100.00	280.35
11070000.0	537.00	532.00	193.00	294.95	3.70	250.00	0.38	101000.00	280.25
11073600.0	638.00	497.00	138.00	294.95	3.70	245.00	0.38	100900.00	280.05
11077200.0	478.00	344.00	131.00	294.65	3.80	241.00	0.38	100900.00	279.85
11080800.0	720.00	256.00	48.00	293.45	3.30	233.00	0.41	100900.00	279.75
11084400.0	435.00	72.00	28.00	290.75	2.20	220.00	0.48	101000.00	279.85
11088000.0	0.00	0.00	0.00	288.55	1.50	206.00	0.56	101000.00	279.95
11091600.0	0.00	0.00	0.00	287.75	1.50	199.00	0.61	101100.00	280.35
11095200.0	0.00	0.00	0.00	287.25	1.80	203.00	0.65	101100.00	280.85
11098800.0	0.00	0.00	0.00	287.25	2.60	210.00	0.67	101100.00	281.45
11102400.0	0.00	0.00	0.00	286.85	3.10	216.00	0.73	101100.00	282.15
11106000.0	0.00	0.00	0.00	286.25	3.10	221.00	0.80	101100.00	283.05
11109600.0	0.00	0.00	0.00	286.15	3.60	222.00	0.85	101100.00	283.85
11113200.0	0.00	0.00	0.00	286.55	4.40	215.00	0.87	101100.00	284.55
11116800.0	0.00	0.00	0.00	286.65	4.80	205.00	0.88	101100.00	284.85
11120400.0	0.00	0.00	0.00	286.05	4.40	199.00	0.89	101100.00	284.35
11124000.0	0.00	0.00	0.00	285.35	3.80	198.00	0.86	101100.00	283.25
11127600.0	0.00	0.00	0.00	284.85	3.70	199.00	0.84	101200.00	282.25
11131200.0	0.00	0.00	0.00	284.65	3.90	199.00	0.80	101200.00	281.35
11134800.0	36.00	7.00	7.00	285.35	4.50	198.00	0.72	101200.00	280.55
11138400.0	387.00	124.00	48.00	287.05	5.70	197.00	0.62	101300.00	279.95
11142000.0	310.00	199.00	84.00	288.15	6.50	196.00	0.52	101300.00	278.55
11145600.0	597.00	436.00	133.00	289.75	7.20	200.00	0.45	101300.00	277.75
11149200.0	393.00	386.00	150.00	290.55	7.40	204.00	0.42	101300.00	277.55
11152800.0	629.00	574.00	171.00	291.05	7.70	206.00	0.40	101200.00	277.45
11156400.0	78.00	294.00	245.00	291.25	8.00	208.00	0.40	101200.00	277.55
11160000.0	230.00	345.00	216.00	290.95	8.10	208.00	0.41	101100.00	277.65
11163600.0	431.00	332.00	141.00	290.15	8.10	208.00	0.44	101100.00	277.75
11167200.0	36.00	88.00	78.00	289.15	7.70	206.00	0.46	101200.00	277.75
11170800.0	187.00	54.00	36.00	288.15	7.00	204.00	0.49	101200.00	277.75
11174400.0	0.00	0.00	0.00	287.55	6.40	201.00	0.52	101300.00	277.85
11178000.0	0.00	0.00	0.00	287.05	5.90	198.00	0.54	101300.00	277.95
11181600.0	0.00	0.00	0.00	286.25	5.20	195.00	0.57	101400.00	278.05
11185200.0	0.00	0.00	0.00	285.55	4.60	193.00	0.60	101400.00	278.15
11188800.0	0.00	0.00	0.00	284.95	4.30	193.00	0.62	101400.00	278.15
11192400.0	0.00	0.00	0.00	284.25	3.60	194.00	0.65	101400.00	278.05
11196000.0	0.00	0.00	0.00	283.35	3.00	197.00	0.70	101400.00	278.15
11199600.0	0.00	0.00	0.00	282.95	3.00	198.00	0.73	101400.00	278.45
11203200.0	0.00	0.00	0.00	283.05	3.30	197.00	0.74	101400.00	278.65
11206800.0	0.00	0.00	0.00	283.25	3.60	195.00	0.74	101400.00	278.85
11210400.0	0.00	0.00	0.00	283.45	3.70	193.00	0.74	101500.00	279.15
11214000.0	0.00	0.00	0.00	283.45	3.60	192.00	0.75	101500.00	279.35
11217600.0	0.00	0.00	0.00	283.35	3.60	191.00	0.76	101500.00	279.45
11221200.0	12.00	4.00	4.00	284.15	4.00	190.00	0.73	101600.00	279.55
11224800.0	409.00	137.00	58.00	285.95	5.20	189.00	0.65	101600.00	279.65
11228400.0	686.00	331.00	79.00	287.05	5.80	187.00	0.56	101600.00	278.55
11232000.0	799.00	492.00	89.00	289.05	6.50	187.00	0.45	101600.00	277.35
11235600.0	851.00	602.00	94.00	289.95	6.70	190.00	0.42	101600.00	277.15
11239200.0	342.00	444.00	226.00	290.65	6.70	191.00	0.40	101600.00	276.85
11242800.0	739.00	592.00	131.00	290.95	6.70	193.00	0.38	101500.00	276.55
11246400.0	505.00	451.00	170.00	290.85	6.70	194.00	0.38	101500.00	276.25
11250000.0	779.00	420.00	78.00	290.25	6.50	193.00	0.39	101500.00	276.15
11253600.0	643.00	245.00	64.00	289.05	5.80	192.00	0.42	101600.00	276.35
11257200.0	313.00	64.00	34.00	287.45	4.60	191.00	0.48	101600.00	276.55
11260800.0	0.00	0.00	0.00	285.95	3.40	190.00	0.54	101600.00	277.05
11264400.0	0.00	0.00	0.00	285.05	3.00	187.00	0.60	101700.00	277.55
11268000.0	0.00	0.00	0.00	284.35	3.10	181.00	0.65	101700.00	278.05
11271600.0	0.00	0.00	0.00	283.85	3.10	175.00	0.69	101800.00	278.45
11275200.0	0.00	0.00	0.00	283.05	2.80	170.00	0.73	101800.00	278.65
11278800.0	0.00	0.00	0.00	282.35	2.30	168.00	0.78	101800.00	278.75
11282400.0	0.00	0.00	0.00	281.55	2.00	167.00	0.82	101700.00	278.75
11286000.0	0.00	0.00	0.00	280.95	1.80	166.00	0.86	101700.00	278.85
11289600.0	0.00	0.00	0.00	280.65	1.80	165.00	0.88	101700.00	278.85
11293200.0	0.00	0.00	0.00	280.45	1.80	164.00	0.90	101700.00	279.05
11296800.0	0.00	0.00	0.00	280.25	1.90	162.00	0.93	101700.00	279.25
11300400.0	0.00	0.00	0.00	280.15	1.90	159.00	0.95	101800.00	279.45
11304000.0	0.00	0.00	0.00	280.25	2.10	157.00	0.96	101800.00	279.65
11307600.0	46.00	6.00	6.00	281.55	2.90	155.00	0.88	101900.00	279.85
11311200.0	556.00	154.00	48.00	284.25	4.00	157.00	0.74	101900.00	279.85
11314800.0	640.00	313.00	80.00	285.75	4.40	159.00	0.64	101900.00	279.35
11318400.0	860.00	502.00	71.00	289.05	5.10	163.00	0.48	101900.00	278.15
11322000.0	902.00	611.00	75.00	290.55	4.90	165.00	0.41	101900.00	277.35
11325600.0	917.00	659.00	77.00	291.75	4.80	167.00	0.36	101800.00	276.65
11329200.0	912.00	642.00	76.00	292.45	4.80	168.00	0.33	101700.00	276.05
11332800.0	879.00	559.00	73.00	292.65	4.90	169.00	0.32	101700.00	275.65
11336400.0	818.00	423.00	66.00	292.35	4.90	168.00	0.32	101700.00	275.55
11340000.0	695.00	247.00	53.00	291.05	4.10	170.00	0.36	101700.00	275.75
11343600.0	378.00	64.00	29.00	288.45	2.80	173.00	0.44	101700.00	276.35
11347200.0	0.00	0.00	0.00	286.65	2.40	174.00	0.53	101800.00	277.35
11350800.0	0.00	0.00	0.00	286.05	2.60	170.00	0.60	101800.00	278.45
11354400.0	0.00	0.00	0.00	285.35	2.60	163.00	0.67	101900.00	279.45
11358000.0	0.00	0.00	0.00	284.55	2.60	155.00	0.73	101900.00	280.05
11361600.0	0.00	0.00	0.00	283.95	2.50	147.00	0.78	101900.00	280.25
11365200.0	0.00	0.00	0.00	283.25	2.50	140.00	0.82	101800.00	280.35
11368800.0	0.00	0.00	0.00	282.65	2.40	135.00	0.86	101800.00	280.55
11372400.0	0.00	0.00	0.00	282.15	2.30	131.00	0.90	101800.00	280.75
11376000.0	0.00	0.00	0.00	281.65	2.20	127.00	0.95	101800.00	280.95
11379600.0	0.00	0.00	0.00	281.45	2.40	124.00	0.97	101800.00	281.15
11383200.0	0.00	0.00	0.00	281.45	2.70	122.00	0.98	101800.00	281.25
11386800.0	0.00	0.00	0.00	281.45	2.80	121.00	0.99	101900.00	281.35
11390400.0	0.00	0.00	0.00	281.45	2.70	120.00	0.99	101900.00	281.35
11394000.0	45.00	6.00	6.00	282.25	3.00	118.00	0.93	102000.00	281.35
11397600.0	534.00	147.00	47.00	284.55	3.40	118.00	0.81	102000.00	281.45
11401200.0	734.00	328.00	63.00	285.95	3.60	119.00	0.74	102000.00	281.55
11404800.0	829.00	484.00	71.00	290.15	2.90	129.00	0.56	102000.00	281.25
11408400.0	875.00	592.00	75.00	292.05	2.30	142.00	0.49	101900.00	281.05
11412000.0	896.00	640.00	75.00	293.65	2.10	159.00	0.44	101800.00	280.95
11415600.0	900.00	625.00	70.00	294.75	2.20	172.00	0.40	101800.00	280.75
11419200.0	876.00	548.00	67.00	295.35	2.60	178.00	0.38	101700.00	280.35
11422800.0	823.00	416.00	59.00	295.15	2.90	181.00	0.37	101700.00	280.05
11426400.0	706.00	244.00	49.00	293.55	2.60	182.00	0.41	101700.00	279.75
11430000.0	411.00	64.00	27.00	290.55	1.90	181.00	0.50	101700.00	280.05
11433600.0	0.00	0.00	0.00	288.25	2.00	174.00	0.59	101800.00	280.55
11437200.0	0.00	0.00	0.00	287.35	2.10	164.00	0.66	101800.00	281.25
11440800.0	0.00	0.00	0.00	286.35	2.00	153.00	0.74	101900.00	281.85
11444400.0	0.00	0.00	0.00	285.55	1.80	141.00	0.79	101900.00	282.05
11448000.0	0.00	0.00	0.00	284.65	1.60	129.00	0.82	101800.00	281.75
11451600.0	0.00	0.00	0.00	283.85	1.40	115.00	0.83	101800.00	281.25
11455200.0	0.00	0.00	0.00	283.25	1.30	102.00	0.83	101800.00	280.65
11458800.0	0.00	0.00	0.00	282.65	1.30	91.00	0.83	101800.00	280.05
11462400.0	0.00	0.00	0.00	282.25	1.30	86.00	0.82	101800.00	279.35
11466000.0	0.00	0.00	0.00	281.75	1.40	83.00	0.81	101800.00	278.75
11469600.0	0.00	0.00	0.00	281.45	1.30	82.00	0.79	101800.00	278.15
11473200.0	0.00	0.00	0.00	281.05	1.30	79.00	0.79	101800.00	277.75
11476800.0	0.00	0.00	0.00	280.85	1.30	76.00	0.78	101800.00	277.35
11480400.0	67.00	6.00	6.00	282.25	1.30	76.00	0.70	101900.00	277.15
11484000.0	603.00	152.00	40.00	285.15	1.30	78.00	0.58	101900.00	277.15
11487600.0	785.00	338.00	57.00	286.55	1.20	80.00	0.53	101900.00	277.15
11491200.0	862.00	493.00	66.00	291.75	2.10	219.00	0.37	101900.00	276.65
11494800.0	901.00	600.00	71.00	293.35	3.00	217.00	0.33	101800.00	276.45
11498400.0	915.00	648.00	74.00	294.25	3.50	214.00	0.30	101700.00	276.35
11502000.0	906.00	630.00	74.00	294.65	3.90	209.00	0.30	101700.00	276.25
11505600.0	875.00	550.00	72.00	294.55	4.10	203.00	0.30	101600.00	276.25
11509200.0	815.00	415.00	64.00	293.75	4.20	197.00	0.32	101600.00	276.55
11512800.0	693.00	241.00	51.00	292.05	3.60	192.00	0.37	101600.00	277.05
11516400.0	377.00	61.00	28.00	289.05	2.60	186.00	0.48	101700.00	278.05
11520000.0	0.00	0.00	0.00	286.85	2.20	180.00	0.60	101700.00	279.25
11523600.0	0.00	0.00	0.00	285.85	2.30	172.00	0.70	101700.00	280.65
11527200.0	0.00	0.00	0.00	285.05	2.10	165.00	0.79	101700.00	281.55
11530800.0	0.00	0.00	0.00	284.45	2.00	161.00	0.85	101700.00	282.25
11534400.0	0.00	0.00	0.00	284.25	2.00	159.00	0.89	101700.00	282.55
11538000.0	0.00	0.00	0.00	284.15	2.10	157.00	0.91	101700.00	282.85
11541600.0	0.00	0.00	0.00	283.95	1.90	155.00	0.93	101700.00	282.95
11545200.0	0.00	0.00	0.00	283.45	1.70	152.00	0.96	101600.00	282.95
11548800.0	0.00	0.00	0.00	283.15	1.40	148.00	0.98	101600.00	282.85
11552400.0	0.00	0.00	0.00	283.15	1.30	142.00	0.97	101600.00	282.75
11556000.0	0.00	0.00	0.00	283.15	1.30	135.00	0.96	101600.00	282.55
11559600.0	0.00	0.00	0.00	283.15	1.20	136.00	0.95	101700.00	282.45
11563200.0	0.00	0.00	0.00	283.15	1.10	140.00	0.94	101700.00	282.35
11566800.0	44.00	5.00	6.00	283.85	1.60	139.00	0.89	101800.00	282.25
11570400.0	473.00	130.00	44.00	285.95	2.60	142.00	0.77	101800.00	282.15
11574000.0	732.00	322.00	62.00	287.25	3.00	146.00	0.70	101800.00	281.85
11577600.0	825.00	478.00	72.00	290.85	4.00	150.00	0.53	101800.00	281.15
11581200.0	868.00	585.00	78.00	292.25	4.00	149.00	0.47	101800.00	280.65
11584800.0	190.00	388.00	269.00	293.45	4.00	151.00	0.42	101700.00	280.15
11588400.0	850.00	606.00	87.00	294.15	3.90	153.00	0.39	101600.00	279.75
11592000.0	852.00	536.00	73.00	294.45	3.90	157.00	0.37	101600.00	279.45
11595600.0	784.00	402.00	67.00	294.05	3.90	161.00	0.38	101600.00	279.25
11599200.0	647.00	230.00	55.00	292.55	3.30	166.00	0.42	101600.00	279.35
11602800.0	320.00	56.00	29.00	290.25	2.60	172.00	0.50	101700.00	279.95
11606400.0	0.00	0.00	0.00	288.75	2.60	172.00	0.60	101700.00	281.15
11610000.0	0.00	0.00	0.00	287.95	2.70	166.00	0.70	101800.00	282.55
11613600.0	0.00	0.00	0.00	287.05	2.40	157.00	0.78	101800.00	283.45
11617200.0	0.00	0.00	0.00	286.15	2.10	145.00	0.85	101900.00	283.75
11620800.0	0.00	0.00	0.00	285.65	2.00	133.00	0.88	101900.00	283.85
11624400.0	0.00	0.00	0.00	285.45	2.10	125.00	0.89	101900.00	283.75
11628000.0	0.00	0.00	0.00	285.35	2.20	121.00	0.89	101900.00	283.65
11631600.0	0.00	0.00	0.00	285.25	2.50	120.00	0.89	101900.00	283.55
11635200.0	0.00	0.00	0.00	285.05	2.70	120.00	0.89	101900.00	283.35
11638800.0	0.00	0.00	0.00	284.85	2.90	118.00	0.88	101900.00	283.05
11642400.0	0.00	0.00	0.00	284.45	2.90	114.00	0.88	101900.00	282.55
11646000.0	0.00	0.00	0.00	283.85	2.80	110.00	0.88	101900.00	282.05
11649600.0	0.00	0.00	0.00	283.15	2.80	107.00	0.88	102000.00	281.35
11653200.0	48.00	5.00	6.00	283.15	3.50	105.00	0.84	102100.00	280.65
11656800.0	566.00	144.00	42.00	284.75	4.10	105.00	0.72	102100.00	279.95
11660400.0	763.00	328.00	59.00	285.95	4.20	106.00	0.60	102100.00	278.55
11664000.0	857.00	486.00	67.00	289.55	3.50	125.00	0.43	102100.00	277.15
11667600.0	901.00	595.00	72.00	291.05	3.40	139.00	0.37	102100.00	276.15
11671200.0	918.00	643.00	73.00	292.15	3.50	146.00	0.31	102000.00	274.85
11674800.0	913.00	626.00	72.00	292.75	3.70	150.00	0.27	101900.00	273.35
11678400.0	886.00	547.00	68.00	292.85	4.00	154.00	0.24	101900.00	271.95
11682000.0	829.00	413.00	61.00	292.25	4.20	155.00	0.23	101900.00	270.85
11685600.0	712.00	240.00	49.00	290.55	3.70	154.00	0.24	101900.00	270.15
11689200.0	393.00	59.00	26.00	287.75	2.70	150.00	0.30	101900.00	270.25
11692800.0	0.00	0.00	0.00	285.65	2.40	143.00	0.36	102000.00	271.15
11696400.0	0.00	0.00	0.00	284.85	2.50	133.00	0.41	102000.00	272.05
11700000.0	0.00	0.00	0.00	283.95	2.40	123.00	0.46	102100.00	272.95
11703600.0	0.00	0.00	0.00	283.05	2.20	115.00	0.52	102100.00	273.75
11707200.0	0.00	0.00	0.00	282.35	2.00	110.00	0.56	102100.00	274.15
11710800.0	0.00	0.00	0.00	281.65	1.80	110.00	0.59	102100.00	274.25
11714400.0	0.00	0.00	0.00	281.05	1.70	112.00	0.62	102000.00	274.35
11718000.0	0.00	0.00	0.00	280.55	1.60	115.00	0.65	102000.00	274.35
11721600.0	0.00	0.00	0.00	280.15	1.70	120.00	0.67	102000.00	274.55
11725200.0	0.00	0.00	0.00	279.95	1.80	123.00	0.70	102000.00	274.95
11728800.0	0.00	0.00	0.00	279.75	1.90	124.00	0.75	102000.00	275.65
11732400.0	0.00	0.00	0.00	279.55	2.00	124.00	0.81	102000.00	276.55
11736000.0	0.00	0.00	0.00	279.35	2.10	121.00	0.87	102000.00	277.35
11739600.0	41.00	4.00	5.00	280.45	2.70	117.00	0.83	102100.00	277.95
11743200.0	543.00	140.00	44.00	283.05	3.20	116.00	0.71	102100.00	278.25
11746800.0	743.00	321.00	61.00	284.65	3.10	117.00	0.63	102100.00	278.05
11750400.0	840.00	479.00	71.00	289.35	3.10	141.00	0.43	102100.00	276.75
11754000.0	883.00	586.00	76.00	290.75	3.00	152.00	0.38	102000.00	276.35
11757600.0	906.00	637.00	77.00	291.85	3.10	163.00	0.35	101900.00	275.95
11761200.0	905.00	621.00	74.00	292.45	3.30	172.00	0.32	101900.00	275.65
11764800.0	879.00	542.00	70.00	292.55	3.70	179.00	0.32	101800.00	275.45
11768400.0	819.00	408.00	63.00	291.95	3.90	183.00	0.33	101800.00	275.45
11772000.0	690.00	234.00	51.00	290.25	3.50	186.00	0.38	101800.00	275.85
11775600.0	364.00	56.00	26.00	287.55	2.70	188.00	0.48	101900.00	276.65
11779200.0	0.00	0.00	0.00	285.55	2.50	187.00	0.59	101900.00	277.85
11782800.0	0.00	0.00	0.00	284.75	2.60	181.00	0.67	101900.00	278.85
11786400.0	0.00	0.00	0.00	283.85	2.30	175.00	0.73	101900.00	279.35
11790000.0	0.00	0.00	0.00	283.15	1.90	169.00	0.79	101900.00	279.75
11793600.0	0.00	0.00	0.00	282.55	1.70	165.00	0.83	101900.00	279.95
11797200.0	0.00	0.00	0.00	282.05	1.50	163.00	0.87	101900.00	280.15
11800800.0	0.00	0.00	0.00	281.65	1.40	162.00	0.91	101800.00	280.35
11804400.0	0.00	0.00	0.00	281.35	1.30	162.00	0.94	101800.00	280.45
11808000.0	0.00	0.00	0.00	281.15	1.20	163.00	0.96	101800.00	280.65
11811600.0	0.00	0.00	0.00	281.05	1.20	166.00	0.97	101800.00	280.75
11815200.0	0.00	0.00	0.00	281.15	1.20	170.00	0.98	101800.00	280.95
11818800.0	0.00	0.00	0.00	281.35	1.10	175.00	0.97	101800.00	281.05
11822400.0	0.00	0.00	0.00	281.65	1.10	182.00	0.96	101800.00	281.15
11826000.0	19.00	3.00	3.00	282.95	1.20	190.00	0.89	101900.00	281.25
11829600.0	478.00	130.00	46.00	285.55	1.80	197.00	0.75	101900.00	281.35
11833200.0	683.00	304.00	67.00	286.95	2.20	199.00	0.68	102000.00	281.15
11836800.0	582.00	373.00	92.00	289.65	2.40	196.00	0.56	101900.00	280.85
11840400.0	40.00	214.00	191.00	290.65	2.40	200.00	0.52	101900.00	280.95
11844000.0	9.00	161.00	155.00	291.35	2.60	204.00	0.51	101800.00	281.05
11847600.0	12.00	200.00	193.00	291.75	2.90	203.00	0.50	101700.00	281.25
11851200.0	779.00	504.00	88.00	291.75	3.10	200.00	0.51	101700.00	281.55
11854800.0	134.00	206.00	150.00	291.35	3.30	196.00	0.53	101600.00	281.85
11858400.0	597.00	214.00	57.00	290.25	2.90	191.00	0.59	101600.00	282.15
11862000.0	271.00	49.00	28.00	288.35	2.00	186.00	0.68	101600.00	282.55
11865600.0	0.00	0.00	0.00	286.75	1.50	178.00	0.78	101700.00	282.95
11869200.0	0.00	0.00	0.00	285.95	1.40	169.00	0.84	101700.00	283.45
11872800.0	0.00	0.00	0.00	285.05	1.30	161.00	0.91	101700.00	283.75
11876400.0	0.00	0.00	0.00	284.45	1.20	154.00	0.96	101700.00	283.95
11880000.0	0.00	0.00	0.00	284.05	1.10	149.00	0.99	101600.00	284.05
11883600.0	0.00	0.00	0.00	283.75	1.10	144.00	1.00	101600.00	283.85
11887200.0	0.00	0.00	0.00	283.55	1.00	139.00	1.00	101600.00	283.65
11890800.0	0.00	0.00	0.00	283.35	1.00	134.00	1.00	101600.00	283.45
11894400.0	0.00	0.00	0.00	283.25	1.00	130.00	1.00	101600.00	283.35
11898000.0	0.00	0.00	0.00	283.05	0.90	125.00	1.00	101600.00	283.15
11901600.0	0.00	0.00	0.00	282.95	0.90	121.00	1.00	101600.00	283.05
11905200.0	0.00	0.00	0.00	282.75	0.90	119.00	1.00	101600.00	282.85
11908800.0	0.00	0.00	0.00	282.65	0.90	117.00	1.00	101700.00	282.75
11912400.0	0.00	0.00	0.00	283.45	1.00	114.00	0.96	101700.00	282.95
11916000.0	500.00	130.00	44.00	285.45	1.20	118.00	0.85	101700.00	283.15
11919600.0	708.00	306.00	63.00	286.55	1.20	124.00	0.82	101800.00	283.65
11923200.0	552.00	390.00	125.00	290.25	1.10	204.00	0.65	101700.00	283.65
11926800.0	841.00	562.00	81.00	291.85	1.50	222.00	0.56	101600.00	282.95
11930400.0	705.00	560.00	129.00	292.75	1.90	228.00	0.50	101600.00	282.05
11934000.0	192.00	370.00	255.00	292.85	2.20	226.00	0.47	101500.00	281.25
11937600.0	660.00	471.00	120.00	292.75	2.60	221.00	0.45	101500.00	280.75
11941200.0	762.00	387.00	70.00	292.35	2.80	216.00	0.46	101500.00	280.35
11944800.0	625.00	219.00	56.00	291.25	2.50	208.00	0.48	101500.00	280.25
11948400.0	292.00	49.00	27.00	289.25	1.80	198.00	0.55	101500.00	280.35
11952000.0	0.00	0.00	0.00	287.65	1.60	185.00	0.62	101600.00	280.65
11955600.0	0.00	0.00	0.00	286.65	1.70	173.00	0.69	101600.00	281.15
11959200.0	0.00	0.00	0.00	285.65	1.60	164.00	0.76	101600.00	281.65
11962800.0	0.00	0.00	0.00	284.75	1.60	157.00	0.83	101700.00	282.05
11966400.0	0.00	0.00	0.00	283.95	1.50	150.00	0.90	101700.00	282.45
11970000.0	0.00	0.00	0.00	283.35	1.50	144.00	0.95	101600.00	282.65
11973600.0	0.00	0.00	0.00	282.85	1.50	137.00	0.99	101600.00	282.75
11977200.0	0.00	0.00	0.00	282.35	1.50	132.00	1.00	101600.00	282.45
11980800.0	0.00	0.00	0.00	282.05	1.60	127.00	1.00	101600.00	282.15
11984400.0	0.00	0.00	0.00	281.85	1.60	121.00	1.00	101600.00	281.95
11988000.0	0.00	0.00	0.00	281.65	1.70	115.00	1.00	101600.00	281.75
11991600.0	0.00	0.00	0.00	281.65	1.90	107.00	1.00	101700.00	281.75
11995200.0	0.00	0.00	0.00	281.65	2.20	101.00	1.00	101700.00	281.75
11998800.0	0.00	0.00	0.00	282.55	2.50	98.00	0.95	101800.00	281.85
12002400.0	515.00	130.00	43.00	284.75	2.60	100.00	0.82	101800.00	281.85
12006000.0	722.00	308.00	62.00	286.15	2.40	103.00	0.74	101800.00	281.75
12009600.0	815.00	460.00	71.00	290.75	1.40	157.00	0.53	101800.00	281.15
12013200.0	860.00	566.00	77.00	292.55	1.50	197.00	0.44	101800.00	280.25
12016800.0	880.00	613.00	77.00	293.65	1.90	211.00	0.40	101700.00	279.55
12020400.0	880.00	599.00	75.00	294.25	2.20	211.00	0.37	101700.00	279.15
12024000.0	855.00	522.00	70.00	294.15	2.50	207.00	0.37	101600.00	278.85
12027600.0	796.00	392.00	63.00	293.55	2.80	202.00	0.38	101600.00	278.75
12031200.0	672.00	223.00	49.00	291.85	2.70	198.00	0.42	101700.00	278.95
12034800.0	350.00	50.00	24.00	288.95	2.40	192.00	0.53	101700.00	279.45
12038400.0	0.00	0.00	0.00	286.95	2.40	183.00	0.65	101800.00	280.45
12042000.0	0.00	0.00	0.00	285.95	2.40	175.00	0.73	101800.00	281.35
12045600.0	0.00	0.00	0.00	285.05	2.20	170.00	0.81	101900.00	281.95
12049200.0	0.00	0.00	0.00	284.25	1.90	166.00	0.87	101900.00	282.25
12052800.0	0.00	0.00	0.00	283.55	1.60	165.00	0.92	101900.00	282.45
12056400.0	0.00	0.00	0.00	283.05	1.50	165.00	0.96	101900.00	282.65
12060000.0	0.00	0.00	0.00	282.55	1.30	167.00	1.00	101900.00	282.65
12063600.0	0.00	0.00	0.00	282.15	1.30	169.00	1.00	101900.00	282.25
12067200.0	0.00	0.00	0.00	281.85	1.30	172.00	1.00	101800.00	281.95
12070800.0	0.00	0.00	0.00	281.55	1.30	174.00	1.00	101800.00	281.65
12074400.0	0.00	0.00	0.00	281.25	1.30	177.00	1.00	101800.00	281.35
12078000.0	0.00	0.00	0.00	281.05	1.30	179.00	1.00	101900.00	281.15
12081600.0	0.00	0.00	0.00	280.95	1.30	181.00	1.00	101900.00	281.05
12085200.0	0.00	0.00	0.00	282.25	1.40	180.00	1.00	102000.00	282.35
12088800.0	549.00	131.00	39.00	285.35	2.20	183.00	0.86	102000.00	283.15
12092400.0	748.00	309.00	56.00	286.95	2.80	187.00	0.75	102100.00	282.75
12096000.0	840.00	462.00	63.00	290.25	3.10	202.00	0.57	102100.00	281.85
12099600.0	883.00	567.00	67.00	291.75	3.20	211.00	0.50	102000.00	281.25
12103200.0	900.00	614.00	68.00	292.85	3.40	216.00	0.45	101900.00	280.55
12106800.0	897.00	599.00	67.00	293.45	3.60	218.00	0.41	101900.00	280.05
12110400.0	874.00	524.00	64.00	293.55	3.80	217.00	0.40	101800.00	279.45
12114000.0	816.00	393.00	57.00	293.05	3.80	211.00	0.40	101800.00	279.15
12117600.0	695.00	223.00	45.00	291.25	3.20	204.00	0.45	101800.00	279.15
12121200.0	373.00	50.00	23.00	288.35	2.10	195.00	0.56	101900.00	279.65
12124800.0	0.00	0.00	0.00	286.25	1.80	185.00	0.68	102000.00	280.45
12128400.0	0.00	0.00	0.00	285.45	1.80	177.00	0.76	102000.00	281.35
12132000.0	0.00	0.00	0.00	284.65	1.70	173.00	0.84	102000.00	282.05
12135600.0	0.00	0.00	0.00	283.85	1.60	171.00	0.91	102000.00	282.55
12139200.0	0.00	0.00	0.00	283.25	1.50	172.00	0.96	102000.00	282.85
12142800.0	0.00	0.00	0.00	283.05	1.50	174.00	0.99	102000.00	282.95
12146400.0	0.00	0.00	0.00	283.05	1.50	177.00	0.99	102000.00	283.05
12150000.0	0.00	0.00	0.00	283.25	1.40	181.00	0.99	102000.00	283.15
12153600.0	0.00	0.00	0.00	283.25	1.40	185.00	0.99	102000.00	283.25
12157200.0	0.00	0.00	0.00	283.45	1.30	187.00	0.98	102000.00	283.35
12160800.0	0.00	0.00	0.00	283.65	1.30	190.00	0.97	102000.00	283.35
12164400.0	0.00	0.00	0.00	283.85	1.20	194.00	0.96	102000.00	283.25
12168000.0	0.00	0.00	0.00	284.05	1.10	197.00	0.94	102000.00	283.25
12171600.0	0.00	0.00	0.00	285.05	1.40	200.00	0.88	102100.00	283.15
12175200.0	284.00	87.00	40.00	286.85	2.20	197.00	0.77	102100.00	283.05
12178800.0	463.00	226.00	71.00	287.85	2.80	194.00	0.69	102100.00	282.25
12182400.0	362.00	304.00	133.00	290.35	3.20	191.00	0.56	102100.00	281.75
12186000.0	11.00	133.00	127.00	291.85	3.50	191.00	0.50	102000.00	281.35
12189600.0	583.00	504.00	152.00	292.95	3.80	190.00	0.46	101900.00	280.95
12193200.0	238.00	323.00	183.00	293.45	4.00	190.00	0.43	101800.00	280.65
12196800.0	753.00	488.00	94.00	293.35	4.30	188.00	0.43	101800.00	280.35
12200400.0	353.00	270.00	126.00	292.55	4.50	185.00	0.44	101800.00	280.15
12204000.0	680.00	220.00	47.00	290.85	4.10	182.00	0.49	101800.00	280.15
12207600.0	236.00	38.00	21.00	288.55	3.20	182.00	0.58	101800.00	280.45
12211200.0	0.00	0.00	0.00	286.75	2.70	180.00	0.68	101900.00	280.95
12214800.0	0.00	0.00	0.00	285.95	2.60	175.00	0.73	101900.00	281.25
12218400.0	0.00	0.00	0.00	285.15	2.30	167.00	0.77	101900.00	281.45
12222000.0	0.00	0.00	0.00	284.45	2.10	157.00	0.81	101900.00	281.45
12225600.0	0.00	0.00	0.00	283.85	1.90	148.00	0.84	101900.00	281.45
12229200.0	0.00	0.00	0.00	283.15	1.80	139.00	0.88	101900.00	281.35
12232800.0	0.00	0.00	0.00	282.65	1.70	132.00	0.91	101900.00	281.25
12236400.0	0.00	0.00	0.00	282.15	1.60	125.00	0.93	101800.00	281.15
12240000.0	0.00	0.00	0.00	281.75	1.50	119.00	0.95	101800.00	281.05
12243600.0	0.00	0.00	0.00	281.45	1.50	115.00	0.96	101800.00	280.95
12247200.0	0.00	0.00	0.00	281.25	1.50	112.00	0.97	101800.00	280.85
12250800.0	0.00	0.00	0.00	281.05	1.60	109.00	0.98	101900.00	280.75
12254400.0	0.00	0.00	0.00	281.05	1.70	108.00	0.97	101900.00	280.75
12258000.0	0.00	0.00	0.00	282.35	2.30	106.00	0.89	101900.00	280.75
12261600.0	393.00	107.00	43.00	285.25	3.00	104.00	0.73	101900.00	280.75
12265200.0	494.00	249.00	84.00	286.85	3.30	102.00	0.66	101900.00	280.65
12268800.0	362.00	331.00	161.00	291.35	2.50	106.00	0.47	101900.00	279.95
12272400.0	598.00	473.00	138.00	292.75	2.10	111.00	0.42	101800.00	279.55
12276000.0	889.00	607.00	73.00	293.65	1.90	117.00	0.39	101800.00	279.25
12279600.0	884.00	591.00	72.00	294.15	1.80	124.00	0.37	101700.00	278.95
12283200.0	856.00	515.00	69.00	294.35	1.90	131.00	0.36	101600.00	278.65
12286800.0	796.00	385.00	61.00	293.85	2.10	135.00	0.36	101600.00	278.55
12290400.0	670.00	217.00	48.00	292.05	1.70	137.00	0.41	101600.00	278.45
12294000.0	335.00	46.00	23.00	289.15	1.30	137.00	0.50	101600.00	278.75
12297600.0	0.00	0.00	0.00	287.15	1.50	134.00	0.57	101700.00	278.85
12301200.0	0.00	0.00	0.00	286.35	1.60	126.00	0.62	101700.00	279.25
12304800.0	0.00	0.00	0.00	285.65	1.70	118.00	0.67	101700.00	279.85
12308400.0	0.00	0.00	0.00	284.95	1.70	112.00	0.72	101700.00	280.25
12312000.0	0.00	0.00	0.00	284.35	1.70	106.00	0.77	101600.00	280.55
12315600.0	0.00	0.00	0.00	283.85	1.80	103.00	0.80	101600.00	280.65
12319200.0	0.00	0.00	0.00	283.45	1.80	101.00	0.83	101600.00	280.75
12322800.0	0.00	0.00	0.00	283.15	2.00	100.00	0.85	101500.00	280.85
12326400.0	0.00	0.00	0.00	282.85	2.10	99.00	0.87	101500.00	280.85
12330000.0	0.00	0.00	0.00	282.55	2.30	99.00	0.89	101500.00	280.95
12333600.0	0.00	0.00	0.00	282.25	2.50	100.00	0.91	101500.00	280.95
12337200.0	0.00	0.00	0.00	281.85	2.60	100.00	0.94	101600.00	280.95
12340800.0	0.00	0.00	0.00	281.65	2.80	100.00	0.95	101600.00	280.95
12344400.0	0.00	0.00	0.00	282.25	3.40	100.00	0.91	101700.00	280.85
12348000.0	317.00	98.00	47.00	284.45	4.10	98.00	0.78	101700.00	280.85
12351600.0	731.00	298.00	56.00	285.95	4.20	96.00	0.70	101700.00	280.65
12355200.0	815.00	448.00	68.00	290.35	4.10	88.00	0.51	101700.00	280.25
12358800.0	752.00	522.00	103.00	291.95	3.70	84.00	0.45	101600.00	279.85
12362400.0	870.00	599.00	79.00	292.85	3.40	81.00	0.42	101500.00	279.55
12366000.0	856.00	582.00	82.00	293.45	3.20	79.00	0.40	101400.00	279.35
12369600.0	523.00	422.00	151.00	293.45	3.00	80.00	0.39	101300.00	279.05
12373200.0	703.00	363.00	79.00	293.05	2.80	83.00	0.39	101300.00	278.85
12376800.0	450.00	182.00	69.00	291.35	2.10	89.00	0.43	101300.00	278.65
12380400.0	166.00	36.00	25.00	288.75	1.50	95.00	0.51	101400.00	278.65
12384000.0	0.00	0.00	0.00	287.25	1.90	97.00	0.55	101400.00	278.55
12387600.0	0.00	0.00	0.00	286.85	2.60	95.00	0.57	101500.00	278.55
12391200.0	0.00	0.00	0.00	286.45	3.20	92.00	0.58	101500.00	278.55
12394800.0	0.00	0.00	0.00	285.85	3.40	90.00	0.61	101500.00	278.55
12398400.0	0.00	0.00	0.00	285.35	3.50	89.00	0.63	101500.00	278.55
12402000.0	0.00	0.00	0.00	284.85	3.50	87.00	0.65	101500.00	278.45
12405600.0	0.00	0.00	0.00	284.35	3.40	85.00	0.66	101500.00	278.45
12409200.0	0.00	0.00	0.00	283.95	3.40	83.00	0.68	101400.00	278.35
12412800.0	0.00	0.00	0.00	283.65	3.30	81.00	0.69	101400.00	278.35
12416400.0	0.00	0.00	0.00	283.15	3.10	79.00	0.71	101400.00	278.35
12420000.0	0.00	0.00	0.00	282.85	3.10	77.00	0.73	101400.00	278.25
12423600.0	0.00	0.00	0.00	282.65	3.20	75.00	0.73	101400.00	278.25
12427200.0	0.00	0.00	0.00	282.45	3.30	73.00	0.74	101500.00	278.25
12430800.0	0.00	0.00	0.00	283.15	3.80	71.00	0.71	101500.00	278.15
12434400.0	534.00	122.00	38.00	285.35	4.30	68.00	0.61	101500.00	278.05
12438000.0	741.00	298.00	55.00	286.85	4.30	67.00	0.55	101500.00	277.95
12441600.0	837.00	451.00	63.00	291.95	4.10	50.00	0.40	101400.00	278.15
12445200.0	880.00	556.00	68.00	293.95	3.40	41.00	0.35	101400.00	278.15
12448800.0	897.00	603.00	69.00	295.35	2.80	31.00	0.32	101300.00	277.95
12452400.0	891.00	586.00	67.00	296.15	2.50	25.00	0.30	101300.00	277.55
12456000.0	864.00	510.00	64.00	296.45	2.30	24.00	0.28	101200.00	277.25
12459600.0	805.00	381.00	57.00	296.15	2.00	25.00	0.28	101200.00	276.95
12463200.0	680.00	214.00	45.00	294.15	1.40	34.00	0.32	101200.00	276.75
12466800.0	348.00	45.00	22.00	291.25	1.10	50.00	0.40	101200.00	277.55
12470400.0	0.00	0.00	0.00	289.15	1.40	60.00	0.44	101200.00	276.95
12474000.0	0.00	0.00	0.00	288.25	1.80	61.00	0.46	101300.00	276.85
12477600.0	0.00	0.00	0.00	287.75	2.30	58.00	0.47	101300.00	276.65
12481200.0	0.00	0.00	0.00	287.65	2.90	57.00	0.47	101300.00	276.45
12484800.0	0.00	0.00	0.00	287.35	3.30	56.00	0.47	101300.00	276.25
12488400.0	0.00	0.00	0.00	286.95	3.60	55.00	0.48	101300.00	276.15
12492000.0	0.00	0.00	0.00	286.75	4.20	55.00	0.48	101200.00	276.05
12495600.0	0.00	0.00	0.00	286.35	4.50	56.00	0.49	101200.00	275.95
12499200.0	0.00	0.00	0.00	285.95	4.60	55.00	0.50	101200.00	275.75
12502800.0	0.00	0.00	0.00	285.75	4.60	53.00	0.50	101100.00	275.65
12506400.0	0.00	0.00	0.00	285.55	4.50	52.00	0.50	101100.00	275.45
12510000.0	0.00	0.00	0.00	285.35	4.30	48.00	0.50	101100.00	275.35
12513600.0	0.00	0.00	0.00	285.25	4.20	47.00	0.50	101200.00	275.25
12517200.0	0.00	0.00	0.00	285.65	4.60	46.00	0.49	101200.00	275.25
12520800.0	274.00	91.00	48.00	287.15	5.00	45.00	0.45	101200.00	275.45
12524400.0	198.00	180.00	115.00	288.25	5.20	45.00	0.42	101200.00	275.65
12528000.0	150.00	257.00	188.00	293.45	6.30	34.00	0.32	101100.00	276.15
12531600.0	125.00	296.00	227.00	296.15	6.80	22.00	0.27	101100.00	276.45
12535200.0	200.00	374.00	255.00	297.55	6.60	14.00	0.24	101000.00	275.95
12538800.0	180.00	352.00	248.00	297.85	6.10	9.00	0.23	100900.00	275.45
12542400.0	189.00	314.00	217.00	297.65	5.50	6.00	0.23	100800.00	275.35
12546000.0	167.00	226.00	159.00	297.15	4.40	181.00	0.24	100900.00	275.65
12549600.0	20.00	91.00	86.00	295.15	2.70	181.00	0.28	100900.00	276.15
12553200.0	0.00	18.00	18.00	292.75	1.90	8.00	0.34	100900.00	276.75
12556800.0	0.00	0.00	0.00	291.95	2.20	15.00	0.37	100900.00	276.85
12560400.0	0.00	0.00	0.00	291.85	2.90	21.00	0.37	101000.00	277.15
12564000.0	0.00	0.00	0.00	291.65	3.40	25.00	0.39	100900.00	277.55
12567600.0	0.00	0.00	0.00	291.25	3.50	27.00	0.42	100900.00	278.35
12571200.0	0.00	0.00	0.00	290.95	3.70	28.00	0.46	100900.00	279.25
12574800.0	0.00	0.00	0.00	290.75	4.00	29.00	0.50	100900.00	280.15
12578400.0	0.00	0.00	0.00	290.45	4.00	30.00	0.53	100800.00	280.95
12582000.0	0.00	0.00	0.00	290.25	4.00	31.00	0.56	100800.00	281.55
12585600.0	0.00	0.00	0.00	290.25	4.30	34.00	0.58	100800.00	281.95
12589200.0	0.00	0.00	0.00	290.35	4.50	34.00	0.58	100700.00	282.15
12592800.0	0.00	0.00	0.00	290.45	4.70	31.00	0.58	100700.00	282.25
12596400.0	0.00	0.00	0.00	290.45	4.70	27.00	0.58	100700.00	282.35
12600000.0	0.00	0.00	0.00	290.35	4.60	21.00	0.59	100800.00	282.45
12603600.0	0.00	0.00	0.00	290.55	4.50	11.00	0.59	100800.00	282.65
12607200.0	0.00	27.00	27.00	291.25	4.40	177.00	0.58	100900.00	282.85
12610800.0	0.00	52.00	52.00	291.75	4.30	350.00	0.57	100900.00	283.25
12614400.0	0.00	94.00	94.00	291.35	4.60	339.00	0.62	100900.00	284.15
12618000.0	25.00	109.00	95.00	290.65	4.80	340.00	0.71	100900.00	285.45
12621600.0	0.00	76.00	76.00	290.55	4.70	347.00	0.76	100800.00	286.35
12625200.0	0.00	43.00	43.00	290.75	4.60	179.00	0.77	100700.00	286.85
12628800.0	0.00	65.00	65.00	291.15	4.90	13.00	0.77	100700.00	287.15
12632400.0	8.00	116.00	113.00	291.25	5.20	21.00	0.77	100600.00	287.15
12636000.0	31.00	92.00	84.00	290.85	4.90	24.00	0.78	100700.00	287.05
12639600.0	130.00	31.00	23.00	290.05	4.10	26.00	0.82	100700.00	286.95
12643200.0	0.00	0.00	0.00	289.55	3.70	27.00	0.84	100700.00	286.95
12646800.0	0.00	0.00	0.00	289.35	3.40	24.00	0.84	100800.00	286.75
12650400.0	0.00	0.00	0.00	289.25	3.40	16.00	0.83	100800.00	286.45
12654000.0	0.00	0.00	0.00	289.15	3.60	8.00	0.82	100800.00	286.25
12657600.0	0.00	0.00	0.00	288.85	3.60	6.00	0.84	100700.00	286.25
12661200.0	0.00	0.00	0.00	288.45	3.30	10.00	0.87	100700.00	286.45
12664800.0	0.00	0.00	0.00	287.85	3.00	15.00	0.92	100700.00	286.65
12668400.0	0.00	0.00	0.00	287.45	2.80	18.00	0.95	100600.00	286.85
12672000.0	0.00	0.00	0.00	287.45	2.90	17.00	0.96	100600.00	286.95
12675600.0	0.00	0.00	0.00	287.55	3.10	13.00	0.96	100600.00	286.95
12679200.0	0.00	0.00	0.00	287.55	3.10	7.00	0.95	100600.00	286.95
12682800.0	0.00	0.00	0.00	287.65	3.30	180.00	0.94	100600.00	286.85
12686400.0	0.00	0.00	0.00	287.75	3.60	358.00	0.93	100600.00	286.75
12690000.0	0.00	0.00	0.00	288.05	4.10	358.00	0.90	100700.00	286.55
12693600.0	308.00	98.00	51.00	289.55	4.80	358.00	0.81	100700.00	286.25
12697200.0	569.00	262.00	79.00	290.65	5.00	358.00	0.73	100700.00	285.85
12700800.0	716.00	409.00	82.00	294.45	6.20	346.00	0.55	100700.00	285.05
12704400.0	639.00	473.00	123.00	296.25	6.90	339.00	0.48	100600.00	284.75
12708000.0	749.00	548.00	108.00	297.55	7.30	335.00	0.44	100500.00	284.65
12711600.0	592.00	488.00	148.00	298.15	7.30	331.00	0.42	100500.00	284.45
12715200.0	774.00	476.00	81.00	298.35	7.00	328.00	0.41	100400.00	284.35
12718800.0	387.00	274.00	120.00	298.05	6.50	325.00	0.42	100400.00	284.25
12722400.0	46.00	95.00	84.00	296.85	5.10	322.00	0.44	100400.00	284.05
12726000.0	182.00	34.00	23.00	294.85	3.60	319.00	0.49	100400.00	283.85
12729600.0	0.00	0.00	0.00	293.25	3.00	309.00	0.53	100500.00	283.55
12733200.0	0.00	0.00	0.00	292.25	2.90	290.00	0.54	100600.00	282.75
12736800.0	0.00	0.00	0.00	291.25	3.20	265.00	0.52	100600.00	281.45
12740400.0	0.00	0.00	0.00	289.95	3.50	242.00	0.53	100700.00	280.55
12744000.0	0.00	0.00	0.00	288.75	4.00	227.00	0.63	100800.00	281.75
12747600.0	0.00	0.00	0.00	287.65	4.10	220.00	0.82	100800.00	284.75
12751200.0	0.00	0.00	0.00	286.85	3.70	217.00	0.89	100800.00	285.15
12754800.0	0.00	0.00	0.00	286.25	3.40	220.00	0.89	100900.00	284.55
12758400.0	0.00	0.00	0.00	285.85	3.30	223.00	0.87	100900.00	283.75
12762000.0	0.00	0.00	0.00	285.55	3.00	226.00	0.83	100900.00	282.95
12765600.0	0.00	0.00	0.00	285.05	2.30	229.00	0.83	100900.00	282.35
12769200.0	0.00	0.00	0.00	283.95	1.70	232.00	0.87	101000.00	281.95
12772800.0	0.00	0.00	0.00	282.65	1.40	236.00	0.93	101000.00	281.65
12776400.0	0.00	0.00	0.00	282.85	2.10	237.00	0.90	101100.00	281.35
12780000.0	423.00	110.00	47.00	285.05	3.50	235.00	0.77	101200.00	281.15
12783600.0	681.00	285.00	68.00	286.45	4.30	233.00	0.64	101200.00	279.95
12787200.0	795.00	437.00	76.00	289.35	5.20	235.00	0.49	101200.00	278.75
12790800.0	838.00	540.00	83.00	290.55	5.40	239.00	0.43	101200.00	278.05
12794400.0	390.00	441.00	213.00	291.35	5.70	241.00	0.40	101200.00	277.75
12798000.0	236.00	370.00	235.00	291.55	6.00	239.00	0.40	101100.00	277.95
12801600.0	799.00	492.00	86.00	291.25	6.10	233.00	0.42	101100.00	278.25
12805200.0	734.00	365.00	75.00	290.65	5.90	226.00	0.42	101200.00	277.85
12808800.0	599.00	202.00	57.00	289.45	5.30	218.00	0.42	101200.00	276.65
12812400.0	226.00	39.00	25.00	287.65	4.60	209.00	0.43	101300.00	275.45
12816000.0	0.00	0.00	0.00	286.05	4.20	201.00	0.48	101400.00	275.25
12819600.0	0.00	0.00	0.00	285.05	3.80	197.00	0.52	101500.00	275.65
12823200.0	0.00	0.00	0.00	284.15	3.30	197.00	0.57	101500.00	276.05
12826800.0	0.00	0.00	0.00	283.25	2.80	196.00	0.63	101600.00	276.55
12830400.0	0.00	0.00	0.00	282.55	2.50	196.00	0.69	101600.00	277.15
12834000.0	0.00	0.00	0.00	281.95	2.30	196.00	0.75	101600.00	277.75
12837600.0	0.00	0.00	0.00	281.45	2.10	197.00	0.80	101600.00	278.35
12841200.0	0.00	0.00	0.00	280.95	1.90	199.00	0.85	101600.00	278.65
12844800.0	0.00	0.00	0.00	280.45	1.60	200.00	0.90	101600.00	278.95
12848400.0	0.00	0.00	0.00	280.15	1.50	200.00	0.93	101700.00	279.15
12852000.0	0.00	0.00	0.00	279.75	1.30	198.00	0.96	101700.00	279.25
12855600.0	0.00	0.00	0.00	279.45	1.30	197.00	0.99	101700.00	279.35
12859200.0	0.00	0.00	0.00	279.25	1.30	195.00	1.00	101800.00	279.35
12862800.0	0.00	0.00	0.00	280.35	1.20	186.00	0.94	101900.00	279.45
12866400.0	476.00	111.00	41.00	283.35	1.60	175.00	0.76	101900.00	279.45
12870000.0	720.00	288.00	60.00	285.05	1.90	172.00	0.65	101900.00	278.75
12873600.0	832.00	443.00	67.00	288.65	2.50	187.00	0.47	101900.00	277.45
12877200.0	875.00	547.00	72.00	290.05	2.60	195.00	0.41	101900.00	276.75
12880800.0	892.00	595.00	74.00	291.05	2.70	206.00	0.36	101900.00	275.95
12884400.0	886.00	580.00	74.00	291.65	2.90	214.00	0.33	101800.00	275.25
12888000.0	856.00	504.00	71.00	291.55	3.10	217.00	0.32	101800.00	274.65
12891600.0	791.00	374.00	63.00	290.95	2.80	217.00	0.32	101800.00	274.35
12895200.0	661.00	207.00	48.00	289.05	1.90	212.00	0.36	101800.00	274.05
12898800.0	293.00	40.00	22.00	286.35	1.20	198.00	0.45	101800.00	274.95
12902400.0	0.00	0.00	0.00	284.65	1.10	177.00	0.50	101800.00	274.65
12906000.0	0.00	0.00	0.00	283.75	1.20	157.00	0.54	101900.00	274.95
12909600.0	0.00	0.00	0.00	282.95	1.20	142.00	0.59	101900.00	275.35
12913200.0	0.00	0.00	0.00	282.45	1.20	130.00	0.63	101900.00	275.85
12916800.0	0.00	0.00	0.00	282.05	1.20	119.00	0.66	101900.00	276.15
12920400.0	0.00	0.00	0.00	281.65	1.20	109.00	0.69	101900.00	276.25
12924000.0	0.00	0.00	0.00	281.35	1.20	102.00	0.70	101800.00	276.35
12927600.0	0.00	0.00	0.00	280.95	1.20	97.00	0.73	101800.00	276.55
12931200.0	0.00	0.00	0.00	280.65	1.20	93.00	0.75	101800.00	276.65
12934800.0	0.00	0.00	0.00	280.35	1.20	88.00	0.78	101800.00	276.85
12938400.0	0.00	0.00	0.00	280.05	1.20	84.00	0.81	101800.00	277.05
12942000.0	0.00	0.00	0.00	279.65	1.20	82.00	0.85	101900.00	277.35
12945600.0	0.00	0.00	0.00	279.25	1.30	83.00	0.88	101900.00	277.55
12949200.0	0.00	0.00	0.00	280.35	1.60	87.00	0.83	102000.00	277.85
12952800.0	522.00	111.00	35.00	283.35	2.50	88.00	0.69	102000.00	278.05
12956400.0	740.00	285.00	52.00	285.05	3.10	89.00	0.63	102000.00	278.35
12960000.0	837.00	437.00	61.00	290.35	3.40	87.00	0.45	102000.00	278.45
12963600.0	879.00	540.00	65.00	292.25	3.20	78.00	0.40	101900.00	278.25
12967200.0	896.00	587.00	66.00	293.45	2.70	64.00	0.36	101900.00	277.95
12970800.0	896.00	573.00	63.00	294.15	2.40	51.00	0.33	101800.00	277.45
12974400.0	871.00	499.00	60.00	294.35	2.30	42.00	0.32	101700.00	276.95
12978000.0	810.00	372.00	55.00	293.85	2.20	38.00	0.32	101700.00	276.55
12981600.0	553.00	186.00	54.00	291.65	1.50	38.00	0.36	101700.00	276.25
12985200.0	216.00	33.00	20.00	288.75	1.10	42.00	0.46	101700.00	277.15
12988800.0	0.00	0.00	0.00	287.15	1.20	49.00	0.47	101700.00	276.15
12992400.0	0.00	0.00	0.00	286.25	1.20	54.00	0.50	101800.00	276.05
12996000.0	0.00	0.00	0.00	285.65	1.40	59.00	0.51	101800.00	275.85
12999600.0	0.00	0.00	0.00	285.15	1.70	63.00	0.52	101700.00	275.65
13003200.0	0.00	0.00	0.00	284.75	2.10	66.00	0.54	101700.00	275.75
13006800.0	0.00	0.00	0.00	284.25	2.50	68.00	0.56	101700.00	275.85
13010400.0	0.00	0.00	0.00	283.85	2.80	69.00	0.58	101600.00	275.95
13014000.0	0.00	0.00	0.00	283.35	3.00	68.00	0.59	101600.00	275.75
13017600.0	0.00	0.00	0.00	282.95	3.00	66.00	0.58	101600.00	275.15
13021200.0	0.00	0.00	0.00	282.45	3.00	64.00	0.56	101600.00	274.15
13024800.0	0.00	0.00	0.00	281.85	3.00	62.00	0.53	101600.00	272.95
13028400.0	0.00	0.00	0.00	281.15	2.90	61.00	0.53	101700.00	272.15
13032000.0	0.00	0.00	0.00	280.45	2.80	60.00	0.53	101700.00	271.55
13035600.0	0.00	0.00	0.00	280.85	3.20	58.00	0.50	101700.00	271.05
13039200.0	348.00	93.00	43.00	282.85	3.70	54.00	0.43	101700.00	270.85
13042800.0	676.00	272.00	61.00	284.25	3.70	52.00	0.39	101800.00	271.05
13046400.0	841.00	435.00	58.00	289.05	2.10	17.00	0.46	101900.00	277.65
13050000.0	883.00	540.00	64.00	291.35	2.10	176.00	0.38	101800.00	277.05
13053600.0	896.00	587.00	67.00	292.45	2.20	343.00	0.35	101800.00	276.75
13057200.0	889.00	573.00	68.00	292.95	2.10	332.00	0.34	101700.00	276.65
13060800.0	861.00	498.00	65.00	292.85	1.90	323.00	0.34	101700.00	276.55
13064400.0	801.00	370.00	57.00	292.15	1.30	315.00	0.35	101700.00	276.55
13068000.0	636.00	201.00	49.00	290.65	0.80	299.00	0.45	101700.00	278.65
13071600.0	281.00	37.00	20.00	289.25	0.60	278.00	0.49	101700.00	278.65
13075200.0	0.00	0.00	0.00	288.65	0.50	185.00	0.45	101700.00	276.95
13078800.0	0.00	0.00	0.00	287.75	0.60	92.00	0.47	101800.00	276.55
13082400.0	0.00	0.00	0.00	286.55	0.90	79.00	0.50	101800.00	276.45
13086000.0	0.00	0.00	0.00	285.45	1.10	70.00	0.53	101800.00	276.35
13089600.0	0.00	0.00	0.00	284.45	1.30	62.00	0.57	101800.00	276.25
13093200.0	0.00	0.00	0.00	283.45	1.30	56.00	0.60	101800.00	276.15
13096800.0	0.00	0.00	0.00	282.35	1.40	53.00	0.65	101700.00	276.15
13100400.0	0.00	0.00	0.00	281.75	1.50	50.00	0.68	101700.00	276.25
13104000.0	0.00	0.00	0.00	281.25	1.50	47.00	0.71	101700.00	276.45
13107600.0	0.00	0.00	0.00	280.95	1.60	45.00	0.74	101700.00	276.75
13111200.0	0.00	0.00	0.00	280.65	1.60	43.00	0.79	101700.00	277.35
13114800.0	0.00	0.00	0.00	280.45	1.70	41.00	0.85	101700.00	278.25
13118400.0	0.00	0.00	0.00	280.35	1.70	39.00	0.92	101700.00	279.15
13122000.0	0.00	0.00	0.00	281.45	1.90	37.00	0.89	101700.00	279.95
13125600.0	458.00	103.00	38.00	284.35	2.70	34.00	0.77	101800.00	280.55
13129200.0	688.00	274.00	60.00	286.05	3.30	32.00	0.72	101800.00	281.15
13132800.0	804.00	426.00	67.00	290.15	3.40	179.00	0.55	101700.00	281.05
13136400.0	849.00	530.00	74.00	291.75	3.80	348.00	0.48	101600.00	280.55
13140000.0	869.00	579.00	77.00	292.45	4.00	344.00	0.45	101500.00	280.15
13143600.0	857.00	564.00	79.00	292.95	4.00	340.00	0.41	101400.00	279.55
13147200.0	162.00	363.00	282.00	293.15	4.00	337.00	0.39	101400.00	278.85
13150800.0	235.00	293.00	201.00	292.75	3.40	332.00	0.38	101400.00	278.15
13154400.0	633.00	199.00	49.00	290.25	2.20	329.00	0.44	101400.00	278.15
13158000.0	277.00	36.00	20.00	287.25	1.60	330.00	0.57	101400.00	278.85
13161600.0	0.00	0.00	0.00	286.35	1.70	336.00	0.55	101400.00	277.65
13165200.0	0.00	0.00	0.00	286.35	1.90	341.00	0.54	101400.00	277.35
13168800.0	0.00	0.00	0.00	285.75	2.10	341.00	0.55	101400.00	277.05
13172400.0	0.00	0.00	0.00	285.05	2.10	341.00	0.56	101400.00	276.75
13176000.0	0.00	0.00	0.00	284.65	2.20	341.00	0.57	101400.00	276.55
13179600.0	0.00	0.00	0.00	284.45	2.40	344.00	0.57	101400.00	276.45
13183200.0	0.00	0.00	0.00	284.15	2.40	343.00	0.59	101300.00	276.55
13186800.0	0.00	0.00	0.00	283.65	2.40	340.00	0.61	101300.00	276.65
13190400.0	0.00	0.00	0.00	283.45	2.40	339.00	0.63	101300.00	276.75
13194000.0	0.00	0.00	0.00	283.25	2.30	340.00	0.64	101300.00	276.95
13197600.0	0.00	0.00	0.00	282.65	2.10	336.00	0.67	101300.00	277.05
13201200.0	0.00	0.00	0.00	281.95	1.80	333.00	0.71	101300.00	277.05
13204800.0	0.00	0.00	0.00	281.25	1.70	336.00	0.73	101300.00	276.85
13208400.0	0.00	0.00	0.00	282.05	2.00	340.00	0.69	101400.00	276.75
13212000.0	0.00	23.00	23.00	283.95	2.80	345.00	0.63	101400.00	277.15
13215600.0	5.00	60.00	58.00	284.85	3.30	348.00	0.59	101400.00	277.25
13219200.0	743.00	406.00	76.00	288.75	3.70	336.00	0.46	101400.00	277.25
13222800.0	37.00	270.00	250.00	291.25	4.10	327.00	0.39	101300.00	277.15
13226400.0	36.00	295.00	274.00	293.15	4.30	323.00	0.34	101200.00	276.95
13230000.0	19.00	108.00	97.00	294.05	4.30	322.00	0.32	101100.00	277.05
13233600.0	20.00	130.00	120.00	294.05	4.10	323.00	0.33	101000.00	277.05
13237200.0	121.00	248.00	201.00	293.15	3.20	325.00	0.36	101000.00	277.55
13240800.0	84.00	125.00	105.00	291.15	2.50	318.00	0.47	101000.00	279.65
13244400.0	0.00	18.00	18.00	288.85	2.30	316.00	0.59	101000.00	281.05
13248000.0	0.00	0.00	0.00	287.35	1.70	336.00	0.68	101000.00	281.55
13251600.0	0.00	0.00	0.00	286.25	1.20	351.00	0.72	101000.00	281.45
13255200.0	0.00	0.00	0.00	285.95	1.20	331.00	0.70	101000.00	280.85
13258800.0	0.00	0.00	0.00	286.15	1.40	294.00	0.71	101100.00	281.05
13262400.0	0.00	0.00	0.00	286.05	1.90	252.00	0.74	101100.00	281.65
13266000.0	0.00	0.00	0.00	285.55	2.70	213.00	0.82	101200.00	282.65
13269600.0	0.00	0.00	0.00	285.15	3.30	193.00	0.89	101200.00	283.45
13273200.0	0.00	0.00	0.00	284.95	3.20	186.00	0.91	101200.00	283.65
13276800.0	0.00	0.00	0.00	284.55	2.40	182.00	0.92	101200.00	283.45
13280400.0	0.00	0.00	0.00	283.75	1.50	172.00	0.95	101200.00	283.05
13284000.0	0.00	0.00	0.00	282.75	1.10	167.00	0.98	101200.00	282.45
13287600.0	0.00	0.00	0.00	281.95	1.10	170.00	1.00	101200.00	281.95
13291200.0	0.00	0.00	0.00	281.65	1.10	173.00	0.99	101300.00	281.65
13294800.0	0.00	0.00	0.00	282.25	1.30	175.00	0.94	101300.00	281.35
13298400.0	33.00	56.00	51.00	283.95	1.80	177.00	0.86	101400.00	281.75
13302000.0	87.00	171.00	145.00	284.75	2.10	177.00	0.84	101400.00	282.15
13305600.0	115.00	286.00	236.00	287.85	2.70	180.00	0.71	101400.00	282.65
13309200.0	830.00	517.00	75.00	289.85	2.80	182.00	0.62	101400.00	282.65
13312800.0	120.00	400.00	330.00	291.15	2.60	190.00	0.55	101300.00	281.95
13316400.0	114.00	385.00	321.00	291.85	2.50	200.00	0.49	101200.00	281.15
13320000.0	825.00	482.00	71.00	291.85	2.60	206.00	0.47	101200.00	280.55
13323600.0	762.00	358.00	63.00	291.25	2.50	206.00	0.48	101200.00	280.15
13327200.0	616.00	195.00	50.00	289.25	1.80	204.00	0.54	101200.00	280.05
13330800.0	246.00	34.00	20.00	286.45	1.20	195.00	0.70	101300.00	281.25
13334400.0	0.00	0.00	0.00	284.95	1.20	180.00	0.73	101300.00	280.45
13338000.0	0.00	0.00	0.00	284.15	1.20	162.00	0.76	101400.00	280.25
13341600.0	0.00	0.00	0.00	283.45	1.20	145.00	0.79	101400.00	280.05
13345200.0	0.00	0.00	0.00	283.15	1.20	129.00	0.79	101400.00	279.85
13348800.0	0.00	0.00	0.00	282.85	1.20	114.00	0.80	101400.00	279.65
13352400.0	0.00	0.00	0.00	282.55	1.20	101.00	0.80	101400.00	279.45
13356000.0	0.00	0.00	0.00	282.65	1.10	86.00	0.78	101300.00	279.15
13359600.0	0.00	0.00	0.00	282.75	1.00	67.00	0.77	101300.00	279.05
13363200.0	0.00	0.00	0.00	282.65	1.00	50.00	0.77	101300.00	278.85
13366800.0	0.00	0.00	0.00	282.35	1.00	39.00	0.78	101300.00	278.75
13370400.0	0.00	0.00	0.00	281.95	1.10	29.00	0.79	101300.00	278.65
13374000.0	0.00	0.00	0.00	281.85	1.10	19.00	0.80	101300.00	278.75
13377600.0	0.00	0.00	0.00	281.55	1.10	11.00	0.82	101300.00	278.85
13381200.0	0.00	0.00	0.00	281.85	1.10	7.00	0.81	101300.00	278.95
13384800.0	446.00	97.00	36.00	283.85	1.50	178.00	0.75	101400.00	279.65
13388400.0	674.00	264.00	58.00	285.25	1.90	352.00	0.71	101400.00	280.25
13392000.0	774.00	411.00	70.00	289.05	2.40	285.00	0.55	101400.00	280.15
13395600.0	819.00	514.00	78.00	290.15	2.80	266.00	0.50	101300.00	279.85
13399200.0	154.00	421.00	333.00	290.45	3.20	257.00	0.50	101300.00	279.95
13402800.0	839.00	549.00	78.00	290.65	3.40	251.00	0.50	101200.00	280.25
13406400.0	216.00	385.00	277.00	290.65	3.50	247.00	0.51	101200.00	280.55
13410000.0	80.00	222.00	191.00	290.25	3.30	243.00	0.53	101200.00	280.55
13413600.0	160.00	145.00	107.00	288.55	2.30	239.00	0.59	101200.00	280.65
13417200.0	78.00	24.00	20.00	286.25	1.30	236.00	0.71	101200.00	281.25
13420800.0	0.00	0.00	0.00	285.15	1.20	233.00	0.75	101300.00	281.05
13424400.0	0.00	0.00	0.00	284.65	1.20	231.00	0.78	101300.00	281.05
13428000.0	0.00	0.00	0.00	284.05	1.20	229.00	0.81	101400.00	281.05
13431600.0	0.00	0.00	0.00	283.45	1.20	227.00	0.86	101400.00	281.25
13435200.0	0.00	0.00	0.00	282.85	1.20	222.00	0.91	101500.00	281.55
13438800.0	0.00	0.00	0.00	282.35	1.20	214.00	0.96	101500.00	281.85
13442400.0	0.00	0.00	0.00	281.85	1.20	204.00	1.00	101400.00	281.95
13446000.0	0.00	0.00	0.00	281.65	1.20	195.00	1.00	101400.00	281.75
13449600.0	0.00	0.00	0.00	281.55	1.10	187.00	1.00	101400.00	281.65
13453200.0	0.00	0.00	0.00	281.55	1.00	178.00	1.00	101400.00	281.65
13456800.0	0.00	0.00	0.00	281.75	1.00	167.00	1.00	101400.00	281.85
13460400.0	0.00	0.00	0.00	281.75	0.90	153.00	1.00	101400.00	281.85
13464000.0	0.00	0.00	0.00	281.85	0.80	139.00	1.00	101500.00	281.95
13467600.0	0.00	0.00	0.00	282.35	0.80	126.00	0.97	101500.00	282.05
13471200.0	0.00	30.00	30.00	283.85	1.00	112.00	0.88	101600.00	282.05
13474800.0	14.00	97.00	93.00	284.85	1.30	105.00	0.84	101600.00	282.25
13478400.0	790.00	415.00	68.00	289.05	0.80	225.00	0.62	101500.00	281.85
13482000.0	95.00	342.00	292.00	290.95	1.00	328.00	0.48	101500.00	279.85
13485600.0	216.00	456.00	332.00	291.85	1.70	300.00	0.42	101400.00	278.85
13489200.0	113.00	381.00	318.00	291.95	2.10	292.00	0.42	101300.00	278.75
13492800.0	97.00	317.00	269.00	291.55	2.30	286.00	0.43	101300.00	278.95
13496400.0	111.00	240.00	197.00	290.45	1.80	278.00	0.48	101300.00	279.35
13500000.0	80.00	121.00	103.00	288.95	1.10	262.00	0.58	101300.00	280.75
13503600.0	0.00	15.00	15.00	287.55	0.90	245.00	0.68	101300.00	281.75
13507200.0	0.00	0.00	0.00	286.65	0.90	238.00	0.70	101400.00	281.45
13510800.0	0.00	0.00	0.00	286.15	0.80	244.00	0.71	101400.00	281.25
13514400.0	0.00	0.00	0.00	285.85	0.80	268.00	0.72	101500.00	281.05
13518000.0	0.00	0.00	0.00	285.45	0.80	293.00	0.74	101500.00	281.15
13521600.0	0.00	0.00	0.00	284.95	0.90	301.00	0.77	101500.00	281.25
13525200.0	0.00	0.00	0.00	284.35	0.90	298.00	0.81	101500.00	281.25
13528800.0	0.00	0.00	0.00	283.95	1.00	289.00	0.83	101500.00	281.35
13532400.0	0.00	0.00	0.00	283.65	0.90	275.00	0.86	101500.00	281.45
13536000.0	0.00	0.00	0.00	283.35	1.00	256.00	0.88	101400.00	281.55
13539600.0	0.00	0.00	0.00	282.85	1.00	232.00	0.91	101400.00	281.55
13543200.0	0.00	0.00	0.00	282.25	1.10	209.00	0.94	101400.00	281.45
13546800.0	0.00	0.00	0.00	281.55	1.20	191.00	0.99	101500.00	281.45
13550400.0	0.00	0.00	0.00	280.95	1.30	179.00	1.00	101600.00	281.05
13554000.0	0.00	0.00	0.00	281.65	1.40	175.00	0.99	101600.00	281.65
13557600.0	474.00	96.00	33.00	284.15	2.30	176.00	0.86	101700.00	282.05
13561200.0	706.00	265.00	52.00	285.65	3.10	178.00	0.81	101700.00	282.55
13564800.0	806.00	416.00	64.00	288.55	3.90	193.00	0.65	101700.00	282.15
13568400.0	865.00	523.00	67.00	289.55	4.10	202.00	0.57	101700.00	281.15
13572000.0	883.00	571.00	68.00	290.25	4.40	208.00	0.51	101600.00	280.25
13575600.0	874.00	558.00	70.00	290.45	4.50	208.00	0.49	101600.00	279.75
13579200.0	843.00	485.00	67.00	290.35	4.50	205.00	0.48	101600.00	279.45
13582800.0	776.00	358.00	61.00	289.65	4.30	199.00	0.50	101600.00	279.25
13586400.0	621.00	194.00	49.00	287.95	3.20	194.00	0.56	101600.00	279.25
13590000.0	245.00	33.00	20.00	285.75	2.00	189.00	0.67	101700.00	279.85
13593600.0	0.00	0.00	0.00	284.65	1.90	183.00	0.73	101700.00	280.15
13597200.0	0.00	0.00	0.00	284.15	2.20	176.00	0.77	101800.00	280.45
13600800.0	0.00	0.00	0.00	283.75	2.50	168.00	0.81	101800.00	280.65
13604400.0	0.00	0.00	0.00	283.15	2.80	159.00	0.85	101800.00	280.85
13608000.0	0.00	0.00	0.00	282.35	2.90	151.00	0.89	101800.00	280.75
13611600.0	0.00	0.00	0.00	281.45	2.80	144.00	0.92	101800.00	280.35
13615200.0	0.00	0.00	0.00	280.45	2.50	140.00	0.94	101800.00	279.65
13618800.0	0.00	0.00	0.00	279.55	2.20	138.00	0.95	101900.00	278.95
13622400.0	0.00	0.00	0.00	278.85	2.00	136.00	0.94	101900.00	278.15
13626000.0	0.00	0.00	0.00	278.25	1.90	135.00	0.94	101900.00	277.55
13629600.0	0.00	0.00	0.00	277.75	1.70	134.00	0.94	101900.00	277.05
13633200.0	0.00	0.00	0.00	277.45	1.60	133.00	0.94	102000.00	276.75
13636800.0	0.00	0.00	0.00	277.15	1.60	132.00	0.95	102000.00	276.55
13640400.0	0.00	0.00	0.00	277.95	2.00	132.00	0.89	102100.00	276.45
13644000.0	435.00	94.00	37.00	280.15	2.70	134.00	0.78	102200.00	276.65
13647600.0	690.00	266.00	59.00	281.35	3.00	135.00	0.74	102200.00	277.15
13651200.0	793.00	416.00	71.00	285.55	4.60	147.00	0.52	102200.00	276.05
13654800.0	840.00	521.00	78.00	286.95	4.70	149.00	0.45	102100.00	275.25
13658400.0	854.00	567.00	82.00	287.85	4.50	153.00	0.42	102100.00	275.15
13662000.0	845.00	553.00	82.00	288.25	4.40	157.00	0.41	102000.00	275.35
13665600.0	36.00	241.00	223.00	288.25	4.40	161.00	0.42	102000.00	275.55
13669200.0	25.00	155.00	145.00	287.65	4.20	165.00	0.45	101900.00	275.95
13672800.0	8.00	73.00	71.00	286.15	3.30	169.00	0.51	102000.00	276.45
13676400.0	0.00	11.00	11.00	284.15	2.30	171.00	0.63	102000.00	277.45
13680000.0	0.00	0.00	0.00	282.85	1.90	170.00	0.71	102000.00	277.95
13683600.0	0.00	0.00	0.00	282.05	1.70	165.00	0.77	102100.00	278.35
13687200.0	0.00	0.00	0.00	281.35	1.50	158.00	0.82	102100.00	278.55
13690800.0	0.00	0.00	0.00	280.75	1.30	149.00	0.87	102100.00	278.85
13694400.0	0.00	0.00	0.00	280.25	1.20	141.00	0.91	102100.00	278.95
13698000.0	0.00	0.00	0.00	279.75	1.10	134.00	0.95	102100.00	279.05
13701600.0	0.00	0.00	0.00	279.35	1.10	131.00	0.98	102100.00	279.15
13705200.0	0.00	0.00	0.00	278.95	1.10	135.00	1.00	102100.00	279.05
13708800.0	0.00	0.00	0.00	278.45	1.10	141.00	1.00	102100.00	278.55
13712400.0	0.00	0.00	0.00	278.25	1.20	145.00	1.00	102100.00	278.35
13716000.0	0.00	0.00	0.00	278.55	1.20	145.00	1.00	102100.00	278.65
13719600.0	0.00	0.00	0.00	279.25	1.50	144.00	0.99	102100.00	279.15
13723200.0	0.00	0.00	0.00	279.65	1.70	143.00	0.96	102100.00	279.15
13726800.0	0.00	0.00	0.00	280.15	2.10	141.00	0.93	102200.00	279.15
13730400.0	39.00	53.00	48.00	281.55	2.80	140.00	0.85	102200.00	279.25
13734000.0	671.00	259.00	59.00	282.55	3.30	141.00	0.79	102200.00	279.15
13737600.0	773.00	407.00	72.00	285.45	4.60	144.00	0.62	102200.00	278.55
13741200.0	831.00	513.00	77.00	286.65	4.80	145.00	0.55	102100.00	277.95
13744800.0	859.00	563.00	76.00	287.65	4.60	147.00	0.51	102000.00	277.65
13748400.0	861.00	551.00	73.00	288.35	4.50	150.00	0.48	102000.00	277.55
13752000.0	143.00	344.00	273.00	288.45	4.40	154.00	0.48	101900.00	277.45
13755600.0	775.00	356.00	59.00	287.95	4.30	158.00	0.50	101900.00	277.55
13759200.0	80.00	120.00	101.00	286.35	3.40	161.00	0.56	101900.00	277.85
13762800.0	253.00	33.00	19.00	284.05	2.30	163.00	0.68	101900.00	278.45
13766400.0	0.00	0.00	0.00	282.45	1.90	163.00	0.78	102000.00	278.95
13770000.0	0.00	0.00	0.00	281.75	1.80	162.00	0.84	102000.00	279.35
13773600.0	0.00	0.00	0.00	281.25	1.70	161.00	0.90	102000.00	279.85
13777200.0	0.00	0.00	0.00	281.15	1.60	158.00	0.94	102000.00	280.25
13780800.0	0.00	0.00	0.00	281.05	1.50	154.00	0.97	102000.00	280.65
13784400.0	0.00	0.00	0.00	280.75	1.40	150.00	1.00	102000.00	280.85
13788000.0	0.00	0.00	0.00	280.45	1.40	145.00	1.00	102000.00	280.55
13791600.0	0.00	0.00	0.00	280.25	1.40	140.00	1.00	102000.00	280.35
13795200.0	0.00	0.00	0.00	280.25	1.80	135.00	1.00	102000.00	280.35
13798800.0	0.00	0.00	0.00	280.45	2.20	132.00	1.00	102000.00	280.55
13802400.0	0.00	0.00	0.00	280.45	2.30	131.00	1.00	102000.00	280.55
13806000.0	0.00	0.00	0.00	280.35	2.30	130.00	1.00	102100.00	280.45
13809600.0	0.00	0.00	0.00	280.35	2.30	128.00	0.98	102100.00	280.15
13813200.0	0.00	0.00	0.00	280.65	2.50	125.00	0.94	102200.00	279.85
13816800.0	474.00	93.00	32.00	281.55	3.00	122.00	0.89	102200.00	279.85
13820400.0	708.00	262.00	52.00	282.05	3.30	120.00	0.87	102200.00	280.05
13824000.0	816.00	412.00	59.00	285.35	3.80	123.00	0.69	102200.00	280.05
13827600.0	863.00	516.00	64.00	287.45	3.90	128.00	0.56	102200.00	278.95
13831200.0	879.00	564.00	67.00	288.75	3.70	132.00	0.49	102100.00	278.25
13834800.0	874.00	552.00	67.00	289.45	3.40	137.00	0.46	102000.00	277.95
13838400.0	845.00	480.00	64.00	289.65	3.30	143.00	0.45	102000.00	277.85
13842000.0	779.00	355.00	58.00	289.35	3.10	149.00	0.46	102000.00	277.65
13845600.0	563.00	186.00	56.00	287.65	2.20	154.00	0.51	102000.00	277.75
13849200.0	0.00	6.00	6.00	285.55	1.60	156.00	0.64	102100.00	278.95
13852800.0	0.00	0.00	0.00	284.45	1.90	149.00	0.68	102100.00	278.85
13856400.0	0.00	0.00	0.00	283.55	2.00	140.00	0.73	102200.00	279.05
13860000.0	0.00	0.00	0.00	282.55	2.10	130.00	0.79	102200.00	279.15
13863600.0	0.00	0.00	0.00	281.85	2.00	122.00	0.83	102200.00	279.25
13867200.0	0.00	0.00	0.00	281.15	1.90	117.00	0.86	102200.00	279.15
13870800.0	0.00	0.00	0.00	280.55	1.90	117.00	0.89	102200.00	278.85
13874400.0	0.00	0.00	0.00	280.25	2.00	119.00	0.89	102200.00	278.55
13878000.0	0.00	0.00	0.00	280.15	2.00	122.00	0.88	102200.00	278.35
13881600.0	0.00	0.00	0.00	279.95	1.90	125.00	0.88	102200.00	278.15
13885200.0	0.00	0.00	0.00	279.45	1.80	127.00	0.90	102200.00	277.95
13888800.0	0.00	0.00	0.00	279.05	1.70	128.00	0.91	102200.00	277.85
13892400.0	0.00	0.00	0.00	278.75	1.70	128.00	0.93	102300.00	277.85
13896000.0	0.00	0.00	0.00	278.45	1.70	128.00	0.96	102300.00	277.95
13899600.0	0.00	0.00	0.00	279.35	2.10	128.00	0.92	102400.00	278.25
13903200.0	0.00	15.00	15.00	281.85	3.10	129.00	0.80	102400.00	278.65
13906800.0	0.00	47.00	47.00	283.35	3.60	131.00	0.74	102400.00	278.95
13910400.0	49.00	222.00	201.00	287.05	4.20	131.00	0.52	102400.00	277.45
13914000.0	83.00	323.00	280.00	288.15	4.20	133.00	0.46	102300.00	276.85
13917600.0	885.00	569.00	69.00	288.95	4.20	136.00	0.44	102200.00	276.75
13921200.0	867.00	554.00	74.00	289.25	4.20	139.00	0.43	102200.00	276.65
13924800.0	837.00	482.00	70.00	289.25	4.20	140.00	0.43	102100.00	276.65
13928400.0	770.00	357.00	63.00	288.75	4.10	139.00	0.44	102100.00	276.55
13932000.0	627.00	194.00	49.00	286.95	3.10	138.00	0.49	102200.00	276.55
13935600.0	252.00	33.00	19.00	284.35	2.10	137.00	0.61	102200.00	277.15
13939200.0	0.00	0.00	0.00	282.85	2.10	135.00	0.68	102300.00	277.25
13942800.0	0.00	0.00	0.00	282.15	2.20	132.00	0.71	102400.00	277.35
13946400.0	0.00	0.00	0.00	281.55	2.30	131.00	0.75	102400.00	277.55
13950000.0	0.00	0.00	0.00	281.15	2.40	131.00	0.79	102400.00	277.75
13953600.0	0.00	0.00	0.00	280.55	2.40	129.00	0.83	102400.00	277.95
13957200.0	0.00	0.00	0.00	279.65	2.20	125.00	0.88	102300.00	277.95
13960800.0	0.00	0.00	0.00	278.95	2.10	120.00	0.93	102300.00	278.05
13964400.0	0.00	0.00	0.00	278.35	2.00	115.00	0.97	102300.00	278.05
13968000.0	0.00	0.00	0.00	277.85	1.90	113.00	1.00	102300.00	277.95
13971600.0	0.00	0.00	0.00	277.45	1.90	115.00	1.00	102300.00	277.55
13975200.0	0.00	0.00	0.00	277.25	1.90	117.00	1.00	102300.00	277.35
13978800.0	0.00	0.00	0.00	277.05	2.00	120.00	1.00	102300.00	277.15
13982400.0	0.00	0.00	0.00	277.05	2.10	122.00	1.00	102300.00	277.15
13986000.0	0.00	0.00	0.00	277.95	2.50	123.00	0.98	102400.00	277.75
13989600.0	500.00	93.00	30.00	280.25	3.10	125.00	0.84	102400.00	277.85
13993200.0	728.00	263.00	49.00	281.65	3.30	126.00	0.78	102400.00	278.15
13996800.0	827.00	414.00	59.00	286.75	4.00	134.00	0.56	102300.00	278.25
14000400.0	872.00	519.00	64.00	288.65	4.10	139.00	0.49	102300.00	277.95
14004000.0	889.00	568.00	67.00	289.55	4.20	143.00	0.45	102200.00	277.65
14007600.0	880.00	554.00	67.00	290.05	4.20	146.00	0.43	102100.00	277.35
14011200.0	848.00	480.00	64.00	289.95	4.20	148.00	0.42	102000.00	277.15
14014800.0	779.00	354.00	57.00	289.35	4.10	149.00	0.44	102000.00	277.15
14018400.0	595.00	189.00	51.00	287.35	3.10	149.00	0.51	102100.00	277.55
14022000.0	0.00	14.00	14.00	285.05	2.10	147.00	0.64	102100.00	278.55
14025600.0	0.00	0.00	0.00	283.95	2.00	142.00	0.71	102200.00	278.95
14029200.0	0.00	0.00	0.00	283.45	2.00	137.00	0.75	102200.00	279.25
14032800.0	0.00	0.00	0.00	283.05	2.00	133.00	0.78	102200.00	279.45
14036400.0	0.00	0.00	0.00	282.85	2.00	130.00	0.80	102200.00	279.55
14040000.0	0.00	0.00	0.00	282.55	2.00	127.00	0.82	102200.00	279.65
14043600.0	0.00	0.00	0.00	282.15	1.90	124.00	0.84	102200.00	279.75
14047200.0	0.00	0.00	0.00	281.65	1.70	121.00	0.87	102200.00	279.75
14050800.0	0.00	0.00	0.00	281.05	1.50	120.00	0.91	102100.00	279.65
14054400.0	0.00	0.00	0.00	280.55	1.40	120.00	0.93	102100.00	279.65
14058000.0	0.00	0.00	0.00	280.25	1.40	121.00	0.95	102100.00	279.65
14061600.0	0.00	0.00	0.00	279.95	1.40	123.00	0.97	102100.00	279.55
14065200.0	0.00	0.00	0.00	279.65	1.50	123.00	0.99	102100.00	279.55
14068800.0	0.00	0.00	0.00	279.35	1.50	122.00	1.00	102200.00	279.45
14072400.0	0.00	0.00	0.00	279.95	2.00	121.00	0.96	102200.00	279.45
14076000.0	457.00	89.00	33.00	282.15	2.80	121.00	0.83	102200.00	279.55
14079600.0	698.00	258.00	54.00	283.45	3.20	121.00	0.76	102200.00	279.55
14083200.0	758.00	402.00	78.00	287.45	3.60	130.00	0.53	102200.00	278.15
14086800.0	804.00	506.00	88.00	288.65	3.50	137.00	0.46	102100.00	277.15
14090400.0	820.00	555.00	93.00	289.45	3.30	143.00	0.42	102000.00	276.75
14094000.0	810.00	540.00	93.00	289.75	3.20	148.00	0.41	102000.00	276.55
14097600.0	775.00	468.00	88.00	289.65	3.10	151.00	0.41	101900.00	276.45
14101200.0	699.00	344.00	78.00	289.05	2.90	154.00	0.43	101900.00	276.45
14104800.0	34.00	98.00	90.00	287.15	2.20	158.00	0.49	101900.00	276.55
14108400.0	155.00	30.00	22.00	284.85	1.60	162.00	0.62	102000.00	277.95
14112000.0	0.00	0.00	0.00	283.85	1.70	160.00	0.67	102000.00	278.15
14115600.0	0.00	0.00	0.00	283.45	1.80	153.00	0.71	102100.00	278.55
14119200.0	0.00	0.00	0.00	282.85	1.80	144.00	0.75	102100.00	278.75
14122800.0	0.00	0.00	0.00	282.25	1.70	133.00	0.78	102100.00	278.75
14126400.0	0.00	0.00	0.00	281.45	1.70	122.00	0.82	102100.00	278.65
14130000.0	0.00	0.00	0.00	280.35	1.70	112.00	0.86	102000.00	278.25
14133600.0	0.00	0.00	0.00	279.55	1.70	105.00	0.89	102000.00	277.95
14137200.0	0.00	0.00	0.00	278.95	1.70	103.00	0.91	102000.00	277.65
14140800.0	0.00	0.00	0.00	278.45	1.70	104.00	0.93	102000.00	277.45
14144400.0	0.00	0.00	0.00	277.95	1.60	107.00	0.95	102000.00	277.35
14148000.0	0.00	0.00	0.00	277.65	1.50	111.00	0.97	102100.00	277.35
14151600.0	0.00	0.00	0.00	277.35	1.50	114.00	1.00	102100.00	277.35
14155200.0	0.00	0.00	0.00	277.15	1.50	118.00	1.00	102200.00	277.25
14158800.0	0.00	0.00	0.00	278.05	1.70	120.00	0.96	102200.00	277.65
14162400.0	421.00	87.00	35.00	280.55	2.40	119.00	0.82	102200.00	277.85
14166000.0	682.00	257.00	58.00	282.15	2.80	118.00	0.75	102300.00	278.15
14169600.0	809.00	410.00	65.00	286.65	3.00	125.00	0.53	102200.00	277.35
14173200.0	857.00	516.00	72.00	288.25	2.80	125.00	0.45	102200.00	276.35
14176800.0	876.00	566.00	74.00	289.05	2.50	126.00	0.41	102100.00	276.05
14180400.0	873.00	554.00	73.00	289.55	2.20	126.00	0.39	102000.00	275.75
14184000.0	851.00	485.00	68.00	289.55	2.00	126.00	0.38	101900.00	275.45
14187600.0	790.00	360.00	60.00	288.95	1.90	131.00	0.39	101900.00	275.25
14191200.0	645.00	196.00	48.00	286.75	1.40	139.00	0.46	101900.00	275.55
14194800.0	282.00	34.00	19.00	283.85	1.20	143.00	0.63	101900.00	277.25
14198400.0	0.00	0.00	0.00	282.25	1.30	138.00	0.66	102000.00	276.25
14202000.0	0.00	0.00	0.00	281.45	1.30	133.00	0.70	102000.00	276.45
14205600.0	0.00	0.00	0.00	280.85	1.30	131.00	0.74	102100.00	276.65
14209200.0	0.00	0.00	0.00	280.25	1.30	129.00	0.78	102100.00	276.85
14212800.0	0.00	0.00	0.00	279.65	1.30	120.00	0.83	102100.00	277.05
14216400.0	0.00	0.00	0.00	278.95	1.30	106.00	0.88	102100.00	277.15
14220000.0	0.00	0.00	0.00	278.45	1.30	93.00	0.91	102100.00	277.15
14223600.0	0.00	0.00	0.00	277.95	1.50	85.00	0.93	102100.00	276.95
14227200.0	0.00	0.00	0.00	277.65	1.70	81.00	0.93	102100.00	276.65
14230800.0	0.00	0.00	0.00	277.35	1.80	77.00	0.93	102000.00	276.35
14234400.0	0.00	0.00	0.00	277.05	1.80	74.00	0.93	102000.00	276.15
14238000.0	0.00	0.00	0.00	276.75	1.90	73.00	0.94	102000.00	276.05
14241600.0	0.00	0.00	0.00	276.55	1.90	72.00	0.96	102100.00	276.05
14245200.0	0.00	0.00	0.00	277.25	1.80	70.00	0.91	102100.00	276.05
14248800.0	491.00	91.00	32.00	279.75	1.90	61.00	0.78	102200.00	276.25
14252400.0	720.00	262.00	53.00	281.35	2.10	54.00	0.71	102200.00	276.55
14256000.0	827.00	415.00	63.00	286.15	1.30	31.00	0.51	102100.00	276.45
14259600.0	882.00	526.00	69.00	288.15	0.90	31.00	0.43	102000.00	275.65
14263200.0	895.00	572.00	70.00	289.35	0.70	188.00	0.38	101900.00	275.15
14266800.0	892.00	561.00	69.00	290.05	0.70	327.00	0.36	101800.00	274.85
14270400.0	865.00	489.00	66.00	290.25	0.70	301.00	0.35	101800.00	274.75
14274000.0	803.00	364.00	59.00	289.75	0.70	286.00	0.36	101800.00	274.65
14277600.0	15.00	81.00	78.00	288.15	0.70	265.00	0.43	101800.00	275.65
14281200.0	0.00	12.00	12.00	286.15	0.90	244.00	0.52	101800.00	276.45
14284800.0	0.00	0.00	0.00	285.05	0.90	228.00	0.51	101800.00	275.25
14288400.0	0.00	0.00	0.00	284.85	0.60	204.00	0.51	101800.00	275.05
14292000.0	0.00	0.00	0.00	284.55	0.60	140.00	0.51	101800.00	274.95
14295600.0	0.00	0.00	0.00	283.75	0.80	72.00	0.54	101800.00	274.85
14299200.0	0.00	0.00	0.00	282.95	0.90	32.00	0.57	101800.00	274.85
14302800.0	0.00	0.00	0.00	282.15	1.00	186.00	0.60	101800.00	274.85
14306400.0	0.00	0.00	0.00	281.45	1.10	357.00	0.63	101800.00	274.95
14310000.0	0.00	0.00	0.00	280.85	1.20	356.00	0.66	101800.00	275.05
14313600.0	0.00	0.00	0.00	280.55	1.30	179.00	0.69	101700.00	275.25
14317200.0	0.00	0.00	0.00	280.25	1.50	2.00	0.71	101700.00	275.55
14320800.0	0.00	0.00	0.00	280.05	1.80	5.00	0.72	101600.00	275.45
14324400.0	0.00	0.00	0.00	280.05	2.20	4.00	0.72	101600.00	275.45
14328000.0	0.00	0.00	0.00	279.95	2.50	181.00	0.73	101600.00	275.55
14331600.0	0.00	0.00	0.00	280.25	3.00	357.00	0.72	101600.00	275.55
14335200.0	0.00	32.00	32.00	281.25	3.60	354.00	0.68	101600.00	275.75
14338800.0	23.00	112.00	105.00	281.95	3.90	353.00	0.65	101600.00	275.85
14342400.0	35.00	198.00	183.00	286.45	5.30	332.00	0.50	101600.00	276.25
14346000.0	58.00	294.00	264.00	288.65	6.00	323.00	0.43	101500.00	276.15
14349600.0	850.00	557.00	81.00	289.95	6.20	318.00	0.38	101400.00	275.55
14353200.0	842.00	547.00	84.00	290.85	6.10	313.00	0.34	101300.00	274.95
14356800.0	797.00	472.00	82.00	291.15	5.90	310.00	0.32	101200.00	274.35
14360400.0	711.00	344.00	74.00	290.95	5.10	309.00	0.32	101200.00	274.05
14364000.0	578.00	186.00	53.00	288.95	3.70	313.00	0.37	101100.00	274.15
14367600.0	202.00	31.00	20.00	286.25	2.80	317.00	0.46	101100.00	275.05
14371200.0	0.00	0.00	0.00	285.05	2.90	317.00	0.49	101200.00	274.95
14374800.0	0.00	0.00	0.00	284.45	3.00	310.00	0.51	101200.00	274.75
14378400.0	0.00	0.00	0.00	284.25	3.40	295.00	0.52	101300.00	274.85
14382000.0	0.00	0.00	0.00	284.35	3.80	278.00	0.53	101300.00	275.25
14385600.0	0.00	0.00	0.00	283.95	3.60	268.00	0.63	101300.00	277.15
14389200.0	0.00	0.00	0.00	283.45	3.50	266.00	0.80	101200.00	280.15
14392800.0	0.00	0.00	0.00	283.45	3.90	260.00	0.92	101200.00	282.25
14396400.0	0.00	0.00	0.00	283.55	4.10	250.00	0.97	101300.00	283.25
14400000.0	0.00	0.00	0.00	283.15	3.60	241.00	1.00	101300.00	283.25
14403600.0	0.00	0.00	0.00	282.35	3.10	238.00	1.00	101300.00	282.45
14407200.0	0.00	0.00	0.00	281.85	2.90	239.00	1.00	101300.00	281.95
14410800.0	0.00	0.00	0.00	281.45	2.80	242.00	1.00	101400.00	281.55
14414400.0	0.00	0.00	0.00	281.15	2.80	243.00	1.00	101400.00	281.25
14418000.0	0.00	0.00	0.00	281.35	2.90	244.00	0.95	101500.00	280.75
14421600.0	386.00	82.00	36.00	282.45	2.90	248.00	0.88	101600.00	280.65
14425200.0	651.00	249.00	61.00	283.15	2.90	249.00	0.86	101600.00	281.05
14428800.0	772.00	397.00	70.00	287.35	4.20	237.00	0.64	101600.00	280.65
14432400.0	20.00	123.00	113.00	289.05	4.80	235.00	0.51	101600.00	279.05
14436000.0	823.00	545.00	85.00	289.75	4.90	236.00	0.48	101600.00	278.65
14439600.0	60.00	319.00	286.00	290.05	4.90	236.00	0.46	101500.00	278.55
14443200.0	27.00	210.00	197.00	290.05	4.80	234.00	0.46	101500.00	278.45
14446800.0	14.00	94.00	88.00	289.45	4.30	232.00	0.48	101500.00	278.55
14450400.0	0.00	44.00	44.00	288.15	3.10	230.00	0.54	101500.00	279.05
14454000.0	0.00	7.00	7.00	286.75	2.20	229.00	0.63	101500.00	279.85
14457600.0	0.00	0.00	0.00	286.05	2.10	230.00	0.68	101600.00	280.45
14461200.0	0.00	0.00	0.00	285.65	2.20	233.00	0.72	101700.00	280.85
14464800.0	0.00	0.00	0.00	284.85	2.10	235.00	0.77	101700.00	281.15
14468400.0	0.00	0.00	0.00	283.75	1.90	237.00	0.85	101700.00	281.45
14472000.0	0.00	0.00	0.00	282.85	1.70	237.00	0.92	101700.00	281.65
14475600.0	0.00	0.00	0.00	282.05	1.60	238.00	0.98	101600.00	281.85
14479200.0	0.00	0.00	0.00	281.45	1.40	239.00	1.00	101600.00	281.55
14482800.0	0.00	0.00	0.00	281.35	1.40	240.00	1.00	101600.00	281.45
14486400.0	0.00	0.00	0.00	281.25	1.40	241.00	1.00	101600.00	281.35
14490000.0	0.00	0.00	0.00	281.15	1.30	240.00	1.00	101600.00	281.25
14493600.0	0.00	0.00	0.00	281.05	1.30	240.00	1.00	101600.00	281.15
14497200.0	0.00	0.00	0.00	281.05	1.20	242.00	1.00	101600.00	281.15
14500800.0	0.00	0.00	0.00	280.95	1.10	242.00	1.00	101700.00	281.05
14504400.0	0.00	0.00	0.00	281.55	1.10	242.00	1.00	101700.00	281.65
14508000.0	365.00	78.00	35.00	283.35	1.40	249.00	0.90	101700.00	281.85
14511600.0	634.00	241.00	59.00	284.55	1.80	254.00	0.85	101800.00	282.25
14515200.0	751.00	387.00	70.00	288.25	2.10	251.00	0.64	101700.00	281.55
14518800.0	804.00	491.00	76.00	289.65	2.10	261.00	0.55	101700.00	280.65
14522400.0	828.00	541.00	78.00	290.45	2.20	273.00	0.51	101600.00	280.25
14526000.0	797.00	526.00	87.00	290.85	2.40	281.00	0.49	101500.00	280.05
14529600.0	763.00	456.00	83.00	290.75	2.50	285.00	0.48	101400.00	279.85
14533200.0	687.00	336.00	75.00	290.25	2.30	285.00	0.50	101400.00	279.65
14536800.0	0.00	24.00	24.00	288.75	1.50	284.00	0.55	101400.00	279.75
14540400.0	148.00	30.00	22.00	287.25	0.90	284.00	0.66	101400.00	281.05
14544000.0	0.00	0.00	0.00	286.65	0.80	286.00	0.68	101400.00	281.05
14547600.0	0.00	0.00	0.00	286.25	0.80	291.00	0.70	101400.00	281.05
14551200.0	0.00	0.00	0.00	285.75	0.90	299.00	0.72	101500.00	280.95
14554800.0	0.00	0.00	0.00	285.15	1.00	306.00	0.74	101400.00	280.85
14558400.0	0.00	0.00	0.00	284.45	1.10	312.00	0.77	101400.00	280.65
14562000.0	0.00	0.00	0.00	283.85	1.10	316.00	0.79	101300.00	280.45
14565600.0	0.00	0.00	0.00	283.35	1.20	318.00	0.82	101300.00	280.45
14569200.0	0.00	0.00	0.00	283.05	1.30	319.00	0.84	101300.00	280.55
14572800.0	0.00	0.00	0.00	282.65	1.40	318.00	0.86	101200.00	280.55
14576400.0	0.00	0.00	0.00	282.25	1.50	316.00	0.89	101200.00	280.65
14580000.0	0.00	0.00	0.00	281.95	1.60	315.00	0.92	101200.00	280.75
14583600.0	0.00	0.00	0.00	281.65	1.80	316.00	0.94	101200.00	280.85
14587200.0	0.00	0.00	0.00	281.45	2.00	319.00	0.96	101200.00	280.85
14590800.0	0.00	0.00	0.00	282.05	2.70	324.00	0.91	101300.00	280.75
14594400.0	0.00	10.00	10.00	283.45	3.60	327.00	0.82	101300.00	280.55
14598000.0	0.00	33.00	33.00	284.35	3.90	328.00	0.76	101300.00	280.35
14601600.0	17.00	114.00	107.00	288.45	4.80	320.00	0.57	101300.00	280.15
14605200.0	813.00	496.00	77.00	290.55	5.50	312.00	0.49	101200.00	279.85
14608800.0	834.00	547.00	81.00	291.85	5.80	306.00	0.44	101100.00	279.55
14612400.0	827.00	536.00	82.00	292.55	5.80	300.00	0.42	101100.00	279.25
14616000.0	797.00	467.00	78.00	292.65	5.50	296.00	0.40	101000.00	278.85
14619600.0	723.00	344.00	69.00	292.15	4.90	295.00	0.40	101000.00	278.45
14623200.0	568.00	186.00	54.00	290.15	3.30	297.00	0.46	101000.00	278.45
14626800.0	200.00	32.00	21.00	287.25	2.10	301.00	0.58	101000.00	279.15
14630400.0	0.00	0.00	0.00	285.85	2.00	302.00	0.63	101000.00	278.95
14634000.0	0.00	0.00	0.00	285.55	2.00	297.00	0.64	101000.00	278.95
14637600.0	0.00	0.00	0.00	285.35	2.00	286.00	0.65	101100.00	279.15
14641200.0	0.00	0.00	0.00	284.85	1.90	271.00	0.70	101100.00	279.65
14644800.0	0.00	0.00	0.00	284.25	1.60	258.00	0.78	101100.00	280.55
14648400.0	0.00	0.00	0.00	283.45	1.20	252.00	0.87	101100.00	281.55
14652000.0	0.00	0.00	0.00	283.05	1.10	259.00	0.94	101000.00	282.25
14655600.0	0.00	0.00	0.00	282.85	1.10	282.00	0.99	101000.00	282.75
14659200.0	0.00	0.00	0.00	282.25	1.20	308.00	1.00	101000.00	282.35
14662800.0	0.00	0.00	0.00	281.35	1.30	323.00	1.00	100900.00	281.45
14666400.0	0.00	0.00	0.00	280.95	1.50	330.00	1.00	100900.00	281.05
14670000.0	0.00	0.00	0.00	281.25	2.00	334.00	1.00	100900.00	281.35
14673600.0	0.00	0.00	0.00	281.95	2.80	335.00	1.00	101000.00	282.05
14677200.0	0.00	0.00	0.00	282.85	3.60	334.00	0.93	101000.00	281.85
14680800.0	341.00	76.00	36.00	284.05	4.30	332.00	0.84	101000.00	281.55
14684400.0	624.00	239.00	61.00	284.95	4.70	330.00	0.80	100900.00	281.65
14688000.0	745.00	388.00	74.00	289.25	5.80	326.00	0.61	100800.00	281.75
14691600.0	809.00	494.00	78.00	291.55	6.80	316.00	0.52	100700.00	281.65
14695200.0	7.00	64.00	60.00	292.75	7.50	307.00	0.46	100700.00	281.05
14698800.0	810.00	530.00	85.00	293.05	7.70	303.00	0.44	100600.00	280.35
14702400.0	761.00	459.00	86.00	292.85	7.60	303.00	0.42	100500.00	279.55
14706000.0	682.00	338.00	78.00	292.35	7.20	304.00	0.41	100400.00	278.75
14709600.0	506.00	179.00	62.00	291.05	6.30	305.00	0.42	100400.00	277.95
14713200.0	0.00	15.00	15.00	289.45	5.60	306.00	0.45	100400.00	277.65
14716800.0	0.00	0.00	0.00	288.55	5.70	307.00	0.47	100400.00	277.45
14720400.0	0.00	0.00	0.00	288.05	5.80	307.00	0.49	100400.00	277.45
14724000.0	0.00	0.00	0.00	287.25	5.90	306.00	0.52	100400.00	277.55
14727600.0	0.00	0.00	0.00	286.65	6.10	304.00	0.54	100300.00	277.75
14731200.0	0.00	0.00	0.00	286.25	6.30	301.00	0.57	100300.00	278.05
14734800.0	0.00	0.00	0.00	285.85	6.70	298.00	0.60	100200.00	278.45
14738400.0	0.00	0.00	0.00	285.55	6.80	294.00	0.65	100200.00	279.35
14742000.0	0.00	0.00	0.00	285.45	6.50	282.00	0.72	100200.00	280.65
14745600.0	0.00	0.00	0.00	285.05	6.40	251.00	0.82	100200.00	282.25
14749200.0	0.00	0.00	0.00	283.95	6.10	227.00	0.85	100300.00	281.75
14752800.0	0.00	0.00	0.00	282.45	5.00	226.00	0.81	100500.00	279.45
14756400.0	0.00	0.00	0.00	281.45	4.20	230.00	0.81	100600.00	278.45
14760000.0	0.00	0.00	0.00	280.85	3.40	233.00	0.82	100700.00	278.15
14763600.0	0.00	0.00	0.00	280.95	3.00	239.00	0.82	100800.00	278.05
14767200.0	263.00	73.00	43.00	282.45	3.70	243.00	0.75	100800.00	278.35
14770800.0	561.00	236.00	77.00	283.45	4.20	243.00	0.71	100900.00	278.45
14774400.0	717.00	388.00	86.00	286.05	5.70	232.00	0.56	100900.00	277.55
14778000.0	767.00	493.00	98.00	287.05	6.00	231.00	0.49	100900.00	276.55
14781600.0	785.00	542.00	104.00	287.65	5.90	231.00	0.45	100900.00	276.05
14785200.0	111.00	372.00	311.00	287.95	5.80	231.00	0.43	100900.00	275.65
14788800.0	22.00	174.00	164.00	287.95	5.60	230.00	0.42	100900.00	275.45
14792400.0	37.00	177.00	163.00	287.55	5.20	228.00	0.44	101000.00	275.45
14796000.0	524.00	185.00	63.00	286.15	3.90	226.00	0.49	101000.00	275.65
14799600.0	127.00	31.00	24.00	284.25	2.80	223.00	0.59	101100.00	276.55
14803200.0	0.00	0.00	0.00	283.25	2.50	223.00	0.65	101200.00	277.15
14806800.0	0.00	0.00	0.00	282.85	2.60	229.00	0.69	101300.00	277.55
14810400.0	0.00	0.00	0.00	282.55	3.10	234.00	0.72	101400.00	277.75
14814000.0	0.00	0.00	0.00	282.15	3.40	237.00	0.75	101400.00	277.95
14817600.0	0.00	0.00	0.00	281.35	3.10	238.00	0.80	101400.00	278.25
14821200.0	0.00	0.00	0.00	280.45	2.50	241.00	0.87	101400.00	278.55
14824800.0	0.00	0.00	0.00	279.85	2.30	245.00	0.93	101400.00	278.85
14828400.0	0.00	0.00	0.00	279.65	2.20	248.00	0.95	101400.00	278.95
14832000.0	0.00	0.00	0.00	279.65	2.30	249.00	0.96	101400.00	279.05
14835600.0	0.00	0.00	0.00	279.75	2.20	245.00	0.96	101400.00	279.25
14839200.0	0.00	0.00	0.00	279.85	2.00	240.00	0.96	101400.00	279.35
14842800.0	0.00	0.00	0.00	279.85	2.00	238.00	0.97	101400.00	279.45
14846400.0	0.00	0.00	0.00	279.85	1.80	243.00	0.98	101500.00	279.65
14850000.0	0.00	0.00	0.00	280.15	1.70	258.00	0.96	101600.00	279.65
14853600.0	271.00	72.00	41.00	281.15	1.90	276.00	0.90	101600.00	279.65
14857200.0	570.00	233.00	71.00	281.65	2.00	285.00	0.88	101600.00	279.95
14860800.0	733.00	386.00	77.00	285.05	2.50	266.00	0.73	101700.00	280.45
14864400.0	794.00	491.00	83.00	286.95	2.70	256.00	0.67	101600.00	280.95
14868000.0	828.00	545.00	83.00	287.85	2.80	258.00	0.63	101600.00	280.95
14871600.0	22.00	155.00	143.00	288.35	2.90	259.00	0.61	101500.00	280.95
14875200.0	18.00	105.00	96.00	288.35	3.00	258.00	0.61	101500.00	280.95
14878800.0	726.00	346.00	69.00	288.15	2.60	257.00	0.62	101500.00	281.15
14882400.0	580.00	189.00	53.00	286.85	1.60	261.00	0.69	101500.00	281.45
14886000.0	213.00	33.00	21.00	285.05	1.00	268.00	0.79	101500.00	281.75
14889600.0	0.00	0.00	0.00	284.25	1.10	273.00	0.82	101600.00	281.35
14893200.0	0.00	0.00	0.00	284.15	1.20	271.00	0.83	101600.00	281.45
14896800.0	0.00	0.00	0.00	284.05	1.40	263.00	0.84	101700.00	281.55
14900400.0	0.00	0.00	0.00	283.85	1.40	254.00	0.87	101700.00	281.85
14904000.0	0.00	0.00	0.00	283.35	1.40	248.00	0.92	101700.00	282.15
14907600.0	0.00	0.00	0.00	282.85	1.30	243.00	0.97	101700.00	282.45
14911200.0	0.00	0.00	0.00	282.35	1.20	241.00	1.00	101700.00	282.45
14914800.0	0.00	0.00	0.00	281.95	1.10	240.00	1.00	101700.00	282.05
14918400.0	0.00	0.00	0.00	281.75	1.10	238.00	1.00	101700.00	281.85
14922000.0	0.00	0.00	0.00	281.55	1.10	236.00	1.00	101700.00	281.65
14925600.0	0.00	0.00	0.00	281.55	1.10	232.00	1.00	101800.00	281.65
14929200.0	0.00	0.00	0.00	281.65	1.10	229.00	1.00	101800.00	281.75
14932800.0	0.00	0.00	0.00	281.75	1.00	229.00	1.00	101900.00	281.85
14936400.0	0.00	0.00	0.00	282.45	0.80	236.00	0.99	101900.00	282.45
14940000.0	456.00	82.00	30.00	283.95	0.70	271.00	0.91	102000.00	282.55
14943600.0	708.00	250.00	49.00	284.95	0.70	301.00	0.88	102000.00	283.15
14947200.0	758.00	393.00	74.00	288.45	1.00	284.00	0.72	102000.00	283.45
14950800.0	811.00	499.00	82.00	289.85	1.30	300.00	0.62	102000.00	282.75
14954400.0	838.00	551.00	83.00	290.75	1.60	312.00	0.56	101900.00	281.95
14958000.0	843.00	543.00	79.00	291.25	1.90	315.00	0.52	101900.00	281.45
14961600.0	821.00	475.00	73.00	291.35	2.00	315.00	0.51	101800.00	281.05
14965200.0	761.00	354.00	63.00	290.75	1.80	314.00	0.51	101800.00	280.75
14968800.0	628.00	196.00	49.00	288.95	1.30	311.00	0.57	101800.00	280.65
14972400.0	265.00	36.00	20.00	286.75	0.90	309.00	0.69	101800.00	281.25
14976000.0	0.00	0.00	0.00	285.85	1.00	314.00	0.69	101900.00	280.45
14979600.0	0.00	0.00	0.00	285.35	0.90	329.00	0.71	101900.00	280.35
14983200.0	0.00	0.00	0.00	284.75	0.90	170.00	0.73	102000.00	280.25
14986800.0	0.00	0.00	0.00	284.05	1.00	11.00	0.76	102000.00	280.05
14990400.0	0.00	0.00	0.00	283.05	1.20	24.00	0.81	102000.00	280.05
14994000.0	0.00	0.00	0.00	282.15	1.30	29.00	0.85	102000.00	279.95
14997600.0	0.00	0.00	0.00	281.25	1.30	32.00	0.90	102000.00	279.85
15001200.0	0.00	0.00	0.00	280.55	1.30	33.00	0.93	102000.00	279.65
15004800.0	0.00	0.00	0.00	279.95	1.40	33.00	0.96	102000.00	279.45
15008400.0	0.00	0.00	0.00	279.55	1.50	33.00	0.98	102000.00	279.35
15012000.0	0.00	0.00	0.00	279.15	1.60	32.00	0.99	102000.00	279.15
15015600.0	0.00	0.00	0.00	278.85	1.80	31.00	1.00	102000.00	278.95
15019200.0	0.00	0.00	0.00	278.75	1.90	31.00	1.00	102100.00	278.85
15022800.0	0.00	0.00	0.00	279.75	2.30	31.00	0.96	102100.00	279.25
15026400.0	460.00	82.00	30.00	282.45	3.10	30.00	0.81	102100.00	279.45
15030000.0	710.00	251.00	49.00	284.05	3.50	30.00	0.74	102200.00	279.65
15033600.0	819.00	402.00	58.00	288.85	3.90	8.00	0.54	102200.00	279.55
15037200.0	867.00	509.00	63.00	290.75	4.00	177.00	0.46	102100.00	279.25
15040800.0	886.00	560.00	65.00	291.65	3.90	349.00	0.43	102100.00	279.05
15044400.0	881.00	551.00	66.00	292.15	3.90	342.00	0.41	102000.00	278.75
15048000.0	853.00	482.00	63.00	292.15	3.80	339.00	0.40	101900.00	278.45
15051600.0	790.00	360.00	57.00	291.45	3.20	338.00	0.42	101900.00	278.25
15055200.0	633.00	198.00	49.00	289.05	1.90	343.00	0.49	101900.00	278.55
15058800.0	268.00	36.00	21.00	286.15	1.20	175.00	0.64	101900.00	279.55
15062400.0	0.00	0.00	0.00	284.75	1.30	13.00	0.65	102000.00	278.45
15066000.0	0.00	0.00	0.00	283.75	1.40	27.00	0.68	102000.00	278.15
15069600.0	0.00	0.00	0.00	283.15	1.70	34.00	0.69	102000.00	277.85
15073200.0	0.00	0.00	0.00	282.75	2.30	36.00	0.69	102000.00	277.55
15076800.0	0.00	0.00	0.00	282.45	3.00	37.00	0.70	102100.00	277.35
15080400.0	0.00	0.00	0.00	282.05	3.50	39.00	0.73	102100.00	277.45
15084000.0	0.00	0.00	0.00	281.55	3.60	39.00	0.76	102000.00	277.65
15087600.0	0.00	0.00	0.00	281.15	3.60	40.00	0.79	102000.00	277.85
15091200.0	0.00	0.00	0.00	280.75	3.50	40.00	0.82	102000.00	278.05
15094800.0	0.00	0.00	0.00	280.45	3.40	40.00	0.85	102000.00	278.15
15098400.0	0.00	0.00	0.00	280.15	3.50	39.00	0.86	102000.00	278.15
15102000.0	0.00	0.00	0.00	280.05	3.90	38.00	0.87	102000.00	278.05
15105600.0	0.00	0.00	0.00	279.75	4.00	37.00	0.87	102000.00	277.95
15109200.0	0.00	0.00	0.00	280.05	4.00	35.00	0.84	102000.00	277.65
15112800.0	389.00	79.00	35.00	281.75	4.20	33.00	0.74	102100.00	277.35
15116400.0	670.00	248.00	59.00	283.05	4.10	33.00	0.67	102100.00	277.35
15120000.0	815.00	407.00	65.00	288.45	5.40	10.00	0.47	102000.00	277.25
15123600.0	863.00	516.00	72.00	290.75	5.90	178.00	0.38	102000.00	276.15
15127200.0	880.00	567.00	76.00	291.95	5.70	353.00	0.33	101900.00	275.45
15130800.0	884.00	559.00	72.00	292.55	5.50	350.00	0.31	101800.00	274.85
15134400.0	855.00	489.00	69.00	292.65	5.20	346.00	0.29	101700.00	274.45
15138000.0	790.00	365.00	62.00	291.95	4.30	344.00	0.30	101700.00	274.25
15141600.0	649.00	202.00	49.00	289.05	2.70	347.00	0.38	101700.00	274.75
15145200.0	277.00	38.00	21.00	285.65	1.80	354.00	0.53	101700.00	276.35
15148800.0	0.00	0.00	0.00	284.15	1.90	182.00	0.56	101700.00	275.75
15152400.0	0.00	0.00	0.00	283.65	2.20	8.00	0.56	101800.00	275.35
15156000.0	0.00	0.00	0.00	283.25	2.60	12.00	0.56	101800.00	275.05
15159600.0	0.00	0.00	0.00	282.75	2.70	14.00	0.57	101800.00	274.85
15163200.0	0.00	0.00	0.00	282.15	2.70	12.00	0.59	101800.00	274.75
15166800.0	0.00	0.00	0.00	281.65	2.70	10.00	0.61	101800.00	274.75
15170400.0	0.00	0.00	0.00	281.15	2.80	8.00	0.63	101800.00	274.75
15174000.0	0.00	0.00	0.00	280.65	2.70	7.00	0.66	101800.00	274.75
15177600.0	0.00	0.00	0.00	280.25	2.60	6.00	0.68	101800.00	274.85
15181200.0	0.00	0.00	0.00	279.75	2.50	4.00	0.71	101800.00	274.95
15184800.0	0.00	0.00	0.00	279.35	2.30	3.00	0.73	101800.00	275.05
15188400.0	0.00	0.00	0.00	279.05	2.20	3.00	0.75	101900.00	275.05
15192000.0	0.00	0.00	0.00	278.75	2.20	3.00	0.77	101900.00	275.15
15195600.0	0.00	0.00	0.00	279.55	2.50	4.00	0.73	101900.00	275.05
15199200.0	374.00	77.00	34.00	281.95	3.20	4.00	0.63	101900.00	275.25
15202800.0	649.00	244.00	60.00	283.45	3.60	5.00	0.57	102000.00	275.45
15206400.0	763.00	394.00	74.00	288.25	3.50	340.00	0.43	101900.00	275.85
15210000.0	817.00	501.00	81.00	291.05	3.50	319.00	0.36	101900.00	275.65
15213600.0	834.00	551.00	85.00	292.85	3.30	307.00	0.31	101800.00	275.45
15217200.0	827.00	540.00	84.00	293.65	2.90	299.00	0.30	101800.00	275.45
15220800.0	795.00	470.00	79.00	293.85	2.60	291.00	0.29	101700.00	275.45
15224400.0	722.00	348.00	70.00	293.05	1.80	281.00	0.31	101700.00	275.45
15228000.0	582.00	191.00	53.00	291.15	1.10	267.00	0.44	101700.00	278.75
15231600.0	216.00	35.00	22.00	289.45	0.90	242.00	0.46	101800.00	277.95
15235200.0	0.00	0.00	0.00	288.45	0.90	205.00	0.45	101800.00	276.55
15238800.0	0.00	0.00	0.00	287.15	1.10	173.00	0.49	101900.00	276.65
15242400.0	0.00	0.00	0.00	285.85	1.30	157.00	0.54	102000.00	276.95
15246000.0	0.00	0.00	0.00	284.55	1.40	149.00	0.61	102000.00	277.55
15249600.0	0.00	0.00	0.00	283.55	1.50	141.00	0.68	102000.00	278.05
15253200.0	0.00	0.00	0.00	282.75	1.50	132.00	0.74	102000.00	278.45
15256800.0	0.00	0.00	0.00	282.15	1.50	124.00	0.78	102000.00	278.55
15260400.0	0.00	0.00	0.00	281.75	1.50	117.00	0.80	102000.00	278.55
15264000.0	0.00	0.00	0.00	281.45	1.60	111.00	0.81	102000.00	278.55
15267600.0	0.00	0.00	0.00	281.45	1.70	107.00	0.81	102000.00	278.45
15271200.0	0.00	0.00	0.00	281.15	1.80	106.00	0.83	102100.00	278.55
15274800.0	0.00	0.00	0.00	280.65	1.90	107.00	0.88	102100.00	278.95
15278400.0	0.00	0.00	0.00	280.35	2.10	108.00	0.95	102200.00	279.65
15282000.0	0.00	0.00	0.00	281.15	2.80	109.00	0.93	102300.00	280.25
15285600.0	386.00	76.00	33.00	283.25	3.70	108.00	0.84	102300.00	280.65
15289200.0	651.00	241.00	57.00	284.55	4.00	107.00	0.80	102300.00	281.35
15292800.0	765.00	390.00	69.00	288.95	4.20	95.00	0.62	102300.00	281.75
15296400.0	824.00	499.00	75.00	291.55	3.90	84.00	0.51	102300.00	281.25
15300000.0	845.00	550.00	78.00	293.05	3.50	77.00	0.42	102200.00	279.85
15303600.0	846.00	543.00	76.00	293.65	3.30	76.00	0.39	102100.00	279.15
15307200.0	817.00	475.00	72.00	293.55	3.10	77.00	0.38	102100.00	278.65
15310800.0	748.00	352.00	64.00	292.75	2.70	78.00	0.39	102100.00	278.45
15314400.0	606.00	194.00	51.00	290.05	1.80	83.00	0.47	102100.00	278.85
15318000.0	251.00	37.00	21.00	286.85	1.40	94.00	0.63	102100.00	280.05
15321600.0	0.00	0.00	0.00	285.45	1.70	102.00	0.65	102200.00	279.15
15325200.0	0.00	0.00	0.00	284.95	2.00	102.00	0.67	102300.00	279.05
15328800.0	0.00	0.00	0.00	284.45	2.50	99.00	0.69	102300.00	279.05
15332400.0	0.00	0.00	0.00	284.15	3.00	98.00	0.70	102300.00	279.05
15336000.0	0.00	0.00	0.00	283.75	3.30	97.00	0.72	102400.00	279.05
15339600.0	0.00	0.00	0.00	283.35	3.50	97.00	0.73	102400.00	278.95
15343200.0	0.00	0.00	0.00	283.05	3.70	95.00	0.74	102400.00	278.65
15346800.0	0.00	0.00	0.00	282.75	3.80	93.00	0.73	102400.00	278.35
15350400.0	0.00	0.00	0.00	282.35	4.00	92.00	0.73	102300.00	277.95
15354000.0	0.00	0.00	0.00	281.95	4.20	90.00	0.74	102300.00	277.55
15357600.0	0.00	0.00	0.00	281.45	4.30	89.00	0.74	102300.00	277.25
15361200.0	0.00	0.00	0.00	281.15	4.30	88.00	0.74	102300.00	276.95
15364800.0	0.00	0.00	0.00	280.95	4.40	87.00	0.73	102300.00	276.55
15368400.0	0.00	0.00	0.00	281.35	4.60	86.00	0.69	102300.00	276.15
15372000.0	392.00	77.00	33.00	282.85	4.80	85.00	0.61	102300.00	275.85
15375600.0	653.00	242.00	58.00	283.95	4.80	84.00	0.57	102300.00	275.95
15379200.0	775.00	393.00	67.00	288.55	5.30	74.00	0.45	102300.00	276.75
15382800.0	827.00	500.00	74.00	290.95	5.40	64.00	0.41	102300.00	277.65
15386400.0	847.00	552.00	77.00	292.25	4.90	57.00	0.37	102200.00	277.35
15390000.0	837.00	540.00	78.00	292.75	4.40	52.00	0.35	102100.00	277.15
15393600.0	806.00	472.00	75.00	292.55	4.00	52.00	0.36	102100.00	277.05
15397200.0	738.00	352.00	67.00	291.65	3.40	55.00	0.38	102100.00	277.05
15400800.0	612.00	196.00	50.00	289.35	2.40	63.00	0.46	102100.00	277.65
15404400.0	270.00	38.00	21.00	287.15	2.20	72.00	0.56	102100.00	278.55
15408000.0	0.00	0.00	0.00	286.25	2.80	79.00	0.58	102100.00	278.25
15411600.0	0.00	0.00	0.00	285.65	3.40	82.00	0.60	102200.00	278.15
15415200.0	0.00	0.00	0.00	284.85	3.50	82.00	0.63	102200.00	278.15
15418800.0	0.00	0.00	0.00	283.95	3.60	82.00	0.66	102200.00	278.05
15422400.0	0.00	0.00	0.00	283.25	3.60	81.00	0.69	102200.00	277.85
15426000.0	0.00	0.00	0.00	282.65	3.70	80.00	0.71	102200.00	277.75
15429600.0	0.00	0.00	0.00	282.15	3.80	78.00	0.73	102200.00	277.55
15433200.0	0.00	0.00	0.00	281.85	3.90	77.00	0.74	102100.00	277.55
15436800.0	0.00	0.00	0.00	281.55	3.90	75.00	0.75	102100.00	277.45
15440400.0	0.00	0.00	0.00	281.35	4.00	74.00	0.75	102100.00	277.35
15444000.0	0.00	0.00	0.00	281.25	4.00	71.00	0.75	102100.00	277.25
15447600.0	0.00	0.00	0.00	281.25	4.10	69.00	0.74	102200.00	276.95
15451200.0	0.00	0.00	0.00	281.25	4.10	67.00	0.73	102200.00	276.85
15454800.0	0.00	0.00	0.00	281.85	4.20	66.00	0.71	102200.00	276.95
15458400.0	371.00	75.00	33.00	283.65	4.30	66.00	0.64	102300.00	277.15
15462000.0	636.00	238.00	58.00	285.05	4.40	66.00	0.60	102300.00	277.65
15465600.0	758.00	388.00	69.00	290.45	4.40	51.00	0.45	102200.00	278.55
15469200.0	808.00	492.00	76.00	293.15	4.60	39.00	0.42	102100.00	280.05
15472800.0	828.00	544.00	80.00	294.35	4.30	34.00	0.41	102100.00	280.65
15476400.0	832.00	536.00	75.00	294.75	4.10	32.00	0.40	102000.00	280.65
15480000.0	803.00	469.00	72.00	294.55	3.90	33.00	0.41	102000.00	280.75
15483600.0	733.00	349.00	65.00	293.85	3.50	36.00	0.43	102000.00	280.85
15487200.0	560.00	190.00	56.00	291.65	2.50	43.00	0.50	102000.00	281.25
15490800.0	202.00	36.00	23.00	289.35	2.10	50.00	0.61	102100.00	282.05
15494400.0	0.00	0.00	0.00	288.65	2.80	55.00	0.63	102100.00	281.75
15498000.0	0.00	0.00	0.00	288.65	3.60	57.00	0.63	102200.00	281.75
15501600.0	0.00	0.00	0.00	288.55	4.00	56.00	0.64	102200.00	281.95
15505200.0	0.00	0.00	0.00	288.15	4.10	55.00	0.66	102200.00	281.95
15508800.0	0.00	0.00	0.00	287.75	4.10	54.00	0.68	102200.00	281.95
15512400.0	0.00	0.00	0.00	287.45	4.10	52.00	0.69	102200.00	282.05
15516000.0	0.00	0.00	0.00	287.25	4.20	48.00	0.71	102200.00	282.15
15519600.0	0.00	0.00	0.00	287.15	4.30	46.00	0.72	102200.00	282.35
15523200.0	0.00	0.00	0.00	286.95	4.30	44.00	0.74	102200.00	282.45
15526800.0	0.00	0.00	0.00	286.85	4.40	41.00	0.75	102200.00	282.55
15530400.0	0.00	0.00	0.00	286.55	4.40	41.00	0.76	102200.00	282.55
15534000.0	0.00	0.00	0.00	286.35	4.50	43.00	0.77	102200.00	282.45
15537600.0	0.00	0.00	0.00	286.25	4.50	46.00	0.77	102300.00	282.35
15541200.0	0.00	0.00	0.00	286.35	4.60	47.00	0.75	102300.00	282.05
15544800.0	0.00	5.00	5.00	287.15	4.70	47.00	0.69	102300.00	281.75
15548400.0	0.00	16.00	16.00	287.85	4.80	47.00	0.65	102300.00	281.45
15552000.0	743.00	381.00	69.00	291.85	5.70	33.00	0.49	102200.00	280.95
15555600.0	71.00	305.00	269.00	293.85	6.00	22.00	0.42	102200.00	280.65
15559200.0	24.00	226.00	213.00	295.15	5.70	14.00	0.39	102100.00	280.65
15562800.0	117.00	378.00	313.00	295.95	5.30	12.00	0.38	101900.00	280.85
15566400.0	16.00	93.00	85.00	296.05	4.80	15.00	0.38	101900.00	281.05
15570000.0	0.00	29.00	29.00	295.55	4.10	21.00	0.39	101800.00	281.05
15573600.0	0.00	15.00	15.00	293.55	2.90	31.00	0.45	101800.00	281.35
15577200.0	0.00	6.00	6.00	291.45	2.40	41.00	0.54	101900.00	282.15
15580800.0	0.00	0.00	0.00	290.75	3.10	47.00	0.56	101900.00	281.95
15584400.0	0.00	0.00	0.00	290.15	3.80	48.00	0.57	102000.00	281.75
15588000.0	0.00	0.00	0.00	289.35	4.00	48.00	0.60	102000.00	281.75
15591600.0	0.00	0.00	0.00	288.65	4.10	47.00	0.63	102000.00	281.75
15595200.0	0.00	0.00	0.00	287.95	4.30	47.00	0.66	101900.00	281.75
15598800.0	0.00	0.00	0.00	287.15	4.40	49.00	0.69	101900.00	281.55
15602400.0	0.00	0.00	0.00	286.65	4.50	49.00	0.70	101800.00	281.35
15606000.0	0.00	0.00	0.00	286.25	4.40	48.00	0.70	101800.00	280.95
15609600.0	0.00	0.00	0.00	285.75	4.20	47.00	0.70	101800.00	280.55
15613200.0	0.00	0.00	0.00	285.15	4.10	46.00	0.71	101800.00	280.15
15616800.0	0.00	0.00	0.00	284.85	4.20	45.00	0.71	101700.00	279.85
15620400.0	0.00	0.00	0.00	284.55	4.20	44.00	0.71	101800.00	279.65
15624000.0	0.00	0.00	0.00	284.25	4.20	43.00	0.72	101800.00	279.55
15627600.0	0.00	0.00	0.00	284.45	4.40	42.00	0.70	101800.00	279.35
15631200.0	370.00	74.00	33.00	285.75	4.60	39.00	0.64	101800.00	279.15
15634800.0	636.00	237.00	57.00	286.75	4.60	38.00	0.59	101800.00	279.05
15638400.0	345.00	292.00	147.00	284.45	4.00	344.00	0.53	101200.00	275.35
15642000.0	477.00	406.00	160.00	286.45	4.60	333.00	0.45	101100.00	274.85
15645600.0	80.00	280.00	235.00	287.35	4.70	331.00	0.41	101000.00	274.35
15649200.0	409.00	424.00	197.00	287.45	4.40	331.00	0.40	100900.00	274.05
15652800.0	395.00	364.00	168.00	287.45	4.00	330.00	0.40	100900.00	273.95
15656400.0	417.00	279.00	117.00	286.95	3.00	329.00	0.41	100900.00	273.95
15660000.0	56.00	101.00	87.00	285.35	1.80	334.00	0.47	100900.00	274.55
15663600.0	3.00	21.00	21.00	283.55	1.30	342.00	0.55	100900.00	275.05
15667200.0	0.00	0.00	0.00	282.85	1.30	347.00	0.56	100900.00	274.65
15670800.0	0.00	0.00	0.00	282.55	1.30	350.00	0.57	101000.00	274.45
15674400.0	0.00	0.00	0.00	282.05	1.40	351.00	0.58	101000.00	274.35
15678000.0	0.00	0.00	0.00	281.05	1.40	351.00	0.61	101000.00	274.05
15681600.0	0.00	0.00	0.00	279.95	1.40	350.00	0.64	101000.00	273.65
15685200.0	0.00	0.00	0.00	279.15	1.30	350.00	0.66	101000.00	273.45
15688800.0	0.00	0.00	0.00	278.55	1.30	349.00	0.69	100900.00	273.35
15692400.0	0.00	0.00	0.00	278.05	1.30	349.00	0.71	100900.00	273.25
15696000.0	0.00	0.00	0.00	277.65	1.30	349.00	0.72	100900.00	273.25
15699600.0	0.00	0.00	0.00	277.25	1.20	351.00	0.74	101000.00	273.15
15703200.0	0.00	0.00	0.00	277.05	1.20	356.00	0.75	101000.00	273.05
15706800.0	0.00	0.00	0.00	276.85	1.20	184.00	0.75	101000.00	272.95
15710400.0	0.00	0.00	0.00	276.55	1.20	13.00	0.76	101100.00	272.85
15714000.0	0.00	0.00	0.00	277.05	1.10	22.00	0.73	101100.00	272.75
15717600.0	497.00	85.00	29.00	279.55	1.40	29.00	0.62	101200.00	272.85
15721200.0	744.00	258.00	47.00	281.35	1.90	31.00	0.55	101200.00	272.95
15724800.0	840.00	410.00	56.00	286.55	1.10	63.00	0.39	101200.00	272.75
15728400.0	887.00	520.00	61.00	289.85	0.70	114.00	0.28	101200.00	271.35
15732000.0	906.00	573.00	63.00	291.45	0.80	142.00	0.25	101200.00	271.15
15735600.0	903.00	566.00	64.00	292.05	0.80	155.00	0.24	101100.00	271.35
15739200.0	875.00	496.00	61.00	292.05	0.90	164.00	0.25	101100.00	271.45
15742800.0	816.00	373.00	54.00	291.35	0.90	171.00	0.26	101100.00	271.65
15746400.0	696.00	212.00	43.00	289.15	0.90	180.00	0.36	101100.00	274.25
15750000.0	376.00	46.00	21.00	286.35	1.10	179.00	0.45	101200.00	274.75
15753600.0	0.00	0.00	0.00	284.45	1.20	161.00	0.49	101300.00	274.25
15757200.0	0.00	0.00	0.00	283.15	1.30	139.00	0.55	101300.00	274.75
15760800.0	0.00	0.00	0.00	282.05	1.40	120.00	0.62	101400.00	275.25
15764400.0	0.00	0.00	0.00	281.25	1.50	104.00	0.66	101400.00	275.35
15768000.0	0.00	0.00	0.00	280.65	1.60	92.00	0.65	101400.00	274.65
15771600.0	0.00	0.00	0.00	280.15	1.80	84.00	0.62	101400.00	273.55
15775200.0	0.00	0.00	0.00	279.85	2.00	80.00	0.58	101400.00	272.35
15778800.0	0.00	0.00	0.00	279.35	2.00	79.00	0.56	101400.00	271.35
15782400.0	0.00	0.00	0.00	279.05	2.00	79.00	0.55	101400.00	270.75
15786000.0	0.00	0.00	0.00	278.65	2.00	80.00	0.54	101500.00	270.25
15789600.0	0.00	0.00	0.00	278.35	1.90	82.00	0.55	101500.00	270.15
15793200.0	0.00	0.00	0.00	278.15	1.90	85.00	0.55	101600.00	270.05
15796800.0	0.00	0.00	0.00	278.05	2.00	87.00	0.56	101600.00	270.05
15800400.0	0.00	0.00	0.00	279.15	2.30	87.00	0.52	101700.00	270.05
15804000.0	443.00	81.00	31.00	282.05	3.10	87.00	0.44	101800.00	270.45
15807600.0	697.00	250.00	52.00	283.85	3.60	86.00	0.40	101800.00	270.95
15811200.0	801.00	401.00	63.00	288.45	4.00	85.00	0.37	101800.00	273.75
15814800.0	853.00	510.00	68.00	290.35	4.20	85.00	0.40	101700.00	276.75
15818400.0	875.00	563.00	70.00	291.35	3.80	87.00	0.38	101700.00	277.05
15822000.0	871.00	555.00	69.00	291.85	3.50	90.00	0.37	101600.00	276.95
15825600.0	842.00	486.00	66.00	291.85	3.20	96.00	0.37	101600.00	276.85
15829200.0	778.00	365.00	60.00	291.25	2.90	103.00	0.38	101600.00	276.95
15832800.0	643.00	206.00	49.00	288.75	2.00	111.00	0.46	101600.00	277.25
15836400.0	303.00	44.00	23.00	285.65	1.50	114.00	0.59	101700.00	277.95
15840000.0	0.00	0.00	0.00	284.25	1.70	114.00	0.64	101800.00	277.85
15843600.0	0.00	0.00	0.00	283.85	2.10	111.00	0.68	101800.00	278.25
15847200.0	0.00	0.00	0.00	283.55	2.50	108.00	0.71	101900.00	278.65
15850800.0	0.00	0.00	0.00	283.05	2.70	105.00	0.75	101900.00	278.85
15854400.0	0.00	0.00	0.00	282.25	2.70	101.00	0.79	101900.00	278.95
15858000.0	0.00	0.00	0.00	281.55	2.60	98.00	0.83	102000.00	278.95
15861600.0	0.00	0.00	0.00	280.85	2.40	95.00	0.86	102000.00	278.75
15865200.0	0.00	0.00	0.00	280.25	2.30	94.00	0.89	101900.00	278.65
15868800.0	0.00	0.00	0.00	279.75	2.30	93.00	0.91	101900.00	278.55
15872400.0	0.00	0.00	0.00	279.35	2.30	93.00	0.93	101900.00	278.45
15876000.0	0.00	0.00	0.00	278.95	2.40	94.00	0.96	101900.00	278.45
15879600.0	0.00	0.00	0.00	278.65	2.30	95.00	0.98	101900.00	278.45
15883200.0	0.00	0.00	0.00	278.25	2.20	97.00	1.00	101900.00	278.35
15886800.0	0.00	0.00	0.00	278.85	2.40	99.00	0.97	102000.00	278.45
15890400.0	455.00	82.00	30.00	281.15	2.90	102.00	0.83	102000.00	278.55
15894000.0	707.00	251.00	50.00	282.65	3.10	103.00	0.75	102000.00	278.55
15897600.0	814.00	404.00	60.00	287.85	3.70	98.00	0.52	102000.00	278.05
15901200.0	865.00	513.00	64.00	289.75	3.40	101.00	0.44	102000.00	277.45
15904800.0	887.00	568.00	67.00	290.95	3.00	104.00	0.38	101900.00	276.75
15908400.0	889.00	562.00	65.00	291.75	2.90	106.00	0.35	101800.00	275.95
15912000.0	865.00	495.00	62.00	291.95	3.00	105.00	0.33	101700.00	275.25
15915600.0	808.00	374.00	56.00	291.55	3.00	103.00	0.32	101700.00	274.75
15919200.0	687.00	214.00	45.00	288.85	2.10	103.00	0.38	101700.00	274.65
15922800.0	375.00	48.00	22.00	285.55	1.50	102.00	0.51	101700.00	275.65
15926400.0	0.00	0.00	0.00	283.95	1.80	99.00	0.55	101700.00	275.35
15930000.0	0.00	0.00	0.00	283.35	2.10	96.00	0.58	101800.00	275.55
15933600.0	0.00	0.00	0.00	282.85	2.40	94.00	0.62	101800.00	275.95
15937200.0	0.00	0.00	0.00	282.45	2.80	92.00	0.65	101800.00	276.25
15940800.0	0.00	0.00	0.00	282.05	3.00	90.00	0.69	101800.00	276.75
15944400.0	0.00	0.00	0.00	281.65	3.10	88.00	0.74	101800.00	277.35
15948000.0	0.00	0.00	0.00	281.35	3.20	86.00	0.79	101800.00	278.05
15951600.0	0.00	0.00	0.00	281.15	3.20	83.00	0.85	101700.00	278.85
15955200.0	0.00	0.00	0.00	281.05	3.40	81.00	0.90	101700.00	279.55
15958800.0	0.00	0.00	0.00	281.15	3.50	79.00	0.91	101600.00	279.95
15962400.0	0.00	0.00	0.00	281.25	3.70	78.00	0.91	101600.00	280.05
15966000.0	0.00	0.00	0.00	281.55	3.90	77.00	0.90	101600.00	280.15
15969600.0	0.00	0.00	0.00	281.75	4.10	77.00	0.91	101700.00	280.45
15973200.0	0.00	0.00	0.00	282.45	4.50	75.00	0.88	101700.00	280.75
15976800.0	416.00	79.00	32.00	284.65	4.80	72.00	0.78	101700.00	280.95
15980400.0	672.00	244.00	53.00	286.15	4.90	70.00	0.71	101700.00	281.15
15984000.0	777.00	393.00	64.00	291.95	5.70	53.00	0.50	101700.00	281.35
15987600.0	826.00	500.00	71.00	294.35	5.90	46.00	0.43	101600.00	281.35
15991200.0	847.00	553.00	73.00	295.55	5.60	44.00	0.39	101500.00	281.15
15994800.0	845.00	546.00	73.00	295.95	5.20	43.00	0.37	101400.00	280.75
15998400.0	817.00	479.00	69.00	295.95	4.90	42.00	0.36	101300.00	280.35
16002000.0	753.00	360.00	62.00	295.25	4.40	43.00	0.37	101300.00	280.15
16005600.0	620.00	204.00	50.00	292.95	3.10	45.00	0.43	101300.00	280.05
16009200.0	296.00	45.00	24.00	289.95	2.10	48.00	0.53	101300.00	280.25
16012800.0	0.00	0.00	0.00	288.55	2.30	51.00	0.56	101400.00	280.05
16016400.0	0.00	0.00	0.00	288.35	2.80	55.00	0.56	101400.00	279.85
16020000.0	0.00	0.00	0.00	288.05	3.20	59.00	0.57	101400.00	279.55
16023600.0	0.00	0.00	0.00	287.65	3.60	60.00	0.57	101300.00	279.45
16027200.0	0.00	0.00	0.00	287.65	4.00	56.00	0.58	101300.00	279.45
16030800.0	0.00	0.00	0.00	288.15	4.70	48.00	0.58	101300.00	279.95
16034400.0	0.00	0.00	0.00	288.55	5.00	44.00	0.60	101300.00	280.85
16038000.0	0.00	0.00	0.00	288.75	5.00	43.00	0.62	101200.00	281.65
16041600.0	0.00	0.00	0.00	288.55	4.80	42.00	0.64	101200.00	281.95
16045200.0	0.00	0.00	0.00	288.15	4.60	42.00	0.66	101200.00	281.95
16048800.0	0.00	0.00	0.00	287.85	4.70	42.00	0.67	101200.00	281.95
16052400.0	0.00	0.00	0.00	287.45	4.90	43.00	0.69	101200.00	281.85
16056000.0	0.00	0.00	0.00	286.95	4.90	43.00	0.71	101200.00	281.75
16059600.0	0.00	0.00	0.00	286.95	4.90	42.00	0.70	101300.00	281.75
16063200.0	222.00	59.00	34.00	288.15	5.10	40.00	0.65	101300.00	281.65
16066800.0	2.00	89.00	88.00	289.15	5.10	39.00	0.61	101300.00	281.75
16070400.0	18.00	149.00	141.00	293.05	5.60	29.00	0.49	101300.00	282.05
16074000.0	291.00	344.00	192.00	294.55	5.90	20.00	0.45	101300.00	282.35
16077600.0	25.00	213.00	199.00	295.35	5.80	13.00	0.43	101200.00	282.35
16081200.0	132.00	220.00	146.00	295.45	5.50	9.00	0.42	101100.00	282.15
16084800.0	4.00	71.00	69.00	295.15	5.00	8.00	0.42	101100.00	281.85
16088400.0	5.00	47.00	45.00	294.55	4.30	7.00	0.44	101100.00	282.05
16092000.0	0.00	18.00	18.00	293.25	3.10	10.00	0.49	101100.00	282.25
16095600.0	85.00	23.00	17.00	291.65	2.10	16.00	0.55	101200.00	282.65
16099200.0	0.00	0.00	0.00	290.85	2.10	23.00	0.59	101200.00	282.75
16102800.0	0.00	0.00	0.00	290.55	2.50	26.00	0.60	101300.00	282.85
16106400.0	0.00	0.00	0.00	290.35	3.00	25.00	0.60	101300.00	282.75
16110000.0	0.00	0.00	0.00	290.05	3.40	22.00	0.61	101300.00	282.55
16113600.0	0.00	0.00	0.00	289.85	3.60	21.00	0.61	101300.00	282.35
16117200.0	0.00	0.00	0.00	289.45	3.60	18.00	0.62	101300.00	282.25
16120800.0	0.00	0.00	0.00	288.85	3.30	13.00	0.64	101300.00	282.15
16124400.0	0.00	0.00	0.00	288.05	2.80	182.00	0.68	101300.00	282.15
16128000.0	0.00	0.00	0.00	287.25	2.30	338.00	0.72	101300.00	282.25
16131600.0	0.00	0.00	0.00	286.25	1.70	303.00	0.77	101300.00	282.45
16135200.0	0.00	0.00	0.00	285.35	1.10	261.00	0.84	101300.00	282.75
16138800.0	0.00	0.00	0.00	284.55	0.80	218.00	0.89	101400.00	282.85
16142400.0	0.00	0.00	0.00	283.95	0.80	189.00	0.92	101400.00	282.85
16146000.0	0.00	0.00	0.00	284.25	1.00	180.00	0.90	101500.00	282.75
16149600.0	90.00	46.00	36.00	285.95	1.30	188.00	0.82	101500.00	282.95
16153200.0	392.00	191.00	79.00	287.05	1.60	197.00	0.76	101600.00	282.95
16156800.0	614.00	352.00	91.00	290.55	1.80	236.00	0.58	101600.00	282.25
16160400.0	370.00	370.00	177.00	292.25	2.10	256.00	0.49	101500.00	281.35
16164000.0	669.00	505.00	124.00	293.25	2.50	264.00	0.44	101500.00	280.85
16167600.0	848.00	550.00	72.00	293.65	2.90	263.00	0.42	101400.00	280.35
16171200.0	829.00	487.00	68.00	293.55	3.10	257.00	0.41	101400.00	279.95
16174800.0	778.00	370.00	60.00	292.85	3.00	246.00	0.41	101400.00	279.35
16178400.0	664.00	213.00	46.00	290.65	2.20	231.00	0.45	101400.00	278.65
16182000.0	362.00	50.00	23.00	287.75	1.50	209.00	0.53	101500.00	278.45
16185600.0	0.00	0.00	0.00	285.85	1.50	187.00	0.57	101500.00	277.75
16189200.0	0.00	0.00	0.00	284.95	1.60	171.00	0.61	101600.00	277.65
16192800.0	0.00	0.00	0.00	284.05	1.60	160.00	0.67	101700.00	278.15
16196400.0	0.00	0.00	0.00	283.25	1.40	153.00	0.73	101700.00	278.65
16200000.0	0.00	0.00	0.00	282.55	1.30	148.00	0.78	101700.00	278.95
16203600.0	0.00	0.00	0.00	282.05	1.20	146.00	0.81	101700.00	279.15
16207200.0	0.00	0.00	0.00	281.75	1.10	147.00	0.83	101700.00	279.15
16210800.0	0.00	0.00	0.00	281.45	1.10	150.00	0.84	101700.00	279.05
16214400.0	0.00	0.00	0.00	281.15	1.10	154.00	0.86	101600.00	278.95
16218000.0	0.00	0.00	0.00	280.75	1.00	157.00	0.88	101600.00	278.95
16221600.0	0.00	0.00	0.00	280.45	1.00	160.00	0.90	101600.00	279.05
16225200.0	0.00	0.00	0.00	280.05	0.90	163.00	0.94	101700.00	279.25
16228800.0	0.00	0.00	0.00	279.75	0.90	163.00	0.97	101700.00	279.45
16232400.0	0.00	0.00	0.00	280.45	0.90	160.00	0.94	101800.00	279.65
16236000.0	450.00	84.00	32.00	282.65	1.20	163.00	0.81	101800.00	279.75
16239600.0	707.00	254.00	51.00	284.15	1.50	167.00	0.74	101800.00	279.75
16243200.0	825.00	409.00	57.00	288.65	1.90	198.00	0.53	101800.00	279.15
16246800.0	873.00	519.00	62.00	290.25	2.00	210.00	0.45	101700.00	278.25
16250400.0	894.00	573.00	63.00	291.15	2.20	217.00	0.40	101700.00	277.55
16254000.0	896.00	567.00	61.00	291.55	2.40	217.00	0.38	101600.00	277.15
16257600.0	872.00	500.00	58.00	291.45	2.70	213.00	0.38	101500.00	276.85
16261200.0	818.00	380.00	53.00	290.75	2.90	206.00	0.39	101500.00	276.85
16264800.0	704.00	220.00	42.00	288.65	2.30	199.00	0.45	101500.00	277.05
16268400.0	403.00	53.00	22.00	285.75	1.60	189.00	0.57	101500.00	277.65
16272000.0	0.00	0.00	0.00	284.05	1.60	176.00	0.66	101600.00	278.05
16275600.0	0.00	0.00	0.00	283.15	1.50	163.00	0.73	101600.00	278.55
16279200.0	0.00	0.00	0.00	282.35	1.40	152.00	0.79	101600.00	278.95
16282800.0	0.00	0.00	0.00	281.75	1.30	142.00	0.83	101600.00	279.15
16286400.0	0.00	0.00	0.00	281.25	1.20	129.00	0.86	101600.00	279.15
16290000.0	0.00	0.00	0.00	280.85	1.20	113.00	0.89	101500.00	279.15
16293600.0	0.00	0.00	0.00	280.45	1.20	99.00	0.91	101500.00	279.15
16297200.0	0.00	0.00	0.00	279.95	1.20	88.00	0.93	101400.00	278.95
16300800.0	0.00	0.00	0.00	279.65	1.20	79.00	0.94	101400.00	278.85
16304400.0	0.00	0.00	0.00	279.25	1.20	71.00	0.96	101400.00	278.75
16308000.0	0.00	0.00	0.00	278.85	1.20	65.00	0.98	101300.00	278.65
16311600.0	0.00	0.00	0.00	278.55	1.20	61.00	1.00	101300.00	278.65
16315200.0	0.00	0.00	0.00	278.25	1.30	57.00	1.00	101400.00	278.35
16318800.0	0.00	0.00	0.00	279.35	1.50	53.00	0.96	101400.00	278.75
16322400.0	486.00	85.00	29.00	282.15	2.20	47.00	0.79	101400.00	278.85
16326000.0	727.00	256.00	46.00	283.75	2.60	43.00	0.71	101300.00	278.85
16329600.0	823.00	409.00	57.00	288.85	1.60	155.00	0.48	101300.00	278.05
16333200.0	871.00	518.00	61.00	290.85	1.80	295.00	0.42	101200.00	277.75
16336800.0	890.00	573.00	64.00	291.85	2.30	284.00	0.38	101100.00	277.45
16340400.0	889.00	566.00	62.00	292.25	2.50	282.00	0.36	100900.00	277.05
16344000.0	865.00	500.00	60.00	292.25	2.50	284.00	0.35	100900.00	276.65
16347600.0	811.00	380.00	54.00	291.75	2.50	289.00	0.36	100800.00	276.35
16351200.0	697.00	221.00	44.00	289.45	1.70	296.00	0.41	100800.00	276.25
16354800.0	399.00	54.00	23.00	286.45	1.10	305.00	0.52	100800.00	276.95
16358400.0	0.00	0.00	0.00	284.85	1.20	319.00	0.55	100900.00	276.25
16362000.0	0.00	0.00	0.00	284.15	1.30	334.00	0.57	100900.00	276.05
16365600.0	0.00	0.00	0.00	283.45	1.50	346.00	0.59	100900.00	275.95
16369200.0	0.00	0.00	0.00	282.95	1.70	355.00	0.61	100900.00	275.85
16372800.0	0.00	0.00	0.00	282.75	2.00	179.00	0.61	100900.00	275.75
16376400.0	0.00	0.00	0.00	282.45	2.30	1.00	0.62	100800.00	275.65
16380000.0	0.00	0.00	0.00	282.25	2.70	180.00	0.62	100800.00	275.45
16383600.0	0.00	0.00	0.00	282.05	3.20	357.00	0.62	100700.00	275.25
16387200.0	0.00	0.00	0.00	281.55	3.50	352.00	0.64	100700.00	275.15
16390800.0	0.00	0.00	0.00	280.75	3.50	349.00	0.67	100600.00	275.05
16394400.0	0.00	0.00	0.00	279.95	3.40	348.00	0.70	100600.00	274.95
16398000.0	0.00	0.00	0.00	279.25	3.30	348.00	0.73	100600.00	274.85
16401600.0	0.00	0.00	0.00	278.55	3.10	348.00	0.76	100600.00	274.75
16405200.0	0.00	0.00	0.00	278.85	3.40	350.00	0.73	100600.00	274.55
16408800.0	492.00	87.00	30.00	280.75	3.80	351.00	0.64	100600.00	274.45
16412400.0	731.00	259.00	48.00	282.15	3.90	352.00	0.57	100600.00	274.15
16416000.0	829.00	413.00	57.00	288.25	4.60	326.00	0.37	100600.00	273.85
16419600.0	871.00	523.00	65.00	291.65	5.80	305.00	0.28	100500.00	272.75
16423200.0	879.00	575.00	71.00	293.35	6.80	297.00	0.25	100400.00	272.75
16426800.0	865.00	566.00	74.00	293.95	7.50	295.00	0.24	100300.00	272.75
16430400.0	823.00	497.00	77.00	293.95	7.80	292.00	0.24	100200.00	272.55
16434000.0	741.00	372.00	73.00	293.25	7.80	286.00	0.25	100200.00	272.65
16437600.0	594.00	210.00	58.00	291.65	7.10	281.00	0.30	100200.00	273.65
16441200.0	247.00	48.00	28.00	289.85	6.30	277.00	0.40	100300.00	276.15
16444800.0	0.00	0.00	0.00	288.75	6.00	274.00	0.50	100400.00	278.55
16448400.0	0.00	0.00	0.00	287.85	5.80	271.00	0.61	100500.00	280.55
16452000.0	0.00	0.00	0.00	286.75	5.60	270.00	0.72	100500.00	281.95
16455600.0	0.00	0.00	0.00	285.75	5.20	270.00	0.82	100500.00	282.85
16459200.0	0.00	0.00	0.00	285.15	4.80	270.00	0.88	100600.00	283.35
16462800.0	0.00	0.00	0.00	284.65	4.60	267.00	0.92	100600.00	283.55
16466400.0	0.00	0.00	0.00	284.45	4.40	264.00	0.93	100600.00	283.55
16470000.0	0.00	0.00	0.00	284.15	4.20	265.00	0.95	100600.00	283.45
16473600.0	0.00	0.00	0.00	283.85	4.00	266.00	0.96	100600.00	283.35
16477200.0	0.00	0.00	0.00	283.55	3.90	266.00	0.97	100600.00	283.15
16480800.0	0.00	0.00	0.00	283.25	3.70	268.00	0.97	100600.00	282.95
16484400.0	0.00	0.00	0.00	283.15	3.70	268.00	0.97	100700.00	282.75
16488000.0	0.00	0.00	0.00	283.15	3.90	267.00	0.96	100800.00	282.65
16491600.0	0.00	0.00	0.00	283.35	3.90	266.00	0.94	100900.00	282.55
16495200.0	289.00	75.00	41.00	284.45	4.10	267.00	0.89	100900.00	282.75
16498800.0	573.00	237.00	71.00	285.25	4.20	267.00	0.89	101000.00	283.55
16502400.0	633.00	365.00	92.00	288.35	5.40	257.00	0.74	101000.00	283.85
16506000.0	485.00	383.00	127.00	290.25	5.80	252.00	0.62	101000.00	282.95
16509600.0	138.00	227.00	148.00	291.45	5.70	250.00	0.54	100900.00	281.95
16513200.0	693.00	509.00	114.00	292.15	5.50	250.00	0.50	100800.00	281.55
16516800.0	25.00	189.00	176.00	292.35	5.20	253.00	0.48	100800.00	281.15
16520400.0	157.00	196.00	132.00	291.85	4.80	256.00	0.48	100800.00	280.75
16524000.0	272.00	141.00	71.00	290.75	4.00	257.00	0.51	100800.00	280.55
16527600.0	266.00	48.00	26.00	289.15	3.20	259.00	0.56	100900.00	280.45
16531200.0	0.00	0.00	0.00	288.25	3.40	261.00	0.59	100900.00	280.45
16534800.0	0.00	0.00	0.00	287.75	3.80	264.00	0.62	101000.00	280.55
16538400.0	0.00	0.00	0.00	286.95	3.90	267.00	0.66	101000.00	280.85
16542000.0	0.00	0.00	0.00	286.05	3.90	271.00	0.72	101100.00	281.15
16545600.0	0.00	0.00	0.00	285.35	3.80	274.00	0.77	101100.00	281.55
16549200.0	0.00	0.00	0.00	284.45	3.70	277.00	0.85	101000.00	282.05
16552800.0	0.00	0.00	0.00	283.85	3.70	279.00	0.91	101000.00	282.55
16556400.0	0.00	0.00	0.00	283.55	3.80	280.00	0.96	101000.00	282.95
16560000.0	0.00	0.00	0.00	283.35	3.80	281.00	0.97	100900.00	283.05
16563600.0	0.00	0.00	0.00	283.35	3.80	282.00	0.97	100900.00	282.95
16567200.0	0.00	0.00	0.00	283.25	3.70	283.00	0.97	100900.00	282.85
16570800.0	0.00	0.00	0.00	283.05	3.70	281.00	0.97	100900.00	282.75
16574400.0	0.00	0.00	0.00	282.85	3.70	280.00	0.98	100900.00	282.65
16578000.0	0.00	0.00	0.00	283.15	3.80	283.00	0.94	100900.00	282.35
16581600.0	324.00	79.00	41.00	284.25	4.10	282.00	0.87	100900.00	282.25
16585200.0	617.00	247.00	67.00	284.95	4.40	280.00	0.84	100900.00	282.45
16588800.0	729.00	399.00	84.00	288.35	6.20	266.00	0.63	100900.00	281.45
16592400.0	373.00	376.00	179.00	289.75	6.70	263.00	0.51	100800.00	279.65
16596000.0	57.00	255.00	222.00	290.55	6.90	262.00	0.45	100800.00	278.65
16599600.0	0.00	98.00	98.00	290.95	7.00	260.00	0.43	100700.00	278.35
16603200.0	78.00	236.00	196.00	290.35	6.90	258.00	0.47	100700.00	278.95
16606800.0	62.00	138.00	113.00	289.25	6.30	255.00	0.54	100700.00	280.05
16610400.0	103.00	103.00	76.00	287.95	5.40	253.00	0.64	100700.00	281.25
16614000.0	61.00	30.00	25.00	286.95	4.90	251.00	0.71	100800.00	281.95
16617600.0	0.00	0.00	0.00	286.05	4.70	249.00	0.75	100900.00	281.85
16621200.0	0.00	0.00	0.00	285.15	4.50	248.00	0.77	100900.00	281.35
16624800.0	0.00	0.00	0.00	284.45	4.60	246.00	0.78	101000.00	280.85
16628400.0	0.00	0.00	0.00	283.95	4.90	241.00	0.80	101000.00	280.85
16632000.0	0.00	0.00	0.00	283.65	4.90	234.00	0.84	101000.00	281.15
16635600.0	0.00	0.00	0.00	282.95	4.70	228.00	0.89	101100.00	281.35
16639200.0	0.00	0.00	0.00	282.25	4.60	224.00	0.90	101100.00	280.75
16642800.0	0.00	0.00	0.00	281.45	4.20	222.00	0.90	101200.00	279.95
16646400.0	0.00	0.00	0.00	280.65	3.70	221.00	0.89	101200.00	279.15
16650000.0	0.00	0.00	0.00	279.95	3.20	222.00	0.90	101200.00	278.55
16653600.0	0.00	0.00	0.00	279.35	2.90	223.00	0.92	101300.00	278.25
16657200.0	0.00	0.00	0.00	279.05	2.80	225.00	0.92	101400.00	278.05
16660800.0	0.00	0.00	0.00	278.85	2.80	227.00	0.93	101500.00	277.85
16664400.0	0.00	0.00	0.00	279.35	3.10	229.00	0.90	101600.00	277.85
16668000.0	271.00	78.00	45.00	280.85	3.60	231.00	0.82	101700.00	278.15
16671600.0	509.00	232.00	83.00	281.75	3.80	230.00	0.80	101700.00	278.55
16675200.0	611.00	365.00	100.00	285.05	5.30	213.00	0.62	101800.00	278.15
16678800.0	108.00	262.00	205.00	286.15	5.40	209.00	0.54	101800.00	277.05
16682400.0	55.00	219.00	187.00	286.95	5.40	208.00	0.48	101700.00	276.25
16686000.0	253.00	376.00	231.00	287.45	5.30	208.00	0.46	101700.00	275.95
16689600.0	249.00	295.00	166.00	287.35	5.10	208.00	0.46	101700.00	275.95
16693200.0	98.00	178.00	138.00	286.85	4.80	208.00	0.47	101800.00	275.85
16696800.0	556.00	203.00	57.00	285.45	3.80	207.00	0.52	101900.00	275.95
16700400.0	299.00	53.00	28.00	283.15	2.40	205.00	0.62	101900.00	276.35
16704000.0	0.00	0.00	0.00	281.45	1.80	201.00	0.73	102000.00	276.95
16707600.0	0.00	0.00	0.00	280.75	1.70	197.00	0.79	102000.00	277.45
16711200.0	0.00	0.00	0.00	280.15	1.70	196.00	0.85	102000.00	277.85
16714800.0	0.00	0.00	0.00	279.65	1.70	195.00	0.91	102000.00	278.35
16718400.0	0.00	0.00	0.00	279.15	1.60	195.00	0.97	102000.00	278.75
16722000.0	0.00	0.00	0.00	278.85	1.50	196.00	1.00	102000.00	278.95
16725600.0	0.00	0.00	0.00	278.95	1.40	199.00	1.00	102000.00	279.05
16729200.0	0.00	0.00	0.00	279.15	1.30	204.00	1.00	102000.00	279.25
16732800.0	0.00	0.00	0.00	279.35	1.10	209.00	1.00	102000.00	279.45
16736400.0	0.00	0.00	0.00	279.55	1.10	215.00	1.00	102000.00	279.65
16740000.0	0.00	0.00	0.00	279.75	1.10	219.00	1.00	102000.00	279.85
16743600.0	0.00	0.00	0.00	279.85	1.10	222.00	0.99	102100.00	279.85
16747200.0	0.00	0.00	0.00	279.95	1.00	231.00	0.98	102100.00	279.75
16750800.0	0.00	0.00	0.00	280.45	1.40	246.00	0.94	102200.00	279.65
16754400.0	184.00	55.00	33.00	281.55	2.00	258.00	0.87	102200.00	279.65
16758000.0	220.00	148.00	83.00	282.25	2.20	261.00	0.83	102200.00	279.65
16761600.0	94.00	216.00	175.00	285.45	3.00	249.00	0.65	102200.00	279.05
16765200.0	446.00	399.00	161.00	286.55	3.40	247.00	0.59	102200.00	278.75
16768800.0	76.00	288.00	244.00	287.25	3.80	242.00	0.55	102100.00	278.55
16772400.0	107.00	307.00	245.00	287.55	4.20	234.00	0.55	102000.00	278.55
16776000.0	674.00	456.00	106.00	287.45	4.50	225.00	0.56	102000.00	278.85
16779600.0	552.00	318.00	90.00	286.75	4.40	220.00	0.60	101900.00	279.25
16783200.0	661.00	227.00	52.00	285.85	3.60	221.00	0.66	101900.00	279.75
16786800.0	244.00	47.00	26.00	284.45	2.60	222.00	0.75	101900.00	280.25
16790400.0	0.00	0.00	0.00	283.45	2.50	220.00	0.82	102000.00	280.55
16794000.0	0.00	0.00	0.00	283.35	3.00	217.00	0.84	102000.00	280.85
16797600.0	0.00	0.00	0.00	283.35	3.20	217.00	0.85	102000.00	281.05
16801200.0	0.00	0.00	0.00	283.25	3.30	220.00	0.87	102000.00	281.25
16804800.0	0.00	0.00	0.00	282.95	3.20	223.00	0.89	102000.00	281.25
16808400.0	0.00	0.00	0.00	282.25	3.00	223.00	0.92	101900.00	281.15
16812000.0	0.00	0.00	0.00	281.45	2.60	223.00	0.97	101900.00	281.05
16815600.0	0.00	0.00	0.00	281.15	2.60	222.00	0.98	101900.00	280.95
16819200.0	0.00	0.00	0.00	281.35	2.80	220.00	0.97	101800.00	281.05
16822800.0	0.00	0.00	0.00	281.35	2.90	217.00	0.97	101800.00	281.05
16826400.0	0.00	0.00	0.00	281.25	2.80	211.00	0.98	101800.00	281.05
16830000.0	0.00	0.00	0.00	280.95	2.50	204.00	0.99	101800.00	280.95
16833600.0	0.00	0.00	0.00	280.95	2.30	198.00	0.98	101900.00	280.85
16837200.0	0.00	0.00	0.00	281.35	2.20	195.00	0.94	101900.00	280.55
16840800.0	399.00	85.00	36.00	282.75	2.70	197.00	0.88	102000.00	280.85
16844400.0	492.00	213.00	67.00	283.65	3.00	198.00	0.85	102000.00	281.35
16848000.0	54.00	176.00	152.00	287.25	3.80	195.00	0.65	102000.00	280.95
16851600.0	142.00	247.00	171.00	288.95	3.80	198.00	0.56	102000.00	280.35
16855200.0	68.00	281.00	241.00	290.15	3.80	202.00	0.51	101900.00	280.05
16858800.0	10.00	186.00	180.00	290.65	3.90	203.00	0.49	101800.00	279.85
16862400.0	152.00	276.00	197.00	290.65	4.00	201.00	0.49	101800.00	279.75
16866000.0	694.00	366.00	78.00	290.05	3.90	196.00	0.50	101800.00	279.75
16869600.0	671.00	228.00	49.00	288.25	3.00	193.00	0.56	101800.00	279.65
16873200.0	372.00	60.00	27.00	285.45	2.00	190.00	0.69	101800.00	279.95
16876800.0	0.00	0.00	0.00	283.65	1.70	186.00	0.78	101800.00	280.15
16880400.0	0.00	0.00	0.00	282.85	1.70	181.00	0.85	101800.00	280.55
16884000.0	0.00	0.00	0.00	282.15	1.70	177.00	0.92	101900.00	281.05
16887600.0	0.00	0.00	0.00	281.45	1.60	175.00	0.99	101900.00	281.45
16891200.0	0.00	0.00	0.00	281.05	1.50	172.00	1.00	101800.00	281.15
16894800.0	0.00	0.00	0.00	280.85	1.40	168.00	1.00	101800.00	280.95
16898400.0	0.00	0.00	0.00	280.75	1.30	164.00	1.00	101800.00	280.85
16902000.0	0.00	0.00	0.00	280.75	1.20	162.00	1.00	101800.00	280.85
16905600.0	0.00	0.00	0.00	280.75	1.30	162.00	1.00	101800.00	280.85
16909200.0	0.00	0.00	0.00	280.95	1.30	165.00	1.00	101700.00	281.05
16912800.0	0.00	0.00	0.00	281.25	1.30	170.00	1.00	101800.00	281.35
16916400.0	0.00	0.00	0.00	281.55	1.20	172.00	1.00	101800.00	281.55
16920000.0	0.00	0.00	0.00	281.85	1.00	169.00	0.98	101800.00	281.75
16923600.0	0.00	0.00	0.00	282.45	1.00	157.00	0.96	101900.00	281.85
16927200.0	416.00	87.00	36.00	284.05	1.30	137.00	0.87	101900.00	282.05
16930800.0	674.00	257.00	56.00	285.05	1.60	127.00	0.81	101900.00	282.05
16934400.0	788.00	411.00	65.00	287.65	1.50	92.00	0.67	101900.00	281.75
16938000.0	842.00	523.00	71.00	289.35	1.30	75.00	0.60	101800.00	281.55
16941600.0	743.00	537.00	102.00	290.85	0.80	61.00	0.54	101700.00	281.45
16945200.0	537.00	471.00	159.00	291.85	0.50	148.00	0.50	101600.00	281.35
16948800.0	492.00	396.00	139.00	292.15	0.80	237.00	0.49	101600.00	281.25
16952400.0	561.00	330.00	96.00	291.75	1.40	231.00	0.49	101600.00	281.05
16956000.0	677.00	231.00	49.00	289.85	1.30	223.00	0.55	101500.00	280.85
16959600.0	389.00	62.00	27.00	286.95	1.10	209.00	0.68	101600.00	281.25
16963200.0	0.00	0.00	0.00	284.95	1.20	193.00	0.75	101600.00	280.85
16966800.0	0.00	0.00	0.00	283.95	1.20	178.00	0.81	101600.00	280.95
16970400.0	0.00	0.00	0.00	283.15	1.20	167.00	0.87	101700.00	281.25
16974000.0	0.00	0.00	0.00	282.55	1.10	156.00	0.92	101600.00	281.35
16977600.0	0.00	0.00	0.00	282.45	1.10	147.00	0.93	101600.00	281.45
16981200.0	0.00	0.00	0.00	282.55	0.90	140.00	0.92	101600.00	281.45
16984800.0	0.00	0.00	0.00	282.75	0.70	135.00	0.91	101500.00	281.35
16988400.0	0.00	0.00	0.00	282.75	0.50	142.00	0.90	101500.00	281.35
16992000.0	0.00	0.00	0.00	282.45	0.50	172.00	0.92	101400.00	281.25
16995600.0	0.00	0.00	0.00	281.85	0.60	203.00	0.96	101400.00	281.25
16999200.0	0.00	0.00	0.00	281.05	0.80	215.00	1.00	101400.00	281.15
17002800.0	0.00	0.00	0.00	280.35	1.00	216.00	1.00	101400.00	280.45
17006400.0	0.00	0.00	0.00	280.05	1.10	214.00	1.00	101400.00	280.15
17010000.0	0.00	0.00	0.00	280.65	1.20	214.00	1.00	101500.00	280.75
17013600.0	459.00	92.00	35.00	282.25	1.50	220.00	0.90	101500.00	280.85
17017200.0	417.00	196.00	71.00	283.25	1.90	224.00	0.85	101500.00	280.95
17020800.0	694.00	390.00	84.00	286.85	3.30	240.00	0.67	101500.00	281.05
17024400.0	94.00	269.00	218.00	288.35	3.80	245.00	0.59	101500.00	280.55
17028000.0	347.00	387.00	183.00	289.25	4.20	245.00	0.54	101400.00	279.95
17031600.0	358.00	384.00	175.00	289.75	4.30	242.00	0.49	101300.00	279.25
17035200.0	375.00	360.00	163.00	289.95	4.10	237.00	0.47	101300.00	278.55
17038800.0	578.00	335.00	93.00	289.65	3.80	230.00	0.46	101200.00	278.05
17042400.0	702.00	238.00	48.00	287.85	2.60	222.00	0.51	101200.00	277.85
17046000.0	414.00	65.00	27.00	285.05	1.40	208.00	0.62	101200.00	278.15
17049600.0	0.00	0.00	0.00	283.45	1.10	190.00	0.69	101200.00	278.15
17053200.0	0.00	0.00	0.00	283.05	1.10	174.00	0.72	101300.00	278.35
17056800.0	0.00	0.00	0.00	282.75	1.10	162.00	0.75	101300.00	278.55
17060400.0	0.00	0.00	0.00	282.45	1.00	149.00	0.77	101300.00	278.75
17064000.0	0.00	0.00	0.00	282.25	0.80	129.00	0.79	101300.00	278.85
17067600.0	0.00	0.00	0.00	281.95	0.60	92.00	0.81	101300.00	278.95
17071200.0	0.00	0.00	0.00	281.55	0.60	47.00	0.84	101200.00	279.05
17074800.0	0.00	0.00	0.00	281.05	0.60	14.00	0.87	101200.00	279.05
17078400.0	0.00	0.00	0.00	280.35	0.70	177.00	0.91	101200.00	279.15
17082000.0	0.00	0.00	0.00	279.85	0.80	350.00	0.95	101200.00	279.15
17085600.0	0.00	0.00	0.00	279.45	0.90	352.00	0.97	101100.00	279.15
17089200.0	0.00	0.00	0.00	279.05	0.90	179.00	1.00	101100.00	279.15
17092800.0	0.00	0.00	0.00	278.45	1.00	9.00	1.00	101200.00	278.55
17096400.0	0.00	0.00	0.00	278.95	1.10	16.00	1.00	101200.00	278.95
17100000.0	487.00	94.00	32.00	281.25	1.70	16.00	0.84	101200.00	278.85
17103600.0	728.00	270.00	51.00	282.75	2.20	14.00	0.76	101200.00	278.85
17107200.0	828.00	427.00	60.00	287.35	2.90	316.00	0.57	101200.00	278.95
17110800.0	877.00	541.00	66.00	289.05	3.50	300.00	0.49	101100.00	278.45
17114400.0	898.00	599.00	69.00	290.15	3.70	292.00	0.44	101000.00	277.85
17118000.0	895.00	593.00	69.00	290.75	3.80	287.00	0.41	101000.00	277.35
17121600.0	871.00	526.00	66.00	290.85	3.70	283.00	0.39	100900.00	276.85
17125200.0	818.00	405.00	60.00	290.45	3.30	281.00	0.39	100900.00	276.35
17128800.0	708.00	242.00	49.00	288.35	2.10	282.00	0.43	100900.00	275.85
17132400.0	424.00	67.00	27.00	285.45	1.20	290.00	0.54	101000.00	276.45
17136000.0	0.00	0.00	0.00	284.05	1.20	301.00	0.56	101000.00	275.55
17139600.0	0.00	0.00	0.00	283.55	1.30	308.00	0.56	101000.00	275.25
17143200.0	0.00	0.00	0.00	283.05	1.30	311.00	0.56	101100.00	274.85
17146800.0	0.00	0.00	0.00	282.65	1.30	314.00	0.57	101100.00	274.55
17150400.0	0.00	0.00	0.00	282.25	1.30	318.00	0.57	101100.00	274.25
17154000.0	0.00	0.00	0.00	282.05	1.20	322.00	0.57	101100.00	274.05
17157600.0	0.00	0.00	0.00	281.75	1.10	330.00	0.57	101100.00	273.85
17161200.0	0.00	0.00	0.00	281.45	1.10	342.00	0.58	101100.00	273.75
17164800.0	0.00	0.00	0.00	280.95	1.10	176.00	0.59	101000.00	273.65
17168400.0	0.00	0.00	0.00	280.15	1.20	8.00	0.62	101000.00	273.55
17172000.0	0.00	0.00	0.00	279.25	1.30	16.00	0.66	101000.00	273.45
17175600.0	0.00	0.00	0.00	278.35	1.40	21.00	0.70	101000.00	273.35
17179200.0	0.00	0.00	0.00	277.55	1.40	23.00	0.73	101000.00	273.25
17182800.0	0.00	0.00	0.00	278.45	1.50	22.00	0.68	101100.00	273.25
17186400.0	513.00	98.00	32.00	281.85	2.30	21.00	0.55	101100.00	273.45
17190000.0	749.00	278.00	51.00	284.05	3.10	20.00	0.48	101100.00	273.55
17193600.0	848.00	438.00	61.00	289.25	3.30	178.00	0.34	101100.00	273.45
17197200.0	894.00	552.00	66.00	291.75	3.60	347.00	0.27	101000.00	272.75
17200800.0	913.00	610.00	69.00	293.05	3.80	342.00	0.24	100900.00	272.15
17204400.0	912.00	604.00	68.00	293.65	4.10	340.00	0.23	100900.00	271.75
17208000.0	885.00	535.00	66.00	293.75	4.20	339.00	0.23	100800.00	271.65
17211600.0	824.00	410.00	61.00	293.15	3.90	338.00	0.24	100800.00	271.85
17215200.0	697.00	244.00	52.00	290.45	2.70	339.00	0.29	100800.00	272.35
17218800.0	377.00	67.00	31.00	286.85	1.80	341.00	0.42	100800.00	274.15
17222400.0	0.00	0.00	0.00	285.15	1.90	346.00	0.46	100900.00	274.05
17226000.0	0.00	0.00	0.00	284.65	2.10	351.00	0.48	100900.00	274.15
17229600.0	0.00	0.00	0.00	284.15	2.30	354.00	0.51	100900.00	274.35
17233200.0	0.00	0.00	0.00	283.65	2.50	179.00	0.53	100900.00	274.65
17236800.0	0.00	0.00	0.00	283.15	2.60	5.00	0.56	100900.00	274.75
17240400.0	0.00	0.00	0.00	282.75	2.90	10.00	0.57	100900.00	274.85
17244000.0	0.00	0.00	0.00	282.45	3.20	13.00	0.58	100800.00	274.55
17247600.0	0.00	0.00	0.00	282.15	3.50	15.00	0.57	100800.00	274.15
17251200.0	0.00	0.00	0.00	281.75	3.70	16.00	0.55	100700.00	273.35
17254800.0	0.00	0.00	0.00	281.45	3.90	17.00	0.53	100600.00	272.45
17258400.0	0.00	0.00	0.00	281.25	4.00	18.00	0.51	100600.00	271.65
17262000.0	0.00	0.00	0.00	281.05	4.00	17.00	0.50	100600.00	271.25
17265600.0	0.00	0.00	0.00	280.85	4.00	17.00	0.49	100600.00	270.95
17269200.0	0.00	0.00	0.00	281.55	4.40	17.00	0.47	100600.00	270.95
17272800.0	487.00	97.00	34.00	283.75	4.80	16.00	0.41	100600.00	271.05
17276400.0	729.00	275.00	53.00	285.15	4.90	15.00	0.38	100600.00	271.45
17280000.0	838.00	436.00	61.00	290.15	6.80	357.00	0.28	100600.00	271.65
17283600.0	883.00	549.00	67.00	292.25	7.20	354.00	0.24	100400.00	271.45
17287200.0	897.00	605.00	71.00	293.55	7.40	352.00	0.22	100300.00	271.45
17290800.0	887.00	599.00	75.00	294.25	7.50	351.00	0.21	100200.00	271.35
17294400.0	852.00	529.00	75.00	294.45	7.60	350.00	0.21	100100.00	271.05
17298000.0	792.00	407.00	69.00	293.95	7.40	349.00	0.21	100000.00	270.75
17301600.0	680.00	244.00	55.00	292.55	6.60	350.00	0.22	100000.00	270.65
17305200.0	362.00	67.00	31.00	290.35	5.80	355.00	0.26	100000.00	270.75
17308800.0	0.00	0.00	0.00	288.75	5.70	181.00	0.29	100000.00	270.75
17312400.0	0.00	0.00	0.00	287.95	6.00	5.00	0.30	100000.00	270.45
17316000.0	0.00	0.00	0.00	287.25	5.80	5.00	0.31	100000.00	270.25
17319600.0	0.00	0.00	0.00	286.15	4.80	177.00	0.33	100100.00	270.25
17323200.0	0.00	0.00	0.00	284.85	3.40	343.00	0.36	100100.00	270.45
17326800.0	0.00	0.00	0.00	283.75	2.60	331.00	0.41	100200.00	271.05
17330400.0	0.00	0.00	0.00	283.15	2.00	319.00	0.46	100200.00	272.15
17334000.0	0.00	0.00	0.00	282.85	1.70	296.00	0.54	100200.00	273.95
17337600.0	0.00	0.00	0.00	282.95	1.70	269.00	0.65	100200.00	276.75
17341200.0	0.00	0.00	0.00	282.95	1.80	250.00	0.79	100300.00	279.55
17344800.0	0.00	0.00	0.00	282.55	2.00	236.00	0.92	100300.00	281.45
17348400.0	0.00	0.00	0.00	281.85	2.00	226.00	1.00	100400.00	281.95
17352000.0	0.00	0.00	0.00	281.15	1.80	223.00	1.00	100500.00	281.25
17355600.0	0.00	0.00	0.00	281.75	2.20	222.00	0.98	100600.00	281.55
17359200.0	377.00	93.00	43.00	283.85	3.10	221.00	0.81	100600.00	280.75
17362800.0	666.00	270.00	65.00	285.15	3.40	221.00	0.66	100600.00	279.15
17366400.0	814.00	435.00	69.00	288.05	3.50	230.00	0.50	100600.00	277.75
17370000.0	874.00	551.00	72.00	289.45	3.30	237.00	0.42	100600.00	276.55
17373600.0	624.00	521.00	148.00	290.55	3.20	241.00	0.35	100500.00	275.25
17377200.0	896.00	602.00	71.00	291.25	3.10	243.00	0.31	100400.00	273.85
17380800.0	716.00	488.00	105.00	291.45	2.90	243.00	0.29	100400.00	273.05
17384400.0	810.00	410.00	63.00	291.15	2.60	241.00	0.29	100400.00	272.95
17388000.0	687.00	245.00	53.00	289.45	1.70	237.00	0.33	100400.00	273.25
17391600.0	388.00	70.00	31.00	287.55	0.80	228.00	0.42	100400.00	274.95
17395200.0	0.00	0.00	0.00	287.05	0.50	242.00	0.41	100500.00	274.25
17398800.0	0.00	0.00	0.00	286.55	0.50	303.00	0.43	100600.00	274.35
17402400.0	0.00	0.00	0.00	285.55	0.80	347.00	0.46	100600.00	274.35
17406000.0	0.00	0.00	0.00	284.25	1.00	352.00	0.50	100600.00	274.25
17409600.0	0.00	0.00	0.00	282.95	1.20	354.00	0.54	100600.00	274.25
17413200.0	0.00	0.00	0.00	281.75	1.30	353.00	0.58	100500.00	274.15
17416800.0	0.00	0.00	0.00	280.85	1.40	350.00	0.62	100500.00	274.05
17420400.0	0.00	0.00	0.00	280.35	1.50	348.00	0.64	100500.00	274.15
17424000.0	0.00	0.00	0.00	279.85	1.60	347.00	0.67	100500.00	274.25
17427600.0	0.00	0.00	0.00	279.45	1.70	347.00	0.70	100500.00	274.45
17431200.0	0.00	0.00	0.00	279.15	1.80	351.00	0.72	100500.00	274.55
17434800.0	0.00	0.00	0.00	278.95	2.00	355.00	0.73	100500.00	274.55
17438400.0	0.00	0.00	0.00	278.95	2.40	179.00	0.72	100500.00	274.35
17442000.0	0.00	0.00	0.00	280.05	3.40	2.00	0.66	100500.00	274.25
17445600.0	543.00	103.00	30.00	282.45	4.30	3.00	0.56	100600.00	274.15
17449200.0	765.00	282.00	45.00	283.75	4.40	4.00	0.51	100600.00	274.25
17452800.0	855.00	441.00	55.00	289.35	6.20	336.00	0.36	100500.00	274.25
17456400.0	894.00	555.00	62.00	291.65	7.00	325.00	0.29	100500.00	273.45
17460000.0	901.00	611.00	70.00	292.75	7.30	319.00	0.26	100400.00	272.55
17463600.0	883.00	603.00	77.00	293.45	7.40	314.00	0.23	100300.00	271.95
17467200.0	838.00	532.00	81.00	293.65	7.30	311.00	0.22	100200.00	271.55
17470800.0	760.00	405.00	77.00	293.35	6.90	309.00	0.23	100200.00	271.35
17474400.0	621.00	239.00	64.00	291.95	5.60	309.00	0.25	100200.00	271.65
17478000.0	297.00	66.00	35.00	289.55	4.30	311.00	0.30	100300.00	272.15
17481600.0	0.00	0.00	0.00	287.85	3.90	311.00	0.35	100300.00	272.65
17485200.0	0.00	0.00	0.00	286.95	3.70	302.00	0.38	100400.00	273.05
17488800.0	0.00	0.00	0.00	285.75	3.10	285.00	0.44	100400.00	274.05
17492400.0	0.00	0.00	0.00	284.55	2.40	268.00	0.55	100500.00	275.95
17496000.0	0.00	0.00	0.00	283.85	2.20	260.00	0.69	100600.00	278.45
17499600.0	0.00	0.00	0.00	283.45	2.30	259.00	0.84	100600.00	280.95
17503200.0	0.00	0.00	0.00	283.25	2.50	260.00	0.94	100600.00	282.35
17506800.0	0.00	0.00	0.00	282.85	2.20	264.00	0.99	100600.00	282.85
17510400.0	0.00	0.00	0.00	282.25	1.90	272.00	1.00	100600.00	282.35
17514000.0	0.00	0.00	0.00	281.75	1.80	281.00	1.00	100600.00	281.85
17517600.0	0.00	0.00	0.00	281.55	2.00	288.00	1.00	100600.00	281.65
17521200.0	0.00	0.00	0.00	281.55	2.30	293.00	1.00	100700.00	281.65
17524800.0	0.00	0.00	0.00	281.55	2.60	296.00	1.00	100800.00	281.65
17528400.0	0.00	0.00	0.00	282.05	3.10	301.00	0.97	100800.00	281.65
17532000.0	303.00	89.00	48.00	283.55	3.60	302.00	0.88	100900.00	281.85
17535600.0	580.00	260.00	79.00	284.35	3.80	300.00	0.86	100900.00	282.25
17539200.0	722.00	413.00	85.00	288.25	5.10	282.00	0.63	100900.00	281.35
17542800.0	347.00	384.00	192.00	289.95	5.60	279.00	0.50	100900.00	279.65
17546400.0	365.00	432.00	212.00	290.85	5.90	277.00	0.46	100900.00	279.05
17550000.0	823.00	583.00	90.00	291.45	6.10	274.00	0.43	100900.00	278.95
17553600.0	791.00	515.00	87.00	291.75	6.10	273.00	0.43	100900.00	278.95
17557200.0	730.00	396.00	79.00	291.55	5.80	272.00	0.44	100900.00	279.05
17560800.0	552.00	224.00	67.00	290.45	4.70	269.00	0.47	100900.00	279.15
17564400.0	285.00	66.00	36.00	288.45	3.40	267.00	0.54	100900.00	279.35
17568000.0	0.00	0.00	0.00	286.85	2.80	263.00	0.61	101000.00	279.55
17571600.0	0.00	0.00	0.00	285.75	2.50	258.00	0.66	101100.00	279.75
17575200.0	0.00	0.00	0.00	284.65	2.00	254.00	0.73	101200.00	279.95
17578800.0	0.00	0.00	0.00	283.95	2.00	254.00	0.78	101200.00	280.35
17582400.0	0.00	0.00	0.00	283.65	2.20	255.00	0.82	101300.00	280.85
17586000.0	0.00	0.00	0.00	283.25	2.20	257.00	0.88	101300.00	281.45
17589600.0	0.00	0.00	0.00	283.05	2.20	257.00	0.93	101300.00	282.05
17593200.0	0.00	0.00	0.00	283.15	2.30	257.00	0.95	101300.00	282.45
17596800.0	0.00	0.00	0.00	283.15	2.30	258.00	0.97	101400.00	282.85
17600400.0	0.00	0.00	0.00	283.15	2.20	256.00	0.98	101300.00	282.95
17604000.0	0.00	0.00	0.00	283.15	2.00	253.00	0.99	101400.00	283.05
17607600.0	0.00	0.00	0.00	282.95	1.60	251.00	1.00	101400.00	283.05
17611200.0	0.00	0.00	0.00	282.65	1.30	250.00	1.00	101400.00	282.75
17614800.0	0.00	0.00	0.00	283.15	1.40	251.00	0.98	101500.00	282.95
17618400.0	458.00	99.00	36.00	285.05	2.00	247.00	0.88	101600.00	283.15
17622000.0	696.00	274.00	55.00	286.15	2.30	242.00	0.82	101600.00	283.15
17625600.0	794.00	430.00	67.00	289.15	2.50	241.00	0.64	101600.00	282.55
17629200.0	847.00	543.00	72.00	290.55	2.50	246.00	0.57	101600.00	281.95
17632800.0	292.00	408.00	231.00	291.85	2.40	250.00	0.50	101500.00	281.45
17636400.0	296.00	380.00	202.00	292.55	2.30	251.00	0.47	101400.00	280.95
17640000.0	187.00	280.00	178.00	292.85	2.30	250.00	0.45	101400.00	280.55
17643600.0	557.00	340.00	97.00	292.55	2.10	248.00	0.45	101400.00	280.25
17647200.0	693.00	248.00	49.00	290.95	1.50	242.00	0.49	101400.00	280.15
17650800.0	427.00	75.00	29.00	288.75	0.90	223.00	0.57	101400.00	280.35
17654400.0	0.00	0.00	0.00	287.55	0.90	184.00	0.61	101500.00	280.15
17658000.0	0.00	0.00	0.00	286.85	0.90	139.00	0.64	101500.00	280.15
17661600.0	0.00	0.00	0.00	285.95	0.90	100.00	0.68	101500.00	280.25
17665200.0	0.00	0.00	0.00	284.95	1.00	73.00	0.73	101500.00	280.35
17668800.0	0.00	0.00	0.00	284.15	1.10	55.00	0.77	101500.00	280.25
17672400.0	0.00	0.00	0.00	283.35	1.20	44.00	0.80	101400.00	280.25
17676000.0	0.00	0.00	0.00	282.75	1.30	38.00	0.83	101400.00	280.15
17679600.0	0.00	0.00	0.00	282.25	1.40	35.00	0.86	101400.00	280.05
17683200.0	0.00	0.00	0.00	281.75	1.40	33.00	0.89	101400.00	280.05
17686800.0	0.00	0.00	0.00	281.25	1.40	32.00	0.92	101400.00	280.05
17690400.0	0.00	0.00	0.00	280.85	1.40	32.00	0.94	101300.00	280.05
17694000.0	0.00	0.00	0.00	280.55	1.40	29.00	0.96	101300.00	280.05
17697600.0	0.00	0.00	0.00	280.65	1.50	26.00	0.96	101400.00	280.05
17701200.0	0.00	0.00	0.00	281.95	1.80	23.00	0.88	101400.00	280.15
17704800.0	223.00	77.00	46.00	284.45	2.50	19.00	0.75	101400.00	280.25
17708400.0	333.00	208.00	103.00	285.65	3.00	16.00	0.70	101400.00	280.35
17712000.0	575.00	377.00	113.00	289.35	3.20	338.00	0.56	101400.00	280.55
17715600.0	488.00	449.00	176.00	290.35	3.40	327.00	0.53	101400.00	280.75
17719200.0	201.00	388.00	266.00	290.55	3.60	326.00	0.52	101300.00	280.85
17722800.0	148.00	353.00	264.00	290.85	3.80	324.00	0.51	101200.00	280.75
17726400.0	354.00	399.00	205.00	291.05	3.80	319.00	0.50	101200.00	280.55
17730000.0	278.00	288.00	166.00	290.65	3.20	316.00	0.50	101200.00	280.25
17733600.0	334.00	187.00	90.00	289.25	2.00	319.00	0.54	101200.00	279.95
17737200.0	120.00	50.00	37.00	287.45	1.20	326.00	0.59	101200.00	279.65
17740800.0	0.00	0.00	0.00	286.45	1.20	333.00	0.61	101200.00	279.25
17744400.0	0.00	0.00	0.00	286.05	1.40	340.00	0.61	101200.00	278.85
17748000.0	0.00	0.00	0.00	285.65	1.60	346.00	0.62	101200.00	278.55
17751600.0	0.00	0.00	0.00	285.35	1.80	349.00	0.62	101200.00	278.35
17755200.0	0.00	0.00	0.00	285.05	2.10	349.00	0.63	101100.00	278.25
17758800.0	0.00	0.00	0.00	284.75	2.30	351.00	0.64	101100.00	278.35
17762400.0	0.00	0.00	0.00	284.25	2.40	351.00	0.67	101100.00	278.45
17766000.0	0.00	0.00	0.00	283.65	2.40	349.00	0.71	101100.00	278.65
17769600.0	0.00	0.00	0.00	283.55	2.40	346.00	0.72	101100.00	278.75
17773200.0	0.00	0.00	0.00	283.65	2.30	343.00	0.72	101000.00	278.85
17776800.0	0.00	0.00	0.00	283.45	2.10	336.00	0.73	101000.00	278.95
17780400.0	0.00	0.00	0.00	283.15	1.80	329.00	0.75	101100.00	278.95
17784000.0	0.00	0.00	0.00	282.85	1.30	317.00	0.76	101100.00	278.95
17787600.0	0.00	0.00	0.00	283.05	1.30	284.00	0.75	101200.00	279.05
17791200.0	177.00	72.00	47.00	284.05	1.50	235.00	0.71	101200.00	279.15
17794800.0	220.00	185.00	115.00	284.75	1.40	210.00	0.69	101200.00	279.35
17798400.0	41.00	187.00	168.00	288.85	1.50	199.00	0.54	101200.00	279.65
17802000.0	771.00	528.00	95.00	291.05	1.30	222.00	0.47	101200.00	279.75
17805600.0	835.00	597.00	86.00	292.55	1.50	244.00	0.42	101100.00	279.55
17809200.0	692.00	548.00	128.00	293.35	2.10	251.00	0.40	101000.00	279.45
17812800.0	804.00	527.00	85.00	293.25	2.50	248.00	0.40	101000.00	279.45
17816400.0	736.00	405.00	80.00	292.65	2.60	239.00	0.42	101000.00	279.45
17820000.0	599.00	243.00	68.00	291.15	2.20	226.00	0.46	101000.00	279.45
17823600.0	304.00	72.00	38.00	289.05	1.70	207.00	0.54	101100.00	279.85
17827200.0	0.00	0.00	0.00	287.55	1.90	187.00	0.61	101100.00	280.25
17830800.0	0.00	0.00	0.00	286.45	2.10	170.00	0.69	101200.00	281.05
17834400.0	0.00	0.00	0.00	285.35	2.10	158.00	0.78	101200.00	281.75
17838000.0	0.00	0.00	0.00	284.45	1.80	150.00	0.85	101300.00	282.15
17841600.0	0.00	0.00	0.00	283.85	1.70	143.00	0.90	101300.00	282.35
17845200.0	0.00	0.00	0.00	283.35	1.50	137.00	0.93	101300.00	282.45
17848800.0	0.00	0.00	0.00	283.15	1.30	130.00	0.94	101200.00	282.35
17852400.0	0.00	0.00	0.00	283.15	1.20	121.00	0.94	101200.00	282.25
17856000.0	0.00	0.00	0.00	283.15	1.20	113.00	0.93	101200.00	282.15
17859600.0	0.00	0.00	0.00	283.05	1.10	104.00	0.93	101200.00	282.05
17863200.0	0.00	0.00	0.00	282.75	1.00	93.00	0.94	101100.00	281.95
17866800.0	0.00	0.00	0.00	282.25	1.00	80.00	0.96	101200.00	281.75
17870400.0	0.00	0.00	0.00	281.85	1.00	67.00	0.98	101200.00	281.55
17874000.0	0.00	0.00	0.00	282.85	1.30	53.00	0.90	101300.00	281.35
17877600.0	187.00	75.00	48.00	285.25	1.90	44.00	0.75	101300.00	281.05
17881200.0	321.00	209.00	106.00	286.35	2.20	41.00	0.69	101300.00	280.75
17884800.0	604.00	393.00	112.00	290.55	2.20	335.00	0.51	101300.00	280.45
17888400.0	693.00	511.00	119.00	292.05	2.80	308.00	0.45	101300.00	280.15
17892000.0	569.00	524.00	174.00	292.75	3.10	297.00	0.43	101200.00	279.85
17895600.0	547.00	512.00	178.00	293.25	3.10	287.00	0.41	101100.00	279.75
17899200.0	425.00	423.00	188.00	293.45	3.10	277.00	0.41	101100.00	279.75
17902800.0	734.00	405.00	78.00	293.15	2.80	268.00	0.42	101100.00	279.85
17906400.0	168.00	155.00	105.00	291.75	1.80	260.00	0.46	101100.00	280.05
17910000.0	104.00	50.00	38.00	289.85	1.00	248.00	0.54	101200.00	280.45
17913600.0	0.00	0.00	0.00	289.05	0.90	236.00	0.56	101200.00	280.35
17917200.0	0.00	0.00	0.00	289.15	0.80	224.00	0.55	101200.00	280.35
17920800.0	0.00	0.00	0.00	289.35	0.50	206.00	0.55	101300.00	280.35
17924400.0	0.00	0.00	0.00	289.25	0.40	118.00	0.55	101300.00	280.35
17928000.0	0.00	0.00	0.00	288.55	0.70	37.00	0.57	101200.00	280.25
17931600.0	0.00	0.00	0.00	287.75	1.00	31.00	0.60	101200.00	280.25
17935200.0	0.00	0.00	0.00	287.05	1.10	28.00	0.63	101200.00	280.15
17938800.0	0.00	0.00	0.00	286.45	1.10	24.00	0.65	101200.00	280.05
17942400.0	0.00	0.00	0.00	285.85	1.30	23.00	0.67	101100.00	279.95
17946000.0	0.00	0.00	0.00	285.05	1.40	23.00	0.70	101100.00	279.75
17949600.0	0.00	0.00	0.00	284.55	1.60	22.00	0.71	101100.00	279.65
17953200.0	0.00	0.00	0.00	284.35	1.90	19.00	0.71	101100.00	279.45
17956800.0	0.00	0.00	0.00	284.35	2.30	15.00	0.71	101100.00	279.35
17960400.0	0.00	0.00	0.00	285.45	3.20	11.00	0.65	101100.00	279.25
17964000.0	0.00	12.00	12.00	287.85	4.10	5.00	0.55	101200.00	279.05
17967600.0	0.00	76.00	76.00	289.15	4.30	1.00	0.49	101200.00	278.65
17971200.0	1.00	93.00	93.00	293.05	5.00	344.00	0.36	101200.00	277.75
17974800.0	1.00	111.00	110.00	294.75	5.50	337.00	0.31	101100.00	277.15
17978400.0	0.00	106.00	106.00	295.95	5.90	331.00	0.28	101000.00	276.75
17982000.0	203.00	389.00	264.00	296.65	6.10	325.00	0.27	100900.00	276.45
17985600.0	335.00	400.00	214.00	296.75	6.00	319.00	0.26	100900.00	276.15
17989200.0	194.00	265.00	178.00	296.05	5.20	314.00	0.27	100900.00	275.95
17992800.0	305.00	189.00	98.00	294.15	3.50	312.00	0.30	100900.00	275.95
17996400.0	134.00	60.00	44.00	292.05	2.20	315.00	0.35	100900.00	276.25
18000000.0	0.00	0.00	0.00	290.75	1.70	315.00	0.37	101000.00	276.15
18003600.0	0.00	0.00	0.00	289.85	1.50	309.00	0.39	101000.00	276.05
18007200.0	0.00	0.00	0.00	288.85	1.30	290.00	0.43	101000.00	276.25
18010800.0	0.00	0.00	0.00	287.55	1.10	258.00	0.49	101000.00	277.05
18014400.0	0.00	0.00	0.00	286.35	1.10	227.00	0.57	101000.00	277.95
18018000.0	0.00	0.00	0.00	285.65	1.20	208.00	0.66	101000.00	279.55
18021600.0	0.00	0.00	0.00	285.35	1.40	196.00	0.75	101000.00	281.15
18025200.0	0.00	0.00	0.00	285.05	1.40	186.00	0.83	101100.00	282.45
18028800.0	0.00	0.00	0.00	284.55	1.20	184.00	0.90	101100.00	283.15
18032400.0	0.00	0.00	0.00	284.35	1.10	187.00	0.93	101100.00	283.45
18036000.0	0.00	0.00	0.00	284.15	1.20	185.00	0.96	101100.00	283.55
18039600.0	0.00	0.00	0.00	284.05	1.30	175.00	0.97	101200.00	283.65
18043200.0	0.00	0.00	0.00	283.75	1.30	165.00	0.99	101200.00	283.65
18046800.0	0.00	0.00	0.00	284.35	1.70	153.00	0.94	101200.00	283.55
18050400.0	336.00	99.00	49.00	286.35	2.20	145.00	0.82	101300.00	283.45
18054000.0	598.00	272.00	76.00	287.55	2.40	144.00	0.71	101300.00	282.45
18057600.0	760.00	436.00	78.00	290.95	1.80	194.00	0.53	101200.00	281.25
18061200.0	820.00	550.00	81.00	292.45	2.20	222.00	0.46	101200.00	280.75
18064800.0	846.00	608.00	83.00	293.15	2.90	222.00	0.44	101100.00	280.65
18068400.0	850.00	605.00	81.00	293.15	3.30	213.00	0.44	101100.00	280.65
18072000.0	831.00	541.00	77.00	292.85	3.60	201.00	0.45	101100.00	280.55
18075600.0	780.00	420.00	69.00	292.15	3.70	191.00	0.46	101100.00	280.45
18079200.0	674.00	258.00	56.00	290.85	3.30	185.00	0.49	101100.00	280.25
18082800.0	416.00	82.00	33.00	288.65	2.60	182.00	0.57	101200.00	280.15
18086400.0	0.00	0.00	0.00	286.95	2.60	175.00	0.63	101300.00	280.15
18090000.0	0.00	0.00	0.00	286.25	3.00	163.00	0.67	101400.00	280.45
18093600.0	0.00	0.00	0.00	285.65	3.30	150.00	0.71	101400.00	280.65
18097200.0	0.00	0.00	0.00	285.05	3.20	139.00	0.74	101400.00	280.65
18100800.0	0.00	0.00	0.00	284.45	2.90	130.00	0.77	101400.00	280.65
18104400.0	0.00	0.00	0.00	283.75	2.60	121.00	0.80	101400.00	280.55
18108000.0	0.00	0.00	0.00	283.15	2.40	114.00	0.82	101400.00	280.25
18111600.0	0.00	0.00	0.00	282.55	2.40	108.00	0.83	101400.00	279.95
18115200.0	0.00	0.00	0.00	281.95	2.40	103.00	0.84	101500.00	279.55
18118800.0	0.00	0.00	0.00	281.45	2.60	99.00	0.84	101500.00	279.05
18122400.0	0.00	0.00	0.00	280.95	2.70	97.00	0.84	101500.00	278.55
18126000.0	0.00	0.00	0.00	280.45	2.80	95.00	0.85	101500.00	278.15
18129600.0	0.00	0.00	0.00	280.05	2.80	92.00	0.85	101600.00	277.75
18133200.0	0.00	0.00	0.00	280.65	3.10	90.00	0.80	101700.00	277.45
18136800.0	493.00	113.00	38.00	282.85	3.20	89.00	0.68	101700.00	277.25
18140400.0	716.00	295.00	59.00	284.35	2.90	88.00	0.60	101700.00	276.85
18144000.0	826.00	458.00	66.00	289.35	2.20	108.00	0.41	101800.00	276.15
18147600.0	873.00	574.00	72.00	290.95	1.80	136.00	0.37	101700.00	276.05
18151200.0	896.00	633.00	74.00	291.85	1.80	160.00	0.34	101700.00	275.85
18154800.0	902.00	629.00	70.00	292.35	1.90	174.00	0.32	101600.00	275.55
18158400.0	881.00	562.00	67.00	292.35	2.10	181.00	0.31	101500.00	275.05
18162000.0	829.00	438.00	62.00	291.85	2.30	183.00	0.32	101500.00	274.75
18165600.0	721.00	271.00	53.00	290.05	2.10	184.00	0.35	101600.00	274.45
18169200.0	469.00	89.00	32.00	287.05	1.80	182.00	0.44	101600.00	275.05
18172800.0	0.00	0.00	0.00	284.95	2.00	174.00	0.51	101700.00	275.25
18176400.0	0.00	0.00	0.00	283.95	2.10	161.00	0.58	101800.00	276.05
18180000.0	0.00	0.00	0.00	282.95	1.90	147.00	0.65	101800.00	276.75
18183600.0	0.00	0.00	0.00	282.15	1.80	129.00	0.70	101800.00	277.05
18187200.0	0.00	0.00	0.00	281.45	1.70	113.00	0.74	101900.00	277.15
18190800.0	0.00	0.00	0.00	280.85	1.80	101.00	0.76	101900.00	277.05
18194400.0	0.00	0.00	0.00	280.45	2.00	93.00	0.77	101800.00	276.85
18198000.0	0.00	0.00	0.00	280.05	2.20	89.00	0.78	101800.00	276.65
18201600.0	0.00	0.00	0.00	279.65	2.20	89.00	0.79	101800.00	276.35
18205200.0	0.00	0.00	0.00	279.25	2.10	90.00	0.80	101800.00	276.15
18208800.0	0.00	0.00	0.00	278.75	2.00	91.00	0.82	101800.00	276.05
18212400.0	0.00	0.00	0.00	278.35	1.80	90.00	0.84	101900.00	275.95
18216000.0	0.00	0.00	0.00	277.95	1.70	90.00	0.86	102000.00	275.85
18219600.0	0.00	0.00	0.00	279.05	2.10	90.00	0.79	102000.00	275.85
18223200.0	537.00	120.00	37.00	281.85	2.40	92.00	0.66	102100.00	275.85
18226800.0	750.00	305.00	55.00	283.45	2.20	94.00	0.59	102100.00	275.85
18230400.0	849.00	469.00	64.00	287.85	1.80	147.00	0.43	102100.00	275.35
18234000.0	898.00	588.00	69.00	289.25	2.00	165.00	0.38	102100.00	275.05
18237600.0	919.00	647.00	70.00	290.15	2.30	177.00	0.35	102000.00	274.65
18241200.0	919.00	642.00	69.00	290.75	2.70	185.00	0.33	101900.00	274.15
18244800.0	898.00	574.00	67.00	290.75	3.10	189.00	0.31	101800.00	273.65
18248400.0	847.00	448.00	61.00	290.15	3.60	190.00	0.32	101800.00	273.45
18252000.0	742.00	278.00	51.00	288.45	3.40	190.00	0.36	101900.00	273.55
18255600.0	343.00	77.00	35.00	285.85	2.80	190.00	0.45	102000.00	274.25
18259200.0	0.00	0.00	0.00	283.75	2.70	186.00	0.56	102100.00	275.45
18262800.0	0.00	0.00	0.00	282.85	2.80	179.00	0.65	102100.00	276.65
18266400.0	0.00	0.00	0.00	281.85	2.50	167.00	0.73	102200.00	277.45
18270000.0	0.00	0.00	0.00	280.95	2.20	155.00	0.80	102200.00	277.75
18273600.0	0.00	0.00	0.00	280.25	2.00	144.00	0.84	102200.00	277.75
18277200.0	0.00	0.00	0.00	279.45	1.80	136.00	0.86	102100.00	277.45
18280800.0	0.00	0.00	0.00	278.85	1.50	132.00	0.87	102100.00	277.05
18284400.0	0.00	0.00	0.00	278.25	1.40	130.00	0.89	102100.00	276.65
18288000.0	0.00	0.00	0.00	277.85	1.30	128.00	0.89	102100.00	276.35
18291600.0	0.00	0.00	0.00	277.45	1.30	125.00	0.89	102100.00	275.95
18295200.0	0.00	0.00	0.00	277.15	1.30	121.00	0.89	102100.00	275.55
18298800.0	0.00	0.00	0.00	276.85	1.30	118.00	0.89	102200.00	275.25
18302400.0	0.00	0.00	0.00	276.75	1.40	117.00	0.88	102200.00	275.05
18306000.0	0.00	0.00	0.00	278.25	2.00	119.00	0.79	102300.00	275.05
18309600.0	482.00	119.00	43.00	281.35	2.70	126.00	0.66	102300.00	275.35
18313200.0	710.00	303.00	64.00	282.95	2.90	131.00	0.60	102400.00	275.55
18316800.0	1.00	118.00	118.00	286.05	1.40	230.00	0.67	100400.00	280.25
18320400.0	1.00	117.00	116.00	287.35	1.80	251.00	0.61	100400.00	279.95
18324000.0	0.00	92.00	92.00	287.95	3.00	259.00	0.58	100300.00	279.85
18327600.0	10.00	159.00	153.00	287.55	4.50	248.00	0.59	100300.00	279.85
18331200.0	48.00	188.00	161.00	286.25	5.80	227.00	0.66	100300.00	280.05
18334800.0	49.00	188.00	165.00	284.75	6.50	207.00	0.73	100400.00	280.15
18338400.0	92.00	112.00	83.00	284.05	6.30	197.00	0.75	100500.00	279.85
18342000.0	25.00	35.00	32.00	283.35	5.40	199.00	0.77	100600.00	279.65
18345600.0	0.00	0.00	0.00	282.85	4.80	201.00	0.81	100700.00	279.95
18349200.0	0.00	0.00	0.00	282.55	4.50	201.00	0.84	100800.00	280.05
18352800.0	0.00	0.00	0.00	282.25	4.30	199.00	0.86	100800.00	280.15
18356400.0	0.00	0.00	0.00	281.95	4.30	197.00	0.88	100900.00	280.25
18360000.0	0.00	0.00	0.00	281.85	4.50	193.00	0.89	100900.00	280.25
18363600.0	0.00	0.00	0.00	281.75	4.70	189.00	0.90	101000.00	280.25
18367200.0	0.00	0.00	0.00	281.55	4.70	185.00	0.90	101000.00	280.15
18370800.0	0.00	0.00	0.00	281.35	4.70	182.00	0.91	101100.00	280.05
18374400.0	0.00	0.00	0.00	281.15	4.60	180.00	0.90	101100.00	279.75
18378000.0	0.00	0.00	0.00	280.95	4.50	176.00	0.89	101100.00	279.45
18381600.0	0.00	0.00	0.00	280.85	4.50	172.00	0.87	101200.00	278.95
18385200.0	0.00	0.00	0.00	280.55	4.40	167.00	0.86	101300.00	278.45
18388800.0	0.00	0.00	0.00	280.05	4.10	163.00	0.86	101400.00	277.95
18392400.0	0.00	0.00	0.00	280.25	4.00	161.00	0.83	101500.00	277.65
18396000.0	468.00	123.00	47.00	281.65	4.60	161.00	0.76	101500.00	277.75
18399600.0	706.00	310.00	69.00	282.65	5.00	162.00	0.67	101600.00	277.05
18403200.0	791.00	470.00	85.00	285.35	5.70	164.00	0.52	101600.00	275.85
18406800.0	843.00	588.00	93.00	286.65	5.80	167.00	0.46	101500.00	275.25
18410400.0	781.00	618.00	121.00	287.55	5.70	171.00	0.43	101500.00	275.15
18414000.0	534.00	526.00	188.00	288.05	5.70	175.00	0.42	101500.00	275.35
18417600.0	387.00	400.00	178.00	288.05	5.50	180.00	0.43	101400.00	275.55
18421200.0	105.00	192.00	143.00	287.45	5.40	184.00	0.46	101500.00	276.05
18424800.0	672.00	276.00	66.00	286.35	4.80	188.00	0.51	101500.00	276.65
18428400.0	405.00	92.00	39.00	284.65	4.00	192.00	0.61	101500.00	277.35
18432000.0	0.00	0.00	0.00	283.35	3.70	191.00	0.70	101600.00	278.25
18435600.0	0.00	0.00	0.00	282.85	3.80	186.00	0.76	101600.00	278.95
18439200.0	0.00	0.00	0.00	282.35	3.80	180.00	0.81	101700.00	279.45
18442800.0	0.00	0.00	0.00	281.85	3.50	175.00	0.87	101700.00	279.85
18446400.0	0.00	0.00	0.00	281.45	3.20	172.00	0.91	101700.00	280.25
18450000.0	0.00	0.00	0.00	281.15	2.90	171.00	0.95	101700.00	280.45
18453600.0	0.00	0.00	0.00	280.95	2.70	170.00	0.97	101700.00	280.55
18457200.0	0.00	0.00	0.00	280.75	2.50	169.00	0.98	101600.00	280.45
18460800.0	0.00	0.00	0.00	280.65	2.50	167.00	0.97	101600.00	280.35
18464400.0	0.00	0.00	0.00	280.65	2.50	167.00	0.97	101700.00	280.35
18468000.0	0.00	0.00	0.00	280.75	2.50	169.00	0.97	101700.00	280.35
18471600.0	0.00	0.00	0.00	280.75	2.30	169.00	0.97	101700.00	280.35
18475200.0	0.00	0.00	0.00	280.75	2.20	168.00	0.97	101800.00	280.35
18478800.0	0.00	0.00	0.00	281.25	2.40	165.00	0.93	101800.00	280.35
18482400.0	488.00	126.00	45.00	282.75	3.00	161.00	0.84	101900.00	280.35
18486000.0	669.00	301.00	70.00	283.65	3.40	158.00	0.77	101900.00	279.85
18489600.0	620.00	417.00	113.00	286.55	4.00	155.00	0.60	101900.00	278.95
18493200.0	622.00	517.00	150.00	288.15	3.90	159.00	0.52	101800.00	278.45
18496800.0	591.00	553.00	175.00	289.25	3.70	165.00	0.47	101700.00	278.05
18500400.0	167.00	357.00	251.00	289.85	3.60	171.00	0.44	101700.00	277.65
18504000.0	216.00	361.00	236.00	289.85	3.60	176.00	0.43	101600.00	277.35
18507600.0	28.00	149.00	136.00	289.25	3.70	178.00	0.44	101600.00	277.15
18511200.0	8.00	87.00	84.00	287.75	3.10	180.00	0.49	101600.00	277.25
18514800.0	427.00	95.00	38.00	285.45	2.30	180.00	0.60	101700.00	277.95
18518400.0	0.00	0.00	0.00	283.85	2.20	176.00	0.70	101700.00	278.65
18522000.0	0.00	0.00	0.00	283.25	2.20	168.00	0.75	101800.00	279.15
18525600.0	0.00	0.00	0.00	282.45	1.90	158.00	0.81	101800.00	279.45
18529200.0	0.00	0.00	0.00	281.75	1.70	146.00	0.86	101800.00	279.65
18532800.0	0.00	0.00	0.00	280.95	1.60	134.00	0.91	101800.00	279.65
18536400.0	0.00	0.00	0.00	280.25	1.50	122.00	0.95	101800.00	279.55
18540000.0	0.00	0.00	0.00	279.55	1.50	113.00	0.97	101800.00	279.25
18543600.0	0.00	0.00	0.00	278.95	1.60	109.00	0.98	101700.00	278.85
18547200.0	0.00	0.00	0.00	278.45	1.70	109.00	0.99	101700.00	278.35
18550800.0	0.00	0.00	0.00	278.15	1.80	111.00	0.98	101700.00	277.95
18554400.0	0.00	0.00	0.00	277.75	1.80	112.00	0.99	101700.00	277.65
18558000.0	0.00	0.00	0.00	277.35	1.90	111.00	1.00	101800.00	277.45
18561600.0	0.00	0.00	0.00	277.15	2.10	106.00	1.00	101800.00	277.25
18565200.0	0.00	0.00	0.00	278.25	2.70	100.00	0.92	101800.00	277.15
18568800.0	586.00	137.00	38.00	281.05	3.20	97.00	0.76	101900.00	277.05
18572400.0	788.00	328.00	54.00	282.55	3.10	95.00	0.67	101900.00	276.85
18576000.0	868.00	493.00	65.00	286.75	3.00	90.00	0.46	101900.00	275.45
18579600.0	912.00	612.00	70.00	288.25	2.60	82.00	0.40	101800.00	274.75
18583200.0	931.00	672.00	73.00	289.25	2.00	74.00	0.36	101700.00	274.35
18586800.0	930.00	666.00	72.00	289.95	1.30	71.00	0.34	101700.00	273.95
18590400.0	905.00	594.00	69.00	290.15	0.80	90.00	0.32	101600.00	273.65
18594000.0	854.00	465.00	63.00	289.85	0.80	130.00	0.33	101600.00	273.45
18597600.0	749.00	293.00	54.00	288.25	0.90	153.00	0.36	101700.00	273.55
18601200.0	502.00	103.00	35.00	285.55	1.00	151.00	0.55	101700.00	276.85
18604800.0	0.00	0.00	0.00	283.55	1.30	140.00	0.59	101700.00	275.95
18608400.0	0.00	0.00	0.00	282.55	1.40	124.00	0.63	101800.00	276.05
18612000.0	0.00	0.00	0.00	281.65	1.60	107.00	0.68	101800.00	276.15
18615600.0	0.00	0.00	0.00	280.85	2.00	94.00	0.71	101800.00	276.05
18619200.0	0.00	0.00	0.00	280.25	2.40	86.00	0.74	101800.00	275.95
18622800.0	0.00	0.00	0.00	279.65	2.60	82.00	0.77	101800.00	275.95
18626400.0	0.00	0.00	0.00	278.95	2.50	79.00	0.80	101800.00	275.85
18630000.0	0.00	0.00	0.00	278.45	2.30	77.00	0.82	101800.00	275.75
18633600.0	0.00	0.00	0.00	278.05	2.20	75.00	0.83	101800.00	275.55
18637200.0	0.00	0.00	0.00	278.05	2.40	72.00	0.82	101800.00	275.25
18640800.0	0.00	0.00	0.00	278.25	2.70	70.00	0.79	101800.00	275.05
18644400.0	0.00	0.00	0.00	278.15	2.80	67.00	0.78	101800.00	274.75
18648000.0	0.00	0.00	0.00	277.85	2.60	63.00	0.79	101800.00	274.55
18651600.0	0.00	0.00	0.00	278.75	3.10	59.00	0.73	101800.00	274.45
18655200.0	364.00	110.00	47.00	281.35	3.60	53.00	0.62	101800.00	274.55
18658800.0	439.00	255.00	101.00	282.75	3.50	49.00	0.58	101800.00	275.05
18662400.0	814.00	482.00	78.00	287.75	3.60	19.00	0.41	101800.00	274.85
18666000.0	553.00	501.00	170.00	289.45	3.10	8.00	0.36	101800.00	274.55
18669600.0	657.00	580.00	155.00	290.55	2.80	177.00	0.33	101700.00	274.35
18673200.0	750.00	607.00	125.00	291.15	2.40	346.00	0.32	101600.00	274.15
18676800.0	620.00	508.00	146.00	291.25	2.10	335.00	0.31	101600.00	273.85
18680400.0	677.00	422.00	101.00	290.85	1.60	328.00	0.31	101500.00	273.75
18684000.0	724.00	292.00	59.00	289.45	1.00	318.00	0.34	101500.00	273.65
18687600.0	483.00	104.00	37.00	287.85	0.50	301.00	0.45	101500.00	276.25
18691200.0	0.00	0.00	0.00	286.85	0.30	186.00	0.42	101500.00	274.35
18694800.0	0.00	0.00	0.00	285.75	0.50	75.00	0.45	101500.00	274.15
18698400.0	0.00	0.00	0.00	283.95	1.00	62.00	0.49	101600.00	273.85
18702000.0	0.00	0.00	0.00	282.15	1.20	52.00	0.57	101600.00	274.15
18705600.0	0.00	0.00	0.00	280.65	1.30	46.00	0.63	101600.00	274.15
18709200.0	0.00	0.00	0.00	279.75	1.60	43.00	0.66	101500.00	273.95
18712800.0	0.00	0.00	0.00	279.35	1.80	42.00	0.68	101500.00	273.95
18716400.0	0.00	0.00	0.00	279.25	2.00	41.00	0.68	101500.00	273.95
18720000.0	0.00	0.00	0.00	279.05	2.00	42.00	0.69	101500.00	273.95
18723600.0	0.00	0.00	0.00	278.65	1.90	41.00	0.71	101400.00	273.95
18727200.0	0.00	0.00	0.00	278.15	1.80	40.00	0.74	101400.00	273.95
18730800.0	0.00	0.00	0.00	277.75	1.80	39.00	0.75	101400.00	273.85
18734400.0	0.00	0.00	0.00	277.45	1.80	39.00	0.76	101400.00	273.75
18738000.0	0.00	0.00	0.00	279.05	2.30	39.00	0.69	101500.00	273.85
18741600.0	543.00	139.00	44.00	282.35	3.10	35.00	0.56	101500.00	274.15
18745200.0	752.00	330.00	63.00	283.95	3.20	33.00	0.52	101500.00	274.45
18748800.0	725.00	457.00	94.00	288.75	3.50	183.00	0.38	101500.00	274.55
18752400.0	869.00	606.00	83.00	290.35	3.40	357.00	0.34	101400.00	274.65
18756000.0	909.00	672.00	80.00	291.35	3.40	352.00	0.32	101300.00	274.55
18759600.0	906.00	666.00	81.00	291.95	3.40	347.00	0.30	101200.00	274.35
18763200.0	882.00	594.00	77.00	292.15	3.30	344.00	0.29	101200.00	274.05
18766800.0	833.00	466.00	69.00	291.75	3.00	342.00	0.30	101100.00	273.75
18770400.0	731.00	295.00	58.00	289.75	2.00	340.00	0.34	101100.00	273.75
18774000.0	492.00	106.00	37.00	286.65	1.20	339.00	0.51	101100.00	276.85
18777600.0	0.00	0.00	0.00	284.85	1.30	347.00	0.53	101200.00	275.75
18781200.0	0.00	0.00	0.00	283.95	1.30	184.00	0.55	101200.00	275.25
18784800.0	0.00	0.00	0.00	282.75	1.30	20.00	0.58	101300.00	275.05
18788400.0	0.00	0.00	0.00	281.75	1.50	29.00	0.62	101300.00	274.95
18792000.0	0.00	0.00	0.00	281.15	1.70	34.00	0.64	101300.00	274.85
18795600.0	0.00	0.00	0.00	280.85	2.20	36.00	0.64	101300.00	274.65
18799200.0	0.00	0.00	0.00	280.95	2.70	38.00	0.63	101200.00	274.55
18802800.0	0.00	0.00	0.00	280.95	3.10	39.00	0.63	101200.00	274.35
18806400.0	0.00	0.00	0.00	280.95	3.40	40.00	0.62	101200.00	274.15
18810000.0	0.00	0.00	0.00	280.75	3.50	40.00	0.62	101100.00	274.05
18813600.0	0.00	0.00	0.00	280.25	3.30	41.00	0.64	101100.00	274.05
18817200.0	0.00	0.00	0.00	279.85	3.20	41.00	0.66	101200.00	274.05
18820800.0	0.00	0.00	0.00	279.65	3.20	41.00	0.67	101200.00	274.15
18824400.0	0.00	0.00	0.00	280.75	3.80	41.00	0.63	101200.00	274.25
18828000.0	534.00	138.00	43.00	283.45	4.20	38.00	0.54	101300.00	274.55
18831600.0	734.00	325.00	62.00	284.95	4.10	36.00	0.50	101300.00	275.05
18835200.0	648.00	441.00	114.00	290.55	5.00	186.00	0.34	101300.00	274.75
18838800.0	816.00	588.00	94.00	292.45	4.90	357.00	0.29	101200.00	274.25
18842400.0	879.00	660.00	84.00	293.55	4.80	352.00	0.27	101200.00	273.85
18846000.0	875.00	654.00	86.00	294.15	4.70	350.00	0.25	101100.00	273.55
18849600.0	850.00	584.00	82.00	294.35	4.50	350.00	0.24	101000.00	273.15
18853200.0	800.00	458.00	74.00	293.95	4.10	352.00	0.24	101000.00	272.95
18856800.0	709.00	291.00	59.00	291.95	3.00	355.00	0.28	101000.00	273.05
18860400.0	468.00	104.00	37.00	288.45	1.90	178.00	0.41	101000.00	275.35
18864000.0	0.00	0.00	0.00	286.15	1.90	3.00	0.48	101000.00	275.45
18867600.0	0.00	0.00	0.00	285.55	2.20	8.00	0.48	101100.00	274.95
18871200.0	0.00	0.00	0.00	285.15	2.50	11.00	0.48	101100.00	274.65
18874800.0	0.00	0.00	0.00	284.85	2.90	13.00	0.48	101100.00	274.35
18878400.0	0.00	0.00	0.00	284.45	3.30	16.00	0.49	101100.00	274.25
18882000.0	0.00	0.00	0.00	284.05	3.60	18.00	0.50	101000.00	274.15
18885600.0	0.00	0.00	0.00	283.65	3.80	20.00	0.51	101000.00	274.05
18889200.0	0.00	0.00	0.00	283.25	4.00	23.00	0.52	100900.00	273.85
18892800.0	0.00	0.00	0.00	282.95	4.10	26.00	0.52	100900.00	273.75
18896400.0	0.00	0.00	0.00	282.95	4.20	26.00	0.52	100900.00	273.55
18900000.0	0.00	0.00	0.00	282.85	4.30	25.00	0.52	100900.00	273.45
18903600.0	0.00	0.00	0.00	282.65	4.20	25.00	0.52	100900.00	273.45
18907200.0	0.00	0.00	0.00	282.45	4.10	23.00	0.53	101000.00	273.45
18910800.0	37.00	4.00	5.00	283.25	4.30	20.00	0.50	101000.00	273.45
18914400.0	0.00	50.00	50.00	285.75	4.60	12.00	0.43	101000.00	273.65
18918000.0	302.00	228.00	119.00	287.45	4.70	8.00	0.39	101000.00	273.95
18921600.0	758.00	475.00	90.00	292.15	6.00	348.00	0.29	101000.00	273.85
18925200.0	538.00	508.00	180.00	294.35	6.20	343.00	0.26	100900.00	273.95
18928800.0	252.00	454.00	288.00	295.95	6.10	339.00	0.23	100800.00	273.75
18932400.0	317.00	479.00	272.00	296.95	5.90	336.00	0.21	100700.00	273.45
18936000.0	283.00	414.00	246.00	297.25	5.60	335.00	0.21	100700.00	273.45
18939600.0	466.00	376.00	151.00	296.75	4.80	336.00	0.22	100600.00	273.75
18943200.0	203.00	189.00	122.00	294.75	3.30	340.00	0.26	100600.00	274.45
18946800.0	150.00	71.00	49.00	292.05	2.40	348.00	0.36	100600.00	276.75
18950400.0	0.00	0.00	0.00	291.05	3.10	356.00	0.39	100700.00	276.95
18954000.0	0.00	0.00	0.00	291.15	4.20	181.00	0.36	100700.00	276.15
18957600.0	0.00	0.00	0.00	290.75	4.90	4.00	0.36	100600.00	275.65
18961200.0	0.00	0.00	0.00	289.95	5.10	8.00	0.38	100600.00	275.55
18964800.0	0.00	0.00	0.00	289.25	5.20	13.00	0.40	100500.00	275.55
18968400.0	0.00	0.00	0.00	288.75	5.40	16.00	0.41	100400.00	275.65
18972000.0	0.00	0.00	0.00	288.45	5.50	17.00	0.41	100300.00	275.45
18975600.0	0.00	0.00	0.00	288.25	5.50	18.00	0.42	100300.00	275.45
18979200.0	0.00	0.00	0.00	287.95	5.50	18.00	0.42	100200.00	275.35
18982800.0	0.00	0.00	0.00	287.45	5.30	18.00	0.44	100100.00	275.35
18986400.0	0.00	0.00	0.00	286.95	4.90	15.00	0.45	100100.00	275.25
18990000.0	0.00	0.00	0.00	286.35	4.50	7.00	0.46	100200.00	275.25
18993600.0	0.00	0.00	0.00	285.65	4.30	178.00	0.49	100200.00	275.15
18997200.0	3.00	3.00	3.00	285.65	4.60	352.00	0.49	100300.00	275.25
19000800.0	152.00	93.00	65.00	286.85	5.10	346.00	0.46	100300.00	275.35
19004400.0	0.00	21.00	21.00	287.65	5.20	342.00	0.46	100300.00	276.15
19008000.0	11.00	119.00	113.00	291.35	5.70	336.00	0.41	100200.00	278.05
19011600.0	509.00	486.00	174.00	293.75	6.80	324.00	0.42	100100.00	280.55
19015200.0	321.00	451.00	238.00	294.75	7.60	314.00	0.41	100000.00	280.85
19018800.0	17.00	141.00	130.00	294.95	7.90	306.00	0.38	99900.00	280.25
19022400.0	555.00	497.00	166.00	294.75	8.00	298.00	0.36	99900.00	279.15
19026000.0	521.00	383.00	130.00	293.85	7.90	289.00	0.35	99900.00	278.05
19029600.0	114.00	138.00	100.00	292.15	7.20	280.00	0.38	100000.00	277.45
19033200.0	93.00	51.00	37.00	289.85	6.20	270.00	0.43	100100.00	277.15
19036800.0	0.00	0.00	0.00	287.65	5.50	259.00	0.47	100300.00	276.75
19040400.0	0.00	0.00	0.00	285.75	5.10	252.00	0.51	100500.00	275.95
19044000.0	0.00	0.00	0.00	284.05	4.30	255.00	0.58	100600.00	276.25
19047600.0	0.00	0.00	0.00	282.85	3.40	263.00	0.66	100600.00	276.85
19051200.0	0.00	0.00	0.00	281.85	2.80	270.00	0.73	100700.00	277.35
19054800.0	0.00	0.00	0.00	281.15	2.60	275.00	0.79	100700.00	277.75
19058400.0	0.00	0.00	0.00	280.55	2.60	279.00	0.84	100700.00	278.15
19062000.0	0.00	0.00	0.00	279.85	2.40	283.00	0.91	100700.00	278.55
19065600.0	0.00	0.00	0.00	279.45	2.40	286.00	0.94	100600.00	278.75
19069200.0	0.00	0.00	0.00	279.45	2.60	288.00	0.94	100600.00	278.75
19072800.0	0.00	0.00	0.00	279.25	2.40	293.00	0.94	100600.00	278.55
19076400.0	0.00	0.00	0.00	279.05	2.40	300.00	0.94	100700.00	278.35
19080000.0	0.00	0.00	0.00	279.25	2.90	308.00	0.92	100700.00	278.15
19083600.0	23.00	5.00	5.00	279.95	3.40	312.00	0.87	100800.00	278.05
19087200.0	491.00	145.00	52.00	281.95	4.00	310.00	0.77	100800.00	278.15
19090800.0	647.00	320.00	81.00	283.35	4.20	307.00	0.71	100800.00	278.55
19094400.0	824.00	503.00	78.00	287.15	5.30	295.00	0.56	100900.00	278.55
19098000.0	865.00	619.00	86.00	288.55	5.70	291.00	0.50	100800.00	278.45
19101600.0	703.00	616.00	148.00	289.35	5.90	287.00	0.47	100800.00	278.25
19105200.0	806.00	648.00	116.00	289.65	5.90	281.00	0.46	100700.00	277.95
19108800.0	809.00	588.00	102.00	289.65	5.90	276.00	0.45	100700.00	277.75
19112400.0	192.00	280.00	186.00	289.35	5.70	270.00	0.45	100700.00	277.65
19116000.0	261.00	187.00	99.00	288.25	5.00	263.00	0.49	100700.00	277.75
19119600.0	97.00	66.00	51.00	286.25	3.80	257.00	0.59	100800.00	278.45
19123200.0	0.00	0.00	0.00	284.35	2.80	253.00	0.72	100900.00	279.55
19126800.0	0.00	0.00	0.00	283.45	2.50	253.00	0.80	100900.00	280.25
19130400.0	0.00	0.00	0.00	282.85	2.50	253.00	0.87	101000.00	280.85
19134000.0	0.00	0.00	0.00	282.15	2.30	253.00	0.93	101000.00	281.25
19137600.0	0.00	0.00	0.00	281.55	1.90	253.00	0.97	101100.00	281.25
19141200.0	0.00	0.00	0.00	281.15	1.90	252.00	0.99	101100.00	281.15
19144800.0	0.00	0.00	0.00	280.95	2.20	250.00	0.99	101100.00	280.85
19148400.0	0.00	0.00	0.00	280.85	2.50	246.00	0.98	101100.00	280.65
19152000.0	0.00	0.00	0.00	280.75	2.60	241.00	0.97	101100.00	280.35
19155600.0	0.00	0.00	0.00	280.65	2.60	239.00	0.96	101100.00	280.05
19159200.0	0.00	0.00	0.00	280.45	2.50	238.00	0.96	101200.00	279.95
19162800.0	0.00	0.00	0.00	280.25	2.20	236.00	0.95	101200.00	279.65
19166400.0	0.00	0.00	0.00	280.05	1.80	235.00	0.95	101300.00	279.45
19170000.0	31.00	6.00	6.00	280.35	1.60	231.00	0.92	101300.00	279.25
19173600.0	506.00	149.00	51.00	281.55	1.90	222.00	0.86	101400.00	279.35
19177200.0	712.00	339.00	73.00	282.45	2.10	217.00	0.82	101500.00	279.55
19180800.0	800.00	504.00	89.00	286.15	2.70	212.00	0.62	101500.00	279.25
19184400.0	853.00	622.00	93.00	287.85	2.70	214.00	0.55	101400.00	278.85
19188000.0	808.00	658.00	117.00	289.15	2.60	217.00	0.50	101400.00	278.85
19191600.0	717.00	619.00	143.00	289.85	2.50	218.00	0.48	101300.00	278.95
19195200.0	635.00	536.00	153.00	290.15	2.30	217.00	0.47	101200.00	278.95
19198800.0	540.00	390.00	124.00	289.85	2.10	216.00	0.48	101200.00	278.95
19202400.0	674.00	296.00	68.00	288.75	1.50	211.00	0.51	101200.00	278.85
19206000.0	488.00	115.00	40.00	286.75	0.90	194.00	0.63	101200.00	280.05
19209600.0	0.00	0.00	0.00	285.25	0.80	162.00	0.66	101300.00	279.25
19213200.0	0.00	0.00	0.00	284.35	0.90	121.00	0.69	101300.00	279.05
19216800.0	0.00	0.00	0.00	283.15	1.00	86.00	0.75	101300.00	278.95
19220400.0	0.00	0.00	0.00	282.05	1.20	63.00	0.80	101300.00	278.95
19224000.0	0.00	0.00	0.00	281.25	1.30	47.00	0.84	101300.00	278.85
19227600.0	0.00	0.00	0.00	280.65	1.50	36.00	0.87	101200.00	278.75
19231200.0	0.00	0.00	0.00	280.25	1.60	29.00	0.88	101200.00	278.55
19234800.0	0.00	0.00	0.00	279.95	1.70	23.00	0.89	101200.00	278.25
19238400.0	0.00	0.00	0.00	279.55	1.70	16.00	0.89	101200.00	278.05
19242000.0	0.00	0.00	0.00	279.15	1.80	10.00	0.90	101200.00	277.65
19245600.0	0.00	0.00	0.00	278.85	1.90	7.00	0.90	101200.00	277.35
19249200.0	0.00	0.00	0.00	278.55	2.00	7.00	0.90	101200.00	277.15
19252800.0	0.00	0.00	0.00	278.45	2.10	7.00	0.89	101200.00	276.85
19256400.0	60.00	7.00	7.00	279.75	2.80	6.00	0.80	101200.00	276.65
19260000.0	581.00	159.00	45.00	282.55	3.50	181.00	0.67	101300.00	276.85
19263600.0	766.00	352.00	63.00	284.05	3.50	357.00	0.61	101300.00	277.05
19267200.0	846.00	518.00	75.00	289.05	4.30	328.00	0.43	101200.00	276.45
19270800.0	885.00	636.00	83.00	290.85	4.30	317.00	0.37	101100.00	275.85
19274400.0	898.00	693.00	88.00	291.95	4.30	309.00	0.33	101000.00	275.45
19278000.0	890.00	685.00	90.00	292.55	4.30	304.00	0.31	101000.00	275.05
19281600.0	861.00	612.00	89.00	292.75	4.20	300.00	0.30	100900.00	274.85
19285200.0	730.00	460.00	98.00	292.45	3.90	296.00	0.30	100900.00	274.65
19288800.0	688.00	304.00	69.00	290.75	2.60	296.00	0.33	100900.00	274.55
19292400.0	437.00	113.00	45.00	287.55	1.40	306.00	0.49	100900.00	276.95
19296000.0	0.00	0.00	0.00	285.35	1.30	323.00	0.55	101000.00	276.55
19299600.0	0.00	0.00	0.00	284.55	1.30	332.00	0.55	101000.00	276.05
19303200.0	0.00	0.00	0.00	283.85	1.30	331.00	0.57	101100.00	275.65
19306800.0	0.00	0.00	0.00	283.15	1.20	325.00	0.58	101100.00	275.35
19310400.0	0.00	0.00	0.00	282.55	1.20	319.00	0.59	101100.00	275.05
19314000.0	0.00	0.00	0.00	281.95	1.20	312.00	0.61	101100.00	274.95
19317600.0	0.00	0.00	0.00	281.65	1.20	307.00	0.62	101200.00	274.95
19321200.0	0.00	0.00	0.00	281.55	1.00	312.00	0.64	101200.00	275.25
19324800.0	0.00	0.00	0.00	281.55	0.80	337.00	0.66	101200.00	275.55
19328400.0	0.00	0.00	0.00	281.35	0.60	212.00	0.68	101200.00	275.85
19332000.0	0.00	0.00	0.00	280.95	0.70	83.00	0.71	101200.00	276.15
19335600.0	0.00	0.00	0.00	280.45	0.80	103.00	0.75	101300.00	276.35
19339200.0	0.00	0.00	0.00	279.95	0.90	108.00	0.78	101300.00	276.45
19342800.0	66.00	7.00	7.00	281.15	0.90	112.00	0.72	101400.00	276.55
19346400.0	591.00	163.00	45.00	283.95	1.00	137.00	0.64	101500.00	277.45
19350000.0	775.00	358.00	63.00	285.45	1.10	160.00	0.59	101500.00	277.65
19353600.0	859.00	523.00	70.00	290.45	2.00	227.00	0.43	101500.00	277.75
19357200.0	900.00	642.00	76.00	292.05	2.40	237.00	0.37	101500.00	277.15
19360800.0	914.00	698.00	78.00	292.85	2.60	242.00	0.35	101400.00	277.25
19364400.0	914.00	691.00	77.00	293.25	2.60	243.00	0.35	101400.00	277.35
19368000.0	896.00	621.00	74.00	293.35	2.50	241.00	0.34	101300.00	277.15
19371600.0	849.00	492.00	68.00	292.95	2.50	234.00	0.34	101300.00	276.85
19375200.0	746.00	316.00	59.00	291.25	1.90	222.00	0.38	101300.00	276.65
19378800.0	522.00	121.00	39.00	287.95	1.40	202.00	0.54	101400.00	278.85
19382400.0	0.00	0.00	0.00	285.35	1.60	179.00	0.62	101500.00	278.45
19386000.0	0.00	0.00	0.00	284.35	2.00	160.00	0.67	101600.00	278.65
19389600.0	0.00	0.00	0.00	283.45	2.20	148.00	0.74	101600.00	279.05
19393200.0	0.00	0.00	0.00	282.55	2.10	142.00	0.80	101700.00	279.45
19396800.0	0.00	0.00	0.00	281.65	1.80	137.00	0.86	101700.00	279.55
19400400.0	0.00	0.00	0.00	280.85	1.60	133.00	0.90	101700.00	279.45
19404000.0	0.00	0.00	0.00	280.25	1.50	129.00	0.92	101700.00	279.15
19407600.0	0.00	0.00	0.00	279.75	1.50	125.00	0.93	101700.00	278.85
19411200.0	0.00	0.00	0.00	279.35	1.50	122.00	0.94	101700.00	278.55
19414800.0	0.00	0.00	0.00	278.95	1.50	119.00	0.95	101700.00	278.25
19418400.0	0.00	0.00	0.00	278.65	1.60	116.00	0.95	101700.00	278.05
19422000.0	0.00	0.00	0.00	278.35	1.70	112.00	0.96	101800.00	277.85
19425600.0	0.00	0.00	0.00	278.35	1.80	105.00	0.94	101900.00	277.55
19429200.0	69.00	8.00	8.00	280.05	2.50	97.00	0.83	101900.00	277.45
19432800.0	597.00	167.00	45.00	283.35	3.10	89.00	0.67	101900.00	277.55
19436400.0	782.00	363.00	62.00	285.05	2.90	84.00	0.60	101900.00	277.75
19440000.0	863.00	532.00	73.00	290.35	1.90	57.00	0.41	101900.00	277.05
19443600.0	906.00	652.00	79.00	292.25	1.30	34.00	0.35	101800.00	276.45
19447200.0	924.00	711.00	81.00	293.45	0.90	188.00	0.31	101700.00	275.85
19450800.0	923.00	704.00	80.00	294.15	0.80	345.00	0.28	101600.00	275.25
19454400.0	902.00	631.00	77.00	294.35	0.70	325.00	0.27	101600.00	274.75
19458000.0	854.00	500.00	71.00	294.05	0.60	301.00	0.27	101500.00	274.25
19461600.0	755.00	322.00	60.00	292.75	0.50	252.00	0.29	101600.00	274.15
19465200.0	533.00	125.00	40.00	290.25	0.70	197.00	0.42	101600.00	277.35
19468800.0	0.00	0.00	0.00	287.85	1.10	160.00	0.45	101600.00	276.05
19472400.0	0.00	0.00	0.00	286.15	1.30	125.00	0.51	101700.00	276.25
19476000.0	0.00	0.00	0.00	284.55	1.40	94.00	0.57	101700.00	276.55
19479600.0	0.00	0.00	0.00	283.35	1.40	71.00	0.62	101700.00	276.65
19483200.0	0.00	0.00	0.00	282.75	1.70	58.00	0.64	101700.00	276.35
19486800.0	0.00	0.00	0.00	282.35	2.00	51.00	0.64	101700.00	275.95
19490400.0	0.00	0.00	0.00	282.05	2.30	49.00	0.63	101600.00	275.55
19494000.0	0.00	0.00	0.00	281.65	2.30	47.00	0.64	101600.00	275.35
19497600.0	0.00	0.00	0.00	281.15	2.30	47.00	0.66	101600.00	275.25
19501200.0	0.00	0.00	0.00	280.65	2.30	47.00	0.67	101600.00	275.05
19504800.0	0.00	0.00	0.00	280.25	2.30	48.00	0.68	101600.00	274.95
19508400.0	0.00	0.00	0.00	279.95	2.30	48.00	0.69	101700.00	274.85
19512000.0	0.00	0.00	0.00	279.95	2.50	48.00	0.69	101700.00	274.75
19515600.0	57.00	8.00	7.00	281.55	3.30	47.00	0.62	101700.00	274.75
19519200.0	613.00	174.00	47.00	284.75	3.70	45.00	0.51	101700.00	274.95
19522800.0	793.00	373.00	64.00	286.35	3.50	43.00	0.47	101800.00	275.35
19526400.0	884.00	544.00	71.00	292.05	4.00	9.00	0.31	101700.00	274.45
19530000.0	924.00	665.00	77.00	294.05	4.00	181.00	0.25	101600.00	273.45
19533600.0	942.00	724.00	78.00	295.15	3.90	359.00	0.23	101500.00	273.15
19537200.0	941.00	717.00	78.00	295.75	3.80	357.00	0.22	101400.00	272.75
19540800.0	921.00	643.00	74.00	295.85	3.80	358.00	0.21	101400.00	272.35
19544400.0	874.00	510.00	68.00	295.35	3.60	180.00	0.21	101300.00	271.95
19548000.0	778.00	331.00	58.00	293.25	2.50	3.00	0.24	101300.00	271.95
19551600.0	556.00	130.00	39.00	289.35	1.50	9.00	0.40	101300.00	275.85
19555200.0	0.00	0.00	0.00	286.55	1.50	18.00	0.47	101400.00	275.65
19558800.0	0.00	0.00	0.00	285.55	1.70	26.00	0.49	101400.00	275.05
19562400.0	0.00	0.00	0.00	284.95	2.10	31.00	0.49	101500.00	274.65
19566000.0	0.00	0.00	0.00	284.55	2.70	32.00	0.49	101500.00	274.25
19569600.0	0.00	0.00	0.00	284.25	3.20	30.00	0.48	101400.00	273.85
19573200.0	0.00	0.00	0.00	283.85	3.40	27.00	0.49	101400.00	273.65
19576800.0	0.00	0.00	0.00	283.55	3.60	24.00	0.49	101400.00	273.45
19580400.0	0.00	0.00	0.00	283.25	3.70	22.00	0.50	101300.00	273.35
19584000.0	0.00	0.00	0.00	283.05	3.70	20.00	0.50	101300.00	273.15
19587600.0	0.00	0.00	0.00	282.75	3.80	17.00	0.51	101200.00	273.05
19591200.0	0.00	0.00	0.00	282.45	3.60	15.00	0.52	101200.00	273.15
19594800.0	0.00	0.00	0.00	282.05	3.60	14.00	0.54	101200.00	273.25
19598400.0	0.00	0.00	0.00	282.05	3.80	11.00	0.54	101300.00	273.35
19602000.0	54.00	8.00	7.00	283.25	4.40	10.00	0.50	101300.00	273.25
19605600.0	599.00	177.00	50.00	286.15	4.90	8.00	0.41	101300.00	273.25
19609200.0	780.00	376.00	69.00	287.85	5.00	6.00	0.37	101300.00	273.45
19612800.0	858.00	545.00	82.00	292.95	6.50	347.00	0.26	101200.00	273.05
19616400.0	887.00	662.00	94.00	294.85	6.80	340.00	0.22	101200.00	272.35
19620000.0	897.00	718.00	99.00	295.95	6.60	336.00	0.20	101100.00	272.25
19623600.0	887.00	707.00	101.00	296.65	6.30	333.00	0.20	101000.00	272.25
19627200.0	850.00	628.00	100.00	297.05	5.90	332.00	0.19	100900.00	272.35
19630800.0	799.00	496.00	89.00	296.75	5.40	332.00	0.20	100900.00	272.35
19634400.0	717.00	321.00	68.00	295.05	4.00	335.00	0.22	100800.00	272.55
19638000.0	473.00	124.00	46.00	291.45	2.70	341.00	0.31	100800.00	274.35
19641600.0	0.00	0.00	0.00	289.05	2.40	348.00	0.39	100900.00	275.05
19645200.0	0.00	0.00	0.00	288.45	2.60	351.00	0.39	100900.00	274.75
19648800.0	0.00	0.00	0.00	288.05	2.40	346.00	0.41	101000.00	274.95
19652400.0	0.00	0.00	0.00	287.55	1.90	330.00	0.45	101100.00	275.85
19656000.0	0.00	0.00	0.00	286.65	1.30	325.00	0.53	101100.00	277.35
19659600.0	0.00	0.00	0.00	285.85	1.20	340.00	0.58	101000.00	278.05
19663200.0	0.00	0.00	0.00	285.15	1.30	351.00	0.60	101000.00	277.75
19666800.0	0.00	0.00	0.00	284.35	1.40	354.00	0.61	101000.00	277.25
19670400.0	0.00	0.00	0.00	283.45	1.50	356.00	0.63	101000.00	276.75
19674000.0	0.00	0.00	0.00	282.75	1.50	178.00	0.65	100900.00	276.45
19677600.0	0.00	0.00	0.00	282.15	1.50	2.00	0.66	101000.00	276.25
19681200.0	0.00	0.00	0.00	281.65	1.50	3.00	0.67	101000.00	275.95
19684800.0	0.00	0.00	0.00	281.45	1.50	181.00	0.67	101100.00	275.75
19688400.0	43.00	8.00	7.00	282.95	2.00	357.00	0.60	101100.00	275.65
19692000.0	545.00	171.00	53.00	285.85	2.40	353.00	0.50	101200.00	275.85
19695600.0	734.00	365.00	73.00	287.25	2.40	352.00	0.46	101200.00	276.05
19699200.0	840.00	536.00	79.00	293.05	2.70	333.00	0.32	101200.00	276.15
19702800.0	881.00	655.00	87.00	296.05	3.40	324.00	0.28	101100.00	276.55
19706400.0	894.00	712.00	92.00	297.65	3.90	325.00	0.26	101000.00	276.95
19710000.0	888.00	704.00	94.00	298.55	4.30	328.00	0.25	100900.00	276.95
19713600.0	860.00	629.00	91.00	298.85	4.50	329.00	0.24	100800.00	276.85
19717200.0	809.00	498.00	84.00	298.55	4.30	329.00	0.24	100700.00	276.65
19720800.0	710.00	322.00	69.00	296.65	3.10	332.00	0.27	100700.00	276.55
19724400.0	447.00	124.00	49.00	292.85	1.90	338.00	0.39	100800.00	278.65
19728000.0	0.00	0.00	0.00	290.25	1.90	347.00	0.46	100800.00	278.55
19731600.0	0.00	0.00	0.00	289.65	2.30	353.00	0.45	100800.00	277.85
19735200.0	0.00	0.00	0.00	289.35	2.90	178.00	0.44	100800.00	277.25
19738800.0	0.00	0.00	0.00	289.25	3.50	2.00	0.43	100800.00	276.85
19742400.0	0.00	0.00	0.00	289.15	4.10	4.00	0.43	100800.00	276.65
19746000.0	0.00	0.00	0.00	288.95	4.50	6.00	0.43	100700.00	276.65
19749600.0	0.00	0.00	0.00	288.45	4.80	8.00	0.45	100700.00	276.75
19753200.0	0.00	0.00	0.00	287.65	4.80	12.00	0.48	100600.00	276.95
19756800.0	0.00	0.00	0.00	286.85	4.70	14.00	0.51	100600.00	276.95
19760400.0	0.00	0.00	0.00	286.25	4.70	15.00	0.52	100500.00	276.85
19764000.0	0.00	0.00	0.00	285.85	4.80	16.00	0.53	100500.00	276.65
19767600.0	0.00	0.00	0.00	285.65	4.80	16.00	0.54	100500.00	276.55
19771200.0	0.00	0.00	0.00	285.65	4.90	16.00	0.54	100500.00	276.65
19774800.0	52.00	12.00	11.00	286.85	5.40	14.00	0.51	100500.00	276.85
19778400.0	584.00	179.00	51.00	289.85	6.20	8.00	0.43	100500.00	277.15
19782000.0	764.00	375.00	68.00	291.65	6.70	3.00	0.40	100500.00	277.75
19785600.0	814.00	535.00	89.00	295.95	8.90	350.00	0.32	100400.00	278.35
19789200.0	828.00	644.00	106.00	297.35	9.40	347.00	0.29	100300.00	278.45
19792800.0	868.00	710.00	104.00	298.15	9.20	346.00	0.28	100200.00	278.25
19796400.0	853.00	696.00	107.00	298.55	8.90	344.00	0.27	100000.00	278.15
19800000.0	790.00	613.00	116.00	298.65	8.50	341.00	0.27	99900.00	278.15
19803600.0	622.00	454.00	133.00	298.35	7.90	339.00	0.27	99800.00	278.05
19807200.0	518.00	294.00	108.00	297.35	6.80	340.00	0.28	99800.00	277.85
19810800.0	195.00	95.00	62.00	295.45	5.40	344.00	0.32	99800.00	277.95
19814400.0	0.00	0.00	0.00	293.55	4.70	346.00	0.37	99800.00	278.45
19818000.0	0.00	0.00	0.00	292.05	4.30	339.00	0.43	99900.00	279.15
19821600.0	0.00	0.00	0.00	290.05	3.70	307.00	0.53	100000.00	280.55
19825200.0	0.00	0.00	0.00	287.95	3.70	264.00	0.66	100100.00	281.65
19828800.0	0.00	0.00	0.00	285.95	4.30	239.00	0.76	100100.00	281.95
19832400.0	0.00	0.00	0.00	284.35	4.70	237.00	0.83	100200.00	281.75
19836000.0	0.00	0.00	0.00	283.15	4.50	241.00	0.86	100200.00	280.95
19839600.0	0.00	0.00	0.00	282.05	4.10	245.00	0.88	100200.00	280.25
19843200.0	0.00	0.00	0.00	281.15	3.40	250.00	0.89	100300.00	279.55
19846800.0	0.00	0.00	0.00	280.55	2.50	266.00	0.89	100300.00	279.05
19850400.0	0.00	0.00	0.00	280.55	2.30	288.00	0.88	100300.00	278.85
19854000.0	0.00	0.00	0.00	280.75	2.70	298.00	0.89	100300.00	279.25
19857600.0	0.00	0.00	0.00	280.95	3.00	299.00	0.91	100400.00	279.65
19861200.0	57.00	15.00	14.00	281.65	3.50	295.00	0.88	100400.00	279.95
19864800.0	514.00	176.00	61.00	282.95	4.40	282.00	0.83	100500.00	280.25
19868400.0	445.00	292.00	111.00	283.65	4.90	273.00	0.77	100500.00	279.85
19872000.0	216.00	344.00	225.00	285.55	5.80	260.00	0.63	100500.00	278.85
19875600.0	130.00	298.00	213.00	286.65	5.90	257.00	0.54	100500.00	277.55
19879200.0	402.00	541.00	259.00	287.55	6.00	255.00	0.46	100500.00	276.05
19882800.0	212.00	367.00	220.00	288.05	6.10	254.00	0.41	100500.00	274.85
19886400.0	556.00	536.00	184.00	288.25	6.10	252.00	0.37	100500.00	273.75
19890000.0	95.00	200.00	151.00	287.85	6.10	251.00	0.36	100500.00	273.15
19893600.0	233.00	185.00	101.00	286.95	5.60	250.00	0.39	100500.00	273.25
19897200.0	60.00	51.00	41.00	285.35	4.50	251.00	0.46	100600.00	274.05
19900800.0	0.00	0.00	0.00	283.85	3.40	255.00	0.54	100700.00	275.05
19904400.0	0.00	0.00	0.00	282.95	3.10	258.00	0.60	100800.00	275.75
19908000.0	0.00	0.00	0.00	282.15	3.00	259.00	0.65	100900.00	275.95
19911600.0	0.00	0.00	0.00	281.35	2.90	258.00	0.69	101000.00	276.15
19915200.0	0.00	0.00	0.00	280.45	2.50	258.00	0.74	101000.00	276.25
19918800.0	0.00	0.00	0.00	279.55	2.10	259.00	0.81	101000.00	276.65
19922400.0	0.00	0.00	0.00	278.95	2.00	260.00	0.87	101000.00	277.05
19926000.0	0.00	0.00	0.00	278.45	1.90	262.00	0.93	101000.00	277.55
19929600.0	0.00	0.00	0.00	278.35	2.00	265.00	0.96	100900.00	277.85
19933200.0	0.00	0.00	0.00	278.35	2.20	268.00	0.97	100900.00	278.05
19936800.0	0.00	0.00	0.00	278.45	2.30	269.00	0.97	101000.00	278.15
19940400.0	0.00	0.00	0.00	278.35	2.20	270.00	0.98	101000.00	278.15
19944000.0	0.00	0.00	0.00	278.45	2.10	275.00	0.97	101100.00	278.05
19947600.0	84.00	17.00	15.00	279.15	2.00	285.00	0.91	101100.00	277.95
19951200.0	545.00	184.00	60.00	280.85	2.00	288.00	0.82	101200.00	278.15
19954800.0	734.00	381.00	80.00	282.05	2.10	285.00	0.76	101200.00	278.15
19958400.0	834.00	552.00	88.00	286.85	3.00	265.00	0.52	101200.00	277.15
19962000.0	881.00	672.00	92.00	288.75	3.00	268.00	0.42	101100.00	276.05
19965600.0	904.00	731.00	93.00	289.95	3.00	276.00	0.37	101000.00	275.45
19969200.0	904.00	723.00	91.00	290.65	3.10	282.00	0.35	100900.00	275.05
19972800.0	843.00	636.00	100.00	290.85	3.10	286.00	0.33	100900.00	274.55
19976400.0	707.00	476.00	107.00	290.55	3.00	288.00	0.33	100800.00	274.25
19980000.0	729.00	334.00	68.00	289.35	2.30	291.00	0.35	100800.00	274.15
19983600.0	506.00	135.00	46.00	286.55	1.40	299.00	0.47	100800.00	275.55
19987200.0	0.00	0.00	0.00	284.15	1.10	310.00	0.59	100900.00	276.45
19990800.0	0.00	0.00	0.00	283.15	1.20	321.00	0.60	100900.00	275.85
19994400.0	0.00	0.00	0.00	282.35	1.40	327.00	0.61	100900.00	275.45
19998000.0	0.00	0.00	0.00	281.75	1.50	329.00	0.62	101000.00	275.05
20001600.0	0.00	0.00	0.00	281.15	1.60	330.00	0.64	100900.00	274.85
20005200.0	0.00	0.00	0.00	280.65	1.60	329.00	0.65	100900.00	274.55
20008800.0	0.00	0.00	0.00	280.05	1.60	328.00	0.67	100900.00	274.45
20012400.0	0.00	0.00	0.00	279.35	1.50	328.00	0.70	100800.00	274.35
20016000.0	0.00	0.00	0.00	278.75	1.30	328.00	0.72	100800.00	274.25
20019600.0	0.00	0.00	0.00	278.25	1.20	333.00	0.74	100800.00	274.15
20023200.0	0.00	0.00	0.00	278.05	1.10	343.00	0.74	100700.00	273.95
20026800.0	0.00	0.00	0.00	277.95	1.10	177.00	0.73	100700.00	273.65
20030400.0	0.00	0.00	0.00	277.85	1.10	11.00	0.73	100700.00	273.45
20034000.0	142.00	19.00	15.00	279.75	1.60	22.00	0.64	100800.00	273.55
20037600.0	608.00	193.00	52.00	283.35	2.30	22.00	0.52	100800.00	273.95
20041200.0	783.00	393.00	68.00	285.05	2.50	19.00	0.45	100800.00	273.75
20044800.0	855.00	562.00	82.00	289.95	3.20	349.00	0.32	100700.00	273.15
20048400.0	886.00	678.00	91.00	291.45	3.40	342.00	0.28	100700.00	272.95
20052000.0	897.00	734.00	97.00	292.35	3.40	334.00	0.26	100600.00	272.55
20055600.0	889.00	725.00	100.00	292.65	3.30	327.00	0.25	100500.00	272.15
20059200.0	859.00	648.00	99.00	292.45	3.10	324.00	0.25	100400.00	271.75
20062800.0	791.00	508.00	92.00	291.75	2.80	327.00	0.25	100300.00	271.45
20066400.0	679.00	330.00	80.00	290.15	2.30	328.00	0.27	100300.00	271.25
20070000.0	410.00	129.00	56.00	287.65	1.90	318.00	0.37	100300.00	273.35
20073600.0	0.00	0.00	0.00	285.85	1.80	305.00	0.46	100400.00	274.65
20077200.0	0.00	0.00	0.00	284.75	1.60	298.00	0.51	100400.00	275.05
20080800.0	0.00	0.00	0.00	283.95	1.10	298.00	0.58	100500.00	276.05
20084400.0	0.00	0.00	0.00	283.65	0.90	316.00	0.61	100500.00	276.65
20088000.0	0.00	0.00	0.00	283.25	0.80	167.00	0.63	100400.00	276.55
20091600.0	0.00	0.00	0.00	282.35	0.90	4.00	0.67	100400.00	276.65
20095200.0	0.00	0.00	0.00	281.55	0.90	182.00	0.72	100400.00	276.95
20098800.0	0.00	0.00	0.00	281.05	0.90	353.00	0.78	100400.00	277.45
20102400.0	0.00	0.00	0.00	280.75	0.80	342.00	0.82	100300.00	277.95
20106000.0	0.00	0.00	0.00	280.65	0.70	333.00	0.85	100300.00	278.35
20109600.0	0.00	0.00	0.00	280.45	0.60	329.00	0.88	100300.00	278.65
20113200.0	0.00	0.00	0.00	280.25	0.50	343.00	0.90	100300.00	278.75
20116800.0	0.00	0.00	0.00	280.05	0.60	193.00	0.91	100300.00	278.85
20120400.0	92.00	19.00	16.00	281.15	0.80	46.00	0.85	100400.00	278.85
20124000.0	553.00	191.00	60.00	283.95	1.20	86.00	0.70	100400.00	278.85
20127600.0	748.00	390.00	77.00	285.55	1.40	108.00	0.59	100400.00	277.75
20131200.0	859.00	565.00	79.00	288.85	2.50	122.00	0.44	100300.00	276.65
20134800.0	903.00	685.00	83.00	290.15	2.80	124.00	0.38	100300.00	275.95
20138400.0	924.00	746.00	86.00	291.05	2.90	126.00	0.35	100200.00	275.45
20142000.0	450.00	560.00	242.00	291.55	2.80	128.00	0.33	100200.00	275.15
20145600.0	769.00	619.00	124.00	291.65	2.50	135.00	0.32	100100.00	274.85
20149200.0	181.00	228.00	132.00	291.25	2.50	144.00	0.33	100100.00	274.75
20152800.0	736.00	340.00	67.00	290.05	2.20	150.00	0.35	100200.00	274.65
20156400.0	550.00	144.00	45.00	287.15	1.60	152.00	0.46	100300.00	275.85
20160000.0	0.00	0.00	0.00	284.45	1.50	147.00	0.60	100300.00	276.95
20163600.0	0.00	0.00	0.00	283.55	1.60	136.00	0.62	100400.00	276.75
20167200.0	0.00	0.00	0.00	282.75	1.60	122.00	0.66	100500.00	276.85
20170800.0	0.00	0.00	0.00	282.05	1.60	109.00	0.69	100500.00	276.75
20174400.0	0.00	0.00	0.00	281.55	1.60	98.00	0.70	100500.00	276.55
20178000.0	0.00	0.00	0.00	281.05	1.70	91.00	0.71	100500.00	276.25
20181600.0	0.00	0.00	0.00	280.55	1.70	88.00	0.72	100500.00	275.85
20185200.0	0.00	0.00	0.00	280.15	1.70	85.00	0.71	100400.00	275.45
20188800.0	0.00	0.00	0.00	279.65	1.70	81.00	0.72	100400.00	275.15
20192400.0	0.00	0.00	0.00	279.25	1.70	77.00	0.73	100400.00	274.85
20196000.0	0.00	0.00	0.00	278.85	1.70	75.00	0.74	100400.00	274.75
20199600.0	0.00	0.00	0.00	278.55	1.70	76.00	0.76	100500.00	274.65
20203200.0	0.00	0.00	0.00	278.55	1.70	75.00	0.76	100500.00	274.75
20206800.0	179.00	23.00	16.00	280.55	2.40	71.00	0.67	100600.00	275.05
20210400.0	638.00	205.00	51.00	284.05	2.90	63.00	0.55	100600.00	275.55
20214000.0	794.00	404.00	68.00	285.85	2.70	59.00	0.50	100600.00	275.65
20217600.0	756.00	539.00	108.00	289.85	2.40	52.00	0.36	100600.00	274.75
20221200.0	863.00	679.00	100.00	290.75	2.20	49.00	0.33	100600.00	274.25
20224800.0	892.00	741.00	100.00	291.25	1.90	49.00	0.31	100500.00	273.75
20228400.0	106.00	272.00	197.00	291.25	1.50	56.00	0.30	100400.00	273.35
20232000.0	0.00	96.00	96.00	291.05	1.20	76.00	0.30	100400.00	273.15
20235600.0	3.00	122.00	120.00	290.45	1.10	102.00	0.30	100300.00	272.95
20239200.0	0.00	73.00	73.00	289.35	1.00	127.00	0.33	100300.00	272.95
20242800.0	0.00	20.00	20.00	287.25	0.90	146.00	0.44	100400.00	275.35
20246400.0	0.00	0.00	0.00	285.15	1.00	152.00	0.56	100400.00	276.65
20250000.0	0.00	0.00	0.00	284.05	1.20	145.00	0.59	100500.00	276.35
20253600.0	0.00	0.00	0.00	283.15	1.20	132.00	0.62	100500.00	276.35
20257200.0	0.00	0.00	0.00	282.35	1.30	117.00	0.66	100500.00	276.35
20260800.0	0.00	0.00	0.00	281.65	1.20	102.00	0.69	100500.00	276.35
20264400.0	0.00	0.00	0.00	281.15	1.30	90.00	0.71	100400.00	276.35
20268000.0	0.00	0.00	0.00	280.85	1.30	83.00	0.72	100400.00	276.15
20271600.0	0.00	0.00	0.00	280.65	1.30	80.00	0.72	100400.00	275.95
20275200.0	0.00	0.00	0.00	280.45	1.20	81.00	0.72	100400.00	275.85
20278800.0	0.00	0.00	0.00	280.25	1.10	82.00	0.74	100400.00	275.95
20282400.0	0.00	0.00	0.00	280.15	1.00	83.00	0.75	100400.00	276.05
20286000.0	0.00	0.00	0.00	280.05	0.90	82.00	0.76	100500.00	276.15
20289600.0	0.00	0.00	0.00	280.25	0.90	78.00	0.74	100500.00	276.05
20293200.0	147.00	24.00	18.00	281.75	0.90	71.00	0.67	100600.00	276.15
20296800.0	602.00	204.00	56.00	284.85	0.90	150.00	0.57	100600.00	276.65
20300400.0	772.00	403.00	73.00	286.55	0.90	235.00	0.49	100600.00	276.25
20304000.0	859.00	575.00	81.00	289.25	2.20	228.00	0.40	100500.00	275.75
20307600.0	902.00	696.00	87.00	290.15	2.50	228.00	0.37	100500.00	275.45
20311200.0	919.00	753.00	89.00	290.85	2.80	228.00	0.35	100400.00	275.15
20314800.0	670.00	656.00	177.00	291.15	3.00	228.00	0.33	100400.00	274.95
20318400.0	96.00	295.00	233.00	291.05	3.00	226.00	0.33	100400.00	274.75
20322000.0	268.00	313.00	170.00	290.55	2.90	223.00	0.34	100400.00	274.65
20325600.0	715.00	342.00	73.00	289.35	2.30	217.00	0.37	100400.00	274.65
20329200.0	490.00	141.00	50.00	286.95	1.40	203.00	0.46	100400.00	275.75
20332800.0	0.00	0.00	0.00	284.85	0.90	181.00	0.59	100500.00	277.25
20336400.0	0.00	0.00	0.00	284.25	0.90	155.00	0.61	100600.00	277.15
20340000.0	0.00	0.00	0.00	283.75	0.90	131.00	0.63	100600.00	277.15
20343600.0	0.00	0.00	0.00	283.45	0.90	114.00	0.65	100600.00	277.15
20347200.0	0.00	0.00	0.00	283.25	1.00	102.00	0.66	100600.00	277.25
20350800.0	0.00	0.00	0.00	282.85	1.10	95.00	0.67	100600.00	277.15
20354400.0	0.00	0.00	0.00	282.45	1.20	90.00	0.68	100600.00	276.95
20358000.0	0.00	0.00	0.00	281.85	1.30	88.00	0.70	100500.00	276.75
20361600.0	0.00	0.00	0.00	281.35	1.30	87.00	0.71	100500.00	276.55
20365200.0	0.00	0.00	0.00	280.85	1.30	89.00	0.73	100500.00	276.35
20368800.0	0.00	0.00	0.00	280.55	1.30	92.00	0.74	100600.00	276.35
20372400.0	0.00	0.00	0.00	280.25	1.30	94.00	0.76	100600.00	276.35
20376000.0	0.00	0.00	0.00	280.35	1.50	96.00	0.76	100700.00	276.45
20379600.0	46.00	18.00	16.00	281.65	2.20	96.00	0.70	100800.00	276.55
20383200.0	565.00	203.00	62.00	284.55	2.60	97.00	0.58	100800.00	276.75
20386800.0	19.00	150.00	142.00	286.15	2.40	99.00	0.51	100900.00	276.25
20390400.0	159.00	337.00	245.00	288.85	2.00	106.00	0.42	100900.00	276.05
20394000.0	871.00	687.00	95.00	289.65	2.00	116.00	0.40	100800.00	276.05
20397600.0	896.00	748.00	96.00	290.25	2.00	130.00	0.38	100800.00	276.05
20401200.0	385.00	555.00	278.00	290.55	2.20	146.00	0.37	100700.00	275.95
20404800.0	714.00	611.00	144.00	290.55	2.40	159.00	0.37	100700.00	275.75
20408400.0	834.00	530.00	81.00	290.05	2.70	167.00	0.37	100700.00	275.45
20412000.0	740.00	349.00	68.00	289.05	2.70	173.00	0.39	100800.00	275.35
20415600.0	543.00	149.00	47.00	286.85	2.10	176.00	0.47	100900.00	275.85
20419200.0	40.00	4.00	5.00	284.65	1.90	175.00	0.59	101000.00	277.05
20422800.0	0.00	0.00	0.00	283.55	2.20	166.00	0.63	101100.00	276.85
20426400.0	0.00	0.00	0.00	282.75	2.40	154.00	0.67	101100.00	276.95
20430000.0	0.00	0.00	0.00	281.85	2.40	144.00	0.72	101200.00	277.05
20433600.0	0.00	0.00	0.00	280.95	2.20	137.00	0.76	101200.00	277.15
20437200.0	0.00	0.00	0.00	280.25	2.00	132.00	0.79	101200.00	277.05
20440800.0	0.00	0.00	0.00	279.55	1.80	129.00	0.82	101200.00	276.85
20444400.0	0.00	0.00	0.00	278.95	1.60	126.00	0.84	101200.00	276.55
20448000.0	0.00	0.00	0.00	278.35	1.50	121.00	0.85	101200.00	276.15
20451600.0	0.00	0.00	0.00	277.95	1.40	116.00	0.85	101200.00	275.75
20455200.0	0.00	0.00	0.00	277.55	1.30	112.00	0.86	101300.00	275.45
20458800.0	0.00	0.00	0.00	277.25	1.30	107.00	0.86	101300.00	275.25
20462400.0	0.00	0.00	0.00	277.35	1.30	101.00	0.84	101400.00	275.05
20466000.0	227.00	31.00	20.00	279.35	1.70	96.00	0.74	101400.00	275.05
20469600.0	659.00	220.00	52.00	282.85	1.90	101.00	0.60	101500.00	275.45
20473200.0	813.00	423.00	68.00	284.55	1.50	107.00	0.53	101500.00	275.35
20476800.0	881.00	593.00	79.00	288.35	1.00	190.00	0.37	101400.00	273.95
20480400.0	920.00	712.00	83.00	289.65	1.20	212.00	0.34	101400.00	273.65
20484000.0	937.00	769.00	84.00	290.55	1.40	220.00	0.31	101300.00	273.25
20487600.0	934.00	759.00	84.00	291.05	1.60	225.00	0.29	101200.00	272.95
20491200.0	913.00	681.00	81.00	291.05	1.90	227.00	0.29	101100.00	272.75
20494800.0	861.00	543.00	77.00	290.55	2.10	224.00	0.29	101100.00	272.55
20498400.0	753.00	356.00	68.00	289.35	2.00	218.00	0.32	101100.00	272.65
20502000.0	544.00	151.00	47.00	286.45	1.60	207.00	0.42	101200.00	273.85
20505600.0	37.00	4.00	5.00	283.65	1.40	193.00	0.58	101200.00	275.85
20509200.0	0.00	0.00	0.00	282.45	1.50	174.00	0.63	101300.00	275.95
20512800.0	0.00	0.00	0.00	281.55	1.50	152.00	0.69	101300.00	276.35
20516400.0	0.00	0.00	0.00	280.85	1.50	131.00	0.74	101300.00	276.65
20520000.0	0.00	0.00	0.00	280.35	1.50	110.00	0.77	101300.00	276.65
20523600.0	0.00	0.00	0.00	280.05	1.70	92.00	0.77	101200.00	276.45
20527200.0	0.00	0.00	0.00	279.65	1.70	76.00	0.76	101200.00	275.85
20530800.0	0.00	0.00	0.00	279.25	1.70	60.00	0.74	101200.00	274.95
20534400.0	0.00	0.00	0.00	278.75	1.60	44.00	0.71	101100.00	274.05
20538000.0	0.00	0.00	0.00	278.45	1.60	29.00	0.68	101100.00	273.25
20541600.0	0.00	0.00	0.00	278.15	1.60	18.00	0.67	101100.00	272.65
20545200.0	0.00	0.00	0.00	277.75	1.70	13.00	0.67	101200.00	272.25
20548800.0	0.00	0.00	0.00	277.85	2.00	11.00	0.65	101200.00	271.95
20552400.0	189.00	34.00	24.00	279.75	3.00	12.00	0.57	101200.00	271.95
20556000.0	611.00	220.00	62.00	283.15	3.80	7.00	0.45	101300.00	271.95
20559600.0	777.00	423.00	80.00	285.05	3.80	2.00	0.40	101300.00	272.05
20563200.0	857.00	594.00	90.00	290.05	4.80	338.00	0.29	101200.00	272.05
20566800.0	897.00	711.00	93.00	291.55	4.80	331.00	0.28	101200.00	272.55
20570400.0	915.00	769.00	96.00	292.45	4.80	328.00	0.26	101100.00	272.75
20574000.0	806.00	719.00	134.00	293.05	4.80	327.00	0.25	101000.00	272.75
20577600.0	876.00	673.00	94.00	293.25	4.60	328.00	0.25	101000.00	272.75
20581200.0	834.00	538.00	84.00	292.95	4.40	331.00	0.26	100900.00	272.75
20584800.0	670.00	338.00	80.00	291.85	3.60	335.00	0.28	100900.00	272.85
20588400.0	140.00	94.00	67.00	288.95	2.30	343.00	0.36	100900.00	273.85
20592000.0	27.00	5.00	6.00	286.65	1.90	353.00	0.46	100900.00	275.45
20595600.0	0.00	0.00	0.00	286.65	2.30	181.00	0.45	100900.00	275.05
20599200.0	0.00	0.00	0.00	286.55	2.60	6.00	0.44	100900.00	274.75
20602800.0	0.00	0.00	0.00	286.25	2.90	9.00	0.45	100900.00	274.65
20606400.0	0.00	0.00	0.00	285.95	3.10	10.00	0.46	100900.00	274.55
20610000.0	0.00	0.00	0.00	285.65	3.20	12.00	0.46	100800.00	274.55
20613600.0	0.00	0.00	0.00	285.25	3.30	14.00	0.48	100800.00	274.55
20617200.0	0.00	0.00	0.00	285.05	3.40	16.00	0.48	100800.00	274.55
20620800.0	0.00	0.00	0.00	284.95	3.50	18.00	0.48	100700.00	274.45
20624400.0	0.00	0.00	0.00	284.85	3.70	19.00	0.48	100700.00	274.25
20628000.0	0.00	0.00	0.00	284.75	3.90	20.00	0.47	100700.00	273.85
20631600.0	0.00	0.00	0.00	284.55	4.20	21.00	0.46	100700.00	273.45
20635200.0	0.00	0.00	0.00	284.55	4.40	22.00	0.45	100800.00	273.15
20638800.0	27.00	17.00	15.00	285.25	4.80	23.00	0.42	100800.00	272.95
20642400.0	6.00	59.00	57.00	287.05	5.40	20.00	0.38	100800.00	272.85
20646000.0	398.00	328.00	150.00	288.25	5.80	17.00	0.35	100800.00	272.85
20649600.0	608.00	516.00	156.00	291.95	7.40	181.00	0.27	100800.00	272.75
20653200.0	286.00	495.00	297.00	293.55	7.60	358.00	0.25	100700.00	273.05
20656800.0	544.00	644.00	242.00	294.45	7.40	359.00	0.24	100600.00	273.25
20660400.0	492.00	618.00	259.00	294.95	7.00	180.00	0.24	100500.00	273.35
20664000.0	328.00	494.00	276.00	295.05	6.60	2.00	0.24	100400.00	273.55
20667600.0	341.00	392.00	205.00	294.85	6.00	7.00	0.25	100300.00	273.85
20671200.0	541.00	313.00	103.00	294.05	5.10	15.00	0.27	100300.00	274.35
20674800.0	341.00	127.00	60.00	291.75	3.70	16.00	0.32	100300.00	274.95
20678400.0	8.00	4.00	4.00	289.95	3.00	7.00	0.39	100400.00	275.95
20682000.0	0.00	0.00	0.00	289.85	3.30	1.00	0.40	100500.00	276.35
20685600.0	0.00	0.00	0.00	289.65	3.60	1.00	0.41	100600.00	276.25
20689200.0	0.00	0.00	0.00	289.35	4.00	5.00	0.41	100600.00	276.05
20692800.0	0.00	0.00	0.00	288.95	4.60	9.00	0.41	100500.00	275.85
20696400.0	0.00	0.00	0.00	288.55	5.00	9.00	0.42	100500.00	275.75
20700000.0	0.00	0.00	0.00	287.95	4.90	17.00	0.44	100400.00	275.75
20703600.0	0.00	0.00	0.00	287.45	4.90	32.00	0.45	100400.00	275.85
20707200.0	0.00	0.00	0.00	287.05	5.20	41.00	0.46	100300.00	275.85
20710800.0	0.00	0.00	0.00	286.95	5.30	44.00	0.46	100300.00	275.55
20714400.0	0.00	0.00	0.00	287.45	5.70	41.00	0.42	100300.00	274.65
20718000.0	0.00	0.00	0.00	288.05	6.40	37.00	0.36	100300.00	273.25
20721600.0	0.00	0.00	0.00	288.15	6.70	40.00	0.34	100400.00	272.45
20725200.0	38.00	23.00	21.00	288.55	6.60	45.00	0.32	100400.00	272.15
20728800.0	428.00	192.00	77.00	290.55	6.70	43.00	0.28	100400.00	272.15
20732400.0	694.00	408.00	95.00	291.95	6.90	38.00	0.26	100400.00	272.05
20736000.0	39.00	221.00	198.00	295.75	8.30	13.00	0.20	100300.00	271.75
20739600.0	27.00	240.00	221.00	295.35	8.80	180.00	0.23	100400.00	273.25
20743200.0	47.00	325.00	290.00	293.65	8.10	181.00	0.35	100400.00	277.75
20746800.0	20.00	250.00	235.00	292.95	7.30	9.00	0.45	100300.00	280.65
20750400.0	106.00	368.00	297.00	292.75	7.10	13.00	0.46	100300.00	280.95
20754000.0	0.00	112.00	112.00	291.75	6.50	17.00	0.47	100200.00	280.45
20757600.0	0.00	52.00	52.00	290.65	5.20	25.00	0.50	100200.00	280.05
20761200.0	0.00	34.00	34.00	289.65	4.10	31.00	0.53	100200.00	280.05
20764800.0	4.00	3.00	3.00	288.65	3.60	27.00	0.57	100300.00	280.35
20768400.0	0.00	0.00	0.00	287.75	3.40	16.00	0.63	100400.00	280.85
20772000.0	0.00	0.00	0.00	286.85	3.80	9.00	0.69	100500.00	281.45
20775600.0	0.00	0.00	0.00	286.05	4.40	13.00	0.75	100500.00	281.85
20779200.0	0.00	0.00	0.00	285.45	4.60	20.00	0.81	100400.00	282.45
20782800.0	0.00	0.00	0.00	285.45	4.80	14.00	0.84	100300.00	282.95
20786400.0	0.00	0.00	0.00	285.55	4.70	7.00	0.87	100300.00	283.55
20790000.0	0.00	0.00	0.00	285.75	4.10	7.00	0.89	100200.00	284.05
20793600.0	0.00	0.00	0.00	286.05	3.60	10.00	0.90	100100.00	284.55
20797200.0	0.00	0.00	0.00	286.35	3.30	7.00	0.91	100100.00	285.05
20800800.0	0.00	0.00	0.00	286.65	3.50	174.00	0.93	100100.00	285.55
20804400.0	0.00	0.00	0.00	286.55	3.60	342.00	0.95	100200.00	285.85
20808000.0	0.00	0.00	0.00	286.35	3.00	338.00	0.96	100200.00	285.85
20811600.0	30.00	20.00	18.00	286.85	2.90	333.00	0.92	100300.00	285.65
20815200.0	214.00	143.00	85.00	288.15	3.50	325.00	0.86	100300.00	285.95
20818800.0	0.00	57.00	57.00	288.95	3.70	320.00	0.79	100300.00	285.35
20822400.0	222.00	300.00	166.00	292.25	3.90	320.00	0.58	100300.00	283.95
20826000.0	197.00	360.00	222.00	294.25	4.30	320.00	0.47	100200.00	282.65
20829600.0	241.00	464.00	284.00	295.55	4.70	319.00	0.40	100200.00	281.35
20833200.0	584.00	632.00	201.00	296.25	5.00	317.00	0.35	100100.00	280.05
20836800.0	854.00	678.00	104.00	296.45	5.20	314.00	0.32	100000.00	278.95
20840400.0	774.00	532.00	103.00	296.05	5.20	308.00	0.31	100000.00	278.25
20844000.0	484.00	304.00	113.00	295.05	4.60	302.00	0.33	100100.00	278.15
20847600.0	420.00	148.00	64.00	292.65	3.30	295.00	0.40	100200.00	278.65
20851200.0	12.00	5.00	5.00	290.55	2.60	287.00	0.50	100300.00	279.95
20854800.0	0.00	0.00	0.00	289.75	2.90	277.00	0.53	100400.00	280.25
20858400.0	0.00	0.00	0.00	289.05	3.10	263.00	0.57	100500.00	280.75
20862000.0	0.00	0.00	0.00	288.05	2.90	252.00	0.64	100600.00	281.35
20865600.0	0.00	0.00	0.00	286.75	2.40	248.00	0.72	100600.00	281.85
20869200.0	0.00	0.00	0.00	285.45	1.80	251.00	0.79	100600.00	282.05
20872800.0	0.00	0.00	0.00	284.35	1.40	257.00	0.86	100600.00	282.15
20876400.0	0.00	0.00	0.00	283.35	1.20	264.00	0.92	100600.00	282.15
20880000.0	0.00	0.00	0.00	282.65	1.20	271.00	0.97	100600.00	282.35
20883600.0	0.00	0.00	0.00	282.35	1.20	274.00	1.00	100700.00	282.45
20887200.0	0.00	0.00	0.00	282.35	1.10	276.00	1.00	100700.00	282.45
20890800.0	0.00	0.00	0.00	282.35	1.10	277.00	1.00	100800.00	282.45
20894400.0	0.00	0.00	0.00	282.65	1.30	279.00	0.97	100900.00	282.35
20898000.0	272.00	46.00	26.00	283.75	1.80	273.00	0.90	100900.00	282.35
20901600.0	660.00	240.00	57.00	285.55	2.30	260.00	0.83	101000.00	282.75
20905200.0	572.00	373.00	110.00	286.55	2.40	254.00	0.78	101000.00	282.95
20908800.0	549.00	490.00	157.00	290.05	2.30	265.00	0.60	101000.00	282.45
20912400.0	221.00	458.00	302.00	292.05	2.50	271.00	0.49	100900.00	281.35
20916000.0	71.00	384.00	331.00	293.45	2.70	273.00	0.43	100800.00	280.65
20919600.0	187.00	418.00	279.00	294.25	2.80	274.00	0.40	100800.00	280.05
20923200.0	570.00	560.00	175.00	294.55	2.80	274.00	0.38	100700.00	279.55
20926800.0	687.00	506.00	123.00	294.25	2.70	274.00	0.37	100600.00	279.15
20930400.0	507.00	310.00	109.00	293.25	2.30	273.00	0.39	100600.00	278.95
20934000.0	536.00	161.00	52.00	290.85	1.40	267.00	0.47	100600.00	279.45
20937600.0	2.00	2.00	2.00	288.75	0.90	254.00	0.59	100700.00	280.95
20941200.0	0.00	0.00	0.00	288.45	0.60	242.00	0.58	100800.00	280.25
20944800.0	0.00	0.00	0.00	288.45	0.40	282.00	0.57	100800.00	279.95
20948400.0	0.00	0.00	0.00	288.05	0.40	340.00	0.58	100800.00	279.95
20952000.0	0.00	0.00	0.00	287.35	0.70	354.00	0.60	100800.00	279.75
20955600.0	0.00	0.00	0.00	286.65	0.80	357.00	0.63	100800.00	279.85
20959200.0	0.00	0.00	0.00	285.95	0.80	359.00	0.67	100700.00	280.05
20962800.0	0.00	0.00	0.00	285.25	0.80	358.00	0.70	100700.00	280.05
20966400.0	0.00	0.00	0.00	284.75	0.90	357.00	0.71	100600.00	279.85
20970000.0	0.00	0.00	0.00	284.25	0.90	181.00	0.73	100600.00	279.75
20973600.0	0.00	0.00	0.00	283.55	1.00	11.00	0.76	100600.00	279.55
20977200.0	0.00	0.00	0.00	282.75	1.00	22.00	0.79	100600.00	279.35
20980800.0	0.00	0.00	0.00	282.55	1.10	33.00	0.78	100600.00	279.05
20984400.0	258.00	48.00	28.00	284.75	1.90	43.00	0.68	100600.00	279.15
20988000.0	554.00	226.00	70.00	288.65	2.40	44.00	0.54	100600.00	279.35
20991600.0	786.00	442.00	77.00	290.55	2.20	40.00	0.46	100600.00	278.85
20995200.0	888.00	619.00	79.00	294.65	3.30	254.00	0.26	101100.00	274.55
20998800.0	929.00	741.00	84.00	296.35	3.60	246.00	0.28	101000.00	277.05
21002400.0	949.00	799.00	84.00	297.45	3.80	239.00	0.27	100900.00	277.35
21006000.0	950.00	787.00	81.00	297.85	4.10	230.00	0.25	100900.00	276.85
21009600.0	932.00	708.00	77.00	297.65	4.10	221.00	0.25	100900.00	276.25
21013200.0	894.00	570.00	71.00	297.05	3.80	212.00	0.24	100900.00	275.55
21016800.0	814.00	384.00	60.00	295.65	3.20	202.00	0.25	100900.00	274.95
21020400.0	627.00	172.00	44.00	292.25	2.10	185.00	0.31	101000.00	274.95
21024000.0	72.00	7.00	7.00	288.65	1.50	163.00	0.41	101000.00	275.55
21027600.0	0.00	0.00	0.00	287.05	1.60	143.00	0.46	101100.00	275.85
21031200.0	0.00	0.00	0.00	286.05	1.70	124.00	0.50	101100.00	276.05
21034800.0	0.00	0.00	0.00	285.35	1.70	107.00	0.53	101100.00	276.05
21038400.0	0.00	0.00	0.00	284.75	1.80	90.00	0.54	101100.00	275.85
21042000.0	0.00	0.00	0.00	284.45	1.90	77.00	0.54	101100.00	275.45
21045600.0	0.00	0.00	0.00	284.25	2.10	68.00	0.53	101100.00	275.15
21049200.0	0.00	0.00	0.00	284.05	2.30	63.00	0.53	101100.00	274.95
21052800.0	0.00	0.00	0.00	283.75	2.40	59.00	0.54	101000.00	274.85
21056400.0	0.00	0.00	0.00	283.55	2.70	58.00	0.54	101000.00	274.85
21060000.0	0.00	0.00	0.00	283.55	3.20	56.00	0.55	101000.00	274.95
21063600.0	0.00	0.00	0.00	283.65	3.60	53.00	0.54	101000.00	274.95
21067200.0	0.00	0.00	0.00	283.95	4.20	49.00	0.53	101000.00	274.85
21070800.0	265.00	47.00	26.00	285.65	4.80	44.00	0.46	101000.00	274.55
21074400.0	689.00	249.00	54.00	289.25	5.00	34.00	0.36	101000.00	274.15
21078000.0	827.00	454.00	68.00	291.55	5.00	28.00	0.30	101000.00	273.65
21081600.0	882.00	620.00	80.00	298.05	6.20	174.00	0.19	100900.00	272.55
21085200.0	900.00	731.00	90.00	300.65	6.50	342.00	0.16	100800.00	272.55
21088800.0	896.00	779.00	100.00	302.35	6.60	333.00	0.14	100600.00	272.45
21092400.0	249.00	514.00	328.00	303.55	6.70	328.00	0.13	100500.00	272.45
21096000.0	838.00	680.00	110.00	304.05	6.80	325.00	0.13	100400.00	272.55
21099600.0	800.00	545.00	95.00	304.05	6.60	323.00	0.13	100400.00	272.65
21103200.0	767.00	373.00	66.00	303.05	5.80	324.00	0.14	100300.00	272.55
21106800.0	575.00	166.00	47.00	300.15	4.40	329.00	0.16	100400.00	272.45
21110400.0	54.00	7.00	7.00	296.65	3.20	333.00	0.20	100400.00	272.75
21114000.0	0.00	0.00	0.00	293.95	2.20	328.00	0.25	100500.00	273.15
21117600.0	0.00	0.00	0.00	291.85	1.60	311.00	0.30	100600.00	274.15
21121200.0	0.00	0.00	0.00	290.55	1.40	294.00	0.37	100600.00	275.75
21124800.0	0.00	0.00	0.00	289.65	1.10	276.00	0.44	100600.00	277.35
21128400.0	0.00	0.00	0.00	288.85	0.90	242.00	0.50	100600.00	278.55
21132000.0	0.00	0.00	0.00	288.15	1.00	216.00	0.57	100700.00	279.65
21135600.0	0.00	0.00	0.00	287.55	1.10	206.00	0.64	100700.00	280.85
21139200.0	0.00	0.00	0.00	286.75	1.10	205.00	0.72	100700.00	281.95
21142800.0	0.00	0.00	0.00	285.85	1.10	207.00	0.81	100700.00	282.85
21146400.0	0.00	0.00	0.00	285.25	1.10	207.00	0.88	100700.00	283.35
21150000.0	0.00	0.00	0.00	284.75	0.90	204.00	0.92	100800.00	283.65
21153600.0	0.00	0.00	0.00	284.85	0.70	194.00	0.92	100800.00	283.65
21157200.0	325.00	54.00	27.00	286.55	0.50	173.00	0.80	100800.00	283.35
21160800.0	683.00	250.00	53.00	290.15	0.80	213.00	0.62	100900.00	282.85
21164400.0	820.00	453.00	67.00	292.25	1.20	266.00	0.44	100900.00	279.85
21168000.0	890.00	622.00	73.00	296.95	2.80	274.00	0.30	100800.00	278.25
21171600.0	920.00	738.00	79.00	299.05	3.90	273.00	0.25	100800.00	277.55
21175200.0	932.00	790.00	80.00	300.25	4.40	273.00	0.23	100700.00	277.65
21178800.0	934.00	777.00	76.00	301.05	4.50	273.00	0.22	100600.00	277.75
21182400.0	911.00	696.00	73.00	301.45	4.50	272.00	0.22	100500.00	277.95
21186000.0	867.00	558.00	68.00	301.35	4.30	269.00	0.23	100500.00	278.05
21189600.0	780.00	374.00	59.00	300.35	3.40	262.00	0.24	100500.00	278.15
21193200.0	394.00	142.00	59.00	297.15	1.90	240.00	0.30	100500.00	278.45
21196800.0	35.00	5.00	5.00	293.95	1.20	206.00	0.37	100500.00	278.75
21200400.0	0.00	0.00	0.00	292.75	1.30	175.00	0.39	100600.00	278.65
21204000.0	0.00	0.00	0.00	291.75	1.30	152.00	0.42	100700.00	278.65
21207600.0	0.00	0.00	0.00	290.65	1.30	134.00	0.45	100700.00	278.55
21211200.0	0.00	0.00	0.00	289.65	1.30	119.00	0.47	100700.00	278.55
21214800.0	0.00	0.00	0.00	288.95	1.30	107.00	0.49	100700.00	278.45
21218400.0	0.00	0.00	0.00	288.45	1.30	95.00	0.51	100600.00	278.45
21222000.0	0.00	0.00	0.00	288.05	1.20	81.00	0.52	100600.00	278.35
21225600.0	0.00	0.00	0.00	287.65	1.40	67.00	0.53	100500.00	278.35
21229200.0	0.00	0.00	0.00	287.55	1.60	55.00	0.53	100500.00	278.35
21232800.0	0.00	0.00	0.00	287.45	1.70	44.00	0.54	100500.00	278.25
21236400.0	0.00	0.00	0.00	286.95	1.40	35.00	0.55	100500.00	278.05
21240000.0	0.00	0.00	0.00	286.75	1.20	28.00	0.54	100600.00	277.75
21243600.0	87.00	38.00	30.00	288.35	1.30	33.00	0.48	100600.00	277.35
21247200.0	364.00	198.00	91.00	291.95	1.50	107.00	0.37	100700.00	276.95
21250800.0	510.00	383.00	140.00	293.85	1.50	174.00	0.31	100700.00	276.45
21254400.0	874.00	625.00	82.00	297.65	2.30	221.00	0.26	100600.00	276.75
21258000.0	911.00	744.00	87.00	299.35	2.80	247.00	0.24	100500.00	277.25
21261600.0	927.00	798.00	88.00	300.65	3.40	260.00	0.23	100400.00	277.55
21265200.0	925.00	785.00	87.00	301.35	3.60	262.00	0.22	100400.00	277.95
21268800.0	773.00	663.00	132.00	301.85	3.50	259.00	0.22	100300.00	278.25
21272400.0	856.00	564.00	78.00	301.95	3.10	252.00	0.22	100200.00	278.15
21276000.0	750.00	374.00	70.00	301.15	2.40	235.00	0.22	100100.00	277.65
21279600.0	562.00	169.00	50.00	297.85	1.60	201.00	0.28	100100.00	278.15
21283200.0	39.00	6.00	6.00	294.65	1.10	172.00	0.36	100100.00	279.15
21286800.0	0.00	0.00	0.00	293.85	0.80	188.00	0.39	100100.00	279.65
21290400.0	0.00	0.00	0.00	293.05	0.90	240.00	0.42	100100.00	279.85
21294000.0	0.00	0.00	0.00	291.35	1.60	252.00	0.48	100200.00	280.35
21297600.0	0.00	0.00	0.00	289.75	2.20	223.00	0.58	100200.00	281.55
21301200.0	0.00	0.00	0.00	288.65	3.00	204.00	0.69	100200.00	283.05
21304800.0	0.00	0.00	0.00	287.65	3.50	195.00	0.79	100300.00	284.25
21308400.0	0.00	0.00	0.00	286.95	3.30	189.00	0.85	100300.00	284.55
21312000.0	0.00	0.00	0.00	286.45	2.90	182.00	0.88	100200.00	284.55
21315600.0	0.00	0.00	0.00	285.95	2.30	177.00	0.89	100200.00	284.25
21319200.0	0.00	0.00	0.00	285.65	2.00	173.00	0.88	100200.00	283.85
21322800.0	0.00	0.00	0.00	285.35	1.80	175.00	0.88	100200.00	283.45
21326400.0	0.00	0.00	0.00	285.75	2.00	180.00	0.84	100200.00	283.15
21330000.0	310.00	58.00	30.00	287.75	3.10	186.00	0.73	100300.00	283.15
21333600.0	647.00	253.00	60.00	290.75	4.00	195.00	0.60	100300.00	283.05
21337200.0	785.00	454.00	77.00	292.25	4.30	199.00	0.51	100300.00	282.05
21340800.0	860.00	623.00	84.00	295.15	4.40	214.00	0.40	100300.00	280.95
21344400.0	893.00	739.00	91.00	296.55	4.70	223.00	0.34	100300.00	279.95
21348000.0	908.00	792.00	92.00	297.35	5.00	229.00	0.31	100200.00	279.25
21351600.0	906.00	779.00	92.00	297.85	5.20	233.00	0.28	100100.00	278.45
21355200.0	867.00	695.00	96.00	297.95	5.20	238.00	0.27	100100.00	277.85
21358800.0	794.00	552.00	98.00	297.25	5.40	243.00	0.27	100000.00	277.45
21362400.0	667.00	364.00	91.00	295.95	5.40	244.00	0.29	100100.00	276.95
21366000.0	428.00	159.00	67.00	293.85	5.40	242.00	0.31	100100.00	276.35
21369600.0	22.00	7.00	7.00	291.55	5.40	236.00	0.35	100200.00	275.85
21373200.0	0.00	0.00	0.00	289.35	5.80	233.00	0.41	100400.00	276.15
21376800.0	0.00	0.00	0.00	287.45	5.60	233.00	0.49	100500.00	276.95
21380400.0	0.00	0.00	0.00	286.15	5.30	237.00	0.55	100500.00	277.45
21384000.0	0.00	0.00	0.00	284.95	5.20	241.00	0.61	100500.00	277.65
21387600.0	0.00	0.00	0.00	283.95	4.60	248.00	0.68	100500.00	278.35
21391200.0	0.00	0.00	0.00	283.45	3.80	257.00	0.72	100400.00	278.75
21394800.0	0.00	0.00	0.00	283.35	4.10	262.00	0.72	100300.00	278.65
21398400.0	0.00	0.00	0.00	283.15	4.80	260.00	0.71	100300.00	278.15
21402000.0	0.00	0.00	0.00	282.95	5.10	259.00	0.67	100200.00	277.25
21405600.0	0.00	0.00	0.00	282.75	5.40	262.00	0.65	100300.00	276.65
21409200.0	0.00	0.00	0.00	282.55	5.60	265.00	0.67	100300.00	276.75
21412800.0	0.00	0.00	0.00	282.65	5.80	262.00	0.72	100300.00	277.85
21416400.0	6.00	18.00	17.00	283.35	6.30	254.00	0.75	100400.00	279.15
21420000.0	1.00	51.00	51.00	284.45	7.20	243.00	0.71	100500.00	279.45
21423600.0	0.00	44.00	44.00	285.15	7.60	237.00	0.66	100500.00	278.95
21427200.0	0.00	94.00	94.00	287.15	8.10	227.00	0.56	100600.00	278.65
21430800.0	120.00	297.00	209.00	288.85	8.40	225.00	0.49	100600.00	278.25
21434400.0	605.00	703.00	234.00	290.25	8.60	223.00	0.43	100600.00	277.75
21438000.0	402.00	588.00	281.00	290.85	8.60	223.00	0.40	100600.00	277.05
21441600.0	353.00	505.00	260.00	290.85	8.30	222.00	0.38	100600.00	276.35
21445200.0	785.00	563.00	112.00	290.25	7.90	221.00	0.37	100700.00	275.65
21448800.0	63.00	155.00	129.00	289.15	7.30	218.00	0.38	100800.00	274.95
21452400.0	198.00	103.00	60.00	287.55	6.20	214.00	0.40	100800.00	274.35
21456000.0	30.00	7.00	7.00	285.75	5.00	209.00	0.45	100900.00	274.35
21459600.0	0.00	0.00	0.00	284.45	4.20	206.00	0.51	101000.00	274.75
21463200.0	0.00	0.00	0.00	283.45	3.60	207.00	0.56	101100.00	275.25
21466800.0	0.00	0.00	0.00	282.55	3.00	210.00	0.62	101100.00	275.65
21470400.0	0.00	0.00	0.00	281.95	2.80	215.00	0.65	101100.00	275.75
21474000.0	0.00	0.00	0.00	281.55	2.80	221.00	0.66	101100.00	275.65
21477600.0	0.00	0.00	0.00	281.25	2.80	228.00	0.68	101200.00	275.65
21481200.0	0.00	0.00	0.00	280.95	2.70	235.00	0.70	101200.00	275.85
21484800.0	0.00	0.00	0.00	280.55	2.60	240.00	0.73	101100.00	276.15
21488400.0	0.00	0.00	0.00	279.95	2.30	240.00	0.78	101100.00	276.55
21492000.0	0.00	0.00	0.00	279.35	2.00	237.00	0.84	101200.00	276.95
21495600.0	0.00	0.00	0.00	279.05	1.90	235.00	0.88	101200.00	277.35
21499200.0	0.00	0.00	0.00	279.35	2.10	235.00	0.89	101200.00	277.75
21502800.0	27.00	20.00	17.00	281.35	3.10	233.00	0.79	101300.00	278.05
21506400.0	57.00	96.00	78.00	283.95	4.00	229.00	0.67	101300.00	278.15
21510000.0	50.00	218.00	194.00	285.15	4.40	227.00	0.60	101300.00	277.65
21513600.0	570.00	550.00	188.00	287.85	4.60	226.00	0.49	101300.00	277.35
21517200.0	581.00	651.00	224.00	289.65	4.70	226.00	0.43	101300.00	277.25
21520800.0	949.00	827.00	88.00	291.05	4.80	226.00	0.39	101200.00	277.05
21524400.0	953.00	813.00	83.00	291.95	4.80	225.00	0.36	101200.00	276.65
21528000.0	932.00	730.00	80.00	292.35	4.80	221.00	0.34	101100.00	276.25
21531600.0	890.00	588.00	74.00	292.15	4.80	216.00	0.34	101100.00	275.85
21535200.0	812.00	399.00	63.00	291.25	4.50	210.00	0.35	101100.00	275.65
21538800.0	633.00	185.00	46.00	289.05	3.40	200.00	0.41	101100.00	275.75
21542400.0	84.00	9.00	8.00	286.35	2.30	186.00	0.50	101200.00	276.15
21546000.0	0.00	0.00	0.00	284.65	2.00	176.00	0.59	101200.00	277.05
21549600.0	0.00	0.00	0.00	283.55	1.90	175.00	0.68	101300.00	277.95
21553200.0	0.00	0.00	0.00	282.65	1.70	179.00	0.75	101300.00	278.65
21556800.0	0.00	0.00	0.00	281.85	1.50	187.00	0.82	101400.00	279.15
21560400.0	0.00	0.00	0.00	281.15	1.50	196.00	0.89	101400.00	279.55
21564000.0	0.00	0.00	0.00	280.55	1.40	206.00	0.94	101400.00	279.85
21567600.0	0.00	0.00	0.00	279.95	1.40	214.00	0.99	101400.00	279.95
21571200.0	0.00	0.00	0.00	279.45	1.30	219.00	1.00	101400.00	279.55
21574800.0	0.00	0.00	0.00	279.05	1.20	220.00	1.00	101400.00	279.15
21578400.0	0.00	0.00	0.00	278.75	1.10	221.00	1.00	101400.00	278.85
21582000.0	0.00	0.00	0.00	278.65	1.10	223.00	1.00	101400.00	278.75
21585600.0	0.00	0.00	0.00	279.15	1.40	226.00	0.99	101400.00	279.05
21589200.0	411.00	75.00	32.00	281.15	2.50	230.00	0.85	101500.00	278.85
21592800.0	720.00	283.00	58.00	284.45	3.80	229.00	0.65	101500.00	278.25
21596400.0	769.00	472.00	91.00	286.05	4.50	228.00	0.54	101600.00	277.15
21600000.0	900.00	663.00	87.00	289.55	5.00	229.00	0.43	101500.00	277.05
21603600.0	936.00	781.00	90.00	291.45	5.40	229.00	0.38	101400.00	276.75
21607200.0	826.00	789.00	142.00	292.85	5.70	226.00	0.33	101400.00	276.35
21610800.0	938.00	816.00	94.00	293.55	6.00	221.00	0.31	101300.00	276.05
21614400.0	793.00	690.00	134.00	293.65	6.20	215.00	0.31	101300.00	276.25
21618000.0	771.00	557.00	109.00	293.05	6.30	211.00	0.34	101300.00	276.85
21621600.0	767.00	394.00	74.00	291.75	6.10	207.00	0.39	101300.00	277.65
21625200.0	556.00	179.00	56.00	289.75	5.30	201.00	0.46	101300.00	278.25
21628800.0	51.00	9.00	8.00	287.55	4.30	196.00	0.55	101400.00	278.75
21632400.0	0.00	0.00	0.00	285.95	3.70	193.00	0.64	101500.00	279.45
21636000.0	0.00	0.00	0.00	284.75	3.40	194.00	0.72	101500.00	279.95
21639600.0	0.00	0.00	0.00	283.75	3.00	196.00	0.79	101600.00	280.45
21643200.0	0.00	0.00	0.00	282.95	2.80	198.00	0.86	101600.00	280.75
21646800.0	0.00	0.00	0.00	282.35	2.70	200.00	0.90	101600.00	280.95
21650400.0	0.00	0.00	0.00	281.95	2.80	200.00	0.93	101600.00	280.95
21654000.0	0.00	0.00	0.00	281.55	2.80	198.00	0.95	101600.00	280.85
21657600.0	0.00	0.00	0.00	281.35	3.00	192.00	0.95	101600.00	280.65
21661200.0	0.00	0.00	0.00	280.75	2.60	184.00	0.97	101600.00	280.45
21664800.0	0.00	0.00	0.00	280.35	2.40	175.00	0.99	101600.00	280.25
21668400.0	0.00	0.00	0.00	280.35	2.50	168.00	0.97	101600.00	280.05
21672000.0	0.00	0.00	0.00	280.45	2.40	160.00	0.95	101700.00	279.75
21675600.0	337.00	75.00	38.00	281.85	2.80	155.00	0.84	101700.00	279.45
21679200.0	685.00	284.00	67.00	284.45	3.20	155.00	0.68	101800.00	278.85
21682800.0	831.00	495.00	80.00	285.95	3.40	155.00	0.55	101900.00	277.25
21686400.0	910.00	672.00	85.00	289.75	3.10	163.00	0.39	101800.00	275.65
21690000.0	945.00	791.00	89.00	291.95	3.00	172.00	0.30	101800.00	274.25
21693600.0	959.00	845.00	90.00	293.65	3.20	182.00	0.25	101700.00	273.05
21697200.0	957.00	830.00	89.00	294.65	3.40	190.00	0.22	101700.00	272.05
21700800.0	934.00	745.00	87.00	294.75	3.70	194.00	0.21	101600.00	271.35
21704400.0	886.00	598.00	81.00	294.15	3.80	195.00	0.21	101600.00	271.05
21708000.0	795.00	405.00	71.00	292.75	3.80	194.00	0.23	101600.00	271.05
21711600.0	607.00	188.00	52.00	289.95	3.10	193.00	0.28	101600.00	271.65
21715200.0	74.00	10.00	9.00	286.95	2.70	191.00	0.38	101700.00	272.95
21718800.0	0.00	0.00	0.00	285.15	2.80	182.00	0.48	101800.00	274.65
21722400.0	0.00	0.00	0.00	284.05	2.60	169.00	0.57	101800.00	275.95
21726000.0	0.00	0.00	0.00	283.05	2.40	155.00	0.64	101800.00	276.55
21729600.0	0.00	0.00	0.00	282.25	2.10	142.00	0.69	101800.00	276.95
21733200.0	0.00	0.00	0.00	281.45	2.00	128.00	0.73	101800.00	276.95
21736800.0	0.00	0.00	0.00	280.85	1.90	113.00	0.75	101700.00	276.85
21740400.0	0.00	0.00	0.00	280.45	1.80	101.00	0.76	101700.00	276.55
21744000.0	0.00	0.00	0.00	280.05	1.80	93.00	0.75	101700.00	276.05
21747600.0	0.00	0.00	0.00	279.75	1.80	85.00	0.75	101700.00	275.65
21751200.0	0.00	0.00	0.00	279.35	1.80	79.00	0.75	101700.00	275.25
21754800.0	0.00	0.00	0.00	279.15	1.90	73.00	0.74	101700.00	275.05
21758400.0	0.00	0.00	0.00	279.65	2.40	69.00	0.71	101800.00	274.85
21762000.0	423.00	83.00	34.00	281.95	3.10	67.00	0.60	101800.00	274.75
21765600.0	727.00	294.00	60.00	285.95	2.90	54.00	0.46	101900.00	274.65
21769200.0	851.00	505.00	76.00	288.45	2.40	41.00	0.35	101900.00	273.15
21772800.0	917.00	679.00	83.00	293.25	1.40	333.00	0.24	101800.00	272.35
21776400.0	949.00	798.00	89.00	295.05	1.40	304.00	0.21	101800.00	271.75
21780000.0	962.00	851.00	90.00	296.45	1.60	285.00	0.18	101700.00	270.85
21783600.0	961.00	836.00	89.00	297.35	1.90	274.00	0.16	101600.00	269.95
21787200.0	942.00	753.00	86.00	297.75	2.00	265.00	0.15	101600.00	269.15
21790800.0	893.00	606.00	82.00	297.55	1.90	258.00	0.14	101500.00	268.65
21794400.0	796.00	411.00	75.00	296.55	1.50	249.00	0.15	101500.00	268.25
21798000.0	460.00	168.00	64.00	293.75	1.10	229.00	0.18	101600.00	269.05
21801600.0	102.00	13.00	11.00	290.75	1.00	197.00	0.24	101700.00	270.25
21805200.0	0.00	0.00	0.00	289.05	1.20	162.00	0.27	101700.00	270.05
21808800.0	0.00	0.00	0.00	287.75	1.40	128.00	0.30	101800.00	270.25
21812400.0	0.00	0.00	0.00	286.65	1.60	104.00	0.33	101800.00	270.65
21816000.0	0.00	0.00	0.00	285.85	1.80	89.00	0.35	101800.00	270.85
21819600.0	0.00	0.00	0.00	285.05	1.90	76.00	0.36	101800.00	270.65
21823200.0	0.00	0.00	0.00	284.35	1.90	64.00	0.36	101800.00	270.05
21826800.0	0.00	0.00	0.00	283.75	1.90	52.00	0.36	101800.00	269.25
21830400.0	0.00	0.00	0.00	283.25	2.00	42.00	0.36	101700.00	268.75
21834000.0	0.00	0.00	0.00	282.65	2.10	35.00	0.37	101700.00	268.65
21837600.0	0.00	0.00	0.00	282.25	2.20	31.00	0.38	101800.00	268.75
21841200.0	0.00	0.00	0.00	281.75	2.30	28.00	0.40	101800.00	268.85
21844800.0	0.00	0.00	0.00	282.25	2.60	26.00	0.38	101800.00	268.95
21848400.0	475.00	90.00	33.00	284.65	3.40	24.00	0.33	101900.00	269.05
21852000.0	762.00	307.00	58.00	288.55	3.80	14.00	0.26	101900.00	269.05
21855600.0	879.00	520.00	72.00	290.55	3.70	6.00	0.22	101900.00	268.75
21859200.0	930.00	693.00	84.00	295.85	3.80	343.00	0.16	101800.00	268.55
21862800.0	960.00	812.00	90.00	297.95	3.80	337.00	0.14	101800.00	268.35
21866400.0	971.00	865.00	93.00	299.25	3.90	332.00	0.12	101700.00	267.95
21870000.0	966.00	848.00	93.00	300.05	4.00	327.00	0.11	101600.00	267.35
21873600.0	942.00	761.00	91.00	300.15	4.10	325.00	0.11	101600.00	266.75
21877200.0	897.00	613.00	84.00	299.85	4.00	325.00	0.10	101500.00	266.25
21880800.0	819.00	421.00	73.00	298.65	3.50	327.00	0.11	101500.00	265.85
21884400.0	637.00	199.00	53.00	294.95	2.30	331.00	0.14	101500.00	265.85
21888000.0	124.00	15.00	13.00	290.95	1.70	336.00	0.19	101500.00	267.15
21891600.0	0.00	0.00	0.00	289.45	1.90	340.00	0.21	101500.00	266.95
21895200.0	0.00	0.00	0.00	288.75	2.10	342.00	0.21	101600.00	266.85
21898800.0	0.00	0.00	0.00	288.15	2.40	343.00	0.22	101600.00	266.85
21902400.0	0.00	0.00	0.00	287.65	2.60	345.00	0.23	101500.00	266.95
21906000.0	0.00	0.00	0.00	287.15	2.80	346.00	0.24	101500.00	267.15
21909600.0	0.00	0.00	0.00	286.75	3.00	346.00	0.25	101500.00	267.35
21913200.0	0.00	0.00	0.00	286.55	3.30	348.00	0.26	101400.00	267.45
21916800.0	0.00	0.00	0.00	286.25	3.60	350.00	0.26	101300.00	267.45
21920400.0	0.00	0.00	0.00	285.75	3.60	350.00	0.27	101300.00	267.35
21924000.0	0.00	0.00	0.00	285.15	3.40	350.00	0.28	101300.00	267.35
21927600.0	0.00	0.00	0.00	284.75	3.40	348.00	0.29	101400.00	267.35
21931200.0	0.00	0.00	0.00	284.95	3.70	348.00	0.28	101400.00	267.25
21934800.0	96.00	55.00	43.00	286.55	4.20	347.00	0.25	101500.00	267.25
21938400.0	572.00	275.00	85.00	289.85	4.70	339.00	0.21	101500.00	267.25
21942000.0	778.00	496.00	96.00	291.85	4.90	331.00	0.18	101500.00	267.05
21945600.0	888.00	679.00	94.00	297.45	6.00	307.00	0.12	101500.00	266.65
21949200.0	910.00	795.00	107.00	299.95	5.80	297.00	0.10	101400.00	266.15
21952800.0	934.00	851.00	104.00	301.75	5.50	287.00	0.09	101300.00	265.65
21956400.0	959.00	841.00	88.00	302.85	5.20	276.00	0.08	101200.00	265.25
21960000.0	936.00	754.00	85.00	303.05	4.80	261.00	0.08	101100.00	265.65
21963600.0	887.00	606.00	80.00	302.45	4.40	243.00	0.10	101100.00	267.35
21967200.0	798.00	412.00	70.00	300.75	3.90	221.00	0.13	101100.00	269.85
21970800.0	611.00	193.00	51.00	297.05	3.10	198.00	0.20	101100.00	272.65
21974400.0	121.00	15.00	12.00	293.05	2.60	180.00	0.31	101200.00	275.45
21978000.0	0.00	0.00	0.00	291.05	2.80	168.00	0.41	101300.00	277.65
21981600.0	0.00	0.00	0.00	289.65	2.60	159.00	0.50	101400.00	279.25
21985200.0	0.00	0.00	0.00	288.45	2.20	149.00	0.57	101400.00	280.15
21988800.0	0.00	0.00	0.00	287.45	1.90	138.00	0.63	101400.00	280.65
21992400.0	0.00	0.00	0.00	286.55	1.70	125.00	0.68	101400.00	280.85
21996000.0	0.00	0.00	0.00	285.95	1.60	114.00	0.71	101400.00	280.95
21999600.0	0.00	0.00	0.00	285.35	1.60	105.00	0.73	101400.00	280.75
22003200.0	0.00	0.00	0.00	284.95	1.60	98.00	0.74	101300.00	280.55
22006800.0	0.00	0.00	0.00	284.45	1.70	92.00	0.76	101300.00	280.35
22010400.0	0.00	0.00	0.00	284.05	1.80	87.00	0.78	101400.00	280.35
22014000.0	0.00	0.00	0.00	283.55	1.90	83.00	0.81	101400.00	280.45
22017600.0	0.00	0.00	0.00	284.05	2.20	79.00	0.80	101500.00	280.75
22021200.0	420.00	92.00	38.00	286.25	2.60	79.00	0.70	101600.00	281.05
22024800.0	712.00	303.00	63.00	290.15	2.30	88.00	0.55	101600.00	281.15
22028400.0	837.00	513.00	79.00	292.45	1.80	96.00	0.44	101600.00	280.15
22032000.0	901.00	684.00	86.00	297.95	2.00	193.00	0.26	101600.00	277.35
22035600.0	931.00	800.00	92.00	299.85	2.70	204.00	0.21	101500.00	275.75
22039200.0	940.00	848.00	93.00	301.15	3.30	208.00	0.17	101400.00	274.15
22042800.0	934.00	829.00	92.00	301.65	3.90	208.00	0.15	101400.00	273.05
22046400.0	913.00	744.00	88.00	301.35	4.40	204.00	0.15	101300.00	272.65
22050000.0	869.00	599.00	81.00	300.35	4.80	197.00	0.17	101300.00	272.95
22053600.0	783.00	407.00	70.00	298.75	4.80	189.00	0.19	101300.00	273.55
22057200.0	613.00	194.00	50.00	296.05	4.00	184.00	0.24	101400.00	274.35
22060800.0	138.00	16.00	13.00	293.05	3.30	179.00	0.31	101500.00	275.55
22064400.0	0.00	0.00	0.00	291.15	3.30	170.00	0.39	101500.00	276.95
22068000.0	0.00	0.00	0.00	289.95	3.10	158.00	0.45	101600.00	278.05
22071600.0	0.00	0.00	0.00	288.85	2.70	144.00	0.51	101600.00	278.75
22075200.0	0.00	0.00	0.00	288.05	2.40	129.00	0.55	101600.00	279.15
22078800.0	0.00	0.00	0.00	287.35	2.20	114.00	0.57	101600.00	279.15
22082400.0	0.00	0.00	0.00	286.85	2.30	101.00	0.59	101600.00	278.95
22086000.0	0.00	0.00	0.00	286.45	2.40	92.00	0.59	101500.00	278.65
22089600.0	0.00	0.00	0.00	286.05	2.50	87.00	0.59	101500.00	278.35
22093200.0	0.00	0.00	0.00	285.65	2.60	84.00	0.60	101500.00	278.05
22096800.0	0.00	0.00	0.00	285.25	2.70	82.00	0.60	101500.00	277.95
22100400.0	0.00	0.00	0.00	284.95	2.90	79.00	0.61	101500.00	277.85
22104000.0	0.00	0.00	0.00	285.25	3.40	76.00	0.60	101600.00	277.85
22107600.0	489.00	100.00	34.00	287.45	3.80	72.00	0.52	101600.00	277.95
22111200.0	750.00	313.00	57.00	291.45	3.80	62.00	0.40	101600.00	277.85
22114800.0	861.00	521.00	70.00	293.85	3.60	54.00	0.33	101600.00	277.25
22118400.0	914.00	690.00	79.00	299.85	2.60	192.00	0.20	101500.00	275.25
22122000.0	942.00	805.00	84.00	302.25	2.40	349.00	0.17	101500.00	274.75
22125600.0	953.00	856.00	87.00	303.65	2.50	333.00	0.15	101400.00	274.55
22129200.0	952.00	839.00	85.00	304.45	2.50	321.00	0.14	101300.00	274.25
22132800.0	930.00	753.00	82.00	304.65	2.60	312.00	0.14	101200.00	273.95
22136400.0	886.00	607.00	76.00	304.35	2.50	306.00	0.14	101200.00	273.75
22140000.0	801.00	414.00	67.00	303.25	2.10	304.00	0.15	101100.00	273.65
22143600.0	630.00	199.00	50.00	300.45	1.40	307.00	0.18	101200.00	274.05
22147200.0	150.00	18.00	14.00	297.65	1.10	318.00	0.23	101200.00	275.05
22150800.0	0.00	0.00	0.00	296.05	1.20	338.00	0.24	101200.00	274.25
22154400.0	0.00	0.00	0.00	294.45	1.40	175.00	0.26	101200.00	274.05
22158000.0	0.00	0.00	0.00	292.85	1.50	2.00	0.28	101200.00	273.95
22161600.0	0.00	0.00	0.00	291.85	1.60	3.00	0.29	101200.00	273.75
22165200.0	0.00	0.00	0.00	291.35	1.90	2.00	0.30	101200.00	273.75
22168800.0	0.00	0.00	0.00	290.95	2.30	1.00	0.31	101200.00	273.75
22172400.0	0.00	0.00	0.00	290.65	2.90	180.00	0.32	101100.00	273.85
22176000.0	0.00	0.00	0.00	290.55	3.60	360.00	0.32	101100.00	273.95
22179600.0	0.00	0.00	0.00	290.25	4.00	359.00	0.34	101000.00	274.25
22183200.0	0.00	0.00	0.00	289.95	4.10	359.00	0.35	101000.00	274.65
22186800.0	0.00	0.00	0.00	289.85	4.20	358.00	0.37	101000.00	275.05
22190400.0	0.00	0.00	0.00	290.15	4.40	356.00	0.37	101100.00	275.35
22194000.0	366.00	95.00	44.00	291.85	4.40	356.00	0.33	101100.00	275.45
22197600.0	209.00	198.00	126.00	294.95	4.60	352.00	0.27	101100.00	275.45
22201200.0	588.00	454.00	143.00	296.85	4.80	349.00	0.24	101200.00	275.15
22204800.0	835.00	671.00	109.00	301.55	6.10	339.00	0.17	101000.00	274.45
22208400.0	874.00	788.00	116.00	303.45	6.20	337.00	0.15	100900.00	273.95
22212000.0	894.00	841.00	116.00	304.85	6.10	336.00	0.13	100800.00	273.45
22215600.0	629.00	735.00	234.00	305.75	6.20	334.00	0.12	100700.00	272.95
22219200.0	844.00	731.00	119.00	306.05	6.20	330.00	0.12	100600.00	272.55
22222800.0	319.00	438.00	246.00	305.75	5.90	325.00	0.12	100500.00	272.25
22226400.0	67.00	172.00	143.00	304.85	5.10	320.00	0.12	100500.00	272.15
22230000.0	0.00	9.00	9.00	301.95	3.30	315.00	0.14	100500.00	272.25
22233600.0	7.00	7.00	7.00	299.25	2.80	309.00	0.18	100600.00	272.85
22237200.0	0.00	0.00	0.00	298.75	3.80	306.00	0.19	100700.00	273.55
22240800.0	0.00	0.00	0.00	297.75	3.30	315.00	0.23	100700.00	275.55
22244400.0	0.00	0.00	0.00	295.75	1.80	324.00	0.30	100700.00	277.25
22248000.0	0.00	0.00	0.00	294.25	1.20	324.00	0.33	100600.00	277.35
22251600.0	0.00	0.00	0.00	293.55	1.00	305.00	0.33	100600.00	276.85
22255200.0	0.00	0.00	0.00	292.25	1.10	257.00	0.35	100600.00	276.45
22258800.0	0.00	0.00	0.00	290.55	1.50	216.00	0.41	100600.00	277.35
22262400.0	0.00	0.00	0.00	288.85	1.90	196.00	0.54	100600.00	279.75
22266000.0	0.00	0.00	0.00	287.55	2.00	176.00	0.69	100600.00	282.15
22269600.0	0.00	0.00	0.00	286.85	2.30	161.00	0.77	100600.00	283.05
22273200.0	0.00	0.00	0.00	286.45	2.90	157.00	0.80	100600.00	283.25
22276800.0	0.00	0.00	0.00	286.55	3.80	162.00	0.79	100700.00	283.05
22280400.0	0.00	28.00	28.00	287.25	5.10	164.00	0.74	100800.00	282.85
22284000.0	0.00	55.00	55.00	288.25	5.80	155.00	0.69	100900.00	282.65
22287600.0	11.00	153.00	147.00	288.85	5.80	149.00	0.64	100900.00	282.15
22291200.0	395.00	519.00	251.00	290.65	5.10	145.00	0.55	100900.00	281.55
22294800.0	165.00	494.00	366.00	291.55	4.90	157.00	0.49	101000.00	280.85
22298400.0	150.00	520.00	398.00	291.85	5.10	167.00	0.48	101000.00	280.65
22302000.0	70.00	419.00	363.00	291.75	5.30	171.00	0.48	101000.00	280.65
22305600.0	180.00	433.00	302.00	291.45	5.40	175.00	0.49	101000.00	280.75
22309200.0	260.00	414.00	257.00	291.05	5.60	176.00	0.50	101000.00	280.65
22312800.0	178.00	243.00	165.00	290.35	5.60	173.00	0.52	101100.00	280.45
22316400.0	286.00	155.00	86.00	289.25	5.20	169.00	0.54	101100.00	280.05
22320000.0	58.00	16.00	14.00	287.95	4.70	166.00	0.57	101200.00	279.65
22323600.0	0.00	0.00	0.00	286.75	4.00	164.00	0.60	101300.00	279.25
22327200.0	0.00	0.00	0.00	285.55	3.20	160.00	0.64	101400.00	278.95
22330800.0	0.00	0.00	0.00	284.35	2.80	153.00	0.68	101400.00	278.75
22334400.0	0.00	0.00	0.00	283.35	2.70	143.00	0.72	101400.00	278.55
22338000.0	0.00	0.00	0.00	282.55	2.90	132.00	0.74	101400.00	278.25
22341600.0	0.00	0.00	0.00	281.75	3.20	125.00	0.74	101400.00	277.55
22345200.0	0.00	0.00	0.00	280.95	3.40	122.00	0.72	101400.00	276.35
22348800.0	0.00	0.00	0.00	280.25	3.50	122.00	0.68	101400.00	274.85
22352400.0	0.00	0.00	0.00	279.65	3.70	119.00	0.64	101400.00	273.45
22356000.0	0.00	0.00	0.00	279.25	3.90	115.00	0.61	101400.00	272.45
22359600.0	0.00	0.00	0.00	278.75	3.80	108.00	0.60	101400.00	271.75
22363200.0	0.00	0.00	0.00	278.75	3.80	104.00	0.59	101500.00	271.35
22366800.0	548.00	120.00	38.00	280.65	4.40	103.00	0.51	101600.00	271.25
22370400.0	801.00	347.00	62.00	283.65	4.90	104.00	0.40	101600.00	270.65
22374000.0	908.00	563.00	74.00	285.25	4.90	106.00	0.32	101600.00	269.25
22377600.0	960.00	739.00	84.00	288.85	3.90	105.00	0.23	101600.00	267.55
22381200.0	989.00	859.00	90.00	291.05	3.40	99.00	0.17	101600.00	266.05
22384800.0	1004.00	912.00	89.00	292.85	2.90	91.00	0.14	101500.00	264.95
22388400.0	1005.00	893.00	86.00	294.05	2.40	86.00	0.13	101400.00	264.15
22392000.0	988.00	804.00	82.00	294.65	1.90	85.00	0.12	101400.00	263.85
22395600.0	943.00	650.00	77.00	294.65	1.50	90.00	0.11	101300.00	263.15
22399200.0	850.00	447.00	72.00	293.95	1.40	98.00	0.11	101300.00	262.85
22402800.0	678.00	218.00	53.00	291.35	1.20	108.00	0.13	101300.00	262.75
22406400.0	171.00	21.00	16.00	287.85	1.10	109.00	0.20	101400.00	264.85
22410000.0	0.00	0.00	0.00	285.65	1.40	97.00	0.22	101400.00	264.45
22413600.0	0.00	0.00	0.00	284.55	1.80	82.00	0.24	101500.00	264.55
22417200.0	0.00	0.00	0.00	284.05	2.40	73.00	0.25	101500.00	264.75
22420800.0	0.00	0.00	0.00	283.65	3.00	68.00	0.25	101500.00	264.65
22424400.0	0.00	0.00	0.00	283.15	3.30	66.00	0.25	101500.00	264.35
22428000.0	0.00	0.00	0.00	282.75	3.40	64.00	0.26	101500.00	264.05
22431600.0	0.00	0.00	0.00	282.35	3.40	62.00	0.26	101400.00	263.85
22435200.0	0.00	0.00	0.00	281.75	3.30	61.00	0.27	101400.00	263.95
22438800.0	0.00	0.00	0.00	281.25	3.30	59.00	0.29	101300.00	264.35
22442400.0	0.00	0.00	0.00	280.95	3.50	58.00	0.31	101300.00	265.05
22446000.0	0.00	0.00	0.00	280.65	3.70	57.00	0.34	101300.00	265.85
22449600.0	0.00	0.00	0.00	281.05	4.00	56.00	0.34	101300.00	266.35
22453200.0	179.00	80.00	52.00	283.05	4.20	53.00	0.31	101400.00	266.75
22456800.0	683.00	324.00	77.00	287.05	4.50	43.00	0.24	101400.00	266.85
22460400.0	462.00	435.00	184.00	289.35	4.70	36.00	0.19	101400.00	265.65
22464000.0	906.00	717.00	95.00	293.85	3.80	21.00	0.13	101300.00	264.65
22467600.0	938.00	834.00	100.00	296.05	3.70	16.00	0.11	101300.00	264.25
22471200.0	951.00	884.00	101.00	297.75	3.70	13.00	0.10	101200.00	263.95
22474800.0	945.00	864.00	101.00	299.05	3.70	9.00	0.09	101000.00	263.45
22478400.0	920.00	774.00	98.00	299.75	3.70	4.00	0.08	101000.00	262.85
22482000.0	874.00	625.00	91.00	299.75	3.60	180.00	0.08	100900.00	262.55
22485600.0	785.00	427.00	78.00	298.95	3.20	358.00	0.08	100900.00	262.45
22489200.0	588.00	206.00	61.00	295.75	2.10	180.00	0.10	100900.00	262.65
22492800.0	84.00	17.00	14.00	292.05	1.50	7.00	0.15	100900.00	264.55
22496400.0	0.00	0.00	0.00	290.95	1.90	18.00	0.15	100900.00	264.15
22500000.0	0.00	0.00	0.00	291.05	2.80	28.00	0.15	100900.00	263.75
22503600.0	0.00	0.00	0.00	291.05	4.10	34.00	0.14	100900.00	263.45
22507200.0	0.00	0.00	0.00	290.35	4.70	36.00	0.16	100800.00	264.05
22510800.0	0.00	0.00	0.00	289.25	4.80	36.00	0.19	100800.00	265.35
22514400.0	0.00	0.00	0.00	288.35	4.80	35.00	0.22	100800.00	266.65
22518000.0	0.00	0.00	0.00	287.85	5.00	35.00	0.24	100700.00	267.65
22521600.0	0.00	0.00	0.00	287.55	5.30	34.00	0.26	100600.00	268.45
22525200.0	0.00	0.00	0.00	287.35	5.40	35.00	0.28	100500.00	269.05
22528800.0	0.00	0.00	0.00	287.25	5.40	34.00	0.29	100500.00	269.35
22532400.0	0.00	0.00	0.00	287.15	5.50	33.00	0.29	100500.00	269.65
22536000.0	0.00	0.00	0.00	287.35	5.90	32.00	0.30	100500.00	269.95
22539600.0	91.00	63.00	49.00	289.15	6.40	29.00	0.27	100500.00	270.15
22543200.0	333.00	247.00	125.00	292.75	7.60	20.00	0.22	100500.00	270.45
22546800.0	532.00	462.00	171.00	294.95	8.60	14.00	0.19	100500.00	270.35
22550400.0	502.00	586.00	239.00	299.45	9.40	183.00	0.13	100400.00	269.25
22554000.0	463.00	666.00	302.00	301.45	9.60	357.00	0.11	100300.00	268.05
22557600.0	788.00	836.00	184.00	302.95	9.50	353.00	0.10	100200.00	267.65
22561200.0	880.00	848.00	135.00	303.95	9.20	351.00	0.09	100100.00	267.55
22564800.0	830.00	753.00	141.00	304.55	8.90	351.00	0.09	100000.00	267.55
22568400.0	702.00	582.00	151.00	304.65	8.50	352.00	0.09	99900.00	267.55
22572000.0	581.00	394.00	134.00	304.15	7.90	354.00	0.09	99800.00	267.45
22575600.0	319.00	178.00	99.00	302.45	6.90	180.00	0.10	99800.00	267.25
22579200.0	12.00	12.00	12.00	300.45	6.60	7.00	0.11	99800.00	267.15
22582800.0	0.00	0.00	0.00	299.15	7.00	14.00	0.11	99900.00	266.75
22586400.0	0.00	0.00	0.00	298.35	7.20	17.00	0.11	99900.00	266.45
22590000.0	0.00	0.00	0.00	297.75	7.20	17.00	0.12	99900.00	266.15
22593600.0	0.00	0.00	0.00	297.25	6.90	17.00	0.12	99900.00	265.95
22597200.0	0.00	0.00	0.00	296.65	6.30	15.00	0.12	99900.00	265.85
22600800.0	0.00	0.00	0.00	295.75	5.40	8.00	0.13	99900.00	266.35
22604400.0	0.00	0.00	0.00	294.45	3.90	171.00	0.16	99900.00	267.85
22608000.0	0.00	0.00	0.00	292.55	2.20	327.00	0.22	99900.00	270.45
22611600.0	0.00	0.00	0.00	290.85	1.30	314.00	0.30	99900.00	273.25
22615200.0	0.00	0.00	0.00	289.95	1.20	316.00	0.37	100000.00	275.35
22618800.0	0.00	0.00	0.00	289.45	1.40	304.00	0.43	100100.00	276.75
22622400.0	0.00	0.00	0.00	289.55	1.80	267.00	0.49	100200.00	278.85
22626000.0	0.00	19.00	19.00	290.25	2.80	233.00	0.56	100200.00	281.55
22629600.0	3.00	61.00	60.00	291.25	3.30	221.00	0.60	100300.00	283.55
22633200.0	1.00	130.00	129.00	291.75	3.20	218.00	0.59	100300.00	283.75
22636800.0	28.00	275.00	256.00	293.05	2.30	234.00	0.52	100200.00	283.05
22640400.0	31.00	319.00	294.00	293.55	2.30	251.00	0.48	100100.00	282.35
22644000.0	12.00	251.00	241.00	293.65	3.00	258.00	0.47	100000.00	281.95
22647600.0	9.00	222.00	215.00	293.25	3.70	253.00	0.48	100000.00	281.95
22651200.0	0.00	129.00	129.00	292.55	4.50	245.00	0.50	100000.00	282.05
22654800.0	0.00	46.00	46.00	291.35	5.10	238.00	0.55	100000.00	282.25
22658400.0	0.00	25.00	25.00	289.45	5.80	234.00	0.62	100100.00	282.25
22662000.0	0.00	8.00	8.00	287.15	6.10	231.00	0.71	100300.00	281.95
22665600.0	0.00	2.00	2.00	285.35	5.70	228.00	0.77	100400.00	281.45
22669200.0	0.00	0.00	0.00	284.25	5.00	224.00	0.79	100500.00	280.85
22672800.0	0.00	0.00	0.00	283.95	3.90	224.00	0.79	100500.00	280.55
22676400.0	0.00	0.00	0.00	283.95	3.10	235.00	0.80	100500.00	280.75
22680000.0	0.00	0.00	0.00	283.95	2.90	254.00	0.81	100500.00	280.95
22683600.0	0.00	0.00	0.00	283.65	3.00	268.00	0.84	100500.00	281.15
22687200.0	0.00	0.00	0.00	282.95	3.00	270.00	0.87	100500.00	280.95
22690800.0	0.00	0.00	0.00	282.05	3.10	269.00	0.88	100400.00	280.35
22694400.0	0.00	0.00	0.00	281.35	3.30	268.00	0.89	100500.00	279.65
22698000.0	0.00	0.00	0.00	280.95	3.20	266.00	0.88	100500.00	279.15
22701600.0	0.00	0.00	0.00	280.65	2.70	268.00	0.89	100500.00	279.05
22705200.0	0.00	0.00	0.00	280.45	2.50	272.00	0.91	100600.00	279.15
22708800.0	0.00	0.00	0.00	280.95	2.90	273.00	0.89	100700.00	279.35
22712400.0	450.00	127.00	51.00	282.65	4.00	261.00	0.81	100800.00	279.75
22716000.0	564.00	298.00	86.00	285.05	5.00	246.00	0.68	100900.00	279.55
22719600.0	437.00	412.00	169.00	286.25	5.40	241.00	0.58	100900.00	278.35
22723200.0	119.00	382.00	299.00	288.95	5.50	235.00	0.47	101000.00	277.65
22726800.0	92.00	421.00	348.00	290.25	5.40	232.00	0.42	101000.00	277.15
22730400.0	411.00	678.00	335.00	291.15	5.10	232.00	0.37	101000.00	276.25
22734000.0	413.00	647.00	309.00	291.45	4.80	234.00	0.34	101000.00	275.25
22737600.0	602.00	670.00	222.00	291.45	4.50	236.00	0.32	101000.00	274.45
22741200.0	201.00	327.00	203.00	290.95	4.30	236.00	0.32	101000.00	273.95
22744800.0	322.00	303.00	158.00	290.05	4.00	235.00	0.33	101000.00	273.55
22748400.0	230.00	102.00	44.00	288.45	3.20	230.00	0.36	101100.00	273.55
22752000.0	121.00	23.00	18.00	286.35	2.00	219.00	0.42	101100.00	273.85
22755600.0	0.00	0.00	0.00	284.95	1.60	207.00	0.48	101200.00	274.45
22759200.0	0.00	0.00	0.00	284.25	1.60	200.00	0.53	101300.00	274.95
22762800.0	0.00	0.00	0.00	283.25	1.50	199.00	0.58	101300.00	275.45
22766400.0	0.00	0.00	0.00	282.25	1.50	203.00	0.64	101400.00	275.85
22770000.0	0.00	0.00	0.00	281.45	1.40	210.00	0.69	101400.00	276.25
22773600.0	0.00	0.00	0.00	280.75	1.30	216.00	0.75	101400.00	276.65
22777200.0	0.00	0.00	0.00	280.15	1.20	219.00	0.79	101400.00	276.95
22780800.0	0.00	0.00	0.00	279.55	1.10	221.00	0.84	101400.00	277.05
22784400.0	0.00	0.00	0.00	279.15	1.00	224.00	0.86	101400.00	277.15
22788000.0	0.00	0.00	0.00	278.95	1.00	228.00	0.88	101400.00	277.25
22791600.0	0.00	0.00	0.00	278.85	1.00	233.00	0.89	101500.00	277.25
22795200.0	0.00	0.00	0.00	279.65	1.00	244.00	0.84	101500.00	277.35
22798800.0	566.00	138.00	40.00	282.15	1.60	258.00	0.72	101600.00	277.55
22802400.0	792.00	361.00	60.00	285.05	2.50	266.00	0.59	101600.00	277.45
22806000.0	889.00	570.00	71.00	286.35	2.90	270.00	0.52	101700.00	276.75
22809600.0	444.00	567.00	254.00	289.15	3.70	278.00	0.41	101600.00	276.15
22813200.0	35.00	225.00	197.00	290.55	4.10	279.00	0.37	101600.00	275.65
22816800.0	248.00	605.00	397.00	291.55	4.50	278.00	0.34	101500.00	275.45
22820400.0	175.00	502.00	358.00	292.05	4.80	274.00	0.33	101500.00	275.55
22824000.0	582.00	673.00	238.00	291.85	5.00	268.00	0.34	101500.00	275.85
22827600.0	76.00	263.00	216.00	291.15	5.00	262.00	0.37	101400.00	276.25
22831200.0	126.00	224.00	167.00	290.35	4.80	257.00	0.39	101500.00	276.55
22834800.0	247.00	121.00	58.00	289.25	4.00	252.00	0.42	101500.00	276.55
22838400.0	115.00	21.00	16.00	287.85	2.80	245.00	0.46	101600.00	276.55
22842000.0	0.00	0.00	0.00	286.35	2.10	238.00	0.51	101700.00	276.65
22845600.0	0.00	0.00	0.00	285.15	2.00	232.00	0.56	101700.00	276.75
22849200.0	0.00	0.00	0.00	284.25	2.20	231.00	0.61	101800.00	277.05
22852800.0	0.00	0.00	0.00	283.65	2.40	231.00	0.65	101800.00	277.45
22856400.0	0.00	0.00	0.00	282.95	2.30	231.00	0.71	101800.00	278.15
22860000.0	0.00	0.00	0.00	281.95	1.90	231.00	0.80	101800.00	278.85
22863600.0	0.00	0.00	0.00	281.05	1.60	230.00	0.89	101800.00	279.45
22867200.0	0.00	0.00	0.00	280.55	1.40	228.00	0.95	101800.00	279.95
22870800.0	0.00	0.00	0.00	280.25	1.30	224.00	0.99	101800.00	280.25
22874400.0	0.00	0.00	0.00	280.15	1.20	218.00	1.00	101800.00	280.25
22878000.0	0.00	0.00	0.00	280.45	1.30	213.00	1.00	101900.00	280.55
22881600.0	0.00	0.00	0.00	281.25	1.50	208.00	0.96	101900.00	280.75
22885200.0	529.00	141.00	47.00	283.15	1.90	204.00	0.85	102000.00	280.85
22888800.0	780.00	366.00	66.00	285.75	2.40	206.00	0.71	102100.00	280.75
22892400.0	890.00	579.00	75.00	287.15	2.70	209.00	0.59	102100.00	279.35
22896000.0	768.00	693.00	149.00	290.35	2.80	223.00	0.43	102000.00	277.85
22899600.0	962.00	865.00	93.00	291.95	3.10	228.00	0.37	102000.00	277.05
22903200.0	974.00	914.00	94.00	293.05	3.30	229.00	0.33	101900.00	276.25
22906800.0	870.00	854.00	137.00	293.75	3.60	227.00	0.30	101800.00	275.55
22910400.0	949.00	801.00	89.00	293.95	3.80	222.00	0.28	101800.00	275.05
22914000.0	903.00	648.00	84.00	293.65	3.90	215.00	0.28	101800.00	274.75
22917600.0	814.00	447.00	75.00	292.75	3.80	208.00	0.30	101800.00	274.65
22921200.0	638.00	222.00	57.00	290.75	3.10	198.00	0.34	101800.00	274.95
22924800.0	162.00	26.00	19.00	288.05	2.30	186.00	0.43	101900.00	275.65
22928400.0	0.00	0.00	0.00	286.15	2.20	174.00	0.52	101900.00	276.45
22932000.0	0.00	0.00	0.00	285.25	2.30	167.00	0.58	102000.00	277.25
22935600.0	0.00	0.00	0.00	284.25	2.20	163.00	0.64	102000.00	277.75
22939200.0	0.00	0.00	0.00	283.45	2.10	161.00	0.69	102000.00	278.05
22942800.0	0.00	0.00	0.00	282.65	2.00	159.00	0.74	102000.00	278.35
22946400.0	0.00	0.00	0.00	281.95	1.90	156.00	0.78	102000.00	278.55
22950000.0	0.00	0.00	0.00	281.25	1.70	154.00	0.83	102000.00	278.65
22953600.0	0.00	0.00	0.00	280.65	1.70	149.00	0.87	101900.00	278.75
22957200.0	0.00	0.00	0.00	280.15	1.60	143.00	0.90	101900.00	278.75
22960800.0	0.00	0.00	0.00	279.75	1.60	135.00	0.92	101900.00	278.65
22964400.0	0.00	0.00	0.00	279.35	1.50	128.00	0.94	102000.00	278.55
22968000.0	0.00	0.00	0.00	280.15	2.00	120.00	0.88	102000.00	278.45
22971600.0	531.00	145.00	48.00	283.05	2.50	116.00	0.72	102000.00	278.35
22975200.0	765.00	369.00	71.00	286.65	2.20	120.00	0.55	102100.00	277.95
22978800.0	872.00	582.00	84.00	288.65	1.70	126.00	0.45	102100.00	276.75
22982400.0	929.00	754.00	92.00	292.05	0.90	202.00	0.34	102000.00	275.85
22986000.0	961.00	870.00	95.00	293.75	1.40	238.00	0.28	101900.00	274.85
22989600.0	973.00	918.00	95.00	295.05	1.90	239.00	0.25	101800.00	273.95
22993200.0	970.00	896.00	93.00	295.85	2.40	235.00	0.22	101700.00	273.25
22996800.0	949.00	804.00	89.00	296.05	2.80	232.00	0.21	101700.00	272.85
23000400.0	903.00	650.00	83.00	295.75	3.20	230.00	0.22	101700.00	272.75
23004000.0	820.00	450.00	73.00	294.65	3.40	223.00	0.23	101700.00	272.95
23007600.0	652.00	226.00	56.00	292.45	3.30	211.00	0.28	101700.00	273.45
23011200.0	187.00	27.00	18.00	289.55	3.00	195.00	0.36	101700.00	274.55
23014800.0	0.00	0.00	0.00	287.45	2.90	177.00	0.44	101800.00	275.55
23018400.0	0.00	0.00	0.00	286.05	2.80	163.00	0.52	101800.00	276.45
23022000.0	0.00	0.00	0.00	285.05	2.70	153.00	0.57	101900.00	276.95
23025600.0	0.00	0.00	0.00	284.15	2.70	145.00	0.63	101800.00	277.45
23029200.0	0.00	0.00	0.00	283.45	2.60	135.00	0.67	101800.00	277.75
23032800.0	0.00	0.00	0.00	282.75	2.50	123.00	0.72	101800.00	278.05
23036400.0	0.00	0.00	0.00	282.15	2.30	110.00	0.75	101700.00	278.05
23040000.0	0.00	0.00	0.00	281.85	2.40	99.00	0.76	101700.00	278.05
23043600.0	0.00	0.00	0.00	281.75	2.70	91.00	0.76	101700.00	277.85
23047200.0	0.00	0.00	0.00	281.65	3.00	86.00	0.75	101700.00	277.65
23050800.0	0.00	0.00	0.00	281.55	3.20	82.00	0.74	101700.00	277.35
23054400.0	0.00	0.00	0.00	282.25	3.60	78.00	0.69	101800.00	277.05
23058000.0	540.00	148.00	46.00	284.65	3.90	73.00	0.58	101800.00	276.65
23061600.0	750.00	370.00	74.00	288.85	3.60	58.00	0.43	101800.00	276.25
23065200.0	844.00	579.00	93.00	291.35	3.30	47.00	0.32	101800.00	274.45
23068800.0	877.00	746.00	117.00	295.25	1.90	185.00	0.23	101700.00	273.35
23072400.0	757.00	805.00	191.00	296.75	1.60	337.00	0.20	101600.00	272.55
23076000.0	941.00	912.00	113.00	297.95	1.40	309.00	0.18	101500.00	271.75
23079600.0	938.00	889.00	110.00	298.65	1.50	285.00	0.16	101400.00	271.25
23083200.0	896.00	794.00	117.00	298.85	1.60	266.00	0.16	101400.00	271.15
23086800.0	821.00	637.00	120.00	298.45	1.70	252.00	0.16	101300.00	271.25
23090400.0	700.00	434.00	111.00	297.55	1.80	239.00	0.18	101300.00	271.45
23094000.0	342.00	179.00	89.00	295.35	1.50	224.00	0.21	101300.00	271.85
23097600.0	60.00	21.00	18.00	292.45	1.20	204.00	0.28	101400.00	273.65
23101200.0	0.00	0.00	0.00	290.45	1.40	183.00	0.32	101400.00	273.65
23104800.0	0.00	0.00	0.00	289.05	1.50	163.00	0.35	101500.00	273.85
23108400.0	0.00	0.00	0.00	287.85	1.50	143.00	0.39	101500.00	274.25
23112000.0	0.00	0.00	0.00	286.95	1.50	124.00	0.42	101500.00	274.45
23115600.0	0.00	0.00	0.00	286.45	1.40	103.00	0.44	101400.00	274.55
23119200.0	0.00	0.00	0.00	286.15	1.30	79.00	0.44	101400.00	274.15
23122800.0	0.00	0.00	0.00	285.95	1.30	56.00	0.42	101300.00	273.45
23126400.0	0.00	0.00	0.00	285.75	1.30	35.00	0.41	101300.00	272.85
23130000.0	0.00	0.00	0.00	285.25	1.30	20.00	0.41	101300.00	272.45
23133600.0	0.00	0.00	0.00	284.55	1.30	13.00	0.42	101300.00	272.15
23137200.0	0.00	0.00	0.00	283.85	1.40	13.00	0.43	101300.00	271.95
23140800.0	0.00	0.00	0.00	284.75	1.80	15.00	0.40	101400.00	271.75
23144400.0	531.00	152.00	50.00	287.95	2.70	16.00	0.32	101400.00	271.65
23148000.0	752.00	375.00	75.00	292.15	3.20	179.00	0.24	101400.00	271.45
23151600.0	854.00	586.00	91.00	294.55	3.20	342.00	0.21	101400.00	271.55
23155200.0	911.00	759.00	102.00	298.15	3.20	321.00	0.17	101300.00	271.55
23158800.0	936.00	873.00	110.00	299.45	3.30	316.00	0.15	101300.00	271.25
23162400.0	945.00	921.00	115.00	300.45	3.30	313.00	0.14	101200.00	270.85
23166000.0	947.00	900.00	110.00	300.95	3.30	310.00	0.13	101100.00	270.25
23169600.0	927.00	808.00	104.00	301.15	3.30	309.00	0.12	101000.00	269.65
23173200.0	883.00	656.00	97.00	300.85	3.20	309.00	0.12	100900.00	269.15
23176800.0	797.00	454.00	84.00	299.95	3.00	309.00	0.12	100900.00	268.75
23180400.0	536.00	212.00	70.00	297.15	2.00	310.00	0.15	100900.00	268.65
23184000.0	135.00	29.00	22.00	293.55	1.30	315.00	0.21	101000.00	270.75
23187600.0	0.00	0.00	0.00	291.75	1.30	323.00	0.24	101000.00	270.65
23191200.0	0.00	0.00	0.00	290.95	1.40	332.00	0.24	101000.00	270.45
23194800.0	0.00	0.00	0.00	290.45	1.50	337.00	0.25	101000.00	270.35
23198400.0	0.00	0.00	0.00	290.15	1.70	339.00	0.25	101000.00	270.35
23202000.0	0.00	0.00	0.00	289.65	1.90	339.00	0.26	101000.00	270.45
23205600.0	0.00	0.00	0.00	288.95	2.10	340.00	0.28	100900.00	270.55
23209200.0	0.00	0.00	0.00	288.35	2.30	344.00	0.29	100900.00	270.65
23212800.0	0.00	0.00	0.00	287.95	2.50	348.00	0.30	100800.00	270.75
23216400.0	0.00	0.00	0.00	287.65	2.80	351.00	0.31	100800.00	270.75
23220000.0	0.00	0.00	0.00	287.55	3.10	352.00	0.31	100800.00	270.65
23223600.0	0.00	0.00	0.00	287.55	3.40	351.00	0.31	100800.00	270.65
23227200.0	16.00	4.00	4.00	287.95	3.90	349.00	0.30	100900.00	270.65
23230800.0	446.00	147.00	59.00	289.95	4.40	345.00	0.26	100900.00	270.65
23234400.0	676.00	364.00	91.00	293.55	4.70	333.00	0.21	101000.00	270.75
23238000.0	794.00	572.00	108.00	295.75	4.80	324.00	0.19	101000.00	270.95
23241600.0	862.00	740.00	114.00	300.15	5.40	297.00	0.16	100900.00	272.15
23245200.0	886.00	850.00	125.00	301.75	5.40	283.00	0.16	100900.00	273.35
23248800.0	892.00	894.00	130.00	302.75	5.30	270.00	0.16	100800.00	274.35
23252400.0	889.00	872.00	128.00	303.25	5.30	258.00	0.17	100700.00	275.35
23256000.0	873.00	783.00	118.00	303.05	5.30	243.00	0.18	100700.00	276.05
23259600.0	835.00	634.00	103.00	302.05	5.30	227.00	0.20	100700.00	276.85
23263200.0	755.00	439.00	86.00	299.95	5.60	209.00	0.24	100700.00	278.05
23266800.0	571.00	219.00	66.00	296.65	5.70	195.00	0.33	100800.00	279.65
23270400.0	146.00	30.00	22.00	293.15	5.20	185.00	0.46	100900.00	281.25
23274000.0	0.00	0.00	0.00	290.75	4.60	179.00	0.57	101000.00	282.15
23277600.0	0.00	0.00	0.00	289.35	3.90	173.00	0.63	101100.00	282.25
23281200.0	0.00	0.00	0.00	288.35	3.30	164.00	0.65	101100.00	281.95
23284800.0	0.00	0.00	0.00	287.35	2.90	155.00	0.68	101100.00	281.65
23288400.0	0.00	0.00	0.00	286.35	2.60	143.00	0.72	101100.00	281.45
23292000.0	0.00	0.00	0.00	285.55	2.40	128.00	0.74	101000.00	281.25
23295600.0	0.00	0.00	0.00	284.95	2.40	113.00	0.76	101000.00	281.05
23299200.0	0.00	0.00	0.00	284.35	2.60	101.00	0.77	101000.00	280.55
23302800.0	0.00	0.00	0.00	283.85	2.80	94.00	0.76	101000.00	279.75
23306400.0	0.00	0.00	0.00	283.25	2.80	92.00	0.72	101000.00	278.55
23310000.0	0.00	0.00	0.00	282.65	2.70	90.00	0.67	101100.00	276.95
23313600.0	38.00	5.00	6.00	283.05	2.90	88.00	0.58	101100.00	275.35
23317200.0	545.00	162.00	52.00	285.35	3.30	85.00	0.46	101200.00	274.25
23320800.0	755.00	386.00	77.00	288.75	2.90	78.00	0.34	101200.00	272.95
23324400.0	852.00	597.00	95.00	290.45	2.40	73.00	0.31	101200.00	273.35
23328000.0	903.00	765.00	106.00	294.45	1.20	312.00	0.27	101100.00	274.65
23331600.0	925.00	875.00	114.00	296.25	2.20	264.00	0.24	101100.00	274.55
23335200.0	925.00	916.00	120.00	297.05	3.10	249.00	0.21	101000.00	273.75
23338800.0	898.00	883.00	128.00	296.95	3.80	236.00	0.20	101000.00	272.95
23342400.0	857.00	784.00	128.00	296.45	4.10	224.00	0.20	100900.00	272.45
23346000.0	622.00	572.00	175.00	295.95	4.00	214.00	0.20	100900.00	272.25
23349600.0	651.00	417.00	111.00	295.05	3.90	208.00	0.21	100900.00	271.95
23353200.0	267.00	160.00	88.00	293.45	3.80	204.00	0.23	101000.00	271.85
23356800.0	65.00	23.00	19.00	291.35	3.60	197.00	0.27	101100.00	272.15
23360400.0	0.00	0.00	0.00	289.55	3.30	186.00	0.32	101100.00	272.95
23364000.0	0.00	0.00	0.00	288.45	3.10	174.00	0.37	101100.00	273.85
23367600.0	0.00	0.00	0.00	287.65	2.90	162.00	0.41	101100.00	274.55
23371200.0	0.00	0.00	0.00	287.05	2.80	151.00	0.44	101100.00	275.05
23374800.0	0.00	0.00	0.00	286.45	2.30	143.00	0.47	101100.00	275.45
23378400.0	0.00	0.00	0.00	285.45	1.70	137.00	0.50	101100.00	275.45
23382000.0	0.00	0.00	0.00	284.65	1.50	131.00	0.53	101100.00	275.45
23385600.0	0.00	0.00	0.00	284.25	1.70	124.00	0.53	101000.00	275.25
23389200.0	0.00	0.00	0.00	284.05	2.00	116.00	0.53	101000.00	274.95
23392800.0	0.00	0.00	0.00	283.85	2.20	109.00	0.52	101000.00	274.55
23396400.0	0.00	0.00	0.00	283.45	2.40	101.00	0.52	101000.00	274.25
23400000.0	39.00	5.00	5.00	284.05	2.80	92.00	0.50	101100.00	274.15
23403600.0	523.00	161.00	53.00	286.45	3.00	84.00	0.43	101200.00	274.25
23407200.0	730.00	380.00	78.00	290.35	2.50	79.00	0.33	101200.00	273.95
23410800.0	794.00	577.00	106.00	292.65	2.10	78.00	0.26	101300.00	272.55
23414400.0	794.00	725.00	142.00	298.15	1.30	224.00	0.17	101200.00	271.65
23418000.0	822.00	834.00	155.00	300.45	2.60	251.00	0.17	101100.00	273.45
23421600.0	680.00	824.00	237.00	301.45	3.60	247.00	0.18	101100.00	274.95
23425200.0	696.00	811.00	224.00	301.65	4.30	238.00	0.19	101100.00	275.85
23428800.0	598.00	693.00	234.00	301.25	4.40	229.00	0.20	101000.00	276.55
23432400.0	368.00	494.00	258.00	300.35	4.40	220.00	0.22	101000.00	277.05
23436000.0	228.00	301.00	193.00	298.85	4.20	209.00	0.25	101000.00	277.45
23439600.0	312.00	178.00	93.00	296.65	3.70	194.00	0.29	101100.00	277.65
23443200.0	66.00	26.00	22.00	294.15	3.10	180.00	0.34	101200.00	277.75
23446800.0	0.00	0.00	0.00	292.15	3.10	168.00	0.39	101200.00	277.85
23450400.0	0.00	0.00	0.00	290.95	3.20	157.00	0.43	101300.00	278.45
23454000.0	0.00	0.00	0.00	289.85	3.00	144.00	0.49	101300.00	279.15
23457600.0	0.00	0.00	0.00	288.95	2.70	129.00	0.54	101300.00	279.85
23461200.0	0.00	0.00	0.00	288.25	2.60	114.00	0.59	101300.00	280.25
23464800.0	0.00	0.00	0.00	287.75	2.60	102.00	0.62	101200.00	280.55
23468400.0	0.00	0.00	0.00	287.25	2.50	94.00	0.65	101200.00	280.75
23472000.0	0.00	0.00	0.00	286.85	2.50	89.00	0.66	101200.00	280.65
23475600.0	0.00	0.00	0.00	286.65	2.40	81.00	0.65	101200.00	280.35
23479200.0	0.00	0.00	0.00	286.65	2.30	67.00	0.63	101300.00	279.95
23482800.0	0.00	0.00	0.00	286.75	2.30	55.00	0.61	101300.00	279.45
23486400.0	16.00	5.00	5.00	287.35	2.50	53.00	0.57	101400.00	279.05
23490000.0	383.00	152.00	71.00	289.35	2.80	55.00	0.49	101400.00	278.65
23493600.0	639.00	369.00	102.00	292.95	2.70	50.00	0.38	101400.00	278.15
23497200.0	766.00	576.00	118.00	295.05	2.50	45.00	0.34	101400.00	278.55
23500800.0	888.00	756.00	101.00	299.35	1.60	21.00	0.28	101400.00	279.45
23504400.0	916.00	868.00	108.00	301.25	1.20	171.00	0.26	101300.00	279.85
23508000.0	927.00	914.00	110.00	302.45	1.40	310.00	0.24	101200.00	279.95
23511600.0	923.00	891.00	109.00	303.15	1.70	276.00	0.23	101100.00	280.05
23515200.0	904.00	801.00	104.00	303.35	2.20	255.00	0.23	101100.00	279.95
23518800.0	861.00	649.00	95.00	302.95	2.50	239.00	0.23	101100.00	279.65
23522400.0	782.00	453.00	82.00	302.05	2.80	224.00	0.24	101100.00	279.35
23526000.0	622.00	232.00	61.00	299.85	2.70	210.00	0.27	101100.00	279.15
23529600.0	228.00	37.00	23.00	296.65	2.30	192.00	0.32	101200.00	279.25
23533200.0	0.00	0.00	0.00	294.05	2.20	166.00	0.38	101300.00	279.15
23536800.0	0.00	0.00	0.00	292.75	2.30	131.00	0.40	101400.00	279.05
23540400.0	0.00	0.00	0.00	292.05	2.70	99.00	0.41	101400.00	278.45
23544000.0	0.00	0.00	0.00	291.45	3.40	79.00	0.40	101400.00	277.65
23547600.0	0.00	0.00	0.00	290.65	4.10	71.00	0.40	101400.00	276.95
23551200.0	0.00	0.00	0.00	289.95	4.50	67.00	0.40	101400.00	276.45
23554800.0	0.00	0.00	0.00	289.45	4.70	66.00	0.41	101300.00	276.15
23558400.0	0.00	0.00	0.00	288.75	4.60	66.00	0.42	101300.00	276.05
23562000.0	0.00	0.00	0.00	288.05	4.60	65.00	0.44	101300.00	276.05
23565600.0	0.00	0.00	0.00	287.55	4.60	64.00	0.46	101300.00	276.05
23569200.0	0.00	0.00	0.00	287.25	4.70	63.00	0.46	101400.00	275.85
23572800.0	60.00	7.00	7.00	287.65	4.90	61.00	0.44	101400.00	275.65
23576400.0	579.00	176.00	50.00	290.05	5.20	57.00	0.37	101500.00	275.25
23580000.0	777.00	402.00	74.00	294.05	5.40	48.00	0.28	101500.00	274.75
23583600.0	872.00	613.00	88.00	296.25	5.50	43.00	0.24	101500.00	274.75
23587200.0	943.00	792.00	90.00	292.65	2.60	112.00	0.37	102600.00	277.45
23590800.0	971.00	905.00	93.00	294.25	2.40	113.00	0.32	102500.00	276.95
23594400.0	982.00	951.00	94.00	295.55	2.40	115.00	0.28	102400.00	276.45
23598000.0	968.00	925.00	100.00	296.55	2.60	118.00	0.26	102300.00	275.85
23601600.0	947.00	830.00	95.00	297.05	2.90	122.00	0.24	102300.00	275.35
23605200.0	904.00	674.00	88.00	297.05	3.20	125.00	0.23	102200.00	274.95
23608800.0	826.00	472.00	77.00	296.35	3.40	125.00	0.24	102200.00	274.65
23612400.0	668.00	245.00	58.00	294.25	2.80	125.00	0.27	102300.00	274.65
23616000.0	270.00	39.00	22.00	290.95	2.00	127.00	0.38	102300.00	276.55
23619600.0	0.00	0.00	0.00	288.75	2.00	126.00	0.45	102400.00	277.05
23623200.0	0.00	0.00	0.00	287.75	2.10	120.00	0.49	102500.00	277.25
23626800.0	0.00	0.00	0.00	286.85	2.10	112.00	0.53	102600.00	277.65
23630400.0	0.00	0.00	0.00	286.05	2.10	103.00	0.57	102600.00	277.75
23634000.0	0.00	0.00	0.00	285.35	2.10	98.00	0.59	102600.00	277.65
23637600.0	0.00	0.00	0.00	284.65	2.10	95.00	0.60	102600.00	277.35
23641200.0	0.00	0.00	0.00	284.05	2.20	95.00	0.61	102600.00	276.85
23644800.0	0.00	0.00	0.00	283.45	2.40	95.00	0.61	102500.00	276.45
23648400.0	0.00	0.00	0.00	283.05	2.50	94.00	0.62	102500.00	276.25
23652000.0	0.00	0.00	0.00	282.65	2.70	92.00	0.64	102500.00	276.35
23655600.0	0.00	0.00	0.00	282.25	3.00	89.00	0.68	102500.00	276.65
23659200.0	0.00	0.00	0.00	282.95	3.50	87.00	0.67	102600.00	277.25
23662800.0	632.00	192.00	50.00	285.55	3.80	84.00	0.59	102600.00	277.85
23666400.0	823.00	425.00	71.00	289.75	3.20	77.00	0.46	102600.00	278.15
23670000.0	914.00	641.00	84.00	292.25	2.80	71.00	0.33	102600.00	275.85
23673600.0	957.00	811.00	94.00	295.85	1.80	75.00	0.24	102500.00	274.15
23677200.0	984.00	925.00	99.00	297.65	1.40	80.00	0.20	102400.00	273.05
23680800.0	995.00	971.00	100.00	299.15	1.10	88.00	0.17	102300.00	272.15
23684400.0	986.00	941.00	97.00	300.25	0.80	112.00	0.15	102200.00	271.45
23688000.0	967.00	846.00	93.00	300.95	0.70	144.00	0.14	102100.00	270.95
23691600.0	928.00	689.00	85.00	301.05	1.00	161.00	0.13	102000.00	270.55
23695200.0	824.00	479.00	82.00	300.35	1.30	162.00	0.14	102000.00	270.55
23698800.0	666.00	249.00	62.00	297.85	1.20	162.00	0.17	102000.00	271.35
23702400.0	265.00	41.00	23.00	293.95	1.20	154.00	0.34	102000.00	277.75
23706000.0	0.00	0.00	0.00	291.35	1.40	134.00	0.36	102000.00	276.05
23709600.0	0.00	0.00	0.00	289.95	1.60	108.00	0.39	102100.00	275.85
23713200.0	0.00	0.00	0.00	289.05	1.80	84.00	0.40	102100.00	275.65
23716800.0	0.00	0.00	0.00	288.35	2.10	66.00	0.41	102100.00	275.35
23720400.0	0.00	0.00	0.00	287.75	2.30	56.00	0.41	102000.00	274.85
23724000.0	0.00	0.00	0.00	286.95	2.30	49.00	0.43	102000.00	274.55
23727600.0	0.00	0.00	0.00	286.35	2.20	44.00	0.44	101900.00	274.45
23731200.0	0.00	0.00	0.00	285.75	2.20	43.00	0.46	101900.00	274.35
23734800.0	0.00	0.00	0.00	285.25	2.20	42.00	0.47	101900.00	274.35
23738400.0	0.00	0.00	0.00	284.95	2.20	43.00	0.48	101900.00	274.35
23742000.0	0.00	0.00	0.00	284.65	2.30	44.00	0.50	101900.00	274.55
23745600.0	0.00	0.00	0.00	286.15	2.90	44.00	0.46	101900.00	274.85
23749200.0	616.00	194.00	53.00	289.45	3.50	41.00	0.38	102000.00	275.15
23752800.0	811.00	428.00	76.00	293.55	4.10	27.00	0.30	102000.00	275.45
23756400.0	901.00	643.00	90.00	295.95	4.50	14.00	0.24	102000.00	274.35
23760000.0	941.00	813.00	104.00	299.85	5.10	179.00	0.16	101800.00	272.35
23763600.0	969.00	927.00	110.00	301.45	5.20	353.00	0.14	101700.00	271.15
23767200.0	980.00	973.00	111.00	302.65	5.30	348.00	0.12	101600.00	270.25
23770800.0	979.00	947.00	107.00	303.35	5.20	344.00	0.11	101500.00	269.65
23774400.0	956.00	850.00	104.00	303.55	5.10	341.00	0.11	101400.00	269.35
23778000.0	911.00	691.00	96.00	303.35	4.90	339.00	0.11	101300.00	269.25
23781600.0	831.00	485.00	83.00	302.55	4.40	338.00	0.11	101300.00	269.35
23785200.0	671.00	254.00	63.00	299.65	3.00	338.00	0.14	101300.00	269.85
23788800.0	265.00	43.00	24.00	295.25	1.90	340.00	0.24	101300.00	273.95
23792400.0	0.00	0.00	0.00	292.85	2.00	346.00	0.28	101300.00	273.75
23796000.0	0.00	0.00	0.00	291.95	2.30	349.00	0.27	101300.00	272.65
23799600.0	0.00	0.00	0.00	291.15	2.60	349.00	0.26	101400.00	271.55
23803200.0	0.00	0.00	0.00	290.35	2.70	349.00	0.26	101400.00	270.65
23806800.0	0.00	0.00	0.00	289.75	2.90	349.00	0.25	101300.00	269.95
23810400.0	0.00	0.00	0.00	289.15	3.00	350.00	0.26	101300.00	269.55
23814000.0	0.00	0.00	0.00	288.55	3.00	351.00	0.26	101200.00	269.45
23817600.0	0.00	0.00	0.00	288.05	2.90	352.00	0.28	101200.00	269.55
23821200.0	0.00	0.00	0.00	287.55	3.00	353.00	0.29	101100.00	269.85
23824800.0	0.00	0.00	0.00	287.25	3.00	353.00	0.31	101100.00	270.45
23828400.0	0.00	0.00	0.00	286.95	3.00	352.00	0.33	101200.00	271.15
23832000.0	41.00	11.00	10.00	288.15	3.70	351.00	0.33	101200.00	271.95
23835600.0	543.00	190.00	63.00	291.35	4.50	350.00	0.28	101300.00	272.45
23839200.0	751.00	418.00	89.00	295.65	4.80	345.00	0.22	101300.00	273.05
23842800.0	855.00	632.00	104.00	298.05	4.90	341.00	0.20	101300.00	273.65
23846400.0	887.00	793.00	123.00	303.75	6.50	316.00	0.14	101200.00	273.55
23850000.0	898.00	899.00	139.00	305.15	6.40	313.00	0.13	101200.00	273.85
23853600.0	890.00	936.00	150.00	306.15	6.20	310.00	0.13	101100.00	274.05
23857200.0	875.00	906.00	153.00	306.75	5.90	306.00	0.12	101000.00	274.05
23860800.0	845.00	810.00	148.00	306.95	5.60	303.00	0.12	100900.00	273.95
23864400.0	787.00	652.00	136.00	306.75	5.10	300.00	0.12	100800.00	273.85
23868000.0	779.00	470.00	91.00	305.95	4.30	298.00	0.13	100800.00	273.55
23871600.0	613.00	245.00	69.00	302.95	2.60	298.00	0.15	100800.00	273.95
23875200.0	204.00	41.00	26.00	298.75	1.50	301.00	0.27	100900.00	278.25
23878800.0	0.00	0.00	0.00	296.55	1.40	301.00	0.30	100900.00	277.85
23882400.0	0.00	0.00	0.00	295.35	1.40	283.00	0.32	101000.00	277.85
23886000.0	0.00	0.00	0.00	293.75	1.60	245.00	0.36	101000.00	278.45
23889600.0	0.00	0.00	0.00	292.15	1.80	208.00	0.43	101000.00	279.45
23893200.0	0.00	0.00	0.00	290.65	1.90	186.00	0.52	101000.00	280.75
23896800.0	0.00	0.00	0.00	289.55	1.80	173.00	0.58	101000.00	281.35
23900400.0	0.00	0.00	0.00	288.75	1.80	166.00	0.62	101000.00	281.65
23904000.0	0.00	0.00	0.00	287.95	1.90	162.00	0.66	101000.00	281.75
23907600.0	0.00	0.00	0.00	287.35	1.90	159.00	0.69	101100.00	281.85
23911200.0	0.00	0.00	0.00	286.75	2.00	157.00	0.72	101100.00	281.95
23914800.0	0.00	0.00	0.00	286.25	2.00	153.00	0.76	101200.00	282.25
23918400.0	50.00	12.00	11.00	287.15	2.50	149.00	0.74	101200.00	282.75
23922000.0	508.00	186.00	65.00	289.75	3.00	150.00	0.65	101300.00	283.25
23925600.0	707.00	407.00	94.00	293.05	2.60	158.00	0.51	101300.00	282.85
23929200.0	803.00	613.00	114.00	294.75	2.40	162.00	0.44	101300.00	281.95
23932800.0	846.00	774.00	131.00	298.85	1.70	215.00	0.33	101200.00	281.45
23936400.0	24.00	370.00	350.00	301.35	2.20	272.00	0.27	101200.00	280.95
23940000.0	23.00	391.00	371.00	303.05	3.10	287.00	0.24	101100.00	280.65
23943600.0	888.00	898.00	131.00	304.15	3.60	289.00	0.23	101000.00	280.85
23947200.0	101.00	578.00	498.00	304.95	3.80	279.00	0.22	101000.00	281.05
23950800.0	45.00	384.00	354.00	304.85	4.00	252.00	0.22	100900.00	280.85
23954400.0	724.00	453.00	99.00	303.25	4.60	218.00	0.24	100900.00	280.75
23958000.0	132.00	181.00	143.00	299.95	5.10	190.00	0.30	100900.00	280.85
23961600.0	0.00	17.00	17.00	296.05	5.20	173.00	0.38	101000.00	281.15
23965200.0	0.00	0.00	0.00	293.45	4.70	161.00	0.45	101000.00	281.35
23968800.0	0.00	0.00	0.00	292.35	3.70	143.00	0.49	101000.00	281.55
23972400.0	0.00	0.00	0.00	291.95	2.80	116.00	0.51	100900.00	281.65
23976000.0	0.00	0.00	0.00	291.65	2.30	87.00	0.52	100800.00	281.85
23979600.0	0.00	0.00	0.00	291.15	2.10	129.00	0.56	100900.00	282.35
23983200.0	0.00	0.00	0.00	290.35	3.40	191.00	0.63	100900.00	283.45
23986800.0	0.00	0.00	0.00	289.35	4.90	186.00	0.73	101000.00	284.65
23990400.0	0.00	0.00	0.00	288.65	4.70	164.00	0.80	100900.00	285.35
23994000.0	0.00	0.00	0.00	288.55	3.60	155.00	0.82	100800.00	285.55
23997600.0	0.00	0.00	0.00	288.55	2.70	164.00	0.82	100800.00	285.55
24001200.0	0.00	0.00	0.00	288.25	2.80	190.00	0.83	100900.00	285.55
24004800.0	30.00	12.00	11.00	288.15	3.80	209.00	0.83	101000.00	285.45
24008400.0	449.00	184.00	75.00	289.15	5.00	208.00	0.75	101100.00	284.85
24012000.0	700.00	413.00	100.00	291.15	5.90	207.00	0.61	101200.00	283.55
24015600.0	850.00	633.00	101.00	292.15	6.40	208.00	0.53	101200.00	282.45
24019200.0	909.00	811.00	117.00	294.65	7.10	210.00	0.43	101200.00	281.75
24022800.0	944.00	926.00	120.00	295.55	7.10	210.00	0.38	101200.00	280.65
24026400.0	963.00	973.00	117.00	296.15	6.90	208.00	0.34	101200.00	279.35
24030000.0	970.00	949.00	108.00	296.35	6.70	206.00	0.32	101200.00	278.75
24033600.0	956.00	851.00	97.00	296.15	6.40	203.00	0.32	101200.00	278.65
24037200.0	923.00	696.00	86.00	295.55	6.10	198.00	0.33	101100.00	278.45
24040800.0	816.00	485.00	84.00	294.45	5.80	194.00	0.35	101200.00	278.35
24044400.0	669.00	258.00	63.00	292.85	5.10	191.00	0.38	101200.00	278.25
24048000.0	292.00	48.00	26.00	290.75	4.00	191.00	0.45	101300.00	278.65
24051600.0	0.00	0.00	0.00	288.95	3.50	191.00	0.53	101400.00	279.45
24055200.0	0.00	0.00	0.00	287.95	3.50	186.00	0.60	101500.00	280.35
24058800.0	0.00	0.00	0.00	287.05	3.40	177.00	0.66	101500.00	280.95
24062400.0	0.00	0.00	0.00	286.15	3.20	166.00	0.72	101500.00	281.25
24066000.0	0.00	0.00	0.00	285.35	2.90	153.00	0.75	101500.00	281.25
24069600.0	0.00	0.00	0.00	284.55	2.70	140.00	0.78	101500.00	280.95
24073200.0	0.00	0.00	0.00	283.85	2.50	129.00	0.79	101500.00	280.55
24076800.0	0.00	0.00	0.00	283.15	2.50	121.00	0.81	101500.00	280.15
24080400.0	0.00	0.00	0.00	282.45	2.40	114.00	0.83	101500.00	279.85
24084000.0	0.00	0.00	0.00	281.85	2.50	109.00	0.85	101500.00	279.55
24087600.0	0.00	0.00	0.00	281.25	2.50	103.00	0.87	101600.00	279.25
24091200.0	196.00	20.00	14.00	281.95	3.10	98.00	0.81	101600.00	278.95
24094800.0	673.00	219.00	52.00	284.65	3.80	96.00	0.66	101700.00	278.65
24098400.0	849.00	454.00	71.00	287.95	3.50	93.00	0.51	101700.00	278.15
24102000.0	934.00	670.00	82.00	289.55	3.10	92.00	0.43	101700.00	277.05
24105600.0	962.00	837.00	99.00	293.55	1.80	86.00	0.30	101600.00	275.55
24109200.0	987.00	950.00	103.00	295.75	0.90	107.00	0.23	101500.00	273.55
24112800.0	997.00	994.00	105.00	297.45	0.80	178.00	0.19	101400.00	272.35
24116400.0	996.00	967.00	101.00	298.45	1.40	228.00	0.17	101300.00	271.55
24120000.0	976.00	869.00	97.00	298.85	2.10	228.00	0.16	101200.00	270.85
24123600.0	935.00	709.00	89.00	298.55	2.60	224.00	0.15	101100.00	270.45
24127200.0	844.00	499.00	83.00	297.65	2.80	217.00	0.16	101100.00	270.05
24130800.0	693.00	266.00	63.00	295.45	2.40	209.00	0.18	101100.00	269.95
24134400.0	312.00	51.00	26.00	291.75	1.70	198.00	0.26	101100.00	272.05
24138000.0	0.00	0.00	0.00	288.85	1.70	183.00	0.34	101200.00	273.05
24141600.0	0.00	0.00	0.00	287.75	1.90	167.00	0.36	101200.00	273.05
24145200.0	0.00	0.00	0.00	286.85	1.80	151.00	0.40	101300.00	273.55
24148800.0	0.00	0.00	0.00	286.05	1.60	129.00	0.44	101300.00	274.05
24152400.0	0.00	0.00	0.00	285.65	1.50	108.00	0.46	101200.00	274.25
24156000.0	0.00	0.00	0.00	285.65	1.40	87.00	0.45	101200.00	274.25
24159600.0	0.00	0.00	0.00	285.95	1.40	60.00	0.44	101100.00	274.15
24163200.0	0.00	0.00	0.00	286.55	1.50	37.00	0.40	101000.00	273.15
24166800.0	0.00	0.00	0.00	287.15	1.60	23.00	0.37	101000.00	272.65
24170400.0	0.00	0.00	0.00	286.75	1.80	16.00	0.37	100900.00	272.35
24174000.0	0.00	0.00	0.00	285.85	1.80	17.00	0.38	100900.00	271.85
24177600.0	0.00	2.00	2.00	286.95	2.10	18.00	0.35	101000.00	271.75
24181200.0	538.00	203.00	67.00	289.85	2.50	19.00	0.29	101100.00	271.65
24184800.0	716.00	426.00	100.00	292.85	2.50	175.00	0.23	101100.00	271.15
24188400.0	804.00	632.00	122.00	294.35	2.40	329.00	0.21	101100.00	270.95
24192000.0	834.00	791.00	148.00	296.75	3.20	297.00	0.18	101000.00	271.15
24195600.0	829.00	891.00	178.00	298.05	3.80	288.00	0.17	101000.00	271.35
24199200.0	46.00	573.00	532.00	299.15	4.00	284.00	0.16	100900.00	271.55
24202800.0	178.00	755.00	600.00	300.25	3.90	280.00	0.16	100700.00	272.45
24206400.0	27.00	414.00	392.00	300.75	3.90	274.00	0.18	100600.00	274.05
24210000.0	114.00	486.00	410.00	300.65	3.90	266.00	0.20	100600.00	276.15
24213600.0	26.00	213.00	200.00	300.25	3.80	261.00	0.25	100500.00	278.35
24217200.0	17.00	105.00	100.00	298.75	3.20	262.00	0.31	100500.00	280.35
24220800.0	0.00	4.00	4.00	296.45	2.50	270.00	0.40	100600.00	282.15
24224400.0	0.00	0.00	0.00	294.65	2.40	278.00	0.46	100700.00	282.65
24228000.0	0.00	0.00	0.00	293.35	2.40	276.00	0.50	100700.00	282.65
24231600.0	0.00	0.00	0.00	291.95	2.10	265.00	0.54	100800.00	282.65
24235200.0	0.00	0.00	0.00	290.45	1.70	253.00	0.59	100800.00	282.35
24238800.0	0.00	0.00	0.00	289.25	1.50	239.00	0.61	100800.00	281.85
24242400.0	0.00	0.00	0.00	288.35	1.40	223.00	0.63	100700.00	281.35
24246000.0	0.00	0.00	0.00	287.45	1.40	210.00	0.65	100700.00	280.95
24249600.0	0.00	0.00	0.00	286.55	1.40	200.00	0.68	100700.00	280.85
24253200.0	0.00	0.00	0.00	285.75	1.40	189.00	0.72	100700.00	281.05
24256800.0	0.00	0.00	0.00	285.05	1.50	177.00	0.78	100800.00	281.45
24260400.0	0.00	0.00	0.00	284.55	1.50	164.00	0.81	100800.00	281.55
24264000.0	181.00	23.00	16.00	285.65	2.00	151.00	0.75	100900.00	281.45
24267600.0	627.00	216.00	56.00	288.65	2.70	149.00	0.60	101000.00	281.05
24271200.0	801.00	445.00	76.00	291.95	3.10	160.00	0.44	101000.00	279.55
24274800.0	888.00	655.00	89.00	293.75	3.30	167.00	0.34	101000.00	277.55
24278400.0	936.00	824.00	98.00	296.95	3.40	187.00	0.26	100900.00	276.55
24282000.0	964.00	936.00	104.00	298.35	3.80	203.00	0.23	100900.00	275.95
24285600.0	974.00	979.00	105.00	299.25	4.60	212.00	0.21	100800.00	275.35
24289200.0	970.00	952.00	103.00	299.35	5.20	214.00	0.20	100800.00	275.05
24292800.0	949.00	855.00	99.00	298.85	5.70	215.00	0.21	100700.00	274.95
24296400.0	906.00	697.00	92.00	297.75	6.00	213.00	0.22	100700.00	274.95
24300000.0	832.00	494.00	79.00	296.15	6.10	209.00	0.25	100800.00	275.15
24303600.0	677.00	264.00	62.00	294.05	5.80	204.00	0.29	100800.00	275.55
24307200.0	310.00	53.00	27.00	291.55	4.90	199.00	0.36	100900.00	276.15
24310800.0	0.00	0.00	0.00	289.55	4.30	195.00	0.44	101000.00	277.35
24314400.0	0.00	0.00	0.00	288.25	4.20	192.00	0.53	101100.00	278.75
24318000.0	0.00	0.00	0.00	287.15	4.00	186.00	0.63	101100.00	280.25
24321600.0	0.00	0.00	0.00	286.15	3.60	181.00	0.72	101100.00	281.35
24325200.0	0.00	0.00	0.00	285.45	3.10	177.00	0.80	101000.00	282.15
24328800.0	0.00	0.00	0.00	284.75	2.70	176.00	0.86	101000.00	282.55
24332400.0	0.00	0.00	0.00	284.35	2.60	176.00	0.90	101000.00	282.85
24336000.0	0.00	0.00	0.00	284.35	2.90	178.00	0.90	101000.00	282.85
24339600.0	0.00	0.00	0.00	284.45	3.00	179.00	0.89	101000.00	282.75
24343200.0	0.00	0.00	0.00	284.55	2.90	179.00	0.87	101000.00	282.65
24346800.0	0.00	0.00	0.00	284.55	2.80	182.00	0.87	101100.00	282.55
24350400.0	174.00	26.00	18.00	284.95	3.30	189.00	0.83	101100.00	282.25
24354000.0	620.00	221.00	59.00	286.05	4.30	197.00	0.74	101200.00	281.65
24357600.0	0.00	36.00	36.00	287.25	4.90	205.00	0.62	101200.00	280.15
24361200.0	25.00	190.00	175.00	287.75	5.00	211.00	0.54	101300.00	278.65
24364800.0	25.00	366.00	347.00	289.65	5.10	221.00	0.44	101200.00	277.35
24368400.0	139.00	696.00	575.00	291.05	5.30	226.00	0.37	101100.00	276.25
24372000.0	30.00	512.00	485.00	291.55	5.80	228.00	0.35	101000.00	275.75
24375600.0	24.00	445.00	423.00	290.95	6.70	228.00	0.37	101000.00	276.35
24379200.0	28.00	237.00	215.00	289.35	7.50	225.00	0.45	101000.00	277.55
24382800.0	25.00	174.00	157.00	287.65	7.90	216.00	0.55	101000.00	278.85
24386400.0	90.00	323.00	278.00	286.95	7.90	209.00	0.58	101100.00	278.95
24390000.0	104.00	180.00	148.00	286.45	7.80	207.00	0.53	101200.00	277.25
24393600.0	187.00	52.00	36.00	285.25	7.20	207.00	0.53	101200.00	275.95
24397200.0	0.00	0.00	0.00	284.15	6.60	206.00	0.57	101300.00	276.05
24400800.0	0.00	0.00	0.00	283.55	6.30	207.00	0.60	101400.00	276.15
24404400.0	0.00	0.00	0.00	283.25	6.30	209.00	0.61	101400.00	276.05
24408000.0	0.00	0.00	0.00	282.85	5.90	214.00	0.63	101400.00	276.35
24411600.0	0.00	0.00	0.00	282.45	5.50	222.00	0.68	101400.00	276.95
24415200.0	0.00	0.00	0.00	282.05	5.40	232.00	0.73	101300.00	277.55
24418800.0	0.00	0.00	0.00	281.85	5.80	241.00	0.77	101200.00	278.05
24422400.0	0.00	0.00	0.00	281.85	6.60	241.00	0.79	101100.00	278.55
24426000.0	0.00	0.00	0.00	282.05	7.30	230.00	0.81	101100.00	279.05
24429600.0	0.00	0.00	0.00	282.15	7.50	217.00	0.81	101100.00	279.25
24433200.0	0.00	0.00	0.00	281.75	7.20	211.00	0.80	101200.00	278.65
24436800.0	0.00	15.00	15.00	281.65	7.00	210.00	0.76	101200.00	277.75
24440400.0	352.00	203.00	110.00	282.35	7.50	210.00	0.71	101300.00	277.45
24444000.0	127.00	323.00	264.00	283.45	8.40	207.00	0.65	101300.00	277.25
24447600.0	25.00	163.00	147.00	284.05	8.70	204.00	0.61	101400.00	276.85
24451200.0	783.00	805.00	194.00	285.35	8.50	194.00	0.56	101400.00	276.95
24454800.0	841.00	920.00	189.00	285.95	8.10	185.00	0.54	101400.00	276.85
24458400.0	889.00	971.00	167.00	286.55	7.60	182.00	0.50	101400.00	276.35
24462000.0	916.00	952.00	146.00	287.15	7.30	185.00	0.45	101400.00	275.55
24465600.0	900.00	856.00	134.00	287.65	7.30	189.00	0.41	101300.00	274.75
24469200.0	851.00	697.00	124.00	287.65	7.40	191.00	0.39	101300.00	274.05
24472800.0	736.00	488.00	118.00	286.95	7.20	191.00	0.40	101400.00	273.55
24476400.0	579.00	260.00	85.00	285.85	6.50	189.00	0.41	101500.00	273.05
24480000.0	227.00	54.00	34.00	284.35	5.30	188.00	0.45	101600.00	272.85
24483600.0	0.00	0.00	0.00	282.95	4.40	186.00	0.51	101700.00	273.35
24487200.0	0.00	0.00	0.00	282.05	3.90	184.00	0.56	101800.00	273.95
24490800.0	0.00	0.00	0.00	281.15	3.40	183.00	0.63	101800.00	274.65
24494400.0	0.00	0.00	0.00	280.45	2.90	184.00	0.69	101900.00	275.25
24498000.0	0.00	0.00	0.00	279.95	2.60	185.00	0.75	101900.00	275.95
24501600.0	0.00	0.00	0.00	279.85	2.60	186.00	0.79	101900.00	276.55
24505200.0	0.00	0.00	0.00	280.15	2.90	184.00	0.81	101900.00	277.15
24508800.0	0.00	0.00	0.00	280.35	2.90	183.00	0.83	101900.00	277.85
24512400.0	0.00	0.00	0.00	280.15	2.50	182.00	0.88	101900.00	278.35
24516000.0	0.00	0.00	0.00	279.95	2.30	179.00	0.92	101900.00	278.85
24519600.0	0.00	0.00	0.00	280.15	2.30	175.00	0.93	102000.00	279.15
24523200.0	0.00	6.00	6.00	281.25	2.80	171.00	0.87	102000.00	279.35
24526800.0	609.00	231.00	67.00	283.35	3.50	167.00	0.77	102100.00	279.55
24530400.0	799.00	464.00	87.00	285.75	3.90	165.00	0.65	102100.00	279.55
24534000.0	894.00	677.00	98.00	287.05	3.90	165.00	0.57	102100.00	278.85
24537600.0	911.00	838.00	122.00	290.25	3.50	177.00	0.45	102100.00	278.25
24541200.0	944.00	946.00	122.00	291.95	3.20	187.00	0.39	102000.00	277.75
24544800.0	959.00	990.00	120.00	293.25	3.20	198.00	0.34	102000.00	277.15
24548400.0	975.00	966.00	105.00	294.05	3.40	204.00	0.31	101900.00	276.45
24552000.0	953.00	868.00	101.00	294.35	3.70	205.00	0.29	101800.00	275.85
24555600.0	906.00	706.00	95.00	294.05	3.80	202.00	0.29	101800.00	275.45
24559200.0	821.00	500.00	85.00	293.15	3.90	199.00	0.30	101800.00	275.15
24562800.0	671.00	271.00	66.00	291.45	3.60	198.00	0.33	101900.00	274.95
24566400.0	322.00	59.00	29.00	288.55	2.90	198.00	0.41	101900.00	275.45
24570000.0	0.00	0.00	0.00	286.25	2.60	192.00	0.51	102000.00	276.45
24573600.0	0.00	0.00	0.00	285.15	2.70	181.00	0.56	102100.00	276.65
24577200.0	0.00	0.00	0.00	284.15	2.50	168.00	0.61	102100.00	277.05
24580800.0	0.00	0.00	0.00	283.35	2.30	153.00	0.66	102100.00	277.45
24584400.0	0.00	0.00	0.00	282.55	2.10	137.00	0.70	102100.00	277.45
24588000.0	0.00	0.00	0.00	282.15	2.10	121.00	0.71	102000.00	277.25
24591600.0	0.00	0.00	0.00	281.95	2.20	108.00	0.70	102000.00	276.95
24595200.0	0.00	0.00	0.00	281.75	2.20	97.00	0.70	101900.00	276.65
24598800.0	0.00	0.00	0.00	281.35	2.20	89.00	0.71	101900.00	276.45
24602400.0	0.00	0.00	0.00	280.95	2.30	83.00	0.72	101900.00	276.35
24606000.0	0.00	0.00	0.00	280.65	2.40	78.00	0.73	102000.00	276.25
24609600.0	246.00	35.00	21.00	281.65	2.90	74.00	0.68	102000.00	276.15
24613200.0	660.00	239.00	59.00	284.75	3.00	65.00	0.55	102100.00	276.25
24616800.0	825.00	471.00	78.00	288.85	2.20	208.00	0.42	102100.00	275.95
24620400.0	908.00	682.00	90.00	291.15	1.70	356.00	0.33	102100.00	274.85
24624000.0	924.00	842.00	114.00	294.85	1.70	317.00	0.26	102000.00	274.55
24627600.0	951.00	951.00	118.00	296.65	1.90	307.00	0.23	101900.00	274.55
24631200.0	962.00	994.00	119.00	298.05	2.00	304.00	0.21	101800.00	274.45
24634800.0	958.00	965.00	117.00	299.05	2.10	305.00	0.20	101800.00	274.15
24638400.0	938.00	866.00	110.00	299.65	2.20	306.00	0.18	101700.00	273.85
24642000.0	899.00	708.00	99.00	299.55	2.30	308.00	0.18	101600.00	273.45
24645600.0	825.00	505.00	87.00	298.95	2.20	311.00	0.18	101600.00	273.25
24649200.0	680.00	275.00	66.00	296.95	1.60	312.00	0.21	101600.00	273.15
24652800.0	331.00	61.00	30.00	293.95	1.10	312.00	0.37	101600.00	278.95
24656400.0	0.00	0.00	0.00	291.95	1.20	318.00	0.38	101700.00	277.35
24660000.0	0.00	0.00	0.00	291.05	1.20	333.00	0.38	101700.00	276.45
24663600.0	0.00	0.00	0.00	289.85	1.40	350.00	0.40	101800.00	276.15
24667200.0	0.00	0.00	0.00	288.45	1.50	184.00	0.42	101800.00	275.85
24670800.0	0.00	0.00	0.00	287.25	1.60	13.00	0.45	101700.00	275.55
24674400.0	0.00	0.00	0.00	286.35	1.80	16.00	0.46	101700.00	275.05
24678000.0	0.00	0.00	0.00	285.75	2.00	16.00	0.46	101700.00	274.55
24681600.0	0.00	0.00	0.00	285.05	2.10	15.00	0.47	101600.00	274.05
24685200.0	0.00	0.00	0.00	284.45	2.20	14.00	0.47	101600.00	273.65
24688800.0	0.00	0.00	0.00	283.95	2.30	13.00	0.48	101600.00	273.35
24692400.0	0.00	0.00	0.00	283.75	2.40	12.00	0.48	101700.00	273.15
24696000.0	216.00	36.00	22.00	285.45	3.20	11.00	0.42	101800.00	273.15
24699600.0	616.00	238.00	68.00	288.95	4.00	10.00	0.33	101800.00	272.95
24703200.0	780.00	469.00	95.00	293.15	4.70	180.00	0.26	101800.00	273.05
24706800.0	863.00	679.00	113.00	295.55	5.30	351.00	0.21	101800.00	272.25
24710400.0	915.00	847.00	122.00	299.65	6.30	348.00	0.16	101700.00	271.75
24714000.0	940.00	957.00	130.00	301.35	6.70	347.00	0.14	101600.00	271.65
24717600.0	944.00	997.00	135.00	302.65	6.90	344.00	0.13	101500.00	271.35
24721200.0	927.00	964.00	141.00	303.45	7.10	340.00	0.12	101400.00	270.95
24724800.0	883.00	859.00	144.00	303.75	7.20	339.00	0.11	101300.00	270.55
24728400.0	813.00	696.00	143.00	303.25	7.00	339.00	0.11	101300.00	270.15
24732000.0	28.00	233.00	218.00	302.15	6.30	341.00	0.12	101300.00	270.05
24735600.0	289.00	242.00	152.00	300.15	5.00	344.00	0.14	101300.00	270.55
24739200.0	116.00	51.00	40.00	297.25	3.50	344.00	0.19	101300.00	271.95
24742800.0	0.00	0.00	0.00	294.75	2.70	342.00	0.25	101400.00	273.95
24746400.0	0.00	0.00	0.00	293.75	2.80	344.00	0.27	101500.00	274.05
24750000.0	0.00	0.00	0.00	293.15	3.30	350.00	0.27	101500.00	273.55
24753600.0	0.00	0.00	0.00	292.65	4.00	354.00	0.26	101500.00	272.65
24757200.0	0.00	0.00	0.00	292.55	4.70	180.00	0.25	101400.00	271.85
24760800.0	0.00	0.00	0.00	291.85	4.70	5.00	0.24	101400.00	271.15
24764400.0	0.00	0.00	0.00	290.55	4.00	6.00	0.27	101300.00	271.25
24768000.0	0.00	0.00	0.00	289.45	3.50	6.00	0.29	101300.00	271.45
24771600.0	0.00	0.00	0.00	288.65	3.20	6.00	0.31	101300.00	271.55
24775200.0	0.00	0.00	0.00	288.05	3.00	5.00	0.32	101300.00	271.65
24778800.0	0.00	0.00	0.00	287.75	2.80	4.00	0.33	101300.00	271.75
24782400.0	0.00	17.00	17.00	288.85	3.20	2.00	0.31	101400.00	272.05
24786000.0	29.00	120.00	112.00	291.65	3.80	180.00	0.25	101400.00	271.55
24789600.0	126.00	336.00	275.00	295.05	4.50	352.00	0.21	101500.00	271.65
24793200.0	153.00	511.00	411.00	297.05	5.00	345.00	0.18	101500.00	271.55
24796800.0	157.00	644.00	520.00	302.25	6.90	332.00	0.13	101400.00	270.75
24800400.0	857.00	931.00	175.00	304.55	7.20	327.00	0.10	101300.00	269.85
24804000.0	851.00	965.00	186.00	306.05	7.00	323.00	0.09	101200.00	269.35
24807600.0	125.00	704.00	593.00	306.75	6.70	321.00	0.09	101100.00	269.25
24811200.0	155.00	660.00	534.00	306.95	6.30	320.00	0.09	101000.00	269.15
24814800.0	89.00	474.00	414.00	306.55	5.70	319.00	0.09	101000.00	269.35
24818400.0	109.00	349.00	294.00	305.65	4.40	322.00	0.10	100900.00	270.15
24822000.0	109.00	191.00	157.00	303.15	2.90	331.00	0.13	100900.00	272.25
24825600.0	26.00	39.00	37.00	299.55	2.20	338.00	0.21	100900.00	275.65
24829200.0	0.00	0.00	0.00	297.35	2.40	341.00	0.23	100900.00	275.15
24832800.0	0.00	0.00	0.00	296.05	2.50	343.00	0.23	101000.00	274.05
24836400.0	0.00	0.00	0.00	294.15	2.30	339.00	0.26	101000.00	273.85
24840000.0	0.00	0.00	0.00	292.35	2.00	312.00	0.31	101100.00	275.15
24843600.0	0.00	0.00	0.00	291.15	2.00	260.00	0.40	101100.00	277.45
24847200.0	0.00	0.00	0.00	290.25	1.80	201.00	0.52	101100.00	280.35
24850800.0	0.00	0.00	0.00	289.05	1.70	168.00	0.64	101100.00	282.25
24854400.0	0.00	0.00	0.00	288.05	1.70	163.00	0.71	101000.00	282.85
24858000.0	0.00	0.00	0.00	287.95	1.70	166.00	0.72	101000.00	282.95
24861600.0	0.00	0.00	0.00	287.85	1.80	172.00	0.73	101000.00	283.25
24865200.0	0.00	0.00	0.00	287.65	2.00	175.00	0.76	101100.00	283.65
24868800.0	0.00	21.00	21.00	288.65	2.50	177.00	0.73	101200.00	284.05
24872400.0	53.00	143.00	128.00	290.35	2.80	180.00	0.66	101200.00	284.05
24876000.0	30.00	225.00	210.00	291.95	2.40	187.00	0.59	101300.00	283.85
24879600.0	15.00	95.00	85.00	292.65	2.20	191.00	0.57	101300.00	284.05
24883200.0	12.00	92.00	82.00	295.25	1.60	109.00	0.51	101200.00	284.65
24886800.0	25.00	348.00	326.00	298.45	2.30	190.00	0.43	101100.00	284.95
24890400.0	99.00	697.00	606.00	302.15	3.30	306.00	0.32	101000.00	283.95
24894000.0	886.00	935.00	143.00	304.15	4.60	267.00	0.26	101000.00	282.35
24897600.0	875.00	840.00	128.00	304.35	5.00	247.00	0.25	100900.00	282.15
24901200.0	833.00	687.00	117.00	303.55	5.40	227.00	0.25	100900.00	281.75
24904800.0	768.00	491.00	96.00	301.55	5.90	207.00	0.28	101000.00	281.15
24908400.0	622.00	270.00	73.00	298.35	6.30	191.00	0.33	101100.00	281.15
24912000.0	280.00	63.00	34.00	294.65	6.00	182.00	0.43	101200.00	281.75
24915600.0	0.00	0.00	0.00	291.85	5.60	177.00	0.54	101300.00	282.45
24919200.0	0.00	0.00	0.00	290.25	5.50	172.00	0.61	101400.00	282.75
24922800.0	0.00	0.00	0.00	289.05	5.40	166.00	0.66	101400.00	282.85
24926400.0	0.00	0.00	0.00	288.05	5.00	158.00	0.70	101400.00	282.75
24930000.0	0.00	0.00	0.00	287.05	4.50	151.00	0.74	101400.00	282.65
24933600.0	0.00	0.00	0.00	286.15	4.00	144.00	0.79	101400.00	282.65
24937200.0	0.00	0.00	0.00	285.35	3.60	139.00	0.82	101300.00	282.45
24940800.0	0.00	0.00	0.00	284.65	3.20	134.00	0.85	101400.00	282.25
24944400.0	0.00	0.00	0.00	283.95	3.10	127.00	0.88	101400.00	282.05
24948000.0	0.00	0.00	0.00	283.45	3.00	119.00	0.89	101400.00	281.75
24951600.0	0.00	0.00	0.00	283.15	3.30	110.00	0.89	101500.00	281.45
24955200.0	246.00	44.00	26.00	283.95	4.00	103.00	0.82	101500.00	281.15
24958800.0	630.00	250.00	68.00	286.45	4.70	97.00	0.66	101500.00	280.35
24962400.0	792.00	481.00	92.00	289.65	4.50	92.00	0.49	101600.00	278.95
24966000.0	873.00	690.00	109.00	291.35	4.20	89.00	0.40	101600.00	277.55
24969600.0	926.00	858.00	116.00	296.15	3.00	70.00	0.27	101500.00	276.05
24973200.0	951.00	966.00	122.00	298.75	2.00	46.00	0.22	101400.00	275.45
24976800.0	958.00	1007.00	126.00	300.75	1.50	188.00	0.19	101300.00	275.45
24980400.0	962.00	979.00	117.00	302.05	1.60	328.00	0.18	101200.00	275.65
24984000.0	941.00	879.00	112.00	302.65	2.20	300.00	0.18	101100.00	275.65
24987600.0	902.00	720.00	101.00	302.65	2.50	284.00	0.18	101100.00	275.65
24991200.0	832.00	516.00	86.00	301.85	2.60	269.00	0.18	101000.00	275.35
24994800.0	695.00	286.00	66.00	299.75	2.30	247.00	0.20	101100.00	275.25
24998400.0	368.00	70.00	32.00	295.95	2.20	218.00	0.29	101100.00	277.25
25002000.0	0.00	0.00	0.00	292.55	2.50	192.00	0.36	101200.00	277.15
25005600.0	0.00	0.00	0.00	290.85	2.50	169.00	0.38	101200.00	276.25
25009200.0	0.00	0.00	0.00	289.65	2.10	145.00	0.41	101200.00	276.55
25012800.0	0.00	0.00	0.00	289.15	1.70	112.00	0.45	101200.00	277.25
25016400.0	0.00	0.00	0.00	289.05	1.70	76.00	0.46	101100.00	277.55
25020000.0	0.00	0.00	0.00	289.15	2.10	53.00	0.45	101000.00	277.15
25023600.0	0.00	0.00	0.00	289.35	2.80	46.00	0.42	101000.00	276.45
25027200.0	0.00	0.00	0.00	289.35	3.40	48.00	0.39	100900.00	275.55
25030800.0	0.00	0.00	0.00	289.35	3.80	51.00	0.37	100900.00	274.75
25034400.0	0.00	0.00	0.00	289.15	3.90	53.00	0.35	100900.00	273.95
25038000.0	0.00	0.00	0.00	288.95	4.20	54.00	0.34	101000.00	273.25
25041600.0	209.00	45.00	28.00	289.85	4.70	54.00	0.31	101000.00	272.65
25045200.0	452.00	230.00	98.00	292.55	4.90	52.00	0.25	101100.00	272.35
25048800.0	72.00	303.00	267.00	296.55	4.90	46.00	0.20	101100.00	272.45
25052400.0	2.00	58.00	57.00	298.75	5.20	42.00	0.18	101100.00	272.75
25056000.0	27.00	421.00	399.00	303.85	4.00	15.00	0.15	101000.00	273.95
25059600.0	23.00	398.00	377.00	305.85	3.00	169.00	0.14	101000.00	274.75
25063200.0	23.00	432.00	411.00	307.05	2.50	322.00	0.13	100900.00	274.85
25066800.0	23.00	408.00	387.00	307.65	2.50	302.00	0.12	100800.00	274.75
25070400.0	24.00	335.00	316.00	307.45	2.60	287.00	0.12	100700.00	274.55
25074000.0	24.00	264.00	248.00	306.75	2.10	270.00	0.13	100600.00	274.55
25077600.0	23.00	177.00	165.00	305.35	1.40	237.00	0.16	100600.00	276.15
25081200.0	10.00	79.00	75.00	302.85	1.50	200.00	0.26	100500.00	281.35
25084800.0	0.00	20.00	20.00	300.25	2.00	180.00	0.29	100600.00	280.55
25088400.0	0.00	0.00	0.00	298.55	1.90	169.00	0.30	100600.00	279.55
25092000.0	0.00	0.00	0.00	297.65	1.50	157.00	0.31	100700.00	279.75
25095600.0	0.00	0.00	0.00	297.15	1.30	142.00	0.33	100700.00	280.15
25099200.0	0.00	0.00	0.00	296.95	1.20	133.00	0.33	100700.00	279.85
25102800.0	0.00	0.00	0.00	296.95	1.10	142.00	0.31	100700.00	279.15
25106400.0	0.00	0.00	0.00	296.55	1.00	168.00	0.31	100700.00	278.35
25110000.0	0.00	0.00	0.00	295.65	1.00	196.00	0.31	100600.00	277.85
25113600.0	0.00	0.00	0.00	294.25	1.10	216.00	0.34	100600.00	277.85
25117200.0	0.00	0.00	0.00	292.65	1.40	221.00	0.38	100600.00	278.15
25120800.0	0.00	0.00	0.00	291.05	1.60	214.00	0.44	100700.00	278.65
25124400.0	0.00	0.00	0.00	289.65	1.60	202.00	0.50	100800.00	279.25
25128000.0	255.00	49.00	28.00	290.35	2.00	194.00	0.51	100800.00	280.15
25131600.0	394.00	248.00	132.00	292.85	2.60	192.00	0.46	100900.00	281.05
25135200.0	269.00	481.00	347.00	296.45	3.10	203.00	0.38	101000.00	281.55
25138800.0	0.00	665.00	665.00	298.55	3.40	214.00	0.32	101000.00	280.55
25142400.0	0.00	831.00	800.00	302.65	4.30	233.00	0.24	101000.00	279.85
25146000.0	0.00	923.00	800.00	304.25	4.90	236.00	0.21	100900.00	279.45
25149600.0	0.00	937.00	800.00	305.15	5.40	234.00	0.19	100900.00	278.95
25153200.0	0.00	898.00	800.00	305.65	5.60	230.00	0.18	100900.00	278.15
25156800.0	0.00	791.00	791.00	305.55	5.80	224.00	0.16	100800.00	276.95
25160400.0	87.00	645.00	584.00	304.75	5.80	217.00	0.16	100800.00	275.95
25164000.0	297.00	463.00	308.00	303.45	5.50	210.00	0.16	100900.00	275.35
25167600.0	321.00	261.00	158.00	301.35	4.60	201.00	0.19	100900.00	275.55
25171200.0	290.00	72.00	40.00	297.95	3.10	187.00	0.25	101000.00	276.85
25174800.0	0.00	0.00	0.00	294.95	2.30	175.00	0.34	101100.00	278.65
25178400.0	0.00	0.00	0.00	293.25	2.20	166.00	0.40	101100.00	279.25
25182000.0	0.00	0.00	0.00	291.95	2.20	159.00	0.45	101100.00	279.75
25185600.0	0.00	0.00	0.00	291.05	2.10	155.00	0.48	101100.00	280.05
25189200.0	0.00	0.00	0.00	290.35	2.00	152.00	0.52	101100.00	280.45
25192800.0	0.00	0.00	0.00	289.75	2.00	148.00	0.55	101000.00	280.75
25196400.0	0.00	0.00	0.00	289.25	1.90	142.00	0.58	100900.00	281.05
25200000.0	0.00	0.00	0.00	288.85	1.90	134.00	0.59	100900.00	281.05
25203600.0	0.00	0.00	0.00	288.55	1.80	125.00	0.59	100900.00	280.75
25207200.0	0.00	0.00	0.00	288.15	1.70	115.00	0.59	100900.00	280.35
25210800.0	0.00	0.00	0.00	288.05	1.60	104.00	0.58	101000.00	279.95
25214400.0	0.00	26.00	26.00	289.45	2.00	95.00	0.53	101000.00	279.95
25218000.0	16.00	105.00	100.00	292.45	2.20	88.00	0.44	101100.00	280.05
25221600.0	24.00	204.00	192.00	296.35	1.60	91.00	0.34	101100.00	279.55
25225200.0	28.00	330.00	311.00	298.45	1.20	97.00	0.26	101200.00	277.45
25228800.0	43.00	498.00	463.00	303.95	1.10	270.00	0.18	101100.00	277.25
25232400.0	50.00	587.00	542.00	306.35	1.90	285.00	0.17	101000.00	277.75
25236000.0	37.00	569.00	535.00	307.55	2.80	275.00	0.16	100900.00	278.05
25239600.0	28.00	504.00	478.00	307.95	3.40	256.00	0.15	100800.00	277.95
25243200.0	28.00	439.00	416.00	307.75	3.90	236.00	0.15	100800.00	277.85
25246800.0	26.00	327.00	309.00	306.95	4.40	218.00	0.16	100700.00	277.85
25250400.0	29.00	244.00	229.00	305.25	5.10	201.00	0.18	100700.00	278.15
25254000.0	82.00	187.00	160.00	302.45	5.60	186.00	0.23	100800.00	279.05
25257600.0	282.00	69.00	38.00	298.75	5.60	177.00	0.32	100800.00	280.75
25261200.0	0.00	0.00	0.00	295.95	5.30	172.00	0.43	100900.00	282.85
25264800.0	0.00	0.00	0.00	294.35	5.00	166.00	0.51	101000.00	283.95
25268400.0	0.00	0.00	0.00	293.35	4.60	157.00	0.55	101000.00	284.25
25272000.0	0.00	0.00	0.00	292.55	4.10	144.00	0.58	101100.00	284.25
25275600.0	0.00	0.00	0.00	291.95	3.70	133.00	0.60	101100.00	284.25
25279200.0	0.00	0.00	0.00	291.65	3.60	129.00	0.62	101100.00	284.35
25282800.0	0.00	0.00	0.00	291.35	3.70	129.00	0.63	101000.00	284.35
25286400.0	0.00	0.00	0.00	290.95	3.60	132.00	0.65	101000.00	284.35
25290000.0	0.00	0.00	0.00	290.55	3.20	137.00	0.67	101100.00	284.45
25293600.0	0.00	0.00	0.00	289.95	2.80	144.00	0.70	101100.00	284.55
25297200.0	0.00	0.00	0.00	289.25	2.70	146.00	0.74	101200.00	284.75
25300800.0	220.00	52.00	32.00	289.45	3.50	139.00	0.74	101300.00	284.85
25304400.0	601.00	257.00	74.00	291.45	4.50	135.00	0.62	101400.00	284.15
25308000.0	778.00	486.00	94.00	293.95	4.60	138.00	0.50	101400.00	283.15
25311600.0	878.00	697.00	102.00	295.25	4.50	141.00	0.45	101400.00	282.75
25315200.0	932.00	868.00	110.00	298.95	4.30	166.00	0.35	101400.00	282.65
25318800.0	966.00	979.00	111.00	300.75	4.70	181.00	0.32	101300.00	282.45
25322400.0	978.00	1019.00	110.00	301.85	5.10	189.00	0.28	101200.00	281.85
25326000.0	987.00	995.00	102.00	302.45	5.20	192.00	0.26	101200.00	280.85
25329600.0	974.00	899.00	96.00	302.45	5.40	195.00	0.24	101100.00	279.65
25333200.0	939.00	741.00	89.00	301.95	5.70	196.00	0.22	101100.00	278.25
25336800.0	850.00	533.00	86.00	300.55	6.00	196.00	0.22	101100.00	276.95
25340400.0	715.00	302.00	68.00	298.35	6.00	194.00	0.23	101200.00	275.75
25344000.0	399.00	81.00	35.00	295.15	5.40	194.00	0.27	101300.00	275.15
25347600.0	0.00	0.00	0.00	292.25	4.80	188.00	0.33	101300.00	275.85
25351200.0	0.00	0.00	0.00	290.35	4.50	175.00	0.42	101400.00	277.35
25354800.0	0.00	0.00	0.00	289.15	4.10	161.00	0.49	101400.00	278.45
25358400.0	0.00	0.00	0.00	288.15	3.80	148.00	0.54	101400.00	278.85
25362000.0	0.00	0.00	0.00	287.35	3.70	134.00	0.56	101400.00	278.75
25365600.0	0.00	0.00	0.00	286.75	3.80	122.00	0.57	101400.00	278.55
25369200.0	0.00	0.00	0.00	286.15	3.90	111.00	0.58	101400.00	278.15
25372800.0	0.00	0.00	0.00	285.55	3.90	103.00	0.60	101400.00	277.95
25376400.0	0.00	0.00	0.00	284.95	3.90	97.00	0.62	101400.00	277.95
25380000.0	0.00	0.00	0.00	284.25	3.90	93.00	0.65	101400.00	278.05
25383600.0	0.00	0.00	0.00	283.85	4.00	89.00	0.68	101400.00	278.25
25387200.0	345.00	63.00	31.00	284.95	4.50	87.00	0.64	101500.00	278.45
25390800.0	695.00	280.00	66.00	288.15	4.80	84.00	0.51	101500.00	278.15
25394400.0	297.00	507.00	356.00	291.95	4.40	79.00	0.38	101500.00	277.55
25398000.0	1.00	706.00	706.00	293.95	4.00	75.00	0.32	101500.00	276.85
25401600.0	0.00	858.00	800.00	299.65	2.20	57.00	0.22	101400.00	276.15
25405200.0	943.00	985.00	136.00	302.55	1.00	25.00	0.17	101400.00	275.35
25408800.0	951.00	1025.00	139.00	304.35	0.60	160.00	0.15	101300.00	274.85
25412400.0	943.00	993.00	138.00	305.35	0.50	312.00	0.13	101200.00	274.05
25416000.0	0.00	845.00	800.00	305.95	0.50	307.00	0.12	101100.00	273.35
25419600.0	0.00	704.00	704.00	305.95	0.60	318.00	0.12	101000.00	272.85
25423200.0	256.00	532.00	396.00	305.45	0.70	340.00	0.12	101000.00	272.55
25426800.0	700.00	302.00	71.00	303.95	0.60	190.00	0.13	101000.00	272.45
25430400.0	385.00	82.00	36.00	300.75	0.80	49.00	0.21	101100.00	276.55
25434000.0	0.00	0.00	0.00	297.55	1.40	68.00	0.25	101200.00	276.25
25437600.0	0.00	0.00	0.00	295.95	2.60	65.00	0.25	101200.00	275.25
25441200.0	0.00	0.00	0.00	295.05	4.20	62.00	0.23	101200.00	273.25
25444800.0	0.00	0.00	0.00	294.15	5.20	60.00	0.22	101300.00	271.55
25448400.0	0.00	0.00	0.00	293.25	5.60	58.00	0.21	101200.00	270.05
25452000.0	0.00	0.00	0.00	292.25	5.80	57.00	0.20	101200.00	268.85
25455600.0	0.00	0.00	0.00	291.25	5.80	57.00	0.20	101200.00	268.15
25459200.0	0.00	0.00	0.00	290.35	5.70	57.00	0.21	101100.00	268.05
25462800.0	0.00	0.00	0.00	289.55	5.80	56.00	0.24	101100.00	268.75
25466400.0	0.00	0.00	0.00	288.95	5.90	54.00	0.25	101100.00	269.25
25470000.0	0.00	0.00	0.00	288.45	6.00	53.00	0.26	101200.00	269.35
25473600.0	307.00	64.00	34.00	289.15	6.20	52.00	0.25	101200.00	269.35
25477200.0	666.00	282.00	74.00	291.75	6.90	48.00	0.21	101200.00	269.15
25480800.0	292.00	513.00	364.00	295.45	7.40	42.00	0.16	101200.00	268.55
25484400.0	0.00	700.00	700.00	297.35	7.30	40.00	0.14	101200.00	268.25
25488000.0	0.00	858.00	800.00	302.25	6.60	34.00	0.11	101100.00	268.35
25491600.0	0.00	952.00	800.00	304.85	6.20	30.00	0.09	101000.00	268.55
25495200.0	0.00	984.00	800.00	306.65	5.70	25.00	0.09	100900.00	268.85
25498800.0	0.00	948.00	800.00	307.85	5.30	19.00	0.08	100800.00	269.05
25502400.0	0.00	851.00	800.00	308.35	4.80	12.00	0.08	100700.00	269.45
25506000.0	0.00	682.00	682.00	308.35	4.30	7.00	0.09	100600.00	270.05
25509600.0	107.00	366.00	309.00	307.75	3.80	5.00	0.09	100600.00	270.55
25513200.0	16.00	109.00	104.00	305.75	2.60	8.00	0.11	100600.00	271.05
25516800.0	0.00	21.00	21.00	302.55	1.70	21.00	0.16	100600.00	274.55
25520400.0	0.00	0.00	0.00	300.65	2.50	35.00	0.19	100700.00	274.85
25524000.0	0.00	0.00	0.00	299.85	4.00	41.00	0.16	100700.00	272.05
25527600.0	0.00	0.00	0.00	298.55	5.00	42.00	0.15	100700.00	270.05
25531200.0	0.00	0.00	0.00	297.35	5.50	41.00	0.15	100700.00	268.85
25534800.0	0.00	0.00	0.00	296.55	5.60	38.00	0.15	100700.00	268.25
25538400.0	0.00	0.00	0.00	295.95	5.30	37.00	0.15	100700.00	268.05
25542000.0	0.00	0.00	0.00	295.25	4.70	37.00	0.16	100700.00	268.15
25545600.0	0.00	0.00	0.00	294.45	4.20	37.00	0.17	100700.00	268.35
25549200.0	0.00	0.00	0.00	293.65	3.90	39.00	0.18	100700.00	268.45
25552800.0	0.00	0.00	0.00	293.15	3.70	42.00	0.18	100700.00	268.35
25556400.0	0.00	0.00	0.00	292.75	3.60	45.00	0.19	100700.00	268.35
25560000.0	0.00	26.00	26.00	293.35	3.60	46.00	0.18	100800.00	268.45
25563600.0	15.00	104.00	99.00	295.25	3.70	41.00	0.16	100800.00	268.05
25567200.0	23.00	191.00	179.00	298.05	3.90	26.00	0.12	100800.00	267.25
25570800.0	24.00	288.00	271.00	299.65	4.20	15.00	0.11	100900.00	266.45
25574400.0	24.00	350.00	330.00	302.95	4.80	347.00	0.08	100800.00	265.65
25578000.0	24.00	395.00	374.00	303.95	5.20	335.00	0.08	100700.00	265.35
25581600.0	23.00	436.00	415.00	304.05	5.40	322.00	0.08	100700.00	266.15
25585200.0	23.00	440.00	419.00	303.65	5.40	310.00	0.10	100600.00	268.85
25588800.0	24.00	371.00	351.00	303.35	5.10	299.00	0.14	100500.00	273.45
25592400.0	26.00	238.00	220.00	302.65	5.20	283.00	0.22	100500.00	279.05
25596000.0	22.00	135.00	123.00	301.25	5.60	267.00	0.35	100600.00	284.55
25599600.0	10.00	76.00	73.00	299.65	5.70	258.00	0.46	100600.00	287.25
25603200.0	0.00	30.00	30.00	298.05	5.40	254.00	0.46	100700.00	285.75
25606800.0	0.00	0.00	0.00	296.15	5.10	251.00	0.38	100900.00	281.25
25610400.0	0.00	0.00	0.00	294.05	5.10	246.00	0.32	101000.00	276.75
25614000.0	0.00	0.00	0.00	292.25	5.20	240.00	0.38	101000.00	277.85
25617600.0	0.00	0.00	0.00	290.65	5.60	234.00	0.53	101000.00	281.15
25621200.0	0.00	0.00	0.00	289.15	5.90	227.00	0.67	101000.00	283.15
25624800.0	0.00	0.00	0.00	287.75	5.90	218.00	0.73	101000.00	282.95
25628400.0	0.00	0.00	0.00	286.95	5.80	211.00	0.74	101000.00	282.45
25632000.0	0.00	0.00	0.00	286.55	5.90	206.00	0.75	101000.00	282.25
25635600.0	0.00	0.00	0.00	286.35	5.80	203.00	0.75	101000.00	282.05
25639200.0	0.00	0.00	0.00	286.25	5.40	200.00	0.75	101000.00	282.05
25642800.0	0.00	0.00	0.00	286.25	5.10	197.00	0.76	101100.00	282.25
25646400.0	0.00	21.00	21.00	286.75	5.20	195.00	0.74	101300.00	282.35
25650000.0	8.00	72.00	69.00	287.65	5.50	190.00	0.70	101300.00	282.25
25653600.0	21.00	140.00	129.00	288.65	5.60	188.00	0.64	101400.00	282.05
25657200.0	26.00	221.00	204.00	289.25	5.50	188.00	0.61	101400.00	281.75
25660800.0	24.00	377.00	357.00	291.35	5.50	192.00	0.52	101400.00	281.35
25664400.0	32.00	529.00	500.00	292.05	5.50	192.00	0.48	101400.00	280.85
25668000.0	36.00	574.00	540.00	292.55	5.40	191.00	0.45	101300.00	280.25
25671600.0	72.00	649.00	584.00	293.25	5.30	192.00	0.41	101300.00	279.75
25675200.0	147.00	690.00	567.00	294.25	5.30	193.00	0.37	101200.00	279.15
25678800.0	155.00	559.00	450.00	294.85	5.30	195.00	0.35	101100.00	278.75
25682400.0	82.00	345.00	302.00	294.25	5.30	197.00	0.35	101100.00	278.35
25686000.0	54.00	176.00	158.00	292.85	5.30	196.00	0.38	101200.00	278.25
25689600.0	21.00	49.00	47.00	290.95	4.90	196.00	0.44	101200.00	278.55
25693200.0	0.00	0.00	0.00	289.35	4.40	196.00	0.50	101300.00	279.15
25696800.0	0.00	0.00	0.00	288.25	4.20	194.00	0.57	101400.00	279.85
25700400.0	0.00	0.00	0.00	287.35	3.90	189.00	0.63	101400.00	280.45
25704000.0	0.00	0.00	0.00	286.35	3.80	182.00	0.68	101400.00	280.75
25707600.0	0.00	0.00	0.00	285.35	3.60	177.00	0.74	101300.00	280.85
25711200.0	0.00	0.00	0.00	284.65	3.50	173.00	0.77	101300.00	280.85
25714800.0	0.00	0.00	0.00	284.05	3.30	171.00	0.79	101200.00	280.75
25718400.0	0.00	0.00	0.00	283.55	3.00	170.00	0.81	101200.00	280.55
25722000.0	0.00	0.00	0.00	283.25	2.90	170.00	0.82	101200.00	280.35
25725600.0	0.00	0.00	0.00	283.15	2.80	172.00	0.81	101300.00	280.25
25729200.0	0.00	0.00	0.00	283.35	2.90	174.00	0.80	101300.00	280.05
25732800.0	0.00	25.00	25.00	284.75	3.90	178.00	0.72	101400.00	280.05
25736400.0	11.00	84.00	81.00	286.85	4.80	181.00	0.62	101500.00	279.85
25740000.0	41.00	278.00	256.00	288.85	5.10	185.00	0.53	101500.00	279.25
25743600.0	131.00	527.00	436.00	289.95	5.10	187.00	0.47	101500.00	278.75
25747200.0	986.00	908.00	94.00	292.85	5.40	193.00	0.37	101500.00	277.95
25750800.0	1013.00	1016.00	94.00	294.15	5.90	196.00	0.33	101400.00	277.25
25754400.0	1020.00	1054.00	95.00	295.05	6.20	197.00	0.30	101400.00	276.95
25758000.0	1005.00	1020.00	100.00	295.55	6.30	199.00	0.30	101400.00	277.15
25761600.0	985.00	919.00	97.00	295.65	6.30	199.00	0.30	101300.00	277.45
25765200.0	947.00	758.00	90.00	295.15	6.40	199.00	0.32	101300.00	277.55
25768800.0	879.00	551.00	79.00	294.05	6.30	197.00	0.34	101300.00	277.65
25772400.0	754.00	320.00	64.00	292.45	6.00	194.00	0.38	101400.00	277.95
25776000.0	460.00	95.00	36.00	290.35	5.20	192.00	0.45	101400.00	278.35
25779600.0	0.00	0.00	0.00	288.55	4.10	191.00	0.53	101500.00	279.05
25783200.0	0.00	0.00	0.00	287.35	3.60	189.00	0.61	101600.00	279.95
25786800.0	0.00	0.00	0.00	286.35	3.40	184.00	0.68	101600.00	280.65
25790400.0	0.00	0.00	0.00	285.55	3.20	177.00	0.74	101600.00	281.05
25794000.0	0.00	0.00	0.00	284.75	3.00	169.00	0.78	101600.00	281.25
25797600.0	0.00	0.00	0.00	283.95	2.70	161.00	0.83	101600.00	281.15
25801200.0	0.00	0.00	0.00	283.15	2.40	152.00	0.86	101500.00	281.05
25804800.0	0.00	0.00	0.00	282.55	2.20	143.00	0.89	101500.00	280.85
25808400.0	0.00	0.00	0.00	282.05	2.10	136.00	0.91	101500.00	280.75
25812000.0	0.00	0.00	0.00	281.75	2.30	131.00	0.92	101600.00	280.55
25815600.0	0.00	0.00	0.00	281.85	2.80	127.00	0.89	101600.00	280.35
25819200.0	0.00	36.00	36.00	283.15	3.50	126.00	0.80	101700.00	280.05
25822800.0	104.00	197.00	164.00	285.45	3.90	128.00	0.66	101800.00	279.35
25826400.0	882.00	541.00	79.00	288.15	3.60	131.00	0.50	101800.00	277.95
25830000.0	959.00	754.00	87.00	289.55	3.40	133.00	0.40	101800.00	276.15
25833600.0	990.00	918.00	98.00	293.75	2.80	142.00	0.27	101700.00	274.15
25837200.0	1015.00	1025.00	100.00	296.15	2.60	153.00	0.20	101700.00	272.15
25840800.0	1024.00	1065.00	100.00	297.95	2.60	168.00	0.16	101600.00	270.45
25844400.0	1019.00	1032.00	98.00	299.15	2.90	181.00	0.14	101500.00	269.65
25848000.0	996.00	927.00	94.00	299.65	3.40	188.00	0.14	101500.00	269.75
25851600.0	0.00	744.00	744.00	299.45	3.90	190.00	0.14	101400.00	270.25
25855200.0	229.00	538.00	415.00	298.45	4.40	189.00	0.16	101400.00	271.05
25858800.0	726.00	318.00	70.00	296.65	4.60	189.00	0.20	101500.00	272.15
25862400.0	424.00	94.00	39.00	293.75	4.20	190.00	0.26	101500.00	273.75
25866000.0	0.00	0.00	0.00	291.05	3.80	183.00	0.36	101600.00	275.95
25869600.0	0.00	0.00	0.00	289.65	3.80	172.00	0.45	101700.00	277.65
25873200.0	0.00	0.00	0.00	288.85	3.60	161.00	0.51	101700.00	278.75
25876800.0	0.00	0.00	0.00	288.05	3.20	146.00	0.55	101700.00	279.25
25880400.0	0.00	0.00	0.00	287.35	2.90	128.00	0.58	101700.00	279.35
25884000.0	0.00	0.00	0.00	286.75	2.90	114.00	0.60	101700.00	279.15
25887600.0	0.00	0.00	0.00	286.25	2.90	103.00	0.60	101600.00	278.75
25891200.0	0.00	0.00	0.00	285.65	3.00	97.00	0.62	101600.00	278.55
25894800.0	0.00	0.00	0.00	285.25	3.10	93.00	0.63	101600.00	278.55
25898400.0	0.00	0.00	0.00	284.65	3.10	91.00	0.67	101600.00	278.85
25902000.0	0.00	0.00	0.00	284.35	3.10	88.00	0.70	101700.00	279.25
25905600.0	318.00	78.00	42.00	285.55	3.40	84.00	0.66	101700.00	279.55
25909200.0	388.00	277.00	150.00	288.75	3.50	77.00	0.54	101700.00	279.55
25912800.0	304.00	469.00	309.00	293.05	3.00	62.00	0.39	101800.00	278.95
25916400.0	144.00	643.00	542.00	295.35	2.50	52.00	0.29	101800.00	276.75
25920000.0	139.00	749.00	633.00	298.65	0.80	106.00	0.22	101700.00	275.65
25923600.0	55.00	837.00	787.00	300.15	0.70	181.00	0.19	101600.00	274.95
25927200.0	0.00	904.00	800.00	301.35	1.20	200.00	0.17	101500.00	274.35
25930800.0	0.00	934.00	800.00	302.35	1.70	202.00	0.16	101400.00	273.75
25934400.0	0.00	868.00	800.00	302.75	2.20	203.00	0.15	101300.00	273.25
25938000.0	0.00	733.00	733.00	302.65	2.50	202.00	0.14	101300.00	272.95
25941600.0	243.00	549.00	418.00	301.95	2.80	200.00	0.15	101200.00	272.65
25945200.0	768.00	326.00	61.00	300.55	2.80	198.00	0.16	101200.00	272.55
25948800.0	490.00	101.00	35.00	297.35	2.30	196.00	0.20	101300.00	272.95
25952400.0	0.00	0.00	0.00	294.05	1.90	186.00	0.27	101400.00	274.25
25956000.0	0.00	0.00	0.00	292.55	1.90	167.00	0.29	101400.00	274.35
25959600.0	0.00	0.00	0.00	291.45	1.80	144.00	0.32	101400.00	274.45
25963200.0	0.00	0.00	0.00	290.65	1.70	121.00	0.34	101400.00	274.55
25966800.0	0.00	0.00	0.00	289.95	1.70	95.00	0.34	101400.00	274.25
25970400.0	0.00	0.00	0.00	289.45	1.80	72.00	0.34	101300.00	273.45
25974000.0	0.00	0.00	0.00	289.25	2.00	57.00	0.31	101300.00	272.35
25977600.0	0.00	0.00	0.00	288.95	2.20	51.00	0.30	101200.00	271.65
25981200.0	0.00	0.00	0.00	288.55	2.10	48.00	0.31	101200.00	271.55
25984800.0	0.00	0.00	0.00	288.15	2.00	45.00	0.33	101200.00	271.95
25988400.0	0.00	0.00	0.00	287.95	2.00	42.00	0.34	101300.00	272.55
25992000.0	401.00	83.00	36.00	289.95	2.70	39.00	0.32	101300.00	273.15
25995600.0	720.00	304.00	66.00	293.85	3.50	28.00	0.26	101300.00	273.45
25999200.0	260.00	533.00	395.00	297.75	3.40	189.00	0.20	101300.00	273.65
26002800.0	0.00	714.00	714.00	299.75	3.30	358.00	0.17	101300.00	272.95
26006400.0	0.00	852.00	800.00	302.55	2.30	341.00	0.14	101200.00	272.55
26010000.0	0.00	942.00	800.00	303.85	1.80	324.00	0.13	101100.00	272.35
26013600.0	0.00	975.00	800.00	304.85	1.70	302.00	0.12	101100.00	272.05
26017200.0	0.00	949.00	800.00	305.35	1.70	282.00	0.11	101000.00	271.65
26020800.0	0.00	864.00	800.00	305.55	1.90	268.00	0.11	100900.00	271.25
26024400.0	0.00	725.00	725.00	305.35	2.10	259.00	0.11	100800.00	270.95
26028000.0	203.00	543.00	432.00	304.65	2.00	251.00	0.11	100800.00	270.55
26031600.0	726.00	323.00	71.00	303.25	1.70	244.00	0.12	100800.00	270.25
26035200.0	437.00	99.00	40.00	300.15	1.20	231.00	0.16	100800.00	271.95
26038800.0	0.00	0.00	0.00	297.35	1.00	212.00	0.20	100900.00	273.25
26042400.0	0.00	0.00	0.00	296.05	1.10	190.00	0.21	100900.00	272.85
26046000.0	0.00	0.00	0.00	295.15	1.20	166.00	0.22	100900.00	272.75
26049600.0	0.00	0.00	0.00	294.35	1.20	140.00	0.23	100900.00	272.75
26053200.0	0.00	0.00	0.00	293.75	1.20	112.00	0.24	100900.00	272.85
26056800.0	0.00	0.00	0.00	293.25	1.20	75.00	0.25	100800.00	272.65
26060400.0	0.00	0.00	0.00	292.25	1.30	37.00	0.26	100800.00	272.45
26064000.0	0.00	0.00	0.00	290.95	1.50	16.00	0.28	100700.00	272.05
26067600.0	0.00	0.00	0.00	289.95	1.70	9.00	0.28	100700.00	271.65
26071200.0	0.00	0.00	0.00	289.45	2.00	7.00	0.28	100800.00	271.15
26074800.0	0.00	0.00	0.00	289.45	2.30	9.00	0.27	100800.00	270.65
26078400.0	436.00	89.00	35.00	291.85	3.20	12.00	0.23	100900.00	270.25
26082000.0	752.00	316.00	65.00	295.95	3.80	12.00	0.17	100900.00	269.55
26085600.0	256.00	539.00	404.00	300.25	3.80	179.00	0.13	100900.00	269.45
26089200.0	0.00	730.00	730.00	302.55	3.90	349.00	0.11	100900.00	269.45
26092800.0	0.00	874.00	800.00	305.75	3.70	338.00	0.09	100900.00	269.35
26096400.0	0.00	956.00	800.00	307.15	3.50	332.00	0.08	100800.00	269.15
26100000.0	0.00	975.00	800.00	308.25	3.40	327.00	0.08	100700.00	268.75
26103600.0	0.00	949.00	800.00	308.85	3.30	321.00	0.07	100600.00	268.15
26107200.0	0.00	874.00	800.00	309.05	3.20	315.00	0.07	100500.00	267.55
26110800.0	0.00	727.00	727.00	308.85	3.10	310.00	0.07	100500.00	266.85
26114400.0	183.00	539.00	439.00	308.05	2.80	308.00	0.07	100500.00	266.35
26118000.0	742.00	329.00	69.00	306.15	2.00	310.00	0.07	100500.00	265.95
26121600.0	451.00	103.00	40.00	302.45	1.30	320.00	0.12	100600.00	270.45
26125200.0	0.00	0.00	0.00	299.35	1.40	336.00	0.15	100600.00	270.95
26128800.0	0.00	0.00	0.00	298.05	1.50	346.00	0.15	100700.00	270.05
26132400.0	0.00	0.00	0.00	296.85	1.60	353.00	0.15	100700.00	269.05
26136000.0	0.00	0.00	0.00	295.85	1.80	182.00	0.15	100700.00	267.85
26139600.0	0.00	0.00	0.00	295.25	2.00	9.00	0.14	100700.00	266.95
26143200.0	0.00	0.00	0.00	294.75	2.20	13.00	0.14	100600.00	266.05
26146800.0	0.00	0.00	0.00	294.45	2.50	14.00	0.13	100600.00	265.45
26150400.0	0.00	0.00	0.00	294.15	2.70	12.00	0.13	100500.00	264.85
26154000.0	0.00	0.00	0.00	293.85	2.70	9.00	0.13	100600.00	264.35
26157600.0	0.00	0.00	0.00	293.35	2.70	6.00	0.13	100600.00	264.15
26161200.0	0.00	0.00	0.00	293.25	2.70	3.00	0.13	100700.00	263.95
26164800.0	17.00	48.00	46.00	294.65	3.00	178.00	0.12	100800.00	264.05
26168400.0	16.00	110.00	105.00	297.35	3.10	339.00	0.10	100900.00	263.75
26172000.0	24.00	213.00	200.00	300.35	3.00	317.00	0.09	100900.00	264.35
26175600.0	33.00	381.00	358.00	302.15	3.30	309.00	0.08	100900.00	263.95
26179200.0	34.00	487.00	459.00	307.25	4.50	328.00	0.06	100800.00	263.85
26182800.0	24.00	381.00	359.00	309.05	4.90	329.00	0.05	100700.00	264.05
26186400.0	27.00	339.00	313.00	309.75	5.10	324.00	0.05	100600.00	265.15
26190000.0	27.00	325.00	300.00	310.15	5.60	319.00	0.06	100500.00	266.45
26193600.0	28.00	278.00	255.00	310.55	6.00	315.00	0.07	100400.00	268.35
26197200.0	26.00	232.00	213.00	310.45	5.90	311.00	0.08	100400.00	269.95
26200800.0	23.00	170.00	158.00	309.55	5.00	304.00	0.08	100300.00	270.55
26204400.0	14.00	94.00	89.00	307.05	4.40	268.00	0.10	100300.00	271.15
26208000.0	0.00	39.00	39.00	301.95	5.90	218.00	0.17	100500.00	274.55
26211600.0	0.00	0.00	0.00	296.55	7.00	193.00	0.38	100600.00	281.65
26215200.0	0.00	0.00	0.00	293.65	6.40	190.00	0.59	100800.00	285.55
26218800.0	0.00	0.00	0.00	292.45	6.10	195.00	0.69	100900.00	286.65
26222400.0	0.00	0.00	0.00	291.65	6.30	199.00	0.74	101000.00	287.05
26226000.0	0.00	0.00	0.00	290.95	6.50	200.00	0.77	101000.00	287.05
26229600.0	0.00	0.00	0.00	290.05	6.20	198.00	0.78	101000.00	286.35
26233200.0	0.00	0.00	0.00	289.25	5.60	199.00	0.78	101000.00	285.65
26236800.0	0.00	0.00	0.00	288.75	5.30	203.00	0.78	101000.00	285.05
26240400.0	0.00	0.00	0.00	288.45	5.50	205.00	0.75	101000.00	284.25
26244000.0	0.00	0.00	0.00	287.85	5.30	200.00	0.73	101100.00	283.05
26247600.0	0.00	0.00	0.00	287.35	5.10	195.00	0.73	101200.00	282.55
26251200.0	0.00	39.00	39.00	287.65	5.60	190.00	0.71	101200.00	282.55
26254800.0	42.00	165.00	151.00	288.95	6.20	187.00	0.64	101300.00	282.15
26258400.0	161.00	407.00	320.00	290.95	6.50	184.00	0.53	101300.00	281.45
26262000.0	108.00	658.00	582.00	292.05	6.50	184.00	0.48	101300.00	280.75
26265600.0	913.00	886.00	122.00	302.85	5.80	214.00	0.24	100600.00	279.95
26269200.0	945.00	994.00	124.00	304.05	5.80	218.00	0.21	100500.00	279.45
26272800.0	965.00	1036.00	119.00	305.05	5.70	220.00	0.21	100500.00	279.95
26276400.0	968.00	1010.00	115.00	305.65	5.60	220.00	0.20	100400.00	279.95
26280000.0	947.00	911.00	112.00	305.75	5.60	218.00	0.19	100300.00	279.05
26283600.0	907.00	755.00	105.00	305.15	5.60	217.00	0.18	100300.00	277.85
26287200.0	840.00	552.00	91.00	304.05	5.60	215.00	0.19	100300.00	277.55
26290800.0	705.00	322.00	73.00	302.35	5.50	210.00	0.21	100400.00	278.15
26294400.0	415.00	101.00	42.00	299.75	4.90	203.00	0.27	100500.00	279.25
26298000.0	0.00	0.00	0.00	297.25	4.40	194.00	0.35	100600.00	280.85
26301600.0	0.00	0.00	0.00	295.55	4.60	189.00	0.43	100700.00	282.45
26305200.0	0.00	0.00	0.00	294.15	4.70	188.00	0.51	100800.00	283.75
26308800.0	0.00	0.00	0.00	292.95	4.40	187.00	0.59	100900.00	284.75
26312400.0	0.00	0.00	0.00	291.95	3.80	186.00	0.66	100900.00	285.45
26316000.0	0.00	0.00	0.00	290.95	2.90	188.00	0.72	100900.00	285.95
26319600.0	0.00	0.00	0.00	290.25	2.20	192.00	0.77	100900.00	286.25
26323200.0	0.00	0.00	0.00	289.95	2.00	190.00	0.79	100800.00	286.35
26326800.0	0.00	0.00	0.00	289.85	2.00	180.00	0.80	100800.00	286.35
26330400.0	0.00	0.00	0.00	289.65	1.40	169.00	0.80	100700.00	286.25
26334000.0	0.00	0.00	0.00	289.45	1.00	164.00	0.81	100800.00	286.25
26337600.0	0.00	14.00	14.00	289.95	1.20	158.00	0.78	100800.00	286.15
26341200.0	0.00	42.00	42.00	291.15	1.20	171.00	0.70	100900.00	285.75
26344800.0	48.00	248.00	222.00	292.35	1.00	233.00	0.60	101000.00	284.55
26348400.0	1.00	167.00	166.00	292.95	1.20	274.00	0.54	101000.00	283.35
26352000.0	432.00	717.00	355.00	294.95	2.00	277.00	0.46	101000.00	282.95
26355600.0	6.00	183.00	177.00	296.15	2.10	271.00	0.42	100900.00	282.45
26359200.0	52.00	493.00	443.00	297.15	2.00	265.00	0.38	100800.00	282.25
26362800.0	9.00	218.00	210.00	297.85	2.20	259.00	0.37	100700.00	282.05
26366400.0	8.00	216.00	209.00	298.15	2.60	260.00	0.36	100700.00	282.15
26370000.0	470.00	614.00	276.00	297.85	2.60	262.00	0.38	100700.00	282.55
26373600.0	215.00	365.00	246.00	297.35	2.30	257.00	0.40	100800.00	282.85
26377200.0	50.00	158.00	140.00	296.55	1.70	245.00	0.42	100800.00	283.15
26380800.0	0.00	47.00	47.00	295.35	1.00	209.00	0.47	100800.00	283.75
26384400.0	0.00	0.00	0.00	294.15	0.90	155.00	0.52	100800.00	284.05
26388000.0	0.00	0.00	0.00	293.15	1.20	121.00	0.55	100800.00	284.05
26391600.0	0.00	0.00	0.00	292.65	1.70	103.00	0.57	100800.00	283.95
26395200.0	0.00	0.00	0.00	292.55	2.30	74.00	0.57	100800.00	283.85
26398800.0	0.00	0.00	0.00	292.55	3.30	53.00	0.58	100700.00	284.05
26402400.0	0.00	0.00	0.00	292.55	4.10	57.00	0.61	100600.00	284.85
26406000.0	0.00	0.00	0.00	292.15	3.40	67.00	0.63	100500.00	285.15
26409600.0	0.00	0.00	0.00	291.85	2.80	67.00	0.63	100500.00	284.65
26413200.0	0.00	0.00	0.00	291.95	3.30	63.00	0.61	100500.00	284.35
26416800.0	0.00	0.00	0.00	292.05	3.30	63.00	0.60	100500.00	284.15
26420400.0	0.00	0.00	0.00	291.85	2.50	63.00	0.61	100600.00	284.15
26424000.0	78.00	63.00	53.00	291.65	3.20	59.00	0.65	100700.00	285.15
26427600.0	204.00	206.00	136.00	292.15	4.70	61.00	0.71	100700.00	286.85
26431200.0	232.00	363.00	238.00	293.75	5.70	65.00	0.69	100600.00	287.95
26434800.0	27.00	298.00	278.00	294.85	6.00	63.00	0.67	100600.00	288.45
26438400.0	6.00	193.00	188.00	298.65	6.90	50.00	0.53	100600.00	288.35
26442000.0	20.00	347.00	329.00	299.75	7.10	39.00	0.48	100500.00	287.85
26445600.0	21.00	369.00	349.00	299.95	6.90	34.00	0.46	100400.00	287.45
26449200.0	132.00	604.00	481.00	300.25	6.50	33.00	0.45	100300.00	287.55
26452800.0	514.00	769.00	333.00	300.85	6.00	30.00	0.44	100300.00	287.65
26456400.0	313.00	556.00	330.00	301.35	5.60	30.00	0.44	100200.00	287.95
26460000.0	10.00	195.00	189.00	301.45	5.30	35.00	0.44	100100.00	288.05
26463600.0	0.00	50.00	50.00	300.95	5.40	46.00	0.45	100100.00	288.15
26467200.0	0.00	17.00	17.00	299.55	5.40	55.00	0.49	100000.00	287.95
26470800.0	0.00	0.00	0.00	297.95	5.20	56.00	0.52	100100.00	287.65
26474400.0	0.00	0.00	0.00	296.75	5.20	55.00	0.57	100300.00	287.85
26478000.0	0.00	0.00	0.00	295.65	5.60	57.00	0.63	100300.00	288.35
26481600.0	0.00	0.00	0.00	294.65	5.70	61.00	0.70	100200.00	289.05
26485200.0	0.00	0.00	0.00	293.95	5.30	61.00	0.76	100200.00	289.65
26488800.0	0.00	0.00	0.00	293.45	4.30	53.00	0.82	100100.00	290.35
26492400.0	0.00	0.00	0.00	293.35	3.40	32.00	0.86	100000.00	291.05
26496000.0	0.00	0.00	0.00	293.45	3.30	188.00	0.89	100000.00	291.65
26499600.0	0.00	0.00	0.00	293.25	3.40	354.00	0.93	100000.00	292.25
26503200.0	0.00	0.00	0.00	292.85	2.90	348.00	0.97	100000.00	292.45
26506800.0	0.00	0.00	0.00	292.65	2.50	347.00	0.97	100100.00	292.35
26510400.0	98.00	61.00	48.00	293.75	2.80	345.00	0.90	100100.00	292.15
26514000.0	502.00	280.00	107.00	295.75	3.10	334.00	0.79	100100.00	291.95
26517600.0	351.00	409.00	219.00	297.85	2.90	327.00	0.64	100200.00	290.75
26521200.0	784.00	703.00	146.00	298.85	2.80	327.00	0.55	100200.00	289.35
26524800.0	839.00	860.00	154.00	300.65	2.70	335.00	0.47	100100.00	288.55
26528400.0	278.00	727.00	470.00	300.85	3.00	337.00	0.46	100000.00	288.25
26532000.0	5.00	173.00	168.00	300.45	3.40	330.00	0.47	100000.00	288.15
26535600.0	0.00	76.00	76.00	299.95	3.80	314.00	0.47	99900.00	287.85
26539200.0	93.00	498.00	419.00	299.55	4.00	296.00	0.49	99900.00	287.95
26542800.0	6.00	203.00	198.00	299.15	3.90	281.00	0.50	99900.00	287.95
26546400.0	341.00	419.00	229.00	298.35	3.80	268.00	0.52	99900.00	287.85
26550000.0	126.00	195.00	149.00	297.25	3.40	258.00	0.55	100000.00	287.65
26553600.0	40.00	60.00	54.00	295.85	2.80	250.00	0.61	100000.00	287.95
26557200.0	0.00	0.00	0.00	294.55	2.80	247.00	0.68	100100.00	288.45
26560800.0	0.00	0.00	0.00	293.65	3.60	244.00	0.71	100200.00	288.25
26564400.0	0.00	0.00	0.00	292.55	4.20	238.00	0.75	100300.00	288.05
26568000.0	0.00	0.00	0.00	291.15	4.30	234.00	0.80	100300.00	287.85
26571600.0	0.00	0.00	0.00	289.85	4.30	237.00	0.84	100300.00	287.25
26575200.0	0.00	0.00	0.00	288.95	4.20	244.00	0.85	100300.00	286.45
26578800.0	0.00	0.00	0.00	288.25	4.10	252.00	0.84	100300.00	285.75
26582400.0	0.00	0.00	0.00	287.85	3.90	259.00	0.84	100300.00	285.35
26586000.0	0.00	0.00	0.00	287.65	3.90	264.00	0.84	100400.00	285.05
26589600.0	0.00	0.00	0.00	287.45	3.80	267.00	0.85	100400.00	284.95
26593200.0	0.00	0.00	0.00	287.55	3.90	266.00	0.84	100400.00	284.95
26596800.0	0.00	29.00	29.00	287.95	4.20	262.00	0.81	100500.00	284.95
26600400.0	623.00	303.00	87.00	288.85	4.70	256.00	0.76	100600.00	284.75
26604000.0	776.00	529.00	107.00	289.95	4.80	252.00	0.70	100600.00	284.55
26607600.0	861.00	733.00	119.00	290.55	4.80	251.00	0.68	100600.00	284.55
26611200.0	906.00	895.00	130.00	292.65	4.80	249.00	0.60	100600.00	284.85
26614800.0	64.00	505.00	445.00	294.25	4.90	249.00	0.55	100500.00	285.05
26618400.0	7.00	184.00	178.00	295.75	5.00	248.00	0.51	100500.00	285.15
26622000.0	2.00	150.00	148.00	296.55	5.20	246.00	0.49	100400.00	285.25
26625600.0	917.00	909.00	128.00	296.85	5.30	243.00	0.48	100400.00	285.15
26629200.0	15.00	261.00	250.00	296.65	5.20	238.00	0.48	100400.00	285.05
26632800.0	805.00	551.00	103.00	296.05	5.10	232.00	0.50	100500.00	285.05
26636400.0	9.00	132.00	129.00	294.95	4.80	225.00	0.53	100500.00	285.05
26640000.0	0.00	37.00	37.00	293.55	4.30	217.00	0.59	100600.00	285.35
26643600.0	0.00	0.00	0.00	292.25	3.70	209.00	0.65	100700.00	285.65
26647200.0	0.00	0.00	0.00	291.35	3.40	203.00	0.71	100800.00	286.05
26650800.0	0.00	0.00	0.00	290.65	3.20	202.00	0.75	100900.00	286.25
26654400.0	0.00	0.00	0.00	289.95	3.00	203.00	0.79	100900.00	286.45
26658000.0	0.00	0.00	0.00	289.45	2.70	205.00	0.83	100900.00	286.55
26661600.0	0.00	0.00	0.00	289.05	2.50	209.00	0.85	100800.00	286.65
26665200.0	0.00	0.00	0.00	288.65	2.40	213.00	0.87	100800.00	286.65
26668800.0	0.00	0.00	0.00	288.45	2.50	217.00	0.88	100800.00	286.65
26672400.0	0.00	0.00	0.00	288.35	2.60	218.00	0.89	100900.00	286.55
26676000.0	0.00	0.00	0.00	288.05	2.60	216.00	0.90	100900.00	286.55
26679600.0	0.00	0.00	0.00	288.05	2.60	211.00	0.89	100900.00	286.45
26683200.0	422.00	100.00	41.00	289.05	3.20	202.00	0.83	101000.00	286.35
26686800.0	716.00	320.00	69.00	290.95	3.60	193.00	0.72	101000.00	285.95
26690400.0	852.00	550.00	85.00	293.15	3.40	191.00	0.61	101000.00	285.55
26694000.0	928.00	757.00	93.00	294.35	3.30	192.00	0.56	101000.00	285.35
26697600.0	954.00	914.00	107.00	297.55	3.20	198.00	0.46	101000.00	285.25
26701200.0	979.00	1018.00	109.00	299.45	3.40	204.00	0.41	101000.00	285.05
26704800.0	991.00	1059.00	109.00	300.85	3.80	207.00	0.36	100900.00	284.45
26708400.0	991.00	1028.00	104.00	301.65	4.20	208.00	0.33	100900.00	283.75
26712000.0	972.00	930.00	100.00	301.75	4.50	207.00	0.32	100800.00	283.35
26715600.0	937.00	774.00	94.00	301.45	4.40	203.00	0.31	100800.00	283.05
26719200.0	858.00	568.00	88.00	300.55	4.20	198.00	0.33	100800.00	282.85
26722800.0	738.00	341.00	71.00	299.15	3.90	192.00	0.36	100900.00	282.85
26726400.0	476.00	117.00	43.00	296.55	2.90	189.00	0.42	100900.00	283.15
26730000.0	0.00	0.00	0.00	293.95	2.30	186.00	0.54	101000.00	284.45
26733600.0	0.00	0.00	0.00	292.55	2.60	179.00	0.61	101100.00	284.95
26737200.0	0.00	0.00	0.00	291.75	2.80	169.00	0.66	101100.00	285.35
26740800.0	0.00	0.00	0.00	290.95	2.80	157.00	0.70	101100.00	285.65
26744400.0	0.00	0.00	0.00	290.15	2.70	144.00	0.75	101100.00	285.75
26748000.0	0.00	0.00	0.00	289.45	2.60	132.00	0.78	101100.00	285.75
26751600.0	0.00	0.00	0.00	288.85	2.40	119.00	0.81	101100.00	285.65
26755200.0	0.00	0.00	0.00	288.35	2.20	106.00	0.82	101100.00	285.45
26758800.0	0.00	0.00	0.00	288.05	2.30	94.00	0.83	101100.00	285.25
26762400.0	0.00	0.00	0.00	287.85	2.40	84.00	0.82	101200.00	284.95
26766000.0	0.00	0.00	0.00	288.15	2.90	77.00	0.79	101200.00	284.75
26769600.0	463.00	105.00	39.00	289.95	3.50	71.00	0.70	101300.00	284.55
26773200.0	739.00	326.00	66.00	293.55	3.10	59.00	0.56	101400.00	284.45
26776800.0	861.00	554.00	82.00	297.75	1.80	30.00	0.42	101400.00	284.25
26780400.0	930.00	760.00	93.00	299.85	1.20	9.00	0.34	101400.00	282.95
26784000.0	956.00	916.00	105.00	303.45	1.10	116.00	0.25	101400.00	281.05
26787600.0	978.00	1019.00	110.00	305.45	1.40	117.00	0.20	101300.00	279.65
26791200.0	982.00	1056.00	114.00	306.85	1.50	122.00	0.17	101200.00	278.75
26794800.0	972.00	1023.00	115.00	307.75	1.60	128.00	0.16	101200.00	278.15
26798400.0	951.00	923.00	109.00	308.15	1.80	128.00	0.15	101100.00	277.75
26802000.0	908.00	765.00	104.00	308.05	1.90	114.00	0.15	101100.00	277.35
26805600.0	424.00	451.00	213.00	307.25	1.80	103.00	0.15	101000.00	277.05
26809200.0	626.00	314.00	84.00	305.65	1.40	106.00	0.17	101100.00	277.25
26812800.0	455.00	117.00	44.00	302.45	1.10	113.00	0.29	101100.00	282.55
26816400.0	0.00	0.00	0.00	299.35	1.20	111.00	0.39	101200.00	284.25
26820000.0	0.00	0.00	0.00	297.55	1.30	98.00	0.41	101300.00	283.45
26823600.0	0.00	0.00	0.00	296.35	1.40	83.00	0.44	101300.00	283.45
26827200.0	0.00	0.00	0.00	295.75	1.60	73.00	0.45	101400.00	283.45
26830800.0	0.00	0.00	0.00	295.15	2.00	69.00	0.47	101300.00	283.25
26834400.0	0.00	0.00	0.00	294.45	2.30	70.00	0.48	101300.00	283.05
26838000.0	0.00	0.00	0.00	293.75	2.70	72.00	0.48	101300.00	282.55
26841600.0	0.00	0.00	0.00	293.35	3.00	74.00	0.47	101200.00	281.85
26845200.0	0.00	0.00	0.00	292.85	3.20	74.00	0.46	101200.00	280.95
26848800.0	0.00	0.00	0.00	292.35	3.30	74.00	0.45	101200.00	280.25
26852400.0	0.00	0.00	0.00	292.35	3.50	72.00	0.44	101300.00	279.85
26856000.0	429.00	103.00	41.00	293.75	3.90	68.00	0.40	101300.00	279.65
26859600.0	697.00	319.00	72.00	297.05	4.00	62.00	0.32	101400.00	279.55
26863200.0	824.00	545.00	92.00	301.05	3.60	58.00	0.25	101400.00	279.35
26866800.0	894.00	747.00	105.00	302.95	3.20	58.00	0.21	101500.00	278.65
26870400.0	943.00	909.00	109.00	306.85	1.60	54.00	0.17	101500.00	278.35
26874000.0	965.00	1012.00	113.00	308.45	1.00	43.00	0.15	101400.00	278.25
26877600.0	973.00	1049.00	114.00	309.65	0.60	49.00	0.14	101300.00	278.25
26881200.0	962.00	1015.00	114.00	310.45	0.40	124.00	0.14	101200.00	278.25
26884800.0	941.00	917.00	110.00	310.75	0.60	190.00	0.13	101100.00	278.15
26888400.0	902.00	761.00	103.00	310.75	0.70	193.00	0.13	101100.00	278.15
26892000.0	842.00	563.00	88.00	310.15	1.00	191.00	0.14	101000.00	278.15
26895600.0	723.00	339.00	71.00	308.85	1.00	184.00	0.15	101000.00	278.15
26899200.0	471.00	120.00	44.00	305.95	0.90	171.00	0.22	101100.00	281.75
26902800.0	0.00	0.00	0.00	302.85	1.00	145.00	0.32	101100.00	284.65
26906400.0	0.00	0.00	0.00	300.95	1.20	113.00	0.33	101200.00	283.35
26910000.0	0.00	0.00	0.00	299.55	1.60	87.00	0.34	101200.00	282.65
26913600.0	0.00	0.00	0.00	298.55	2.40	70.00	0.34	101200.00	281.75
26917200.0	0.00	0.00	0.00	297.85	3.50	62.00	0.33	101200.00	280.65
26920800.0	0.00	0.00	0.00	297.05	4.30	61.00	0.33	101200.00	279.85
26924400.0	0.00	0.00	0.00	296.15	4.60	61.00	0.33	101100.00	279.15
26928000.0	0.00	0.00	0.00	295.35	4.40	60.00	0.33	101100.00	278.45
26931600.0	0.00	0.00	0.00	294.75	4.00	59.00	0.33	101100.00	277.95
26935200.0	0.00	0.00	0.00	294.25	3.60	56.00	0.33	101100.00	277.65
26938800.0	0.00	0.00	0.00	294.25	3.50	54.00	0.33	101100.00	277.45
26942400.0	412.00	104.00	44.00	295.75	3.90	51.00	0.30	101200.00	277.25
26946000.0	685.00	321.00	77.00	299.05	4.20	45.00	0.24	101200.00	276.95
26949600.0	814.00	546.00	97.00	303.05	4.10	37.00	0.19	101200.00	276.75
26953200.0	525.00	634.00	255.00	305.05	4.00	33.00	0.16	101200.00	276.35
26956800.0	543.00	788.00	326.00	308.65	2.10	190.00	0.14	101200.00	276.85
26960400.0	240.00	707.00	483.00	310.25	1.20	300.00	0.13	101100.00	277.35
26964000.0	395.00	826.00	446.00	311.45	1.30	233.00	0.12	101000.00	277.65
26967600.0	178.00	659.00	492.00	312.15	1.60	220.00	0.12	100900.00	277.75
26971200.0	895.00	905.00	137.00	312.45	1.90	216.00	0.12	100700.00	277.95
26974800.0	337.00	579.00	332.00	312.25	2.20	212.00	0.12	100700.00	278.05
26978400.0	379.00	442.00	227.00	311.55	2.40	210.00	0.13	100600.00	278.25
26982000.0	613.00	325.00	97.00	310.15	2.20	207.00	0.14	100600.00	278.45
26985600.0	328.00	111.00	57.00	307.05	1.70	201.00	0.20	100700.00	280.95
26989200.0	0.00	0.00	0.00	304.15	1.70	186.00	0.28	100700.00	283.45
26992800.0	0.00	0.00	0.00	302.95	2.10	165.00	0.28	100800.00	282.75
26996400.0	0.00	0.00	0.00	301.95	2.20	146.00	0.30	100800.00	282.75
27000000.0	0.00	0.00	0.00	300.75	2.20	134.00	0.33	100800.00	283.05
27003600.0	0.00	0.00	0.00	299.45	2.30	131.00	0.36	100800.00	283.35
27007200.0	0.00	0.00	0.00	298.15	2.40	132.00	0.40	100800.00	283.65
27010800.0	0.00	0.00	0.00	296.85	2.40	135.00	0.45	100800.00	284.25
27014400.0	0.00	0.00	0.00	295.75	2.30	139.00	0.50	100700.00	284.75
27018000.0	0.00	0.00	0.00	294.95	2.30	140.00	0.54	100700.00	285.25
27021600.0	0.00	0.00	0.00	294.45	2.30	139.00	0.56	100800.00	285.55
27025200.0	0.00	0.00	0.00	294.45	2.60	134.00	0.56	100800.00	285.55
27028800.0	0.00	23.00	23.00	295.25	3.20	128.00	0.53	100800.00	285.45
27032400.0	0.00	70.00	70.00	296.85	3.50	122.00	0.47	100900.00	285.05
27036000.0	90.00	296.00	246.00	299.25	3.10	110.00	0.39	100900.00	284.35
27039600.0	362.00	580.00	319.00	300.75	2.70	102.00	0.33	101000.00	283.35
27043200.0	115.00	526.00	429.00	304.75	2.30	181.00	0.25	100900.00	282.35
27046800.0	113.00	586.00	481.00	306.55	2.60	338.00	0.21	100900.00	281.65
27050400.0	118.00	616.00	503.00	307.55	2.90	332.00	0.20	100800.00	281.15
27054000.0	144.00	626.00	492.00	307.85	3.00	324.00	0.20	100800.00	281.35
27057600.0	149.00	569.00	441.00	307.35	3.00	310.00	0.21	100700.00	281.65
27061200.0	6.00	204.00	199.00	306.65	2.80	292.00	0.22	100700.00	281.95
27064800.0	34.00	247.00	227.00	305.65	2.60	270.00	0.23	100700.00	282.15
27068400.0	196.00	228.00	154.00	304.05	2.50	246.00	0.28	100700.00	283.35
27072000.0	0.00	23.00	23.00	301.85	2.70	224.00	0.33	100800.00	284.25
27075600.0	0.00	0.00	0.00	299.85	2.80	207.00	0.37	100900.00	284.15
27079200.0	0.00	0.00	0.00	298.25	2.60	190.00	0.43	101000.00	285.05
27082800.0	0.00	0.00	0.00	297.05	2.30	166.00	0.50	101000.00	285.95
27086400.0	0.00	0.00	0.00	296.35	2.30	132.00	0.53	101000.00	286.35
27090000.0	0.00	0.00	0.00	296.05	2.70	104.00	0.54	101000.00	286.25
27093600.0	0.00	0.00	0.00	295.75	3.10	90.00	0.54	100900.00	286.05
27097200.0	0.00	0.00	0.00	295.25	3.30	86.00	0.55	100900.00	285.95
27100800.0	0.00	0.00	0.00	294.85	3.40	87.00	0.57	100800.00	286.05
27104400.0	0.00	0.00	0.00	294.35	3.50	87.00	0.60	100800.00	286.25
27108000.0	0.00	0.00	0.00	293.95	3.80	85.00	0.62	100900.00	286.55
27111600.0	0.00	0.00	0.00	293.85	4.10	83.00	0.64	100900.00	286.75
27115200.0	0.00	20.00	20.00	295.15	4.80	79.00	0.59	101000.00	286.95
27118800.0	26.00	146.00	136.00	297.85	5.30	71.00	0.51	101000.00	287.05
27122400.0	209.00	366.00	250.00	300.85	4.80	60.00	0.41	101000.00	286.55
27126000.0	199.00	496.00	352.00	302.35	4.30	54.00	0.36	101000.00	285.85
27129600.0	816.00	869.00	173.00	305.15	2.20	164.00	0.29	101000.00	284.95
27133200.0	840.00	968.00	182.00	306.25	2.00	289.00	0.26	101000.00	284.45
27136800.0	143.00	648.00	509.00	307.15	2.20	271.00	0.25	100900.00	284.35
27140400.0	466.00	847.00	409.00	307.95	2.30	279.00	0.24	100800.00	284.45
27144000.0	174.00	593.00	443.00	307.95	2.90	282.00	0.24	100700.00	284.45
27147600.0	599.00	680.00	240.00	306.85	3.80	265.00	0.26	100700.00	284.65
27151200.0	344.00	434.00	238.00	305.05	4.70	239.00	0.29	100700.00	285.15
27154800.0	327.00	264.00	141.00	303.15	4.90	211.00	0.35	100800.00	285.95
27158400.0	188.00	93.00	60.00	301.15	4.50	188.00	0.41	100800.00	286.55
27162000.0	0.00	0.00	0.00	299.35	3.70	169.00	0.46	100900.00	287.05
27165600.0	0.00	0.00	0.00	298.15	2.90	150.00	0.51	100900.00	287.35
27169200.0	0.00	0.00	0.00	297.35	2.30	132.00	0.54	100900.00	287.55
27172800.0	0.00	0.00	0.00	296.95	1.90	119.00	0.56	100900.00	287.75
27176400.0	0.00	0.00	0.00	296.55	1.60	113.00	0.59	100900.00	288.15
27180000.0	0.00	0.00	0.00	296.25	1.40	116.00	0.62	100800.00	288.65
27183600.0	0.00	0.00	0.00	295.95	1.30	126.00	0.65	100800.00	289.05
27187200.0	0.00	0.00	0.00	295.75	1.30	133.00	0.67	100800.00	289.45
27190800.0	0.00	0.00	0.00	295.55	1.40	136.00	0.69	100800.00	289.65
27194400.0	0.00	0.00	0.00	295.25	1.30	139.00	0.71	100800.00	289.85
27198000.0	0.00	0.00	0.00	295.25	1.40	149.00	0.71	100900.00	289.95
27201600.0	0.00	42.00	42.00	296.05	1.80	165.00	0.68	100900.00	289.95
27205200.0	25.00	146.00	137.00	297.75	2.30	184.00	0.59	101000.00	289.45
27208800.0	29.00	233.00	217.00	299.75	2.50	206.00	0.50	101000.00	288.45
27212400.0	382.00	591.00	315.00	300.85	2.70	217.00	0.44	101000.00	287.55
27216000.0	899.00	892.00	123.00	303.45	3.80	233.00	0.36	101000.00	286.85
27219600.0	928.00	997.00	127.00	304.55	4.70	237.00	0.33	101000.00	286.45
27223200.0	938.00	1037.00	130.00	305.05	5.20	235.00	0.31	100900.00	285.85
27226800.0	932.00	1009.00	132.00	305.25	5.50	229.00	0.30	100900.00	285.45
27230400.0	909.00	915.00	130.00	305.15	5.80	220.00	0.29	100800.00	284.95
27234000.0	866.00	763.00	124.00	304.25	6.30	213.00	0.29	100800.00	284.35
27237600.0	802.00	567.00	108.00	302.55	6.80	207.00	0.31	100900.00	283.65
27241200.0	668.00	344.00	90.00	299.85	7.00	202.00	0.34	100900.00	282.95
27244800.0	393.00	125.00	57.00	296.85	6.60	199.00	0.40	101100.00	282.65
27248400.0	0.00	0.00	0.00	294.45	6.00	196.00	0.46	101200.00	282.65
27252000.0	0.00	0.00	0.00	293.05	5.60	194.00	0.52	101200.00	282.95
27255600.0	0.00	0.00	0.00	292.05	5.40	189.00	0.57	101300.00	283.45
27259200.0	0.00	0.00	0.00	291.15	5.20	184.00	0.62	101300.00	283.95
27262800.0	0.00	0.00	0.00	290.15	4.90	180.00	0.67	101200.00	284.05
27266400.0	0.00	0.00	0.00	289.25	4.60	179.00	0.71	101200.00	284.15
27270000.0	0.00	0.00	0.00	288.35	4.30	180.00	0.77	101200.00	284.35
27273600.0	0.00	0.00	0.00	287.75	4.10	181.00	0.81	101200.00	284.65
27277200.0	0.00	0.00	0.00	287.25	4.10	180.00	0.85	101200.00	284.75
27280800.0	0.00	0.00	0.00	287.05	4.20	178.00	0.85	101300.00	284.75
27284400.0	0.00	0.00	0.00	287.05	4.60	175.00	0.85	101300.00	284.65
27288000.0	462.00	118.00	46.00	287.85	5.20	169.00	0.79	101400.00	284.35
27291600.0	747.00	345.00	73.00	289.75	5.60	165.00	0.66	101400.00	283.55
27295200.0	881.00	578.00	86.00	292.25	5.50	163.00	0.51	101400.00	282.05
27298800.0	952.00	786.00	95.00	293.45	5.30	163.00	0.43	101400.00	280.55
27302400.0	975.00	945.00	111.00	297.05	4.80	170.00	0.32	101300.00	279.35
27306000.0	996.00	1050.00	116.00	298.85	4.80	181.00	0.26	101300.00	278.25
27309600.0	1003.00	1088.00	117.00	300.05	5.20	193.00	0.23	101200.00	277.55
27313200.0	990.00	1053.00	119.00	300.45	5.90	199.00	0.23	101100.00	277.35
27316800.0	521.00	794.00	343.00	300.05	6.50	201.00	0.24	101100.00	277.65
27320400.0	135.00	462.00	363.00	299.05	6.90	200.00	0.26	101100.00	278.25
27324000.0	779.00	574.00	127.00	297.55	7.10	200.00	0.30	101100.00	279.05
27327600.0	657.00	349.00	98.00	295.75	7.10	198.00	0.36	101200.00	279.95
27331200.0	441.00	132.00	55.00	293.75	6.90	195.00	0.43	101300.00	280.65
27334800.0	0.00	0.00	0.00	291.95	6.40	191.00	0.49	101400.00	281.25
27338400.0	0.00	0.00	0.00	290.75	6.10	187.00	0.54	101400.00	281.55
27342000.0	0.00	0.00	0.00	289.75	5.90	183.00	0.58	101500.00	281.65
27345600.0	0.00	0.00	0.00	288.75	5.50	180.00	0.62	101500.00	281.75
27349200.0	0.00	0.00	0.00	287.95	5.20	177.00	0.66	101500.00	281.75
27352800.0	0.00	0.00	0.00	287.25	4.80	174.00	0.68	101400.00	281.65
27356400.0	0.00	0.00	0.00	286.55	4.50	170.00	0.71	101400.00	281.45
27360000.0	0.00	0.00	0.00	285.95	4.30	165.00	0.73	101400.00	281.25
27363600.0	0.00	0.00	0.00	285.25	4.10	160.00	0.76	101400.00	281.15
27367200.0	0.00	0.00	0.00	284.75	3.90	155.00	0.78	101400.00	281.05
27370800.0	0.00	0.00	0.00	284.55	4.00	151.00	0.78	101400.00	280.95
27374400.0	518.00	126.00	44.00	285.75	4.80	147.00	0.71	101500.00	280.75
27378000.0	779.00	354.00	70.00	288.25	5.40	144.00	0.56	101500.00	279.75
27381600.0	903.00	589.00	84.00	291.05	5.10	145.00	0.43	101500.00	278.45
27385200.0	969.00	795.00	91.00	292.45	4.90	147.00	0.38	101500.00	277.65
27388800.0	999.00	957.00	102.00	296.05	4.50	158.00	0.28	101500.00	276.45
27392400.0	1022.00	1064.00	104.00	298.05	4.50	166.00	0.22	101400.00	274.75
27396000.0	1025.00	1098.00	105.00	299.45	4.70	174.00	0.18	101300.00	273.35
27399600.0	1018.00	1066.00	105.00	300.35	4.90	181.00	0.16	101200.00	272.35
27403200.0	994.00	964.00	103.00	300.65	5.20	187.00	0.15	101200.00	271.85
27406800.0	956.00	805.00	97.00	300.25	5.50	191.00	0.15	101100.00	271.95
27410400.0	856.00	591.00	97.00	299.25	5.90	191.00	0.18	101100.00	272.85
27414000.0	722.00	360.00	82.00	297.65	6.10	190.00	0.22	101200.00	274.45
27417600.0	455.00	135.00	54.00	295.45	5.90	189.00	0.29	101300.00	276.75
27421200.0	0.00	0.00	0.00	293.25	5.60	186.00	0.39	101300.00	279.05
27424800.0	0.00	0.00	0.00	291.75	5.30	180.00	0.48	101400.00	280.65
27428400.0	0.00	0.00	0.00	290.65	4.90	172.00	0.54	101400.00	281.35
27432000.0	0.00	0.00	0.00	289.75	4.40	162.00	0.59	101400.00	281.75
27435600.0	0.00	0.00	0.00	289.15	4.00	152.00	0.61	101400.00	281.75
27439200.0	0.00	0.00	0.00	288.45	3.50	144.00	0.63	101400.00	281.45
27442800.0	0.00	0.00	0.00	287.75	2.90	139.00	0.64	101400.00	281.25
27446400.0	0.00	0.00	0.00	287.05	2.50	134.00	0.67	101300.00	281.15
27450000.0	0.00	0.00	0.00	286.35	2.40	130.00	0.70	101300.00	281.15
27453600.0	0.00	0.00	0.00	285.85	2.40	125.00	0.73	101400.00	281.25
27457200.0	0.00	0.00	0.00	285.85	2.90	121.00	0.74	101400.00	281.35
27460800.0	443.00	118.00	48.00	287.35	3.90	116.00	0.67	101400.00	281.45
27464400.0	720.00	340.00	76.00	290.25	4.00	111.00	0.55	101500.00	281.15
27468000.0	856.00	572.00	92.00	293.65	2.90	116.00	0.42	101500.00	280.35
27471600.0	931.00	779.00	101.00	295.15	2.20	122.00	0.36	101400.00	279.65
27475200.0	980.00	945.00	104.00	298.65	1.80	167.00	0.28	101300.00	278.65
27478800.0	1003.00	1050.00	107.00	300.55	1.90	182.00	0.23	101200.00	277.65
27482400.0	1012.00	1089.00	107.00	301.85	2.20	191.00	0.20	101100.00	276.75
27486000.0	1008.00	1058.00	105.00	302.75	2.60	196.00	0.18	101000.00	276.05
27489600.0	988.00	960.00	102.00	303.15	3.00	197.00	0.17	101000.00	275.55
27493200.0	950.00	803.00	97.00	302.95	3.30	197.00	0.17	100900.00	275.15
27496800.0	893.00	602.00	84.00	302.25	3.50	196.00	0.17	100900.00	274.95
27500400.0	781.00	373.00	70.00	300.95	3.70	195.00	0.18	100900.00	274.95
27504000.0	548.00	146.00	46.00	298.35	3.20	196.00	0.22	101000.00	275.15
27507600.0	0.00	0.00	0.00	295.35	2.50	192.00	0.29	101100.00	276.65
27511200.0	0.00	0.00	0.00	293.55	2.20	179.00	0.35	101100.00	277.75
27514800.0	0.00	0.00	0.00	292.35	1.90	160.00	0.40	101200.00	278.55
27518400.0	0.00	0.00	0.00	291.35	1.70	134.00	0.44	101200.00	279.05
27522000.0	0.00	0.00	0.00	290.55	1.60	107.00	0.47	101100.00	279.15
27525600.0	0.00	0.00	0.00	290.05	1.70	89.00	0.47	101100.00	278.65
27529200.0	0.00	0.00	0.00	289.65	1.80	79.00	0.45	101000.00	277.95
27532800.0	0.00	0.00	0.00	289.15	1.80	73.00	0.44	101000.00	277.05
27536400.0	0.00	0.00	0.00	288.65	1.80	70.00	0.43	101000.00	276.25
27540000.0	0.00	0.00	0.00	288.25	1.70	69.00	0.42	101000.00	275.55
27543600.0	0.00	0.00	0.00	288.75	1.80	68.00	0.39	101000.00	274.85
27547200.0	547.00	129.00	41.00	291.65	2.50	67.00	0.31	101100.00	274.45
27550800.0	793.00	357.00	65.00	295.95	3.10	56.00	0.22	101100.00	273.35
27554400.0	906.00	589.00	80.00	299.45	2.60	32.00	0.17	101100.00	272.75
27558000.0	968.00	796.00	90.00	300.95	2.20	18.00	0.16	101100.00	272.95
27561600.0	983.00	954.00	111.00	303.55	1.80	332.00	0.14	101100.00	273.25
27565200.0	1001.00	1059.00	117.00	304.95	1.90	308.00	0.13	101000.00	273.05
27568800.0	525.00	933.00	423.00	305.95	2.10	292.00	0.12	100900.00	272.85
27572400.0	448.00	841.00	417.00	306.65	2.30	279.00	0.11	100800.00	272.55
27576000.0	452.00	761.00	367.00	306.85	2.50	265.00	0.11	100800.00	272.45
27579600.0	936.00	804.00	107.00	306.45	2.70	253.00	0.11	100700.00	272.35
27583200.0	487.00	491.00	207.00	305.55	2.70	243.00	0.12	100700.00	272.35
27586800.0	735.00	369.00	83.00	304.05	2.30	233.00	0.13	100700.00	272.45
27590400.0	487.00	143.00	53.00	301.75	1.60	220.00	0.17	100700.00	274.45
27594000.0	0.00	0.00	0.00	299.15	1.20	199.00	0.24	100800.00	277.15
27597600.0	0.00	0.00	0.00	297.35	1.20	171.00	0.25	100800.00	276.45
27601200.0	0.00	0.00	0.00	296.25	1.20	143.00	0.27	100900.00	276.15
27604800.0	0.00	0.00	0.00	295.25	1.30	118.00	0.28	100900.00	275.85
27608400.0	0.00	0.00	0.00	294.45	1.30	97.00	0.28	100900.00	275.55
27612000.0	0.00	0.00	0.00	293.75	1.40	81.00	0.29	100800.00	275.15
27615600.0	0.00	0.00	0.00	293.25	1.40	68.00	0.30	100800.00	275.05
27619200.0	0.00	0.00	0.00	292.65	1.50	57.00	0.30	100700.00	274.75
27622800.0	0.00	0.00	0.00	292.15	1.70	46.00	0.30	100700.00	274.45
27626400.0	0.00	0.00	0.00	291.75	1.80	35.00	0.31	100700.00	274.15
27630000.0	0.00	0.00	0.00	292.35	2.20	26.00	0.29	100800.00	273.85
27633600.0	445.00	121.00	49.00	295.15	3.40	17.00	0.24	100800.00	273.75
27637200.0	708.00	341.00	80.00	299.05	4.40	182.00	0.18	100900.00	273.15
27640800.0	838.00	569.00	98.00	302.85	4.80	342.00	0.15	100900.00	273.05
27644400.0	909.00	773.00	110.00	304.75	5.00	332.00	0.13	101000.00	273.15
27648000.0	961.00	938.00	112.00	307.95	4.90	319.00	0.11	100900.00	273.55
27651600.0	975.00	1040.00	122.00	309.45	4.60	312.00	0.11	100900.00	274.15
27655200.0	977.00	1077.00	127.00	310.65	4.40	306.00	0.11	100800.00	274.95
27658800.0	970.00	1048.00	129.00	311.35	4.30	302.00	0.11	100700.00	275.55
27662400.0	945.00	950.00	127.00	311.75	4.10	299.00	0.11	100600.00	276.05
27666000.0	901.00	793.00	121.00	311.65	3.90	297.00	0.11	100600.00	276.15
27669600.0	856.00	596.00	96.00	311.15	3.60	296.00	0.11	100600.00	276.05
27673200.0	740.00	369.00	79.00	310.05	2.90	297.00	0.12	100600.00	275.85
27676800.0	499.00	144.00	51.00	306.75	1.70	311.00	0.16	100600.00	277.35
27680400.0	0.00	0.00	0.00	303.15	1.30	330.00	0.23	100700.00	280.15
27684000.0	0.00	0.00	0.00	301.55	1.40	340.00	0.24	100700.00	279.05
27687600.0	0.00	0.00	0.00	300.45	1.50	346.00	0.25	100800.00	278.65
27691200.0	0.00	0.00	0.00	299.55	1.80	350.00	0.25	100800.00	278.15
27694800.0	0.00	0.00	0.00	298.65	2.00	352.00	0.26	100800.00	277.55
27698400.0	0.00	0.00	0.00	297.75	2.20	351.00	0.26	100700.00	277.05
27702000.0	0.00	0.00	0.00	296.95	2.40	351.00	0.26	100700.00	276.45
27705600.0	0.00	0.00	0.00	296.35	2.60	352.00	0.25	100700.00	275.45
27709200.0	0.00	0.00	0.00	295.75	2.90	353.00	0.24	100700.00	274.25
27712800.0	0.00	0.00	0.00	295.35	3.30	354.00	0.23	100800.00	273.05
27716400.0	0.00	0.00	0.00	295.55	3.90	352.00	0.21	100800.00	272.15
27720000.0	458.00	122.00	47.00	297.35	4.80	349.00	0.18	100900.00	271.55
27723600.0	709.00	342.00	79.00	300.85	5.30	345.00	0.14	100900.00	271.35
27727200.0	827.00	566.00	100.00	305.45	5.80	337.00	0.11	101000.00	271.55
27730800.0	892.00	768.00	116.00	307.85	6.40	330.00	0.10	101000.00	271.25
27734400.0	877.00	910.00	155.00	311.85	6.60	320.00	0.08	100900.00	272.15
27738000.0	502.00	881.00	408.00	313.35	6.40	315.00	0.08	100900.00	273.05
27741600.0	892.00	1047.00	179.00	314.35	6.00	309.00	0.08	100800.00	273.75
27745200.0	473.00	866.00	417.00	314.65	5.60	305.00	0.08	100700.00	274.15
27748800.0	14.00	285.00	273.00	314.45	5.10	302.00	0.08	100600.00	274.55
27752400.0	75.00	407.00	351.00	313.75	4.70	297.00	0.09	100500.00	275.05
27756000.0	19.00	228.00	217.00	313.05	3.90	290.00	0.10	100500.00	275.55
27759600.0	248.00	258.00	160.00	311.55	2.30	281.00	0.11	100500.00	276.45
27763200.0	130.00	96.00	71.00	308.75	1.20	284.00	0.17	100600.00	279.85
27766800.0	0.00	0.00	0.00	305.95	1.30	319.00	0.20	100600.00	280.35
27770400.0	0.00	0.00	0.00	304.25	1.90	173.00	0.20	100600.00	278.75
27774000.0	0.00	0.00	0.00	303.35	2.40	0.00	0.19	100700.00	277.25
27777600.0	0.00	0.00	0.00	302.35	2.70	178.00	0.19	100700.00	276.15
27781200.0	0.00	0.00	0.00	300.85	2.30	348.00	0.20	100700.00	276.15
27784800.0	0.00	0.00	0.00	299.25	1.70	331.00	0.24	100700.00	277.15
27788400.0	0.00	0.00	0.00	298.05	1.30	323.00	0.28	100700.00	278.45
27792000.0	0.00	0.00	0.00	297.15	1.20	337.00	0.32	100700.00	279.55
27795600.0	0.00	0.00	0.00	296.45	1.40	352.00	0.34	100700.00	279.75
27799200.0	0.00	0.00	0.00	295.85	1.60	356.00	0.33	100800.00	278.95
27802800.0	0.00	0.00	0.00	296.35	2.00	358.00	0.30	100800.00	277.85
27806400.0	397.00	118.00	53.00	298.95	3.10	359.00	0.24	100900.00	277.05
27810000.0	681.00	337.00	84.00	302.65	4.00	357.00	0.18	100900.00	276.05
27813600.0	821.00	565.00	101.00	306.85	5.10	347.00	0.14	100900.00	275.65
27817200.0	894.00	768.00	114.00	309.25	6.00	339.00	0.12	100900.00	275.35
27820800.0	942.00	932.00	121.00	313.05	7.10	332.00	0.10	100800.00	275.25
27824400.0	958.00	1034.00	130.00	314.45	7.20	329.00	0.09	100800.00	275.15
27828000.0	958.00	1070.00	137.00	315.55	7.30	326.00	0.08	100700.00	274.95
27831600.0	945.00	1040.00	142.00	316.35	7.50	326.00	0.08	100500.00	274.35
27835200.0	912.00	941.00	143.00	316.65	7.60	326.00	0.07	100400.00	273.75
27838800.0	856.00	783.00	141.00	316.55	7.70	325.00	0.07	100300.00	273.25
27842400.0	780.00	584.00	125.00	315.95	7.60	324.00	0.07	100300.00	273.15
27846000.0	637.00	358.00	105.00	314.65	6.70	325.00	0.08	100300.00	273.35
27849600.0	355.00	136.00	68.00	311.45	4.90	318.00	0.10	100300.00	274.15
27853200.0	0.00	0.00	0.00	306.85	4.70	269.00	0.15	100500.00	277.15
27856800.0	0.00	0.00	0.00	302.75	5.70	209.00	0.27	100600.00	281.95
27860400.0	0.00	0.00	0.00	299.95	5.20	183.00	0.38	100800.00	284.45
27864000.0	0.00	0.00	0.00	298.55	4.00	176.00	0.43	100800.00	285.15
27867600.0	0.00	0.00	0.00	297.85	3.30	180.00	0.45	100800.00	285.15
27871200.0	0.00	0.00	0.00	297.15	3.00	177.00	0.46	100800.00	284.95
27874800.0	0.00	0.00	0.00	296.55	2.90	169.00	0.46	100800.00	284.55
27878400.0	0.00	0.00	0.00	295.95	3.00	166.00	0.48	100800.00	284.35
27882000.0	0.00	0.00	0.00	295.35	3.40	170.00	0.50	100800.00	284.35
27885600.0	0.00	0.00	0.00	294.75	3.90	177.00	0.52	100900.00	284.65
27889200.0	0.00	0.00	0.00	294.35	4.50	184.00	0.56	101000.00	285.35
27892800.0	274.00	107.00	61.00	295.05	5.50	184.00	0.58	101100.00	286.45
27896400.0	553.00	315.00	109.00	296.75	6.10	184.00	0.51	101100.00	286.25
27900000.0	704.00	534.00	136.00	298.65	6.10	191.00	0.46	101200.00	286.25
27903600.0	792.00	733.00	153.00	299.45	6.10	196.00	0.45	101200.00	286.55
27907200.0	847.00	892.00	162.00	301.55	6.30	207.00	0.38	101200.00	286.05
27910800.0	870.00	993.00	172.00	302.45	6.50	212.00	0.34	101200.00	284.95
27914400.0	871.00	1029.00	180.00	303.05	6.70	214.00	0.29	101200.00	283.25
27918000.0	897.00	1011.00	158.00	303.45	7.00	214.00	0.26	101200.00	281.65
27921600.0	891.00	923.00	142.00	303.35	7.10	212.00	0.24	101100.00	280.45
27925200.0	875.00	780.00	123.00	302.85	7.20	208.00	0.22	101100.00	279.25
27928800.0	824.00	591.00	105.00	301.75	7.20	203.00	0.22	101100.00	277.75
27932400.0	704.00	370.00	88.00	299.75	7.10	198.00	0.24	101200.00	277.35
27936000.0	0.00	45.00	45.00	296.95	6.80	193.00	0.30	101300.00	278.45
27939600.0	0.00	0.00	0.00	294.35	6.30	187.00	0.40	101400.00	280.15
27943200.0	0.00	0.00	0.00	292.65	5.80	184.00	0.48	101500.00	281.65
27946800.0	0.00	0.00	0.00	291.55	5.40	184.00	0.55	101500.00	282.55
27950400.0	0.00	0.00	0.00	290.75	4.80	183.00	0.60	101600.00	282.95
27954000.0	0.00	0.00	0.00	290.05	4.40	182.00	0.63	101600.00	282.95
27957600.0	0.00	0.00	0.00	289.45	4.20	181.00	0.66	101600.00	283.05
27961200.0	0.00	0.00	0.00	288.85	4.10	179.00	0.69	101500.00	283.15
27964800.0	0.00	0.00	0.00	288.35	4.00	176.00	0.72	101500.00	283.35
27968400.0	0.00	0.00	0.00	288.05	3.80	172.00	0.74	101500.00	283.65
27972000.0	0.00	0.00	0.00	287.75	3.80	168.00	0.77	101600.00	283.85
27975600.0	0.00	0.00	0.00	287.95	4.30	163.00	0.76	101700.00	283.95
27979200.0	490.00	132.00	49.00	289.05	5.10	157.00	0.70	101700.00	283.65
27982800.0	758.00	359.00	76.00	290.95	5.40	153.00	0.57	101800.00	282.45
27986400.0	892.00	593.00	88.00	293.15	5.10	152.00	0.46	101800.00	281.25
27990000.0	966.00	802.00	94.00	294.35	4.80	152.00	0.39	101800.00	280.05
27993600.0	988.00	961.00	109.00	297.75	4.30	161.00	0.30	101800.00	278.85
27997200.0	1012.00	1067.00	112.00	299.75	4.20	171.00	0.24	101700.00	277.75
28000800.0	1024.00	1111.00	112.00	301.25	4.30	182.00	0.21	101600.00	276.65
28004400.0	1018.00	1081.00	111.00	302.15	4.70	191.00	0.18	101500.00	275.75
28008000.0	998.00	984.00	109.00	302.35	5.20	196.00	0.17	101500.00	275.25
28011600.0	961.00	827.00	103.00	301.85	5.60	199.00	0.18	101400.00	275.15
28015200.0	901.00	623.00	90.00	300.75	5.90	199.00	0.19	101400.00	275.35
28018800.0	791.00	394.00	75.00	298.95	6.00	198.00	0.22	101500.00	275.85
28022400.0	568.00	164.00	51.00	296.65	5.90	198.00	0.27	101500.00	276.55
28026000.0	0.00	0.00	0.00	294.25	5.70	196.00	0.34	101600.00	277.75
28029600.0	0.00	0.00	0.00	292.45	5.40	190.00	0.41	101600.00	279.05
28033200.0	0.00	0.00	0.00	291.25	5.00	182.00	0.47	101700.00	279.95
28036800.0	0.00	0.00	0.00	290.25	4.70	174.00	0.53	101600.00	280.55
28040400.0	0.00	0.00	0.00	289.45	4.30	165.00	0.56	101600.00	280.85
28044000.0	0.00	0.00	0.00	288.65	3.90	158.00	0.59	101500.00	280.65
28047600.0	0.00	0.00	0.00	287.95	3.40	149.00	0.60	101500.00	280.45
28051200.0	0.00	0.00	0.00	287.25	3.00	140.00	0.62	101400.00	280.15
28054800.0	0.00	0.00	0.00	286.65	2.70	132.00	0.63	101400.00	279.85
28058400.0	0.00	0.00	0.00	286.05	2.40	125.00	0.65	101400.00	279.65
28062000.0	0.00	0.00	0.00	286.05	2.70	119.00	0.65	101500.00	279.65
28065600.0	513.00	133.00	46.00	287.65	3.30	114.00	0.58	101600.00	279.65
28069200.0	767.00	360.00	73.00	290.45	2.90	117.00	0.48	101600.00	279.55
28072800.0	888.00	592.00	89.00	293.55	2.00	168.00	0.39	101600.00	279.25
28076400.0	955.00	799.00	99.00	295.15	1.60	214.00	0.34	101600.00	278.45
28080000.0	988.00	959.00	108.00	298.55	3.00	241.00	0.26	101500.00	277.75
28083600.0	1008.00	1066.00	112.00	300.05	3.50	240.00	0.23	101400.00	277.35
28087200.0	1014.00	1105.00	115.00	301.05	4.00	237.00	0.21	101300.00	277.05
28090800.0	1022.00	1079.00	104.00	301.45	4.50	233.00	0.21	101200.00	276.85
28094400.0	1004.00	983.00	101.00	301.35	4.90	228.00	0.21	101100.00	276.85
28098000.0	967.00	827.00	96.00	300.55	5.20	223.00	0.22	101100.00	276.95
28101600.0	907.00	626.00	87.00	299.25	5.40	216.00	0.24	101100.00	277.05
28105200.0	799.00	397.00	73.00	297.35	5.50	206.00	0.27	101200.00	277.45
28108800.0	572.00	166.00	50.00	294.95	5.50	196.00	0.33	101300.00	278.25
28112400.0	0.00	0.00	0.00	292.55	5.50	192.00	0.42	101300.00	279.35
28116000.0	0.00	0.00	0.00	290.95	5.60	190.00	0.51	101400.00	280.75
28119600.0	0.00	0.00	0.00	289.95	5.50	186.00	0.58	101500.00	281.75
28123200.0	0.00	0.00	0.00	289.15	5.20	181.00	0.63	101500.00	282.25
28126800.0	0.00	0.00	0.00	288.45	4.80	177.00	0.67	101500.00	282.45
28130400.0	0.00	0.00	0.00	287.85	4.30	174.00	0.70	101400.00	282.55
28134000.0	0.00	0.00	0.00	287.25	3.70	171.00	0.74	101400.00	282.75
28137600.0	0.00	0.00	0.00	286.65	3.20	167.00	0.77	101400.00	282.85
28141200.0	0.00	0.00	0.00	286.15	2.90	164.00	0.80	101400.00	282.95
28144800.0	0.00	0.00	0.00	285.75	2.60	163.00	0.83	101400.00	283.05
28148400.0	0.00	0.00	0.00	286.05	3.00	161.00	0.82	101500.00	283.05
28152000.0	551.00	138.00	44.00	287.85	4.10	160.00	0.72	101500.00	283.05
28155600.0	795.00	365.00	67.00	290.35	4.80	161.00	0.58	101600.00	282.25
28159200.0	916.00	600.00	80.00	292.75	4.60	163.00	0.46	101600.00	280.95
28162800.0	976.00	808.00	92.00	293.95	4.50	164.00	0.39	101600.00	279.55
28166400.0	990.00	966.00	111.00	297.45	3.70	171.00	0.28	101500.00	278.05
28170000.0	1009.00	1072.00	117.00	299.45	3.40	185.00	0.23	101400.00	276.55
28173600.0	1005.00	1110.00	128.00	301.05	3.40	202.00	0.19	101300.00	275.35
28177200.0	999.00	1084.00	130.00	301.85	3.70	214.00	0.17	101300.00	274.45
28180800.0	977.00	983.00	124.00	302.05	4.30	218.00	0.16	101200.00	274.15
28184400.0	955.00	831.00	107.00	301.65	4.70	216.00	0.17	101200.00	274.25
28188000.0	897.00	629.00	94.00	300.55	5.00	212.00	0.18	101200.00	274.55
28191600.0	785.00	399.00	79.00	298.85	4.90	206.00	0.21	101200.00	275.05
28195200.0	564.00	169.00	54.00	296.55	4.30	196.00	0.25	101300.00	275.65
28198800.0	0.00	0.00	0.00	293.95	3.40	185.00	0.32	101300.00	276.65
28202400.0	0.00	0.00	0.00	292.15	2.90	177.00	0.39	101400.00	277.95
28206000.0	0.00	0.00	0.00	291.05	2.90	169.00	0.45	101400.00	279.15
28209600.0	0.00	0.00	0.00	290.15	2.70	159.00	0.52	101400.00	280.25
28213200.0	0.00	0.00	0.00	289.25	2.40	147.00	0.58	101300.00	280.95
28216800.0	0.00	0.00	0.00	288.35	2.20	137.00	0.63	101300.00	281.35
28220400.0	0.00	0.00	0.00	287.65	2.10	125.00	0.66	101300.00	281.55
28224000.0	0.00	0.00	0.00	287.15	2.00	113.00	0.68	101200.00	281.45
28227600.0	0.00	0.00	0.00	286.65	2.10	104.00	0.70	101200.00	281.35
28231200.0	0.00	0.00	0.00	286.35	2.30	94.00	0.70	101200.00	281.15
28234800.0	0.00	0.00	0.00	286.95	3.00	84.00	0.67	101200.00	281.05
28238400.0	540.00	137.00	45.00	289.25	3.60	75.00	0.58	101200.00	281.15
28242000.0	785.00	365.00	70.00	293.15	3.30	60.00	0.46	101300.00	281.15
28245600.0	897.00	595.00	86.00	297.55	2.70	202.00	0.32	101300.00	279.75
28249200.0	962.00	802.00	96.00	299.65	2.40	355.00	0.22	101300.00	276.35
28252800.0	1000.00	966.00	102.00	303.45	2.70	315.00	0.16	101200.00	274.95
28256400.0	1019.00	1072.00	107.00	305.35	2.90	299.00	0.13	101100.00	273.65
28260000.0	1021.00	1109.00	110.00	306.85	2.90	285.00	0.11	100900.00	272.55
28263600.0	999.00	1075.00	121.00	307.75	2.80	274.00	0.10	100800.00	271.75
28267200.0	973.00	976.00	119.00	308.15	2.50	266.00	0.09	100700.00	271.25
28270800.0	936.00	822.00	111.00	308.15	2.20	260.00	0.09	100700.00	271.05
28274400.0	881.00	622.00	95.00	307.65	1.80	255.00	0.10	100600.00	271.25
28278000.0	769.00	395.00	80.00	306.55	1.50	254.00	0.11	100600.00	271.55
28281600.0	546.00	167.00	54.00	304.25	1.00	253.00	0.12	100600.00	272.05
28285200.0	0.00	0.00	0.00	302.05	0.70	246.00	0.17	100600.00	274.85
28288800.0	0.00	0.00	0.00	301.05	0.60	278.00	0.17	100700.00	273.95
28292400.0	0.00	0.00	0.00	300.15	0.70	158.00	0.18	100700.00	274.05
28296000.0	0.00	0.00	0.00	298.65	1.10	7.00	0.19	100700.00	273.75
28299600.0	0.00	0.00	0.00	297.05	1.40	17.00	0.21	100600.00	273.25
28303200.0	0.00	0.00	0.00	295.75	1.70	23.00	0.21	100500.00	272.45
28306800.0	0.00	0.00	0.00	294.95	2.10	21.00	0.20	100400.00	271.35
28310400.0	0.00	0.00	0.00	294.55	2.50	17.00	0.20	100300.00	270.55
28314000.0	0.00	0.00	0.00	294.35	3.00	14.00	0.19	100300.00	269.65
28317600.0	0.00	0.00	0.00	294.25	3.70	13.00	0.18	100200.00	269.05
28321200.0	0.00	0.00	0.00	294.55	4.40	11.00	0.17	100200.00	268.75
28324800.0	434.00	127.00	53.00	296.15	5.00	7.00	0.16	100300.00	268.65
28328400.0	692.00	347.00	87.00	299.45	6.10	178.00	0.13	100300.00	268.75
28332000.0	823.00	573.00	106.00	303.45	7.90	348.00	0.10	100200.00	268.65
28335600.0	897.00	777.00	119.00	305.35	8.80	345.00	0.09	100200.00	268.15
28339200.0	935.00	942.00	134.00	308.55	9.00	339.00	0.07	100000.00	267.85
28342800.0	952.00	1046.00	144.00	310.45	8.80	331.00	0.06	99900.00	267.65
28346400.0	948.00	1082.00	155.00	311.85	8.60	321.00	0.06	99800.00	267.45
28350000.0	364.00	814.00	466.00	312.95	8.50	314.00	0.05	99700.00	267.55
28353600.0	848.00	937.00	189.00	313.35	8.50	306.00	0.06	99600.00	268.25
28357200.0	558.00	696.00	272.00	311.85	8.70	283.00	0.07	99500.00	269.45
28360800.0	0.00	109.00	109.00	307.65	9.20	249.00	0.11	99600.00	273.45
28364400.0	99.00	217.00	176.00	303.65	8.50	231.00	0.24	99700.00	280.95
28368000.0	26.00	82.00	77.00	301.45	7.60	231.00	0.34	99800.00	284.35
28371600.0	0.00	0.00	0.00	299.15	8.10	228.00	0.42	100000.00	285.55
28375200.0	0.00	0.00	0.00	296.15	8.50	221.00	0.52	100200.00	285.95
28378800.0	0.00	0.00	0.00	293.45	8.10	214.00	0.61	100400.00	285.85
28382400.0	0.00	0.00	0.00	291.85	7.40	212.00	0.67	100500.00	285.75
28386000.0	0.00	0.00	0.00	290.85	7.20	213.00	0.70	100500.00	285.35
28389600.0	0.00	0.00	0.00	290.05	7.50	210.00	0.70	100500.00	284.65
28393200.0	0.00	0.00	0.00	289.25	7.70	206.00	0.70	100500.00	283.85
28396800.0	0.00	0.00	0.00	288.65	7.30	203.00	0.68	100500.00	282.75
28400400.0	0.00	0.00	0.00	288.15	6.70	200.00	0.66	100600.00	282.05
28404000.0	0.00	0.00	0.00	287.85	6.40	196.00	0.67	100700.00	281.85
28407600.0	0.00	0.00	0.00	287.95	6.50	191.00	0.67	100700.00	281.85
28411200.0	0.00	9.00	9.00	288.45	6.80	188.00	0.63	100900.00	281.45
28414800.0	0.00	27.00	27.00	289.55	6.90	186.00	0.52	101000.00	279.75
28418400.0	0.00	48.00	48.00	290.85	6.80	187.00	0.42	101100.00	277.75
28422000.0	17.00	274.00	261.00	291.55	6.70	188.00	0.35	101100.00	275.85
28425600.0	957.00	952.00	125.00	293.65	6.60	192.00	0.28	101100.00	274.45
28429200.0	990.00	1063.00	125.00	295.15	6.50	196.00	0.24	101100.00	273.55
28432800.0	1004.00	1108.00	124.00	296.25	6.60	200.00	0.21	101100.00	272.75
28436400.0	1003.00	1083.00	123.00	296.75	6.60	203.00	0.20	101100.00	272.35
28440000.0	987.00	989.00	117.00	296.65	6.60	204.00	0.20	101100.00	272.25
28443600.0	952.00	835.00	109.00	296.25	6.60	203.00	0.20	101100.00	272.35
28447200.0	888.00	635.00	100.00	295.25	6.50	202.00	0.22	101100.00	272.65
28450800.0	778.00	406.00	83.00	293.75	6.30	200.00	0.25	101100.00	273.25
28454400.0	550.00	176.00	59.00	291.95	5.90	197.00	0.30	101200.00	273.95
28458000.0	0.00	0.00	0.00	290.25	5.30	194.00	0.35	101300.00	274.75
28461600.0	0.00	0.00	0.00	289.15	4.70	190.00	0.41	101400.00	275.95
28465200.0	0.00	0.00	0.00	288.35	4.40	182.00	0.46	101400.00	276.85
28468800.0	0.00	0.00	0.00	287.65	4.10	172.00	0.49	101400.00	277.25
28472400.0	0.00	0.00	0.00	286.85	3.70	163.00	0.52	101400.00	277.35
28476000.0	0.00	0.00	0.00	286.15	3.30	154.00	0.55	101400.00	277.35
28479600.0	0.00	0.00	0.00	285.45	2.90	147.00	0.57	101300.00	277.15
28483200.0	0.00	0.00	0.00	284.85	2.50	139.00	0.58	101300.00	276.95
28486800.0	0.00	0.00	0.00	284.25	2.30	129.00	0.59	101300.00	276.65
28490400.0	0.00	0.00	0.00	283.75	2.30	120.00	0.60	101400.00	276.45
28494000.0	0.00	0.00	0.00	284.05	2.80	111.00	0.59	101400.00	276.35
28497600.0	492.00	136.00	51.00	285.75	3.60	109.00	0.52	101500.00	276.35
28501200.0	742.00	361.00	81.00	288.25	3.60	112.00	0.44	101500.00	276.05
28504800.0	864.00	592.00	100.00	290.65	3.00	115.00	0.35	101500.00	275.25
28508400.0	932.00	799.00	113.00	291.85	2.70	115.00	0.30	101500.00	274.25
28512000.0	956.00	959.00	133.00	295.05	1.50	147.00	0.22	101500.00	272.75
28515600.0	125.00	615.00	497.00	296.65	1.50	198.00	0.18	101400.00	271.15
28519200.0	981.00	1104.00	142.00	297.65	2.10	225.00	0.16	101300.00	269.95
28522800.0	18.00	342.00	325.00	297.75	2.70	224.00	0.15	101300.00	269.25
28526400.0	8.00	215.00	208.00	297.35	3.10	220.00	0.15	101200.00	269.05
28530000.0	381.00	633.00	342.00	297.05	3.20	215.00	0.15	101200.00	269.15
28533600.0	854.00	621.00	105.00	296.65	3.40	211.00	0.16	101100.00	269.45
28537200.0	747.00	398.00	86.00	295.85	3.50	211.00	0.18	101200.00	270.15
28540800.0	542.00	174.00	58.00	294.05	3.40	212.00	0.21	101200.00	271.05
28544400.0	0.00	0.00	0.00	291.55	3.30	209.00	0.28	101300.00	272.65
28548000.0	0.00	0.00	0.00	289.75	3.20	201.00	0.36	101300.00	274.65
28551600.0	0.00	0.00	0.00	288.75	2.80	188.00	0.43	101400.00	276.35
28555200.0	0.00	0.00	0.00	287.95	2.40	172.00	0.49	101300.00	277.45
28558800.0	0.00	0.00	0.00	287.25	2.10	157.00	0.54	101300.00	278.05
28562400.0	0.00	0.00	0.00	286.65	2.00	145.00	0.57	101200.00	278.35
28566000.0	0.00	0.00	0.00	286.15	1.80	136.00	0.59	101100.00	278.35
28569600.0	0.00	0.00	0.00	285.65	1.70	127.00	0.60	101100.00	278.25
28573200.0	0.00	0.00	0.00	285.25	1.50	115.00	0.61	101100.00	278.05
28576800.0	0.00	0.00	0.00	285.05	1.50	101.00	0.60	101100.00	277.75
28580400.0	0.00	0.00	0.00	286.05	1.80	89.00	0.55	101200.00	277.25
28584000.0	520.00	137.00	47.00	288.85	2.50	78.00	0.44	101200.00	276.65
28587600.0	764.00	360.00	72.00	292.95	2.20	41.00	0.32	101300.00	275.75
28591200.0	881.00	588.00	87.00	296.85	1.80	159.00	0.21	101300.00	273.55
28594800.0	942.00	792.00	100.00	298.35	2.10	308.00	0.20	101300.00	273.95
28598400.0	980.00	955.00	107.00	301.15	3.00	272.00	0.18	101200.00	274.75
28602000.0	996.00	1057.00	113.00	302.55	3.70	260.00	0.17	101100.00	275.35
28605600.0	1000.00	1097.00	117.00	303.65	4.30	251.00	0.17	101100.00	275.65
28609200.0	993.00	1068.00	115.00	304.35	4.50	243.00	0.16	101000.00	275.75
28612800.0	971.00	972.00	112.00	304.55	4.50	237.00	0.16	100900.00	275.75
28616400.0	714.00	756.00	209.00	304.45	4.20	231.00	0.16	100900.00	275.65
28620000.0	863.00	622.00	98.00	303.95	4.10	223.00	0.16	100800.00	275.55
28623600.0	753.00	399.00	83.00	302.95	4.00	211.00	0.17	100800.00	275.65
28627200.0	538.00	175.00	58.00	300.55	3.60	195.00	0.21	100900.00	276.15
28630800.0	55.00	12.00	11.00	297.45	3.40	178.00	0.27	100900.00	277.15
28634400.0	0.00	0.00	0.00	295.25	3.80	169.00	0.33	101000.00	278.35
28638000.0	0.00	0.00	0.00	293.85	3.80	164.00	0.39	101100.00	279.55
28641600.0	0.00	0.00	0.00	292.65	3.40	159.00	0.45	101100.00	280.45
28645200.0	0.00	0.00	0.00	291.75	3.10	154.00	0.49	101000.00	280.95
28648800.0	0.00	0.00	0.00	290.95	2.90	152.00	0.53	101000.00	281.25
28652400.0	0.00	0.00	0.00	290.45	3.10	152.00	0.55	101000.00	281.35
28656000.0	0.00	0.00	0.00	290.15	3.30	149.00	0.56	101000.00	281.35
28659600.0	0.00	0.00	0.00	289.85	3.20	135.00	0.56	100900.00	281.25
28663200.0	0.00	0.00	0.00	289.25	2.70	114.00	0.57	100900.00	280.85
28666800.0	0.00	0.00	0.00	289.35	3.10	96.00	0.55	100900.00	280.35
28670400.0	257.00	104.00	59.00	291.35	3.80	83.00	0.47	101000.00	279.85
28674000.0	727.00	352.00	78.00	294.85	3.80	73.00	0.36	101000.00	279.15
28677600.0	844.00	578.00	97.00	298.75	3.00	46.00	0.27	101000.00	278.35
28681200.0	905.00	779.00	113.00	300.85	2.40	24.00	0.22	101000.00	277.45
28684800.0	929.00	936.00	132.00	304.95	2.10	306.00	0.17	100900.00	276.95
28688400.0	956.00	1042.00	136.00	306.85	2.70	275.00	0.16	100800.00	277.45
28692000.0	964.00	1081.00	136.00	308.05	3.20	261.00	0.15	100700.00	278.05
28695600.0	973.00	1059.00	124.00	308.75	3.60	252.00	0.15	100600.00	278.25
28699200.0	956.00	967.00	119.00	309.05	3.80	245.00	0.15	100500.00	278.35
28702800.0	916.00	816.00	113.00	308.95	4.00	241.00	0.15	100400.00	278.35
28706400.0	274.00	442.00	275.00	308.05	4.20	244.00	0.16	100400.00	278.45
28710000.0	694.00	390.00	97.00	306.55	4.10	258.00	0.18	100400.00	278.95
28713600.0	469.00	170.00	67.00	304.25	2.90	278.00	0.21	100400.00	279.55
28717200.0	51.00	12.00	11.00	301.45	1.50	290.00	0.26	100400.00	280.45
28720800.0	0.00	0.00	0.00	299.75	1.10	299.00	0.30	100500.00	280.95
28724400.0	0.00	0.00	0.00	299.25	0.90	301.00	0.31	100400.00	281.15
28728000.0	0.00	0.00	0.00	299.05	0.50	244.00	0.32	100400.00	281.25
28731600.0	0.00	0.00	0.00	298.05	0.70	138.00	0.34	100300.00	281.05
28735200.0	0.00	0.00	0.00	296.75	1.30	74.00	0.36	100300.00	280.95
28738800.0	0.00	0.00	0.00	296.55	2.00	57.00	0.36	100200.00	280.55
28742400.0	0.00	0.00	0.00	297.35	3.40	46.00	0.33	100100.00	280.05
28746000.0	0.00	0.00	0.00	297.85	4.70	37.00	0.31	100100.00	279.45
28749600.0	0.00	0.00	0.00	297.75	5.20	29.00	0.30	100100.00	278.95
28753200.0	0.00	0.00	0.00	297.75	5.10	19.00	0.28	100100.00	278.15
28756800.0	81.00	79.00	65.00	298.45	4.80	186.00	0.26	100100.00	277.45
28760400.0	382.00	304.00	160.00	300.25	4.70	354.00	0.23	100200.00	277.55
28764000.0	560.00	520.00	201.00	302.95	5.50	347.00	0.20	100200.00	277.85
28767600.0	526.00	655.00	268.00	304.55	6.20	345.00	0.19	100200.00	278.15
28771200.0	856.00	906.00	165.00	309.25	9.30	336.00	0.15	100000.00	278.25
28774800.0	848.00	1001.00	196.00	311.35	10.10	327.00	0.15	100000.00	279.95
28778400.0	828.00	1032.00	219.00	312.35	9.90	322.00	0.16	99900.00	281.85
28782000.0	797.00	998.00	232.00	312.45	9.20	317.00	0.16	99800.00	282.45
28785600.0	310.00	719.00	444.00	312.05	8.30	310.00	0.17	99700.00	282.35
28789200.0	677.00	754.00	233.00	311.25	7.10	293.00	0.17	99700.00	282.35
28792800.0	659.00	578.00	176.00	309.45	6.70	255.00	0.19	99700.00	282.65
28796400.0	561.00	370.00	132.00	306.05	7.50	216.00	0.24	99900.00	283.15
28800000.0	392.00	164.00	77.00	301.75	7.80	198.00	0.32	100000.00	283.45
28803600.0	24.00	12.00	11.00	297.75	7.30	194.00	0.41	100200.00	283.65
28807200.0	0.00	0.00	0.00	295.15	7.00	195.00	0.48	100400.00	283.85
28810800.0	0.00	0.00	0.00	293.55	6.80	195.00	0.54	100500.00	283.95
28814400.0	0.00	0.00	0.00	292.25	6.40	194.00	0.58	100500.00	283.95
28818000.0	0.00	0.00	0.00	291.05	5.60	195.00	0.63	100500.00	284.05
28821600.0	0.00	0.00	0.00	290.15	4.90	199.00	0.67	100500.00	284.15
28825200.0	0.00	0.00	0.00	289.55	4.50	206.00	0.69	100500.00	283.95
28828800.0	0.00	0.00	0.00	289.15	4.60	212.00	0.69	100600.00	283.65
28832400.0	0.00	0.00	0.00	288.75	4.60	217.00	0.68	100600.00	282.95
28836000.0	0.00	0.00	0.00	288.25	4.50	221.00	0.67	100700.00	282.25
28839600.0	0.00	0.00	0.00	288.15	4.70	224.00	0.64	100800.00	281.55
28843200.0	466.00	136.00	54.00	288.85	5.20	227.00	0.59	100900.00	280.85
28846800.0	739.00	361.00	82.00	290.35	5.60	229.00	0.52	101000.00	280.45
28850400.0	874.00	593.00	95.00	292.35	5.70	231.00	0.44	101000.00	280.05
28854000.0	946.00	800.00	105.00	293.55	5.70	232.00	0.40	101000.00	279.55
28857600.0	5.00	176.00	172.00	298.65	4.40	213.00	0.48	99900.00	286.95
28861200.0	7.00	190.00	183.00	299.75	4.60	215.00	0.44	99900.00	286.65
28864800.0	7.00	187.00	180.00	300.75	4.90	220.00	0.41	99800.00	286.35
28868400.0	1.00	125.00	124.00	300.35	5.20	224.00	0.41	99800.00	286.05
28872000.0	3.00	157.00	154.00	298.95	5.50	224.00	0.44	99800.00	285.85
28875600.0	11.00	208.00	200.00	297.45	5.70	221.00	0.47	99800.00	285.65
28879200.0	0.00	101.00	101.00	296.15	5.80	218.00	0.51	99900.00	285.45
28882800.0	60.00	108.00	82.00	294.75	6.00	218.00	0.55	99900.00	285.35
28886400.0	0.00	12.00	12.00	293.15	6.30	218.00	0.60	100000.00	285.25
28890000.0	0.00	2.00	2.00	291.65	6.60	218.00	0.65	100100.00	285.05
28893600.0	0.00	0.00	0.00	290.55	6.90	218.00	0.68	100100.00	284.75
28897200.0	0.00	0.00	0.00	289.65	7.20	218.00	0.70	100200.00	284.25
28900800.0	0.00	0.00	0.00	289.05	7.40	217.00	0.70	100200.00	283.55
28904400.0	0.00	0.00	0.00	288.45	7.50	215.00	0.70	100200.00	283.05
28908000.0	0.00	0.00	0.00	287.85	7.50	211.00	0.70	100200.00	282.55
28911600.0	0.00	0.00	0.00	287.55	7.40	207.00	0.69	100200.00	282.05
28915200.0	0.00	0.00	0.00	287.25	7.00	203.00	0.69	100200.00	281.85
28918800.0	0.00	0.00	0.00	287.15	6.60	203.00	0.69	100200.00	281.75
28922400.0	0.00	0.00	0.00	287.05	6.20	205.00	0.69	100200.00	281.65
28926000.0	0.00	0.00	0.00	287.15	6.30	206.00	0.69	100300.00	281.65
28929600.0	89.00	38.00	22.00	287.95	6.80	204.00	0.65	100400.00	281.45
28933200.0	161.00	138.00	77.00	289.25	7.30	202.00	0.58	100500.00	280.95
28936800.0	65.00	126.00	89.00	290.85	7.50	201.00	0.50	100500.00	280.55
28940400.0	228.00	409.00	241.00	291.75	7.60	202.00	0.46	100600.00	280.15
28944000.0	459.00	704.00	307.00	294.25	7.90	202.00	0.39	100500.00	279.75
28947600.0	49.00	344.00	297.00	295.65	8.10	203.00	0.34	100500.00	279.25
28951200.0	398.00	840.00	449.00	296.65	8.20	204.00	0.31	100400.00	278.65
28954800.0	847.00	1027.00	211.00	297.05	8.30	205.00	0.29	100400.00	278.15
28958400.0	799.00	932.00	220.00	296.85	8.20	205.00	0.29	100400.00	277.95
28962000.0	878.00	819.00	140.00	296.35	8.00	203.00	0.30	100400.00	277.95
28965600.0	886.00	647.00	102.00	295.45	7.80	202.00	0.32	100400.00	278.05
28969200.0	763.00	418.00	90.00	294.05	7.40	200.00	0.36	100500.00	278.45
28972800.0	531.00	190.00	68.00	292.35	6.70	198.00	0.41	100500.00	278.85
28976400.0	67.00	18.00	16.00	290.95	6.00	196.00	0.47	100600.00	279.45
28980000.0	0.00	0.00	0.00	289.95	5.50	195.00	0.52	100700.00	280.05
28983600.0	0.00	0.00	0.00	289.25	5.00	192.00	0.56	100700.00	280.55
28987200.0	0.00	0.00	0.00	288.65	4.60	188.00	0.60	100700.00	280.95
28990800.0	0.00	0.00	0.00	288.25	4.30	183.00	0.62	100700.00	281.15
28994400.0	0.00	0.00	0.00	287.95	4.20	180.00	0.63	100700.00	281.15
28998000.0	0.00	0.00	0.00	287.75	4.10	179.00	0.64	100700.00	281.15
29001600.0	0.00	0.00	0.00	287.65	3.90	181.00	0.64	100700.00	280.95
29005200.0	0.00	0.00	0.00	287.35	3.80	181.00	0.65	100700.00	280.85
29008800.0	0.00	0.00	0.00	287.15	3.60	181.00	0.65	100700.00	280.75
29012400.0	0.00	0.00	0.00	287.25	3.90	182.00	0.64	100700.00	280.65
29016000.0	92.00	49.00	33.00	288.25	4.70	183.00	0.59	100800.00	280.45
29019600.0	176.00	190.00	124.00	289.55	5.30	185.00	0.52	100800.00	279.65
29023200.0	514.00	428.00	136.00	290.85	5.50	189.00	0.44	100900.00	278.65
29026800.0	288.00	551.00	339.00	291.45	5.50	191.00	0.42	100900.00	278.35
29030400.0	99.00	432.00	346.00	293.65	5.80	196.00	0.36	100800.00	278.05
29034000.0	340.00	671.00	348.00	295.05	6.00	197.00	0.32	100700.00	277.75
29037600.0	113.00	579.00	468.00	295.85	6.30	199.00	0.30	100700.00	277.65
29041200.0	395.00	821.00	440.00	296.25	6.50	199.00	0.29	100600.00	277.25
29044800.0	912.00	971.00	157.00	296.25	6.70	199.00	0.28	100600.00	276.95
29048400.0	862.00	814.00	146.00	295.85	6.80	198.00	0.29	100500.00	276.85
29052000.0	829.00	628.00	116.00	294.95	6.90	196.00	0.30	100500.00	276.95
29055600.0	798.00	426.00	81.00	293.75	6.70	193.00	0.34	100600.00	277.25
29059200.0	490.00	181.00	67.00	292.15	6.30	191.00	0.38	100700.00	277.75
29062800.0	61.00	15.00	13.00	290.65	5.50	190.00	0.44	100700.00	278.35
29066400.0	0.00	0.00	0.00	289.65	5.00	188.00	0.49	100800.00	279.15
29070000.0	0.00	0.00	0.00	288.85	4.50	185.00	0.55	100800.00	279.85
29073600.0	0.00	0.00	0.00	288.15	4.00	182.00	0.59	100800.00	280.45
29077200.0	0.00	0.00	0.00	287.35	3.40	178.00	0.65	100800.00	280.85
29080800.0	0.00	0.00	0.00	286.65	2.80	175.00	0.69	100800.00	281.15
29084400.0	0.00	0.00	0.00	286.05	2.50	171.00	0.73	100700.00	281.35
29088000.0	0.00	0.00	0.00	285.55	2.30	169.00	0.76	100700.00	281.55
29091600.0	0.00	0.00	0.00	285.15	2.20	167.00	0.78	100700.00	281.55
29095200.0	0.00	0.00	0.00	284.85	2.10	165.00	0.80	100800.00	281.65
29098800.0	0.00	0.00	0.00	285.25	2.70	164.00	0.79	100800.00	281.75
29102400.0	294.00	108.00	57.00	287.15	4.00	163.00	0.69	100800.00	281.75
29106000.0	403.00	275.00	123.00	289.35	4.80	163.00	0.58	100800.00	281.25
29109600.0	485.00	473.00	197.00	291.35	4.90	163.00	0.48	100800.00	280.35
29113200.0	682.00	708.00	207.00	292.45	4.90	164.00	0.44	100800.00	279.85
29116800.0	758.00	879.00	224.00	295.35	4.80	172.00	0.35	100700.00	279.45
29120400.0	316.00	731.00	431.00	296.95	4.80	179.00	0.31	100700.00	279.05
29124000.0	649.00	952.00	314.00	298.15	5.00	186.00	0.28	100600.00	278.65
29127600.0	271.00	678.00	417.00	298.85	5.20	191.00	0.27	100500.00	278.25
29131200.0	920.00	974.00	152.00	299.05	5.40	194.00	0.26	100400.00	278.15
29134800.0	161.00	438.00	313.00	298.75	5.50	195.00	0.26	100400.00	278.05
29138400.0	853.00	638.00	110.00	297.95	5.60	195.00	0.28	100300.00	278.15
29142000.0	791.00	426.00	82.00	296.65	5.60	195.00	0.30	100300.00	278.35
29145600.0	586.00	198.00	61.00	294.85	5.40	196.00	0.35	100400.00	278.75
29149200.0	113.00	21.00	17.00	292.85	5.00	198.00	0.41	100400.00	279.25
29152800.0	0.00	0.00	0.00	291.45	4.70	195.00	0.47	100500.00	280.05
29156400.0	0.00	0.00	0.00	290.45	4.40	189.00	0.52	100500.00	280.55
29160000.0	0.00	0.00	0.00	289.55	4.00	180.00	0.56	100500.00	280.95
29163600.0	0.00	0.00	0.00	288.75	3.60	169.00	0.60	100400.00	281.15
29167200.0	0.00	0.00	0.00	287.95	3.10	158.00	0.64	100400.00	281.15
29170800.0	0.00	0.00	0.00	287.25	2.60	148.00	0.65	100300.00	280.95
29174400.0	0.00	0.00	0.00	286.65	2.30	141.00	0.66	100300.00	280.55
29178000.0	0.00	0.00	0.00	286.15	1.90	138.00	0.67	100300.00	280.15
29181600.0	0.00	0.00	0.00	285.65	1.60	135.00	0.68	100400.00	280.05
29185200.0	0.00	0.00	0.00	286.05	2.10	133.00	0.66	100400.00	279.95
29188800.0	510.00	139.00	50.00	288.05	2.70	138.00	0.58	100500.00	279.95
29192400.0	734.00	353.00	76.00	290.85	2.50	165.00	0.48	100500.00	279.75
29196000.0	825.00	568.00	100.00	293.35	2.20	203.00	0.40	100500.00	279.25
29199600.0	346.00	585.00	331.00	294.45	2.30	219.00	0.36	100500.00	279.05
29203200.0	657.00	857.00	289.00	297.05	3.10	230.00	0.30	100400.00	278.75
29206800.0	1006.00	1070.00	115.00	298.25	3.50	229.00	0.28	100300.00	278.35
29210400.0	396.00	863.00	473.00	298.55	3.80	226.00	0.26	100200.00	277.75
29214000.0	501.00	907.00	423.00	297.85	4.00	222.00	0.26	100100.00	277.35
29217600.0	508.00	824.00	369.00	297.15	4.10	218.00	0.28	100000.00	277.35
29221200.0	694.00	762.00	222.00	296.55	4.10	216.00	0.29	100000.00	277.65
29224800.0	627.00	563.00	173.00	295.75	4.00	213.00	0.31	100000.00	277.95
29228400.0	538.00	365.00	130.00	294.75	3.70	208.00	0.34	100000.00	278.45
29232000.0	336.00	158.00	78.00	293.55	3.20	202.00	0.38	100000.00	278.95
29235600.0	16.00	14.00	13.00	292.05	2.30	198.00	0.44	100000.00	279.55
29239200.0	0.00	0.00	0.00	290.55	1.60	191.00	0.50	100100.00	280.25
29242800.0	0.00	0.00	0.00	289.65	1.50	178.00	0.56	100100.00	280.85
29246400.0	0.00	0.00	0.00	289.15	1.40	162.00	0.59	100000.00	281.25
29250000.0	0.00	0.00	0.00	288.65	1.40	146.00	0.62	100000.00	281.55
29253600.0	0.00	0.00	0.00	288.25	1.40	133.00	0.65	99900.00	281.75
29257200.0	0.00	0.00	0.00	287.65	1.40	122.00	0.68	99800.00	281.95
29260800.0	0.00	0.00	0.00	287.05	1.30	109.00	0.71	99700.00	282.05
29264400.0	0.00	0.00	0.00	286.65	1.30	96.00	0.73	99700.00	281.95
29268000.0	0.00	0.00	0.00	286.45	1.30	82.00	0.73	99700.00	281.85
29271600.0	0.00	0.00	0.00	287.65	1.80	68.00	0.67	99700.00	281.65
29275200.0	294.00	111.00	60.00	290.35	2.60	54.00	0.55	99800.00	281.45
29278800.0	737.00	353.00	75.00	294.25	2.90	196.00	0.41	99800.00	280.75
29282400.0	863.00	580.00	90.00	297.95	3.20	330.00	0.27	99800.00	277.75
29286000.0	933.00	785.00	101.00	299.45	3.50	316.00	0.23	99800.00	276.65
29289600.0	984.00	953.00	103.00	302.55	4.40	296.00	0.19	99700.00	276.25
29293200.0	1005.00	1061.00	107.00	304.05	4.80	286.00	0.17	99600.00	275.95
29296800.0	1016.00	1109.00	109.00	305.25	5.00	278.00	0.15	99500.00	275.75
29300400.0	1013.00	1086.00	107.00	306.15	5.00	270.00	0.15	99400.00	275.85
29304000.0	996.00	998.00	105.00	306.65	5.10	261.00	0.14	99300.00	275.95
29307600.0	371.00	431.00	142.00	306.55	5.20	250.00	0.15	99300.00	276.05
29311200.0	901.00	655.00	93.00	305.95	5.40	237.00	0.15	99200.00	275.95
29314800.0	802.00	431.00	79.00	304.45	5.60	221.00	0.16	99300.00	276.05
29318400.0	614.00	204.00	57.00	301.85	5.40	204.00	0.20	99400.00	276.45
29322000.0	147.00	23.00	17.00	298.55	4.60	191.00	0.26	99500.00	277.55
29325600.0	0.00	0.00	0.00	295.95	4.00	184.00	0.33	99600.00	278.95
29329200.0	0.00	0.00	0.00	294.35	3.70	179.00	0.40	99600.00	280.15
29332800.0	0.00	0.00	0.00	293.05	3.30	173.00	0.46	99700.00	281.15
29336400.0	0.00	0.00	0.00	291.95	2.90	162.00	0.51	99700.00	281.65
29340000.0	0.00	0.00	0.00	291.15	2.50	145.00	0.53	99600.00	281.65
29343600.0	0.00	0.00	0.00	290.75	2.20	126.00	0.53	99500.00	281.25
29347200.0	0.00	0.00	0.00	290.45	2.20	107.00	0.52	99500.00	280.65
29350800.0	0.00	0.00	0.00	290.45	2.30	95.00	0.50	99500.00	280.15
29354400.0	0.00	0.00	0.00	290.35	2.00	95.00	0.49	99500.00	279.75
29358000.0	0.00	0.00	0.00	290.75	1.90	108.00	0.47	99600.00	279.45
29361600.0	63.00	33.00	22.00	292.35	2.10	114.00	0.42	99700.00	279.25
29365200.0	311.00	196.00	79.00	294.85	2.60	174.00	0.35	99700.00	278.85
29368800.0	134.00	248.00	172.00	296.45	4.60	225.00	0.33	99800.00	279.25
29372400.0	79.00	336.00	278.00	296.65	6.00	213.00	0.36	99800.00	280.75
29376000.0	137.00	489.00	371.00	295.75	7.10	199.00	0.42	99900.00	282.25
29379600.0	19.00	289.00	271.00	295.45	6.90	200.00	0.44	99900.00	282.85
29383200.0	558.00	946.00	397.00	295.85	6.10	200.00	0.44	99900.00	282.95
29386800.0	152.00	520.00	373.00	296.95	5.40	204.00	0.40	99900.00	282.75
29390400.0	777.00	925.00	228.00	297.95	5.70	210.00	0.37	99800.00	282.55
29394000.0	862.00	819.00	146.00	297.65	6.80	210.00	0.38	99800.00	282.45
29397600.0	432.00	494.00	224.00	295.95	7.50	205.00	0.43	99900.00	282.75
29401200.0	523.00	354.00	123.00	294.05	7.50	200.00	0.48	100000.00	282.85
29404800.0	461.00	186.00	75.00	292.25	7.10	197.00	0.52	100100.00	282.35
29408400.0	91.00	23.00	19.00	290.65	6.60	196.00	0.55	100200.00	281.55
29412000.0	0.00	0.00	0.00	289.45	6.20	195.00	0.57	100300.00	280.95
29415600.0	0.00	0.00	0.00	288.55	5.60	194.00	0.58	100400.00	280.45
29419200.0	0.00	0.00	0.00	287.85	5.00	192.00	0.59	100400.00	280.05
29422800.0	0.00	0.00	0.00	287.15	4.60	188.00	0.61	100500.00	279.85
29426400.0	0.00	0.00	0.00	286.55	4.30	182.00	0.62	100500.00	279.65
29430000.0	0.00	0.00	0.00	285.95	3.90	177.00	0.64	100500.00	279.45
29433600.0	0.00	0.00	0.00	285.35	3.40	173.00	0.67	100500.00	279.45
29437200.0	0.00	0.00	0.00	284.95	3.10	170.00	0.68	100500.00	279.45
29440800.0	0.00	0.00	0.00	284.75	3.00	167.00	0.69	100600.00	279.45
29444400.0	0.00	0.00	0.00	285.15	3.40	165.00	0.67	100700.00	279.35
29448000.0	512.00	139.00	50.00	286.85	4.40	166.00	0.60	100800.00	279.25
29451600.0	765.00	363.00	76.00	289.15	4.90	169.00	0.49	100800.00	278.45
29455200.0	889.00	595.00	92.00	291.15	4.70	172.00	0.41	100900.00	277.75
29458800.0	957.00	803.00	102.00	292.25	4.50	174.00	0.37	100900.00	277.15
29462400.0	874.00	922.00	168.00	295.25	4.30	184.00	0.29	100900.00	276.45
29466000.0	1028.00	1081.00	105.00	296.95	4.40	191.00	0.25	100900.00	275.75
29469600.0	1035.00	1125.00	106.00	298.15	4.80	196.00	0.22	100800.00	275.15
29473200.0	1034.00	1103.00	103.00	298.75	5.20	199.00	0.21	100800.00	274.75
29476800.0	1018.00	1014.00	99.00	298.75	5.40	200.00	0.20	100700.00	274.55
29480400.0	982.00	864.00	96.00	298.35	5.40	200.00	0.21	100700.00	274.65
29484000.0	921.00	667.00	90.00	297.35	5.40	199.00	0.23	100700.00	274.75
29487600.0	829.00	444.00	77.00	295.95	5.40	196.00	0.25	100700.00	275.05
29491200.0	651.00	214.00	55.00	294.05	5.10	193.00	0.29	100800.00	275.45
29494800.0	177.00	26.00	18.00	292.05	4.40	193.00	0.35	100900.00	276.15
29498400.0	0.00	0.00	0.00	290.55	3.80	191.00	0.41	101000.00	277.25
29502000.0	0.00	0.00	0.00	289.55	3.50	182.00	0.47	101000.00	278.45
29505600.0	0.00	0.00	0.00	288.75	3.50	171.00	0.53	101000.00	279.15
29509200.0	0.00	0.00	0.00	288.05	3.40	160.00	0.56	101000.00	279.55
29512800.0	0.00	0.00	0.00	287.35	3.20	148.00	0.59	101000.00	279.55
29516400.0	0.00	0.00	0.00	286.75	2.90	136.00	0.61	101000.00	279.45
29520000.0	0.00	0.00	0.00	286.15	2.70	124.00	0.63	101000.00	279.25
29523600.0	0.00	0.00	0.00	285.75	2.70	114.00	0.63	101000.00	279.05
29527200.0	0.00	0.00	0.00	285.35	2.60	105.00	0.64	101000.00	278.85
29530800.0	0.00	0.00	0.00	285.95	3.00	98.00	0.61	101100.00	278.65
29534400.0	550.00	140.00	45.00	288.35	3.50	96.00	0.51	101200.00	278.45
29538000.0	790.00	363.00	67.00	292.05	2.80	95.00	0.39	101300.00	278.05
29541600.0	904.00	591.00	80.00	295.45	1.40	127.00	0.29	101300.00	276.55
29545200.0	967.00	798.00	90.00	296.85	0.70	160.00	0.25	101300.00	275.55
29548800.0	1008.00	964.00	94.00	300.15	1.40	210.00	0.20	101300.00	275.05
29552400.0	1029.00	1076.00	99.00	301.95	1.90	210.00	0.17	101200.00	274.85
29556000.0	1039.00	1122.00	99.00	303.35	2.50	209.00	0.16	101100.00	274.55
29559600.0	1037.00	1102.00	98.00	304.25	3.00	206.00	0.15	101000.00	274.35
29563200.0	1021.00	1014.00	96.00	304.75	3.40	204.00	0.14	101000.00	274.35
29566800.0	989.00	867.00	92.00	304.65	3.80	200.00	0.14	100900.00	274.35
29570400.0	934.00	672.00	85.00	303.95	4.10	197.00	0.15	100900.00	274.55
29574000.0	841.00	448.00	74.00	302.65	4.40	194.00	0.17	100900.00	274.85
29577600.0	662.00	218.00	55.00	300.45	4.30	193.00	0.20	100900.00	275.45
29581200.0	187.00	27.00	18.00	297.65	4.10	191.00	0.25	101000.00	276.55
29584800.0	0.00	0.00	0.00	295.55	3.80	182.00	0.32	101000.00	278.25
29588400.0	0.00	0.00	0.00	294.35	3.30	168.00	0.38	101100.00	279.45
29592000.0	0.00	0.00	0.00	293.35	2.90	152.00	0.42	101100.00	280.15
29595600.0	0.00	0.00	0.00	292.45	2.70	135.00	0.45	101000.00	280.25
29599200.0	0.00	0.00	0.00	291.85	2.80	117.00	0.45	101000.00	279.95
29602800.0	0.00	0.00	0.00	291.25	3.20	103.00	0.46	101000.00	279.45
29606400.0	0.00	0.00	0.00	290.75	3.40	94.00	0.47	101000.00	279.25
29610000.0	0.00	0.00	0.00	290.05	3.60	89.00	0.49	101000.00	279.35
29613600.0	0.00	0.00	0.00	289.45	3.70	86.00	0.52	101100.00	279.75
29617200.0	0.00	0.00	0.00	289.65	4.00	83.00	0.53	101100.00	280.25
29620800.0	565.00	141.00	44.00	291.95	4.30	79.00	0.47	101200.00	280.55
29624400.0	800.00	363.00	64.00	296.05	4.20	70.00	0.36	101200.00	280.45
29628000.0	911.00	592.00	78.00	300.05	3.30	61.00	0.26	101300.00	279.15
29631600.0	972.00	798.00	87.00	301.65	2.60	58.00	0.22	101200.00	277.95
29635200.0	1005.00	963.00	96.00	304.75	1.00	105.00	0.17	101200.00	277.05
29638800.0	1025.00	1073.00	100.00	306.45	0.90	162.00	0.15	101100.00	276.35
29642400.0	1034.00	1121.00	102.00	307.75	1.50	194.00	0.13	101000.00	275.65
29646000.0	1030.00	1100.00	102.00	308.65	2.30	203.00	0.12	100900.00	275.15
29649600.0	1014.00	1013.00	100.00	309.05	3.10	204.00	0.12	100800.00	274.75
29653200.0	979.00	865.00	96.00	308.75	3.80	203.00	0.12	100800.00	274.55
29656800.0	916.00	669.00	91.00	307.85	4.40	200.00	0.12	100800.00	274.55
29660400.0	820.00	446.00	79.00	306.45	4.70	196.00	0.13	100800.00	274.55
29664000.0	404.00	179.00	79.00	304.25	4.30	192.00	0.15	100800.00	274.75
29667600.0	200.00	32.00	22.00	301.45	3.60	186.00	0.18	100900.00	275.05
29671200.0	0.00	0.00	0.00	299.35	3.30	174.00	0.21	100900.00	275.45
29674800.0	0.00	0.00	0.00	298.25	3.20	158.00	0.24	101000.00	276.15
29678400.0	0.00	0.00	0.00	297.05	3.00	141.00	0.27	101000.00	276.95
29682000.0	0.00	0.00	0.00	295.95	2.90	125.00	0.30	100900.00	277.55
29685600.0	0.00	0.00	0.00	295.15	3.00	110.00	0.32	100900.00	277.75
29689200.0	0.00	0.00	0.00	294.45	3.30	101.00	0.33	100800.00	277.75
29692800.0	0.00	0.00	0.00	293.65	3.40	95.00	0.35	100800.00	277.75
29696400.0	0.00	0.00	0.00	292.75	3.50	91.00	0.38	100800.00	277.95
29700000.0	0.00	0.00	0.00	291.95	3.60	88.00	0.40	100900.00	278.35
29703600.0	0.00	0.00	0.00	292.25	3.90	85.00	0.40	100900.00	278.55
29707200.0	526.00	137.00	47.00	294.45	4.20	83.00	0.35	101000.00	278.55
29710800.0	775.00	359.00	70.00	298.45	4.10	76.00	0.27	101000.00	278.15
29714400.0	893.00	589.00	86.00	302.65	2.90	66.00	0.19	101000.00	276.95
29718000.0	959.00	796.00	95.00	304.55	2.00	61.00	0.16	101000.00	275.65
29721600.0	1004.00	966.00	101.00	307.45	0.90	161.00	0.13	100900.00	275.05
29725200.0	1024.00	1077.00	105.00	309.05	1.20	193.00	0.11	100800.00	274.55
29728800.0	1035.00	1125.00	105.00	310.15	1.70	199.00	0.10	100700.00	274.05
29732400.0	1037.00	1106.00	101.00	310.95	2.20	200.00	0.10	100600.00	273.65
29736000.0	1022.00	1019.00	98.00	311.25	2.70	201.00	0.09	100500.00	273.45
29739600.0	992.00	873.00	93.00	310.95	3.20	200.00	0.09	100500.00	273.35
29743200.0	936.00	677.00	85.00	310.15	3.60	199.00	0.10	100400.00	273.45
29746800.0	845.00	453.00	73.00	308.85	3.90	197.00	0.11	100400.00	273.55
29750400.0	670.00	223.00	55.00	306.45	3.60	194.00	0.12	100500.00	273.75
29754000.0	244.00	34.00	21.00	303.15	2.80	188.00	0.15	100600.00	274.15
29757600.0	0.00	0.00	0.00	300.85	2.50	175.00	0.18	100600.00	274.45
29761200.0	0.00	0.00	0.00	299.45	2.40	152.00	0.20	100600.00	274.75
29764800.0	0.00	0.00	0.00	298.35	2.30	126.00	0.21	100600.00	274.85
29768400.0	0.00	0.00	0.00	297.45	2.30	100.00	0.22	100500.00	274.65
29772000.0	0.00	0.00	0.00	296.85	2.60	82.00	0.22	100500.00	273.95
29775600.0	0.00	0.00	0.00	296.25	2.90	73.00	0.22	100400.00	273.25
29779200.0	0.00	0.00	0.00	295.35	2.90	71.00	0.22	100400.00	272.85
29782800.0	0.00	0.00	0.00	294.35	2.70	70.00	0.24	100400.00	272.75
29786400.0	0.00	0.00	0.00	293.75	2.50	68.00	0.25	100500.00	272.95
29790000.0	0.00	0.00	0.00	294.65	3.10	63.00	0.24	100500.00	273.25
29793600.0	571.00	141.00	43.00	297.65	3.90	58.00	0.21	100600.00	273.65
29797200.0	807.00	366.00	66.00	301.75	4.20	48.00	0.17	100600.00	274.25
29800800.0	920.00	597.00	79.00	305.65	4.20	35.00	0.13	100600.00	274.35
29804400.0	982.00	805.00	88.00	307.35	4.00	30.00	0.12	100600.00	273.55
29808000.0	1003.00	969.00	105.00	310.25	2.80	19.00	0.10	100500.00	273.15
29811600.0	1022.00	1081.00	112.00	311.75	2.30	10.00	0.09	100400.00	272.75
29815200.0	1030.00	1128.00	113.00	312.75	1.90	179.00	0.08	100200.00	272.25
29818800.0	1027.00	1108.00	112.00	313.45	1.80	349.00	0.07	100100.00	271.85
29822400.0	1010.00	1020.00	109.00	313.65	1.70	343.00	0.07	100000.00	271.45
29826000.0	974.00	872.00	105.00	313.45	1.70	340.00	0.07	99900.00	271.05
29829600.0	912.00	677.00	99.00	312.85	1.80	338.00	0.07	99900.00	270.75
29833200.0	816.00	453.00	85.00	311.75	1.80	338.00	0.07	99900.00	270.45
29836800.0	632.00	222.00	62.00	309.25	1.40	336.00	0.08	99900.00	270.35
29840400.0	194.00	33.00	23.00	306.25	1.00	336.00	0.10	99900.00	271.05
29844000.0	0.00	0.00	0.00	304.45	1.10	345.00	0.11	100000.00	270.85
29847600.0	0.00	0.00	0.00	302.95	1.20	356.00	0.12	100000.00	270.65
29851200.0	0.00	0.00	0.00	301.25	1.40	182.00	0.13	100000.00	270.45
29854800.0	0.00	0.00	0.00	299.85	1.60	6.00	0.14	99900.00	270.25
29858400.0	0.00	0.00	0.00	298.95	1.90	13.00	0.15	99900.00	270.25
29862000.0	0.00	0.00	0.00	298.65	2.50	22.00	0.15	99800.00	270.65
29865600.0	0.00	0.00	0.00	298.75	3.30	27.00	0.16	99700.00	271.55
29869200.0	0.00	0.00	0.00	298.65	4.00	26.00	0.18	99700.00	272.65
29872800.0	0.00	0.00	0.00	298.45	4.20	22.00	0.19	99700.00	273.35
29876400.0	0.00	0.00	0.00	299.05	4.70	17.00	0.19	99800.00	273.65
29880000.0	478.00	130.00	49.00	301.55	5.30	12.00	0.17	99800.00	273.95
29883600.0	719.00	345.00	78.00	305.75	5.90	181.00	0.14	99800.00	274.45
29887200.0	821.00	564.00	103.00	310.05	6.60	347.00	0.11	99800.00	275.35
29890800.0	722.00	713.00	187.00	311.85	7.10	342.00	0.11	99700.00	275.85
29894400.0	562.00	767.00	283.00	314.35	7.10	334.00	0.09	99600.00	275.55
29898000.0	523.00	902.00	406.00	315.65	7.20	327.00	0.08	99500.00	275.05
29901600.0	225.00	734.00	512.00	316.35	7.40	320.00	0.08	99400.00	274.55
29905200.0	57.00	478.00	423.00	316.55	7.50	314.00	0.07	99300.00	274.25
29908800.0	105.00	532.00	437.00	316.35	7.60	309.00	0.08	99300.00	274.25
29912400.0	7.00	192.00	186.00	315.75	7.50	303.00	0.08	99200.00	274.45
29916000.0	167.00	404.00	298.00	314.65	7.20	293.00	0.08	99200.00	274.65
29919600.0	123.00	246.00	190.00	312.75	7.00	272.00	0.10	99300.00	275.05
29923200.0	0.00	11.00	11.00	308.85	7.60	235.00	0.14	99400.00	277.55
29926800.0	0.00	4.00	4.00	304.55	7.50	209.00	0.26	99600.00	283.05
29930400.0	0.00	0.00	0.00	302.05	6.10	199.00	0.38	99700.00	286.35
29934000.0	0.00	0.00	0.00	300.85	4.90	189.00	0.43	99700.00	287.35
29937600.0	0.00	0.00	0.00	299.75	4.40	181.00	0.48	99700.00	287.85
29941200.0	0.00	0.00	0.00	298.85	4.50	182.00	0.51	99800.00	288.15
29944800.0	0.00	0.00	0.00	297.75	4.80	185.00	0.55	99800.00	288.25
29948400.0	0.00	0.00	0.00	296.55	4.90	188.00	0.59	99700.00	288.25
29952000.0	0.00	0.00	0.00	295.45	4.80	190.00	0.63	99700.00	288.15
29955600.0	0.00	0.00	0.00	294.55	4.70	187.00	0.66	99700.00	288.05
29959200.0	0.00	0.00	0.00	293.95	4.40	185.00	0.69	99800.00	288.05
29962800.0	0.00	0.00	0.00	293.75	4.00	194.00	0.70	99900.00	288.15
29966400.0	0.00	18.00	18.00	294.25	4.00	205.00	0.68	100000.00	288.15
29970000.0	0.00	42.00	42.00	295.25	4.40	203.00	0.64	100100.00	288.25
29973600.0	0.00	147.00	147.00	296.55	4.80	198.00	0.59	100100.00	288.15
29977200.0	1.00	153.00	152.00	297.15	4.90	196.00	0.56	100100.00	287.95
29980800.0	13.00	271.00	260.00	300.45	4.40	192.00	0.45	100100.00	287.75
29984400.0	26.00	379.00	354.00	302.85	4.10	199.00	0.38	100100.00	287.25
29988000.0	65.00	540.00	476.00	304.45	4.30	210.00	0.34	100000.00	286.65
29991600.0	225.00	732.00	514.00	305.05	4.90	216.00	0.32	99900.00	286.35
29995200.0	712.00	890.00	246.00	304.75	5.40	216.00	0.32	99900.00	286.25
29998800.0	872.00	825.00	136.00	303.85	5.60	211.00	0.34	99900.00	286.15
30002400.0	817.00	641.00	120.00	302.65	5.50	205.00	0.36	99900.00	285.95
30006000.0	722.00	429.00	100.00	301.25	5.30	199.00	0.38	100000.00	285.55
30009600.0	544.00	211.00	71.00	299.35	5.00	194.00	0.40	100000.00	284.95
30013200.0	154.00	34.00	25.00	297.25	4.60	189.00	0.44	100100.00	284.25
30016800.0	0.00	0.00	0.00	295.55	4.60	186.00	0.47	100100.00	283.75
30020400.0	0.00	0.00	0.00	294.15	4.70	183.00	0.51	100100.00	283.65
30024000.0	0.00	0.00	0.00	293.15	4.70	181.00	0.55	100200.00	283.85
30027600.0	0.00	0.00	0.00	292.35	4.60	180.00	0.59	100200.00	284.25
30031200.0	0.00	0.00	0.00	291.75	4.40	178.00	0.62	100200.00	284.55
30034800.0	0.00	0.00	0.00	291.25	4.00	174.00	0.65	100100.00	284.65
30038400.0	0.00	0.00	0.00	290.85	3.60	169.00	0.67	100100.00	284.75
30042000.0	0.00	0.00	0.00	290.55	3.20	162.00	0.68	100100.00	284.65
30045600.0	0.00	0.00	0.00	290.25	2.80	153.00	0.69	100200.00	284.65
30049200.0	0.00	0.00	0.00	290.65	2.90	139.00	0.67	100200.00	284.55
30052800.0	406.00	122.00	54.00	292.55	3.30	125.00	0.58	100300.00	284.25
30056400.0	675.00	334.00	85.00	295.55	2.80	107.00	0.47	100300.00	283.65
30060000.0	813.00	558.00	103.00	298.85	1.80	227.00	0.38	100300.00	283.55
30063600.0	892.00	764.00	115.00	300.45	1.40	358.00	0.36	100200.00	283.95
30067200.0	967.00	937.00	106.00	304.05	2.60	306.00	0.29	100200.00	284.05
30070800.0	989.00	1048.00	111.00	305.75	3.40	288.00	0.26	100100.00	283.75
30074400.0	1003.00	1100.00	111.00	306.85	3.90	272.00	0.24	100000.00	283.45
30078000.0	1009.00	1086.00	106.00	307.35	4.20	258.00	0.22	99900.00	282.85
30081600.0	996.00	1004.00	102.00	307.55	4.50	247.00	0.21	99900.00	282.15
30085200.0	961.00	862.00	101.00	307.25	4.50	239.00	0.20	99800.00	281.45
30088800.0	891.00	670.00	101.00	306.55	4.30	231.00	0.20	99800.00	280.65
30092400.0	799.00	450.00	85.00	305.55	4.10	221.00	0.20	99900.00	279.95
30096000.0	622.00	224.00	63.00	303.55	3.90	206.00	0.22	99900.00	279.45
30099600.0	203.00	38.00	26.00	300.55	4.30	195.00	0.27	100000.00	279.85
30103200.0	0.00	0.00	0.00	297.45	5.20	190.00	0.36	100100.00	281.55
30106800.0	0.00	0.00	0.00	295.25	5.70	187.00	0.46	100200.00	283.25
30110400.0	0.00	0.00	0.00	293.65	5.50	183.00	0.53	100300.00	283.85
30114000.0	0.00	0.00	0.00	292.75	4.90	180.00	0.56	100300.00	283.75
30117600.0	0.00	0.00	0.00	292.05	4.30	177.00	0.58	100200.00	283.65
30121200.0	0.00	0.00	0.00	291.35	3.90	172.00	0.60	100200.00	283.65
30124800.0	0.00	0.00	0.00	290.85	3.70	165.00	0.62	100200.00	283.65
30128400.0	0.00	0.00	0.00	290.35	3.40	157.00	0.64	100200.00	283.65
30132000.0	0.00	0.00	0.00	289.95	3.20	151.00	0.66	100300.00	283.65
30135600.0	0.00	0.00	0.00	290.15	3.40	145.00	0.65	100300.00	283.65
30139200.0	486.00	129.00	48.00	292.15	4.00	142.00	0.57	100400.00	283.45
30142800.0	746.00	349.00	75.00	295.25	3.90	144.00	0.45	100400.00	282.85
30146400.0	873.00	578.00	90.00	298.75	3.20	158.00	0.35	100400.00	282.25
30150000.0	941.00	786.00	103.00	300.55	2.80	168.00	0.29	100500.00	281.25
30153600.0	992.00	956.00	104.00	304.55	2.20	222.00	0.21	100400.00	279.85
30157200.0	1016.00	1072.00	110.00	306.45	2.10	244.00	0.18	100300.00	278.75
30160800.0	927.00	1094.00	180.00	307.95	2.30	252.00	0.15	100200.00	277.65
30164400.0	892.00	1061.00	194.00	308.75	2.90	250.00	0.14	100100.00	276.85
30168000.0	817.00	958.00	218.00	309.05	3.90	242.00	0.13	100100.00	276.35
30171600.0	271.00	606.00	391.00	308.65	4.70	232.00	0.13	100100.00	276.15
30175200.0	353.00	493.00	267.00	307.55	4.90	223.00	0.14	100100.00	276.45
30178800.0	442.00	363.00	160.00	305.75	4.80	212.00	0.16	100100.00	276.85
30182400.0	584.00	219.00	66.00	303.35	4.20	199.00	0.19	100200.00	277.65
30186000.0	212.00	40.00	27.00	300.35	3.20	182.00	0.25	100200.00	278.65
30189600.0	0.00	0.00	0.00	298.45	2.70	169.00	0.30	100200.00	279.85
30193200.0	0.00	0.00	0.00	297.75	2.90	164.00	0.34	100300.00	280.75
30196800.0	0.00	0.00	0.00	296.85	2.90	161.00	0.37	100300.00	281.55
30200400.0	0.00	0.00	0.00	295.65	2.60	154.00	0.42	100300.00	282.25
30204000.0	0.00	0.00	0.00	294.65	2.30	141.00	0.47	100200.00	282.85
30207600.0	0.00	0.00	0.00	293.95	2.20	122.00	0.49	100100.00	282.95
30211200.0	0.00	0.00	0.00	293.85	2.30	102.00	0.48	100000.00	282.45
30214800.0	0.00	0.00	0.00	294.05	2.80	87.00	0.44	100000.00	281.55
30218400.0	0.00	0.00	0.00	294.45	3.60	78.00	0.41	100000.00	280.65
30222000.0	0.00	0.00	0.00	295.55	4.30	72.00	0.37	100000.00	280.05
30225600.0	230.00	95.00	57.00	298.25	4.60	70.00	0.31	100100.00	280.05
30229200.0	443.00	278.00	116.00	302.55	4.60	58.00	0.25	100200.00	280.45
30232800.0	246.00	382.00	245.00	306.95	4.40	35.00	0.18	100200.00	279.35
30236400.0	562.00	659.00	252.00	308.75	4.30	24.00	0.14	100200.00	277.45
30240000.0	852.00	902.00	171.00	311.95	3.60	183.00	0.12	100100.00	277.35
30243600.0	775.00	983.00	249.00	313.55	3.20	358.00	0.11	100000.00	277.35
30247200.0	532.00	960.00	435.00	314.65	2.80	356.00	0.10	99900.00	277.15
30250800.0	860.00	1042.00	206.00	315.05	2.40	355.00	0.10	99900.00	276.95
30254400.0	727.00	925.00	266.00	314.65	2.00	354.00	0.10	99800.00	276.95
30258000.0	296.00	593.00	358.00	314.05	1.70	355.00	0.10	99700.00	277.05
30261600.0	270.00	470.00	297.00	313.45	1.60	186.00	0.11	99700.00	277.25
30265200.0	474.00	372.00	153.00	312.55	1.30	25.00	0.12	99700.00	277.65
30268800.0	34.00	109.00	100.00	310.55	0.90	90.00	0.14	99800.00	278.35
30272400.0	0.00	20.00	20.00	307.85	1.40	151.00	0.16	99800.00	278.75
30276000.0	0.00	0.00	0.00	305.95	2.40	154.00	0.18	99900.00	278.85
30279600.0	0.00	0.00	0.00	304.85	2.90	140.00	0.20	99900.00	279.35
30283200.0	0.00	0.00	0.00	304.15	2.90	110.00	0.22	99800.00	279.75
30286800.0	0.00	0.00	0.00	303.65	3.10	79.00	0.23	99800.00	280.05
30290400.0	0.00	0.00	0.00	303.65	4.00	65.00	0.22	99700.00	279.85
30294000.0	0.00	0.00	0.00	303.55	4.80	65.00	0.22	99700.00	279.45
30297600.0	0.00	0.00	0.00	303.15	5.20	68.00	0.21	99600.00	278.85
30301200.0	0.00	0.00	0.00	302.45	5.50	68.00	0.22	99600.00	278.35
30304800.0	0.00	0.00	0.00	301.85	5.70	68.00	0.22	99600.00	278.05
30308400.0	0.00	0.00	0.00	301.75	6.00	67.00	0.21	99700.00	277.65
30312000.0	0.00	12.00	12.00	303.35	6.40	65.00	0.19	99700.00	277.15
30315600.0	198.00	205.00	133.00	306.75	6.80	59.00	0.15	99700.00	276.95
30319200.0	0.00	46.00	46.00	310.35	7.00	48.00	0.14	99700.00	278.05
30322800.0	1.00	92.00	91.00	311.95	7.00	40.00	0.13	99600.00	278.95
30326400.0	78.00	469.00	402.00	315.15	6.90	14.00	0.11	99500.00	279.05
30330000.0	57.00	461.00	407.00	316.55	7.10	177.00	0.10	99400.00	278.95
30333600.0	150.00	666.00	518.00	317.55	7.40	344.00	0.10	99300.00	278.55
30337200.0	145.00	660.00	519.00	318.25	7.90	338.00	0.09	99200.00	277.95
30340800.0	89.00	531.00	450.00	318.65	8.50	338.00	0.09	99000.00	277.65
30344400.0	194.00	554.00	400.00	318.45	9.10	340.00	0.09	98900.00	277.75
30348000.0	30.00	244.00	225.00	317.55	9.20	342.00	0.09	98900.00	278.15
30351600.0	96.00	236.00	192.00	316.35	8.60	348.00	0.10	98800.00	278.75
30355200.0	184.00	176.00	127.00	314.95	8.00	355.00	0.11	98800.00	278.95
30358800.0	4.00	17.00	17.00	313.15	7.60	182.00	0.12	98800.00	278.95
30362400.0	0.00	0.00	0.00	311.65	7.60	7.00	0.13	98800.00	278.95
30366000.0	0.00	0.00	0.00	309.65	6.90	179.00	0.16	98900.00	279.55
30369600.0	0.00	0.00	0.00	305.75	6.70	309.00	0.23	99100.00	282.35
30373200.0	0.00	0.00	0.00	300.15	7.30	250.00	0.44	99300.00	286.85
30376800.0	0.00	0.00	0.00	296.25	6.30	225.00	0.69	99300.00	290.25
30380400.0	0.00	0.00	0.00	295.15	4.60	219.00	0.75	99300.00	290.65
30384000.0	0.00	0.00	0.00	295.15	3.10	216.00	0.75	99300.00	290.65
30387600.0	0.00	0.00	0.00	295.35	2.00	222.00	0.74	99300.00	290.65
30391200.0	0.00	0.00	0.00	295.65	1.70	258.00	0.73	99300.00	290.65
30394800.0	0.00	0.00	0.00	295.75	1.50	303.00	0.73	99400.00	290.65
30398400.0	170.00	93.00	65.00	296.85	1.70	305.00	0.67	99400.00	290.55
30402000.0	303.00	234.00	124.00	299.05	3.00	281.00	0.55	99400.00	289.55
30405600.0	505.00	445.00	165.00	301.25	4.40	277.00	0.43	99400.00	287.65
30409200.0	808.00	732.00	148.00	302.35	5.00	279.00	0.34	99400.00	285.25
30412800.0	835.00	897.00	182.00	305.25	6.30	286.00	0.24	99400.00	282.35
30416400.0	691.00	947.00	293.00	306.85	7.00	290.00	0.19	99400.00	279.85
30420000.0	695.00	995.00	310.00	307.95	7.60	290.00	0.15	99300.00	277.85
30423600.0	891.00	1053.00	186.00	308.55	7.90	288.00	0.13	99300.00	276.35
30427200.0	785.00	938.00	225.00	308.85	8.00	287.00	0.12	99300.00	275.35
30430800.0	872.00	848.00	153.00	308.65	7.90	286.00	0.12	99300.00	274.45
30434400.0	805.00	661.00	142.00	308.05	7.70	282.00	0.11	99300.00	273.75
30438000.0	686.00	442.00	123.00	306.75	7.40	273.00	0.12	99300.00	273.65
30441600.0	482.00	218.00	89.00	304.35	7.20	254.00	0.14	99400.00	274.15
30445200.0	100.00	38.00	31.00	301.05	7.40	232.00	0.20	99600.00	275.85
30448800.0	0.00	0.00	0.00	298.15	7.50	224.00	0.28	99700.00	278.35
30452400.0	0.00	0.00	0.00	296.25	7.20	223.00	0.35	99900.00	279.85
30456000.0	0.00	0.00	0.00	294.85	6.70	223.00	0.41	100000.00	281.05
30459600.0	0.00	0.00	0.00	293.65	6.20	220.00	0.48	100000.00	282.45
30463200.0	0.00	0.00	0.00	292.65	5.80	218.00	0.56	100000.00	283.65
30466800.0	0.00	0.00	0.00	291.85	5.20	218.00	0.61	100000.00	284.35
30470400.0	0.00	0.00	0.00	291.05	4.40	219.00	0.66	100000.00	284.65
30474000.0	0.00	0.00	0.00	290.45	3.70	219.00	0.69	100100.00	284.75
30477600.0	0.00	0.00	0.00	289.95	3.10	219.00	0.71	100200.00	284.75
30481200.0	0.00	0.00	0.00	290.05	3.40	219.00	0.71	100300.00	284.85
30484800.0	446.00	123.00	51.00	291.25	4.20	219.00	0.66	100400.00	284.85
30488400.0	733.00	342.00	77.00	293.15	4.80	219.00	0.56	100500.00	284.35
30492000.0	663.00	509.00	142.00	295.15	5.10	220.00	0.47	100500.00	283.45
30495600.0	943.00	779.00	98.00	296.25	5.20	221.00	0.42	100500.00	282.65
30499200.0	966.00	942.00	116.00	298.95	5.50	222.00	0.34	100500.00	282.05
30502800.0	888.00	1020.00	180.00	300.45	5.70	220.00	0.30	100500.00	281.55
30506400.0	1018.00	1116.00	112.00	301.55	6.00	216.00	0.28	100500.00	281.25
30510000.0	1015.00	1099.00	111.00	302.05	6.30	211.00	0.27	100400.00	281.15
30513600.0	992.00	1016.00	114.00	301.95	6.50	205.00	0.27	100400.00	281.45
30517200.0	956.00	873.00	110.00	301.25	6.60	200.00	0.29	100400.00	281.75
30520800.0	904.00	686.00	101.00	300.05	6.50	196.00	0.32	100500.00	282.05
30524400.0	814.00	465.00	85.00	298.35	6.30	192.00	0.36	100500.00	282.25
30528000.0	649.00	238.00	64.00	296.35	5.70	189.00	0.41	100600.00	282.35
30531600.0	255.00	46.00	28.00	294.55	5.00	190.00	0.45	100700.00	282.25
30535200.0	0.00	0.00	0.00	293.15	4.50	191.00	0.50	100700.00	282.45
30538800.0	0.00	0.00	0.00	292.25	4.30	186.00	0.53	100800.00	282.65
30542400.0	0.00	0.00	0.00	291.55	4.00	177.00	0.56	100800.00	282.65
30546000.0	0.00	0.00	0.00	290.85	3.80	168.00	0.57	100800.00	282.35
30549600.0	0.00	0.00	0.00	290.25	3.60	159.00	0.58	100800.00	281.95
30553200.0	0.00	0.00	0.00	289.55	3.40	152.00	0.59	100700.00	281.65
30556800.0	0.00	0.00	0.00	289.05	3.10	144.00	0.60	100700.00	281.45
30560400.0	0.00	0.00	0.00	288.55	2.70	134.00	0.62	100700.00	281.35
30564000.0	0.00	0.00	0.00	288.05	2.40	125.00	0.63	100800.00	281.25
30567600.0	0.00	0.00	0.00	288.45	2.80	115.00	0.62	100900.00	281.25
30571200.0	514.00	126.00	44.00	290.35	3.40	106.00	0.55	100900.00	281.25
30574800.0	774.00	347.00	68.00	293.35	2.70	92.00	0.45	101000.00	281.15
30578400.0	897.00	577.00	82.00	296.45	1.50	50.00	0.37	101000.00	281.05
30582000.0	968.00	788.00	91.00	297.75	1.10	19.00	0.33	101000.00	280.55
30585600.0	1003.00	959.00	102.00	301.15	1.10	315.00	0.25	100900.00	279.45
30589200.0	1026.00	1075.00	105.00	303.15	1.40	286.00	0.20	100800.00	278.15
30592800.0	1036.00	1128.00	107.00	304.65	1.70	264.00	0.17	100700.00	277.05
30596400.0	1034.00	1113.00	106.00	305.75	2.40	245.00	0.15	100600.00	276.05
30600000.0	1020.00	1031.00	103.00	306.15	3.10	232.00	0.14	100500.00	275.35
30603600.0	986.00	888.00	100.00	305.95	3.80	222.00	0.14	100500.00	274.95
30607200.0	929.00	698.00	96.00	304.95	4.50	214.00	0.14	100400.00	274.65
30610800.0	837.00	475.00	83.00	303.15	5.10	208.00	0.16	100500.00	274.85
30614400.0	664.00	243.00	63.00	300.45	5.20	203.00	0.20	100600.00	275.45
30618000.0	259.00	47.00	29.00	297.55	4.80	200.00	0.26	100600.00	276.75
30621600.0	0.00	0.00	0.00	295.45	4.10	193.00	0.33	100700.00	278.75
30625200.0	0.00	0.00	0.00	294.25	3.50	180.00	0.41	100700.00	280.55
30628800.0	0.00	0.00	0.00	293.45	3.00	166.00	0.47	100600.00	281.95
30632400.0	0.00	0.00	0.00	292.65	2.60	152.00	0.52	100600.00	282.75
30636000.0	0.00	0.00	0.00	291.95	2.20	140.00	0.55	100600.00	282.95
30639600.0	0.00	0.00	0.00	291.35	2.00	128.00	0.57	100500.00	282.65
30643200.0	0.00	0.00	0.00	290.85	1.80	117.00	0.56	100500.00	282.15
30646800.0	0.00	0.00	0.00	290.45	1.70	104.00	0.54	100500.00	281.25
30650400.0	0.00	0.00	0.00	290.25	1.70	89.00	0.51	100500.00	280.15
30654000.0	0.00	0.00	0.00	291.55	2.40	74.00	0.43	100500.00	278.75
30657600.0	518.00	126.00	44.00	294.65	3.40	62.00	0.32	100500.00	277.15
30661200.0	782.00	348.00	68.00	298.95	3.60	37.00	0.22	100500.00	275.95
30664800.0	906.00	580.00	81.00	302.95	3.60	180.00	0.16	100500.00	274.75
30668400.0	973.00	792.00	92.00	304.55	3.70	344.00	0.13	100500.00	273.35
30672000.0	1021.00	965.00	94.00	307.15	4.10	313.00	0.11	100400.00	272.75
30675600.0	1040.00	1081.00	99.00	308.55	4.40	300.00	0.10	100400.00	272.05
30679200.0	1051.00	1135.00	99.00	309.55	4.50	291.00	0.09	100300.00	271.45
30682800.0	1058.00	1125.00	94.00	310.15	4.40	285.00	0.08	100200.00	270.75
30686400.0	1045.00	1044.00	92.00	310.45	4.10	279.00	0.08	100100.00	270.05
30690000.0	1022.00	905.00	87.00	310.25	3.80	273.00	0.07	100000.00	269.35
30693600.0	976.00	714.00	80.00	309.75	3.40	267.00	0.07	100000.00	268.75
30697200.0	899.00	491.00	69.00	308.75	2.90	262.00	0.07	100000.00	268.15
30700800.0	745.00	256.00	53.00	306.35	1.90	256.00	0.08	100000.00	267.55
30704400.0	362.00	52.00	26.00	303.75	1.00	246.00	0.09	100000.00	267.85
30708000.0	0.00	0.00	0.00	302.65	0.90	228.00	0.10	100100.00	267.75
30711600.0	0.00	0.00	0.00	301.45	1.00	204.00	0.11	100100.00	268.15
30715200.0	0.00	0.00	0.00	299.65	1.30	187.00	0.13	100100.00	269.25
30718800.0	0.00	0.00	0.00	297.85	1.60	177.00	0.18	100100.00	271.85
30722400.0	0.00	0.00	0.00	296.65	1.50	161.00	0.23	100100.00	274.55
30726000.0	0.00	0.00	0.00	296.05	1.30	130.00	0.27	100000.00	275.95
30729600.0	0.00	0.00	0.00	295.45	1.20	90.00	0.27	100000.00	275.85
30733200.0	0.00	0.00	0.00	294.65	1.30	63.00	0.27	100000.00	274.85
30736800.0	0.00	0.00	0.00	293.75	1.40	50.00	0.25	100000.00	273.35
30740400.0	0.00	0.00	0.00	294.45	1.70	43.00	0.22	100000.00	271.95
30744000.0	551.00	128.00	42.00	297.95	3.10	37.00	0.17	100000.00	270.95
30747600.0	807.00	353.00	65.00	302.65	4.50	21.00	0.12	100100.00	270.25
30751200.0	921.00	584.00	79.00	306.75	5.10	176.00	0.09	100000.00	270.05
30754800.0	984.00	796.00	90.00	308.35	5.40	346.00	0.08	100000.00	269.45
30758400.0	990.00	954.00	110.00	311.15	5.70	334.00	0.07	99900.00	269.45
30762000.0	1000.00	1064.00	120.00	312.55	5.80	328.00	0.06	99800.00	269.15
30765600.0	1001.00	1114.00	128.00	313.65	5.70	325.00	0.06	99700.00	268.75
30769200.0	992.00	1095.00	128.00	314.45	5.60	321.00	0.05	99600.00	268.35
30772800.0	968.00	1012.00	130.00	314.75	5.50	318.00	0.05	99600.00	268.05
30776400.0	923.00	868.00	128.00	314.75	5.30	315.00	0.05	99500.00	268.05
30780000.0	852.00	678.00	123.00	314.25	5.00	312.00	0.05	99400.00	268.25
30783600.0	700.00	443.00	113.00	313.35	4.50	310.00	0.06	99400.00	268.55
30787200.0	507.00	220.00	81.00	310.35	2.90	312.00	0.07	99400.00	268.95
30790800.0	152.00	42.00	31.00	306.55	1.50	304.00	0.09	99400.00	269.45
30794400.0	0.00	0.00	0.00	304.05	1.40	264.00	0.11	99500.00	270.55
30798000.0	0.00	0.00	0.00	302.45	1.60	213.00	0.15	99500.00	273.25
30801600.0	0.00	0.00	0.00	300.95	2.10	190.00	0.19	99500.00	275.25
30805200.0	0.00	0.00	0.00	299.55	3.40	186.00	0.23	99600.00	277.05
30808800.0	0.00	0.00	0.00	298.05	4.80	182.00	0.32	99600.00	280.25
30812400.0	0.00	0.00	0.00	296.65	5.00	175.00	0.43	99600.00	283.45
30816000.0	0.00	0.00	0.00	295.55	4.80	174.00	0.52	99600.00	285.35
30819600.0	0.00	0.00	0.00	294.75	4.70	177.00	0.58	99700.00	286.35
30823200.0	0.00	0.00	0.00	293.85	4.70	179.00	0.64	99800.00	287.05
30826800.0	0.00	0.00	0.00	293.65	4.80	175.00	0.67	99800.00	287.35
30830400.0	21.00	25.00	22.00	294.55	5.10	170.00	0.63	99900.00	287.35
30834000.0	387.00	267.00	130.00	296.55	5.10	166.00	0.54	100000.00	286.65
30837600.0	589.00	499.00	177.00	298.95	4.70	166.00	0.44	100000.00	286.05
30841200.0	722.00	709.00	192.00	300.15	4.40	168.00	0.40	100100.00	285.35
30844800.0	738.00	812.00	184.00	303.65	4.40	181.00	0.31	100100.00	284.75
30848400.0	417.00	796.00	403.00	305.55	4.80	190.00	0.26	100000.00	283.85
30852000.0	773.00	982.00	220.00	306.85	5.50	198.00	0.23	100000.00	282.95
30855600.0	764.00	1001.00	256.00	307.45	6.30	203.00	0.21	99900.00	282.25
30859200.0	755.00	923.00	234.00	307.15	6.90	206.00	0.21	99900.00	281.65
30862800.0	851.00	833.00	150.00	306.25	7.30	207.00	0.21	99900.00	281.15
30866400.0	583.00	578.00	198.00	304.95	7.50	206.00	0.22	100000.00	280.65
30870000.0	597.00	411.00	129.00	303.35	7.50	205.00	0.23	100000.00	280.15
30873600.0	84.00	118.00	95.00	301.15	7.30	204.00	0.26	100100.00	279.65
30877200.0	24.00	29.00	27.00	298.75	6.90	203.00	0.29	100200.00	279.55
30880800.0	0.00	0.00	0.00	296.95	6.40	201.00	0.34	100300.00	280.05
30884400.0	0.00	0.00	0.00	295.95	5.80	195.00	0.38	100300.00	280.85
30888000.0	0.00	0.00	0.00	295.45	5.20	185.00	0.40	100300.00	281.15
30891600.0	0.00	0.00	0.00	295.15	4.60	171.00	0.40	100300.00	280.85
30895200.0	0.00	0.00	0.00	294.85	4.30	154.00	0.38	100300.00	280.05
30898800.0	0.00	0.00	0.00	294.55	4.10	137.00	0.37	100300.00	279.25
30902400.0	0.00	0.00	0.00	294.45	4.10	123.00	0.36	100200.00	278.75
30906000.0	0.00	0.00	0.00	294.05	3.80	112.00	0.36	100300.00	278.65
30909600.0	0.00	0.00	0.00	293.55	3.80	104.00	0.37	100300.00	278.65
30913200.0	0.00	0.00	0.00	293.35	4.20	97.00	0.38	100300.00	278.55
30916800.0	375.00	109.00	52.00	294.25	5.00	90.00	0.35	100400.00	278.45
30920400.0	693.00	324.00	79.00	296.35	5.50	83.00	0.30	100400.00	277.85
30924000.0	846.00	555.00	93.00	299.05	5.20	79.00	0.25	100400.00	277.45
30927600.0	925.00	765.00	104.00	300.55	4.90	77.00	0.23	100400.00	277.45
30931200.0	978.00	940.00	108.00	304.35	3.90	73.00	0.19	100400.00	277.85
30934800.0	1004.00	1058.00	112.00	306.35	3.40	73.00	0.17	100300.00	277.75
30938400.0	1017.00	1115.00	113.00	307.95	2.90	74.00	0.15	100200.00	277.35
30942000.0	1017.00	1102.00	111.00	309.05	2.40	76.00	0.13	100100.00	276.85
30945600.0	1006.00	1026.00	108.00	309.55	1.90	79.00	0.13	100100.00	276.45
30949200.0	978.00	887.00	101.00	309.55	1.50	89.00	0.12	100000.00	275.95
30952800.0	927.00	699.00	93.00	309.15	1.30	115.00	0.12	100000.00	275.45
30956400.0	844.00	480.00	80.00	308.25	1.40	154.00	0.12	100000.00	274.85
30960000.0	682.00	249.00	60.00	306.15	1.60	175.00	0.13	100000.00	274.35
30963600.0	304.00	52.00	29.00	303.15	1.80	170.00	0.15	100100.00	274.15
30967200.0	0.00	0.00	0.00	300.75	2.10	153.00	0.17	100200.00	273.85
30970800.0	0.00	0.00	0.00	299.25	2.30	131.00	0.19	100200.00	273.65
30974400.0	0.00	0.00	0.00	298.05	2.60	111.00	0.19	100200.00	272.95
30978000.0	0.00	0.00	0.00	297.25	3.10	96.00	0.18	100200.00	271.85
30981600.0	0.00	0.00	0.00	296.75	3.60	88.00	0.17	100100.00	270.65
30985200.0	0.00	0.00	0.00	296.25	3.90	86.00	0.16	100100.00	269.55
30988800.0	0.00	0.00	0.00	295.75	4.20	86.00	0.16	100100.00	268.85
30992400.0	0.00	0.00	0.00	295.25	4.40	85.00	0.17	100100.00	268.85
30996000.0	0.00	0.00	0.00	294.85	4.40	84.00	0.17	100100.00	268.95
30999600.0	0.00	0.00	0.00	295.15	4.80	83.00	0.17	100100.00	269.25
31003200.0	378.00	104.00	47.00	297.15	5.00	81.00	0.16	100200.00	269.65
31006800.0	738.00	333.00	73.00	300.85	4.60	78.00	0.13	100200.00	269.95
31010400.0	869.00	564.00	91.00	304.65	3.40	72.00	0.10	100300.00	269.85
31014000.0	942.00	776.00	104.00	306.05	2.70	69.00	0.10	100300.00	270.25
31017600.0	991.00	951.00	109.00	308.85	1.30	150.00	0.09	100200.00	270.75
31021200.0	1014.00	1071.00	116.00	310.35	2.30	265.00	0.08	100100.00	271.35
31024800.0	1020.00	1125.00	120.00	311.45	3.20	257.00	0.08	100100.00	271.75
31028400.0	1016.00	1110.00	119.00	312.15	3.60	250.00	0.08	100000.00	271.85
31032000.0	997.00	1027.00	116.00	312.45	3.60	243.00	0.08	99900.00	272.15
31035600.0	961.00	884.00	111.00	312.35	3.40	233.00	0.08	99800.00	272.65
31039200.0	903.00	693.00	102.00	311.75	3.20	220.00	0.09	99800.00	273.45
31042800.0	806.00	472.00	89.00	310.85	2.80	202.00	0.10	99800.00	274.35
31046400.0	629.00	242.00	67.00	308.65	2.00	176.00	0.12	99800.00	275.05
31050000.0	245.00	49.00	30.00	305.45	1.50	148.00	0.15	99900.00	275.25
31053600.0	0.00	0.00	0.00	303.35	1.70	126.00	0.16	99900.00	274.95
31057200.0	0.00	0.00	0.00	302.15	1.80	112.00	0.17	100000.00	274.55
31060800.0	0.00	0.00	0.00	301.35	2.00	99.00	0.17	100000.00	274.05
31064400.0	0.00	0.00	0.00	300.65	2.20	85.00	0.17	99900.00	273.55
31068000.0	0.00	0.00	0.00	300.15	2.70	72.00	0.17	99900.00	272.95
31071600.0	0.00	0.00	0.00	299.75	3.60	63.00	0.16	99800.00	272.05
31075200.0	0.00	0.00	0.00	299.15	4.30	58.00	0.15	99800.00	270.95
31078800.0	0.00	0.00	0.00	298.15	4.50	54.00	0.15	99800.00	270.05
31082400.0	0.00	0.00	0.00	297.35	4.50	51.00	0.15	99800.00	269.45
31086000.0	0.00	0.00	0.00	297.45	4.90	47.00	0.15	99900.00	269.05
31089600.0	414.00	108.00	46.00	299.45	5.40	44.00	0.13	100000.00	268.75
31093200.0	656.00	311.00	82.00	303.45	5.70	33.00	0.10	100000.00	268.75
31096800.0	28.00	188.00	173.00	307.75	5.80	14.00	0.09	100000.00	269.65
31100400.0	2.00	109.00	108.00	309.55	5.70	4.00	0.09	100000.00	271.45
31104000.0	577.00	804.00	315.00	313.15	5.20	339.00	0.08	99900.00	272.65
31107600.0	616.00	916.00	336.00	314.95	5.00	327.00	0.08	99900.00	273.55
31111200.0	507.00	906.00	407.00	316.15	4.70	319.00	0.08	99800.00	274.35
31114800.0	631.00	942.00	327.00	316.75	4.40	315.00	0.08	99700.00	275.05
31118400.0	639.00	898.00	314.00	316.65	4.20	313.00	0.08	99600.00	275.75
31122000.0	611.00	737.00	245.00	316.35	4.00	311.00	0.09	99500.00	276.45
31125600.0	61.00	278.00	238.00	315.65	3.80	309.00	0.10	99500.00	277.25
31129200.0	513.00	399.00	155.00	314.25	3.30	304.00	0.11	99500.00	277.85
31132800.0	0.00	52.00	52.00	311.55	2.50	279.00	0.13	99600.00	278.55
31136400.0	0.00	14.00	14.00	308.25	3.40	237.00	0.17	99700.00	279.75
31140000.0	0.00	0.00	0.00	305.05	5.50	210.00	0.25	99800.00	282.45
31143600.0	0.00	0.00	0.00	302.65	6.30	198.00	0.34	99900.00	285.25
31147200.0	0.00	0.00	0.00	301.45	6.10	187.00	0.41	100000.00	286.95
31150800.0	0.00	0.00	0.00	301.05	5.60	181.00	0.44	100000.00	287.85
31154400.0	0.00	0.00	0.00	300.65	5.30	177.00	0.47	99900.00	288.35
31158000.0	0.00	0.00	0.00	300.35	5.20	169.00	0.48	99900.00	288.45
31161600.0	0.00	0.00	0.00	300.15	5.00	155.00	0.47	99900.00	288.05
31165200.0	0.00	0.00	0.00	299.75	4.50	139.00	0.47	99900.00	287.55
31168800.0	0.00	0.00	0.00	299.25	4.00	131.00	0.47	99900.00	287.25
31172400.0	0.00	0.00	0.00	299.15	4.00	135.00	0.48	100000.00	287.35
31176000.0	18.00	40.00	37.00	300.05	4.40	140.00	0.47	100100.00	287.75
31179600.0	122.00	161.00	119.00	301.95	4.30	137.00	0.42	100100.00	287.85
31183200.0	95.00	284.00	233.00	304.15	3.40	122.00	0.36	100100.00	287.55
31186800.0	75.00	381.00	328.00	305.35	2.80	111.00	0.33	100100.00	286.95
31190400.0	24.00	326.00	306.00	308.05	1.80	204.00	0.26	100000.00	285.85
31194000.0	189.00	674.00	496.00	308.85	2.20	327.00	0.23	100000.00	284.85
31197600.0	27.00	352.00	325.00	308.95	3.20	283.00	0.23	100000.00	284.45
31201200.0	132.00	607.00	478.00	308.25	4.50	251.00	0.24	99900.00	284.95
31204800.0	29.00	380.00	353.00	307.05	5.60	234.00	0.28	100000.00	286.35
31208400.0	15.00	269.00	257.00	305.25	6.00	230.00	0.36	100000.00	288.25
31212000.0	0.00	80.00	80.00	303.25	5.20	230.00	0.45	100000.00	290.05
31215600.0	0.00	36.00	36.00	302.25	3.60	227.00	0.50	100000.00	290.75
31219200.0	4.00	33.00	32.00	302.05	2.40	224.00	0.50	100000.00	290.65
31222800.0	0.00	6.00	6.00	301.55	1.50	220.00	0.51	100000.00	290.65
31226400.0	0.00	0.00	0.00	301.15	0.90	214.00	0.53	100100.00	290.85
31230000.0	0.00	0.00	0.00	300.85	1.00	204.00	0.55	100100.00	291.15
31233600.0	0.00	0.00	0.00	300.45	1.20	196.00	0.57	100100.00	291.35
31237200.0	0.00	0.00	0.00	299.95	1.30	193.00	0.60	100100.00	291.75
31240800.0	0.00	0.00	0.00	299.35	1.50	184.00	0.64	100000.00	292.15
31244400.0	0.00	0.00	0.00	298.75	1.80	164.00	0.67	99900.00	292.35
31248000.0	0.00	0.00	0.00	298.35	1.90	139.00	0.69	99900.00	292.45
31251600.0	0.00	0.00	0.00	298.05	1.50	124.00	0.70	99900.00	292.35
31255200.0	0.00	0.00	0.00	297.65	0.80	68.00	0.71	100000.00	292.25
31258800.0	0.00	0.00	0.00	297.25	0.70	177.00	0.73	100000.00	292.25
31262400.0	0.00	6.00	6.00	297.45	1.00	322.00	0.71	100100.00	291.95
31266000.0	0.00	48.00	48.00	297.95	1.50	292.00	0.67	100100.00	291.45
31269600.0	0.00	40.00	40.00	298.75	2.40	278.00	0.63	100100.00	291.35
31273200.0	0.00	120.00	120.00	299.25	3.00	275.00	0.61	100100.00	291.35
31276800.0	1.00	134.00	133.00	300.85	4.10	274.00	0.56	100100.00	291.25
31280400.0	12.00	261.00	250.00	301.65	4.30	264.00	0.53	100100.00	291.15
31284000.0	11.00	232.00	221.00	302.85	4.60	252.00	0.48	100000.00	290.85
31287600.0	27.00	375.00	349.00	304.05	5.00	243.00	0.44	100000.00	290.35
31291200.0	16.00	302.00	287.00	304.65	5.30	236.00	0.40	99900.00	289.55
31294800.0	56.00	350.00	305.00	304.05	5.40	228.00	0.40	99900.00	288.95
31298400.0	20.00	180.00	167.00	302.95	5.20	219.00	0.41	99900.00	288.45
31302000.0	86.00	244.00	203.00	301.75	4.90	211.00	0.43	100000.00	288.15
31305600.0	22.00	99.00	93.00	300.45	4.50	204.00	0.46	100000.00	287.85
31309200.0	0.00	19.00	19.00	299.25	4.00	197.00	0.49	100100.00	287.75
31312800.0	0.00	0.00	0.00	298.05	3.80	192.00	0.53	100200.00	287.95
31316400.0	0.00	0.00	0.00	296.95	3.60	189.00	0.58	100200.00	288.25
31320000.0	0.00	0.00	0.00	295.85	3.60	190.00	0.63	100200.00	288.55
31323600.0	0.00	0.00	0.00	294.75	3.90	191.00	0.68	100200.00	288.65
31327200.0	0.00	0.00	0.00	293.65	4.30	190.00	0.71	100200.00	288.35
31330800.0	0.00	0.00	0.00	292.65	4.30	188.00	0.73	100200.00	287.65
31334400.0	0.00	0.00	0.00	291.95	4.10	187.00	0.73	100200.00	287.15
31338000.0	0.00	0.00	0.00	291.25	3.90	187.00	0.75	100200.00	286.95
31341600.0	0.00	0.00	0.00	290.85	3.80	188.00	0.77	100300.00	286.85
31345200.0	0.00	0.00	0.00	290.85	4.30	189.00	0.77	100300.00	286.85
31348800.0	428.00	106.00	45.00	291.75	4.90	191.00	0.71	100400.00	286.45
31352400.0	747.00	325.00	68.00	293.45	5.10	191.00	0.59	100400.00	285.45
31356000.0	898.00	562.00	80.00	295.55	5.00	193.00	0.47	100500.00	283.85
31359600.0	975.00	779.00	89.00	296.75	4.90	195.00	0.39	100500.00	281.95
31363200.0	1016.00	957.00	99.00	299.95	5.00	202.00	0.29	100400.00	280.45
31366800.0	1038.00	1078.00	103.00	301.75	5.20	206.00	0.25	100400.00	279.65
31370400.0	1044.00	1135.00	108.00	303.05	5.40	209.00	0.22	100300.00	279.25
31374000.0	1037.00	1120.00	108.00	303.75	5.60	208.00	0.21	100300.00	279.25
31377600.0	1017.00	1037.00	106.00	303.95	5.70	205.00	0.22	100200.00	279.55
31381200.0	982.00	896.00	103.00	303.55	5.70	201.00	0.23	100200.00	280.25
31384800.0	926.00	705.00	95.00	302.65	5.50	198.00	0.26	100100.00	280.95
31388400.0	836.00	484.00	83.00	301.25	5.20	194.00	0.29	100200.00	281.65
31392000.0	671.00	254.00	64.00	299.25	4.80	190.00	0.34	100200.00	282.45
31395600.0	296.00	56.00	32.00	297.05	4.30	187.00	0.41	100300.00	283.25
31399200.0	0.00	0.00	0.00	295.25	4.00	185.00	0.49	100300.00	284.25
31402800.0	0.00	0.00	0.00	294.05	3.90	182.00	0.56	100300.00	285.15
31406400.0	0.00	0.00	0.00	293.05	3.70	178.00	0.62	100300.00	285.75
31410000.0	0.00	0.00	0.00	292.35	3.40	174.00	0.67	100300.00	286.15
31413600.0	0.00	0.00	0.00	291.65	3.10	169.00	0.71	100300.00	286.35
31417200.0	0.00	0.00	0.00	291.05	2.80	163.00	0.73	100200.00	286.25
31420800.0	0.00	0.00	0.00	290.55	2.60	156.00	0.75	100200.00	286.15
31424400.0	0.00	0.00	0.00	290.05	2.40	149.00	0.76	100200.00	285.95
31428000.0	0.00	0.00	0.00	289.65	2.10	142.00	0.77	100200.00	285.75
31431600.0	0.00	0.00	0.00	290.05	2.50	134.00	0.75	100200.00	285.65
31435200.0	450.00	105.00	42.00	291.95	2.80	130.00	0.65	100300.00	285.35
31438800.0	613.00	294.00	85.00	294.55	1.90	149.00	0.55	100300.00	285.15
31442400.0	828.00	533.00	90.00	297.45	1.60	208.00	0.46	100300.00	285.15
31446000.0	835.00	726.00	136.00	298.95	2.00	249.00	0.40	100300.00	284.25
31449600.0	853.00	896.00	176.00	302.15	3.40	251.00	0.31	100200.00	283.35
31453200.0	1011.00	1054.00	105.00	303.85	4.00	250.00	0.26	100200.00	282.35
31456800.0	1021.00	1109.00	105.00	305.25	4.40	247.00	0.23	100100.00	281.55
31460400.0	1020.00	1097.00	102.00	306.25	4.70	243.00	0.21	100000.00	281.05
31464000.0	1003.00	1018.00	99.00	306.85	4.80	238.00	0.20	99900.00	281.05
31467600.0	971.00	880.00	95.00	306.85	4.80	231.00	0.20	99800.00	281.05
31471200.0	917.00	696.00	91.00	306.35	4.70	224.00	0.21	99800.00	281.15
31474800.0	830.00	480.00	81.00	305.15	4.60	214.00	0.22	99800.00	281.05
31478400.0	515.00	226.00	80.00	303.05	4.40	200.00	0.25	99800.00	280.95
31482000.0	272.00	53.00	30.00	300.15	4.30	187.00	0.30	99900.00	281.05
31485600.0	0.00	0.00	0.00	297.65	4.50	180.00	0.36	99900.00	281.85
31489200.0	0.00	0.00	0.00	295.75	4.60	180.00	0.45	100000.00	283.15
31492800.0	0.00	0.00	0.00	294.25	4.50	180.00	0.53	100000.00	284.45
31496400.0	0.00	0.00	0.00	293.15	4.40	177.00	0.60	100000.00	285.25
31500000.0	0.00	0.00	0.00	292.25	4.20	173.00	0.65	99900.00	285.55
31503600.0	0.00	0.00	0.00	291.45	3.90	168.00	0.69	99900.00	285.75
31507200.0	0.00	0.00	0.00	290.85	3.70	163.00	0.71	99900.00	285.75
31510800.0	0.00	0.00	0.00	290.35	3.50	158.00	0.74	99900.00	285.75
31514400.0	0.00	0.00	0.00	289.85	3.30	153.00	0.77	99900.00	285.85
31518000.0	0.00	0.00	0.00	289.95	3.50	149.00	0.76	99900.00	285.85
31521600.0	434.00	102.00	42.00	291.55	3.90	150.00	0.69	100000.00	285.95
31525200.0	731.00	318.00	70.00	294.15	3.80	160.00	0.58	100000.00	285.55
31528800.0	840.00	542.00	95.00	296.95	3.40	181.00	0.47	100100.00	285.15
31532400.0	950.00	764.00	95.00	298.35	3.20	195.00	0.41	100100.00	284.35
